

================================================================
== Vitis HLS Report for 'likelihood_kernel'
================================================================
* Date:           Tue Mar 24 15:13:18 2026

* Version:        2020.2 (Build 3064766 on Wed Nov 18 09:12:47 MST 2020)
* Project:        likelihood_memopt.prj
* Solution:       solution1 (Vivado IP Flow Target)
* Product family: virtexuplus
* Target device:  xcu50-fsvh2104-2-e


================================================================
== Performance Estimates
================================================================
+ Timing: 
    * Summary: 
    +--------+---------+----------+------------+
    |  Clock |  Target | Estimated| Uncertainty|
    +--------+---------+----------+------------+
    |ap_clk  |  3.33 ns|  2.431 ns|     0.90 ns|
    +--------+---------+----------+------------+

+ Latency: 
    * Summary: 
    +---------+---------+-----------+----------+------+--------+---------+
    |  Latency (cycles) |  Latency (absolute)  |    Interval   | Pipeline|
    |   min   |   max   |    min    |    max   |  min |   max  |   Type  |
    +---------+---------+-----------+----------+------+--------+---------+
    |     8079|   273242|  26.903 us|  0.910 ms|  8080|  273243|     none|
    +---------+---------+-----------+----------+------+--------+---------+

    + Detail: 
        * Instance: 
        +-------------------------------+--------------------+---------+---------+-----------+-----------+------+------+---------+
        |                               |                    |  Latency (cycles) |   Latency (absolute)  |   Interval  | Pipeline|
        |            Instance           |       Module       |   min   |   max   |    min    |    max    |  min |  max |   Type  |
        +-------------------------------+--------------------+---------+---------+-----------+-----------+------+------+---------+
        |grp_compute_likelihood_fu_420  |compute_likelihood  |     7852|     8492|  26.147 us|  28.278 us|  7852|  8492|     none|
        |grp_load_particles_fu_458      |load_particles      |       18|       18|  59.940 ns|  59.940 ns|    18|    18|     none|
        |grp_store_likelihood_fu_487    |store_likelihood    |       16|       16|  53.280 ns|  53.280 ns|    16|    16|     none|
        +-------------------------------+--------------------+---------+---------+-----------+-----------+------+------+---------+

        * Loop: 
        +-----------------+---------+---------+-------------+-----------+-----------+--------+----------+
        |                 |  Latency (cycles) |  Iteration  |  Initiation Interval  |  Trip  |          |
        |    Loop Name    |   min   |   max   |   Latency   |  achieved |   target  |  Count | Pipelined|
        +-----------------+---------+---------+-------------+-----------+-----------+--------+----------+
        |- loadObjxy      |      183|      183|           26|          2|          1|      80|       yes|
        |- Particle_loop  |     7893|   273056|  7893 ~ 8533|          -|          -|  1 ~ 32|        no|
        +-----------------+---------+---------+-------------+-----------+-----------+--------+----------+

============================================================
+ Verbose Summary: Synthesis Manager
============================================================
InlineROM: 1
ExposeGlobal: 0
============================================================
+ Verbose Summary: CDFG Model
============================================================
IsTopModel: 1
ResetActiveHigh: 1
IsCombinational: 0
IsDatapathOnly: 0
HasWiredReturn: 1
HasMFsm: 0
HasVarLatency: 1
IsPipeline: 0
IsRtlPipelined: 0
IsInstanceOverlapped: 0
IsDontTouch: 0
HasImplIP: 0
IsGatedGlobalClock: 0

+ Individual pipeline summary: 
  * Pipeline-0: initiation interval (II) = 2, depth = 26


============================================================
+ Verbose Summary: Schedule
============================================================
* Number of FSM states : 35
* Pipeline : 1
  Pipeline-0 : II = 2, D = 26, States = { 2 3 4 5 6 7 8 9 10 11 12 13 14 15 16 17 18 19 20 21 22 23 24 25 26 27 }
* Dataflow Pipeline: 0

* FSM state transitions: 
1 --> 2 
2 --> 28 3 
3 --> 4 
4 --> 5 
5 --> 6 
6 --> 7 
7 --> 8 
8 --> 9 
9 --> 10 
10 --> 11 
11 --> 12 
12 --> 13 
13 --> 14 
14 --> 15 
15 --> 16 
16 --> 17 
17 --> 18 
18 --> 19 
19 --> 20 
20 --> 21 
21 --> 22 
22 --> 23 
23 --> 24 
24 --> 25 
25 --> 26 
26 --> 27 
27 --> 2 
28 --> 29 
29 --> 30 
30 --> 31 
31 --> 32 
32 --> 33 
33 --> 34 
34 --> 35 
35 --> 29 

* FSM state operations: 

State 1 <SV = 0> <Delay = 1.20>
ST_1 : Operation 36 [1/1] (0.00ns)   --->   "%spectopmodule_ln0 = spectopmodule void @_ssdm_op_SpecTopModule, void @empty_23"   --->   Operation 36 'spectopmodule' 'spectopmodule_ln0' <Predicate = true> <Delay = 0.00>
ST_1 : Operation 37 [1/1] (0.00ns)   --->   "%specinterface_ln0 = specinterface void @_ssdm_op_SpecInterface, i512 %gmem0, void @empty_12, i32 0, i32 0, void @empty_18, i32 0, i32 0, void @empty_24, void @empty_17, void @empty_18, i32 16, i32 16, i32 16, i32 16, void @empty_18, void @empty_18"   --->   Operation 37 'specinterface' 'specinterface_ln0' <Predicate = true> <Delay = 0.00>
ST_1 : Operation 38 [1/1] (0.00ns)   --->   "%specbitsmap_ln0 = specbitsmap void @_ssdm_op_SpecBitsMap, i512 %gmem0"   --->   Operation 38 'specbitsmap' 'specbitsmap_ln0' <Predicate = true> <Delay = 0.00>
ST_1 : Operation 39 [1/1] (0.00ns)   --->   "%specinterface_ln0 = specinterface void @_ssdm_op_SpecInterface, i512 %gmem1, void @empty_12, i32 0, i32 0, void @empty_18, i32 0, i32 0, void @empty_10, void @empty_17, void @empty_18, i32 16, i32 16, i32 16, i32 16, void @empty_18, void @empty_18"   --->   Operation 39 'specinterface' 'specinterface_ln0' <Predicate = true> <Delay = 0.00>
ST_1 : Operation 40 [1/1] (0.00ns)   --->   "%specbitsmap_ln0 = specbitsmap void @_ssdm_op_SpecBitsMap, i512 %gmem1"   --->   Operation 40 'specbitsmap' 'specbitsmap_ln0' <Predicate = true> <Delay = 0.00>
ST_1 : Operation 41 [1/1] (0.00ns)   --->   "%specinterface_ln0 = specinterface void @_ssdm_op_SpecInterface, i64 %gmem2, void @empty_12, i32 0, i32 0, void @empty_18, i32 0, i32 0, void @empty_25, void @empty_17, void @empty_18, i32 16, i32 16, i32 16, i32 16, void @empty_18, void @empty_18"   --->   Operation 41 'specinterface' 'specinterface_ln0' <Predicate = true> <Delay = 0.00>
ST_1 : Operation 42 [1/1] (0.00ns)   --->   "%specbitsmap_ln0 = specbitsmap void @_ssdm_op_SpecBitsMap, i64 %gmem2"   --->   Operation 42 'specbitsmap' 'specbitsmap_ln0' <Predicate = true> <Delay = 0.00>
ST_1 : Operation 43 [1/1] (0.00ns)   --->   "%specinterface_ln0 = specinterface void @_ssdm_op_SpecInterface, i32 %gmem3, void @empty_12, i32 0, i32 0, void @empty_18, i32 0, i32 0, void @empty_28, void @empty_17, void @empty_18, i32 16, i32 16, i32 16, i32 16, void @empty_18, void @empty_18"   --->   Operation 43 'specinterface' 'specinterface_ln0' <Predicate = true> <Delay = 0.00>
ST_1 : Operation 44 [1/1] (0.00ns)   --->   "%specbitsmap_ln0 = specbitsmap void @_ssdm_op_SpecBitsMap, i32 %gmem3"   --->   Operation 44 'specbitsmap' 'specbitsmap_ln0' <Predicate = true> <Delay = 0.00>
ST_1 : Operation 45 [1/1] (0.00ns)   --->   "%specinterface_ln0 = specinterface void @_ssdm_op_SpecInterface, i512 %gmem4, void @empty_12, i32 0, i32 0, void @empty_18, i32 0, i32 0, void @empty_5, void @empty_17, void @empty_18, i32 16, i32 16, i32 16, i32 16, void @empty_18, void @empty_18"   --->   Operation 45 'specinterface' 'specinterface_ln0' <Predicate = true> <Delay = 0.00>
ST_1 : Operation 46 [1/1] (0.00ns)   --->   "%specbitsmap_ln0 = specbitsmap void @_ssdm_op_SpecBitsMap, i512 %gmem4"   --->   Operation 46 'specbitsmap' 'specbitsmap_ln0' <Predicate = true> <Delay = 0.00>
ST_1 : Operation 47 [1/1] (0.00ns)   --->   "%specbitsmap_ln0 = specbitsmap void @_ssdm_op_SpecBitsMap, i32 %Nparticles"   --->   Operation 47 'specbitsmap' 'specbitsmap_ln0' <Predicate = true> <Delay = 0.00>
ST_1 : Operation 48 [1/1] (0.00ns)   --->   "%specinterface_ln0 = specinterface void @_ssdm_op_SpecInterface, i32 %Nparticles, void @empty_14, i32 0, i32 0, void @empty_18, i32 0, i32 0, void @empty_4, void @empty_3, void @empty_18, i32 0, i32 0, i32 0, i32 0, void @empty_18, void @empty_18"   --->   Operation 48 'specinterface' 'specinterface_ln0' <Predicate = true> <Delay = 0.00>
ST_1 : Operation 49 [1/1] (0.00ns)   --->   "%specinterface_ln0 = specinterface void @_ssdm_op_SpecInterface, i32 %Nparticles, void @empty_2, i32 0, i32 0, void @empty_18, i32 0, i32 0, void @empty_18, void @empty_18, void @empty_18, i32 0, i32 0, i32 0, i32 0, void @empty_18, void @empty_18"   --->   Operation 49 'specinterface' 'specinterface_ln0' <Predicate = true> <Delay = 0.00>
ST_1 : Operation 50 [1/1] (0.00ns)   --->   "%specbitsmap_ln0 = specbitsmap void @_ssdm_op_SpecBitsMap, i32 %countOnes"   --->   Operation 50 'specbitsmap' 'specbitsmap_ln0' <Predicate = true> <Delay = 0.00>
ST_1 : Operation 51 [1/1] (0.00ns)   --->   "%specinterface_ln0 = specinterface void @_ssdm_op_SpecInterface, i32 %countOnes, void @empty_14, i32 0, i32 0, void @empty_18, i32 0, i32 0, void @empty_4, void @empty_1, void @empty_18, i32 0, i32 0, i32 0, i32 0, void @empty_18, void @empty_18"   --->   Operation 51 'specinterface' 'specinterface_ln0' <Predicate = true> <Delay = 0.00>
ST_1 : Operation 52 [1/1] (0.00ns)   --->   "%specinterface_ln0 = specinterface void @_ssdm_op_SpecInterface, i32 %countOnes, void @empty_2, i32 0, i32 0, void @empty_18, i32 0, i32 0, void @empty_18, void @empty_18, void @empty_18, i32 0, i32 0, i32 0, i32 0, void @empty_18, void @empty_18"   --->   Operation 52 'specinterface' 'specinterface_ln0' <Predicate = true> <Delay = 0.00>
ST_1 : Operation 53 [1/1] (0.00ns)   --->   "%specbitsmap_ln0 = specbitsmap void @_ssdm_op_SpecBitsMap, i32 %IszY"   --->   Operation 53 'specbitsmap' 'specbitsmap_ln0' <Predicate = true> <Delay = 0.00>
ST_1 : Operation 54 [1/1] (0.00ns)   --->   "%specinterface_ln0 = specinterface void @_ssdm_op_SpecInterface, i32 %IszY, void @empty_14, i32 0, i32 0, void @empty_18, i32 0, i32 0, void @empty_4, void @empty_0, void @empty_18, i32 0, i32 0, i32 0, i32 0, void @empty_18, void @empty_18"   --->   Operation 54 'specinterface' 'specinterface_ln0' <Predicate = true> <Delay = 0.00>
ST_1 : Operation 55 [1/1] (0.00ns)   --->   "%specinterface_ln0 = specinterface void @_ssdm_op_SpecInterface, i32 %IszY, void @empty_2, i32 0, i32 0, void @empty_18, i32 0, i32 0, void @empty_18, void @empty_18, void @empty_18, i32 0, i32 0, i32 0, i32 0, void @empty_18, void @empty_18"   --->   Operation 55 'specinterface' 'specinterface_ln0' <Predicate = true> <Delay = 0.00>
ST_1 : Operation 56 [1/1] (0.00ns)   --->   "%specbitsmap_ln0 = specbitsmap void @_ssdm_op_SpecBitsMap, i32 %Nfr"   --->   Operation 56 'specbitsmap' 'specbitsmap_ln0' <Predicate = true> <Delay = 0.00>
ST_1 : Operation 57 [1/1] (0.00ns)   --->   "%specinterface_ln0 = specinterface void @_ssdm_op_SpecInterface, i32 %Nfr, void @empty_14, i32 0, i32 0, void @empty_18, i32 0, i32 0, void @empty_4, void @empty, void @empty_18, i32 0, i32 0, i32 0, i32 0, void @empty_18, void @empty_18"   --->   Operation 57 'specinterface' 'specinterface_ln0' <Predicate = true> <Delay = 0.00>
ST_1 : Operation 58 [1/1] (0.00ns)   --->   "%specinterface_ln0 = specinterface void @_ssdm_op_SpecInterface, i32 %Nfr, void @empty_2, i32 0, i32 0, void @empty_18, i32 0, i32 0, void @empty_18, void @empty_18, void @empty_18, i32 0, i32 0, i32 0, i32 0, void @empty_18, void @empty_18"   --->   Operation 58 'specinterface' 'specinterface_ln0' <Predicate = true> <Delay = 0.00>
ST_1 : Operation 59 [1/1] (0.00ns)   --->   "%specbitsmap_ln0 = specbitsmap void @_ssdm_op_SpecBitsMap, i32 %k"   --->   Operation 59 'specbitsmap' 'specbitsmap_ln0' <Predicate = true> <Delay = 0.00>
ST_1 : Operation 60 [1/1] (0.00ns)   --->   "%specinterface_ln0 = specinterface void @_ssdm_op_SpecInterface, i32 %k, void @empty_14, i32 0, i32 0, void @empty_18, i32 0, i32 0, void @empty_4, void @empty_13, void @empty_18, i32 0, i32 0, i32 0, i32 0, void @empty_18, void @empty_18"   --->   Operation 60 'specinterface' 'specinterface_ln0' <Predicate = true> <Delay = 0.00>
ST_1 : Operation 61 [1/1] (0.00ns)   --->   "%specinterface_ln0 = specinterface void @_ssdm_op_SpecInterface, i32 %k, void @empty_2, i32 0, i32 0, void @empty_18, i32 0, i32 0, void @empty_18, void @empty_18, void @empty_18, i32 0, i32 0, i32 0, i32 0, void @empty_18, void @empty_18"   --->   Operation 61 'specinterface' 'specinterface_ln0' <Predicate = true> <Delay = 0.00>
ST_1 : Operation 62 [1/1] (0.00ns)   --->   "%specbitsmap_ln0 = specbitsmap void @_ssdm_op_SpecBitsMap, i64 %max_size"   --->   Operation 62 'specbitsmap' 'specbitsmap_ln0' <Predicate = true> <Delay = 0.00>
ST_1 : Operation 63 [1/1] (0.00ns)   --->   "%specinterface_ln0 = specinterface void @_ssdm_op_SpecInterface, i64 %max_size, void @empty_14, i32 0, i32 0, void @empty_18, i32 0, i32 0, void @empty_4, void @empty_15, void @empty_18, i32 0, i32 0, i32 0, i32 0, void @empty_18, void @empty_18"   --->   Operation 63 'specinterface' 'specinterface_ln0' <Predicate = true> <Delay = 0.00>
ST_1 : Operation 64 [1/1] (0.00ns)   --->   "%specinterface_ln0 = specinterface void @_ssdm_op_SpecInterface, i64 %max_size, void @empty_2, i32 0, i32 0, void @empty_18, i32 0, i32 0, void @empty_18, void @empty_18, void @empty_18, i32 0, i32 0, i32 0, i32 0, void @empty_18, void @empty_18"   --->   Operation 64 'specinterface' 'specinterface_ln0' <Predicate = true> <Delay = 0.00>
ST_1 : Operation 65 [1/1] (0.00ns)   --->   "%specinterface_ln0 = specinterface void @_ssdm_op_SpecInterface, i64 %arrayX, void @empty_14, i32 0, i32 0, void @empty_18, i32 0, i32 0, void @empty_4, void @empty_16, void @empty_18, i32 0, i32 0, i32 0, i32 0, void @empty_18, void @empty_9"   --->   Operation 65 'specinterface' 'specinterface_ln0' <Predicate = true> <Delay = 0.00>
ST_1 : Operation 66 [1/1] (0.00ns)   --->   "%specinterface_ln0 = specinterface void @_ssdm_op_SpecInterface, i64 %arrayX, void @empty_2, i32 0, i32 0, void @empty_18, i32 0, i32 0, void @empty_18, void @empty_18, void @empty_18, i32 0, i32 0, i32 0, i32 0, void @empty_18, void @empty_9"   --->   Operation 66 'specinterface' 'specinterface_ln0' <Predicate = true> <Delay = 0.00>
ST_1 : Operation 67 [1/1] (0.00ns)   --->   "%specinterface_ln0 = specinterface void @_ssdm_op_SpecInterface, i64 %arrayY, void @empty_14, i32 0, i32 0, void @empty_18, i32 0, i32 0, void @empty_4, void @empty_19, void @empty_18, i32 0, i32 0, i32 0, i32 0, void @empty_18, void @empty_9"   --->   Operation 67 'specinterface' 'specinterface_ln0' <Predicate = true> <Delay = 0.00>
ST_1 : Operation 68 [1/1] (0.00ns)   --->   "%specinterface_ln0 = specinterface void @_ssdm_op_SpecInterface, i64 %arrayY, void @empty_2, i32 0, i32 0, void @empty_18, i32 0, i32 0, void @empty_18, void @empty_18, void @empty_18, i32 0, i32 0, i32 0, i32 0, void @empty_18, void @empty_9"   --->   Operation 68 'specinterface' 'specinterface_ln0' <Predicate = true> <Delay = 0.00>
ST_1 : Operation 69 [1/1] (0.00ns)   --->   "%specinterface_ln0 = specinterface void @_ssdm_op_SpecInterface, i64 %objxy, void @empty_14, i32 0, i32 0, void @empty_18, i32 0, i32 0, void @empty_4, void @empty_20, void @empty_18, i32 0, i32 0, i32 0, i32 0, void @empty_18, void @empty_9"   --->   Operation 69 'specinterface' 'specinterface_ln0' <Predicate = true> <Delay = 0.00>
ST_1 : Operation 70 [1/1] (0.00ns)   --->   "%specinterface_ln0 = specinterface void @_ssdm_op_SpecInterface, i64 %objxy, void @empty_2, i32 0, i32 0, void @empty_18, i32 0, i32 0, void @empty_18, void @empty_18, void @empty_18, i32 0, i32 0, i32 0, i32 0, void @empty_18, void @empty_9"   --->   Operation 70 'specinterface' 'specinterface_ln0' <Predicate = true> <Delay = 0.00>
ST_1 : Operation 71 [1/1] (0.00ns)   --->   "%specinterface_ln0 = specinterface void @_ssdm_op_SpecInterface, i64 %I, void @empty_14, i32 0, i32 0, void @empty_18, i32 0, i32 0, void @empty_4, void @empty_21, void @empty_18, i32 0, i32 0, i32 0, i32 0, void @empty_18, void @empty_9"   --->   Operation 71 'specinterface' 'specinterface_ln0' <Predicate = true> <Delay = 0.00>
ST_1 : Operation 72 [1/1] (0.00ns)   --->   "%specinterface_ln0 = specinterface void @_ssdm_op_SpecInterface, i64 %I, void @empty_2, i32 0, i32 0, void @empty_18, i32 0, i32 0, void @empty_18, void @empty_18, void @empty_18, i32 0, i32 0, i32 0, i32 0, void @empty_18, void @empty_9"   --->   Operation 72 'specinterface' 'specinterface_ln0' <Predicate = true> <Delay = 0.00>
ST_1 : Operation 73 [1/1] (0.00ns)   --->   "%specinterface_ln0 = specinterface void @_ssdm_op_SpecInterface, i64 %likelihood, void @empty_14, i32 0, i32 0, void @empty_18, i32 0, i32 0, void @empty_4, void @empty_22, void @empty_18, i32 0, i32 0, i32 0, i32 0, void @empty_18, void @empty_9"   --->   Operation 73 'specinterface' 'specinterface_ln0' <Predicate = true> <Delay = 0.00>
ST_1 : Operation 74 [1/1] (0.00ns)   --->   "%specinterface_ln0 = specinterface void @_ssdm_op_SpecInterface, i64 %likelihood, void @empty_2, i32 0, i32 0, void @empty_18, i32 0, i32 0, void @empty_18, void @empty_18, void @empty_18, i32 0, i32 0, i32 0, i32 0, void @empty_18, void @empty_9"   --->   Operation 74 'specinterface' 'specinterface_ln0' <Predicate = true> <Delay = 0.00>
ST_1 : Operation 75 [1/1] (0.00ns)   --->   "%specinterface_ln0 = specinterface void @_ssdm_op_SpecInterface, i32 0, void @empty_14, i32 0, i32 0, void @empty_18, i32 0, i32 0, void @empty_4, void @empty_18, void @empty_18, i32 0, i32 0, i32 0, i32 0, void @empty_18, void @empty_18"   --->   Operation 75 'specinterface' 'specinterface_ln0' <Predicate = true> <Delay = 0.00>
ST_1 : Operation 76 [1/1] (1.00ns)   --->   "%likelihood_read = read i64 @_ssdm_op_Read.s_axilite.i64, i64 %likelihood"   --->   Operation 76 'read' 'likelihood_read' <Predicate = true> <Delay = 1.00> <CoreInst = "s_axilite">   --->   Core 122 's_axilite' <Latency = 0> <II = 1> <Delay = 1.00> <Adapter> <Opcode : 'read' 'write'>
ST_1 : Operation 77 [1/1] (1.00ns)   --->   "%I_read = read i64 @_ssdm_op_Read.s_axilite.i64, i64 %I"   --->   Operation 77 'read' 'I_read' <Predicate = true> <Delay = 1.00> <CoreInst = "s_axilite">   --->   Core 122 's_axilite' <Latency = 0> <II = 1> <Delay = 1.00> <Adapter> <Opcode : 'read' 'write'>
ST_1 : Operation 78 [1/1] (1.00ns)   --->   "%objxy_read = read i64 @_ssdm_op_Read.s_axilite.i64, i64 %objxy"   --->   Operation 78 'read' 'objxy_read' <Predicate = true> <Delay = 1.00> <CoreInst = "s_axilite">   --->   Core 122 's_axilite' <Latency = 0> <II = 1> <Delay = 1.00> <Adapter> <Opcode : 'read' 'write'>
ST_1 : Operation 79 [1/1] (1.00ns)   --->   "%arrayY_read = read i64 @_ssdm_op_Read.s_axilite.i64, i64 %arrayY"   --->   Operation 79 'read' 'arrayY_read' <Predicate = true> <Delay = 1.00> <CoreInst = "s_axilite">   --->   Core 122 's_axilite' <Latency = 0> <II = 1> <Delay = 1.00> <Adapter> <Opcode : 'read' 'write'>
ST_1 : Operation 80 [1/1] (1.00ns)   --->   "%arrayX_read = read i64 @_ssdm_op_Read.s_axilite.i64, i64 %arrayX"   --->   Operation 80 'read' 'arrayX_read' <Predicate = true> <Delay = 1.00> <CoreInst = "s_axilite">   --->   Core 122 's_axilite' <Latency = 0> <II = 1> <Delay = 1.00> <Adapter> <Opcode : 'read' 'write'>
ST_1 : Operation 81 [1/1] (1.00ns)   --->   "%max_size_read = read i64 @_ssdm_op_Read.s_axilite.i64, i64 %max_size"   --->   Operation 81 'read' 'max_size_read' <Predicate = true> <Delay = 1.00> <CoreInst = "s_axilite">   --->   Core 122 's_axilite' <Latency = 0> <II = 1> <Delay = 1.00> <Adapter> <Opcode : 'read' 'write'>
ST_1 : Operation 82 [1/1] (1.00ns)   --->   "%k_read = read i32 @_ssdm_op_Read.s_axilite.i32, i32 %k"   --->   Operation 82 'read' 'k_read' <Predicate = true> <Delay = 1.00> <CoreInst = "s_axilite">   --->   Core 122 's_axilite' <Latency = 0> <II = 1> <Delay = 1.00> <Adapter> <Opcode : 'read' 'write'>
ST_1 : Operation 83 [1/1] (1.00ns)   --->   "%Nfr_read = read i32 @_ssdm_op_Read.s_axilite.i32, i32 %Nfr"   --->   Operation 83 'read' 'Nfr_read' <Predicate = true> <Delay = 1.00> <CoreInst = "s_axilite">   --->   Core 122 's_axilite' <Latency = 0> <II = 1> <Delay = 1.00> <Adapter> <Opcode : 'read' 'write'>
ST_1 : Operation 84 [1/1] (1.00ns)   --->   "%IszY_read = read i32 @_ssdm_op_Read.s_axilite.i32, i32 %IszY"   --->   Operation 84 'read' 'IszY_read' <Predicate = true> <Delay = 1.00> <CoreInst = "s_axilite">   --->   Core 122 's_axilite' <Latency = 0> <II = 1> <Delay = 1.00> <Adapter> <Opcode : 'read' 'write'>
ST_1 : Operation 85 [1/1] (1.00ns)   --->   "%countOnes_read = read i32 @_ssdm_op_Read.s_axilite.i32, i32 %countOnes"   --->   Operation 85 'read' 'countOnes_read' <Predicate = true> <Delay = 1.00> <CoreInst = "s_axilite">   --->   Core 122 's_axilite' <Latency = 0> <II = 1> <Delay = 1.00> <Adapter> <Opcode : 'read' 'write'>
ST_1 : Operation 86 [1/1] (1.00ns)   --->   "%Nparticles_read = read i32 @_ssdm_op_Read.s_axilite.i32, i32 %Nparticles"   --->   Operation 86 'read' 'Nparticles_read' <Predicate = true> <Delay = 1.00> <CoreInst = "s_axilite">   --->   Core 122 's_axilite' <Latency = 0> <II = 1> <Delay = 1.00> <Adapter> <Opcode : 'read' 'write'>
ST_1 : Operation 87 [1/1] (1.19ns)   --->   "%buffer_obj_offsets = alloca i64 1" [likelihood_kernel.cpp:207]   --->   Operation 87 'alloca' 'buffer_obj_offsets' <Predicate = true> <Delay = 1.19> <CoreInst = "RAM_2P_BRAM">   --->   Core 94 'RAM_2P_BRAM' <Latency = 1> <II = 1> <Delay = 1.19> <Storage> <Opcode : 'load' 'store'> <Ports = 2> <Width = 32> <Depth = 80> <RAM>
ST_1 : Operation 88 [1/1] (1.20ns)   --->   "%buffer_X_0 = alloca i64 1" [likelihood_kernel.cpp:208]   --->   Operation 88 'alloca' 'buffer_X_0' <Predicate = true> <Delay = 1.20> <CoreInst = "RAM_2P_BRAM">   --->   Core 94 'RAM_2P_BRAM' <Latency = 1> <II = 1> <Delay = 1.20> <Storage> <Opcode : 'load' 'store'> <Ports = 2> <Width = 64> <Depth = 8> <RAM>
ST_1 : Operation 89 [1/1] (1.20ns)   --->   "%buffer_X_1 = alloca i64 1" [likelihood_kernel.cpp:208]   --->   Operation 89 'alloca' 'buffer_X_1' <Predicate = true> <Delay = 1.20> <CoreInst = "RAM_2P_BRAM">   --->   Core 94 'RAM_2P_BRAM' <Latency = 1> <II = 1> <Delay = 1.20> <Storage> <Opcode : 'load' 'store'> <Ports = 2> <Width = 64> <Depth = 8> <RAM>
ST_1 : Operation 90 [1/1] (1.20ns)   --->   "%buffer_X_2 = alloca i64 1" [likelihood_kernel.cpp:208]   --->   Operation 90 'alloca' 'buffer_X_2' <Predicate = true> <Delay = 1.20> <CoreInst = "RAM_2P_BRAM">   --->   Core 94 'RAM_2P_BRAM' <Latency = 1> <II = 1> <Delay = 1.20> <Storage> <Opcode : 'load' 'store'> <Ports = 2> <Width = 64> <Depth = 8> <RAM>
ST_1 : Operation 91 [1/1] (1.20ns)   --->   "%buffer_X_3 = alloca i64 1" [likelihood_kernel.cpp:208]   --->   Operation 91 'alloca' 'buffer_X_3' <Predicate = true> <Delay = 1.20> <CoreInst = "RAM_2P_BRAM">   --->   Core 94 'RAM_2P_BRAM' <Latency = 1> <II = 1> <Delay = 1.20> <Storage> <Opcode : 'load' 'store'> <Ports = 2> <Width = 64> <Depth = 8> <RAM>
ST_1 : Operation 92 [1/1] (1.20ns)   --->   "%buffer_X_4 = alloca i64 1" [likelihood_kernel.cpp:208]   --->   Operation 92 'alloca' 'buffer_X_4' <Predicate = true> <Delay = 1.20> <CoreInst = "RAM_2P_BRAM">   --->   Core 94 'RAM_2P_BRAM' <Latency = 1> <II = 1> <Delay = 1.20> <Storage> <Opcode : 'load' 'store'> <Ports = 2> <Width = 64> <Depth = 8> <RAM>
ST_1 : Operation 93 [1/1] (1.20ns)   --->   "%buffer_X_5 = alloca i64 1" [likelihood_kernel.cpp:208]   --->   Operation 93 'alloca' 'buffer_X_5' <Predicate = true> <Delay = 1.20> <CoreInst = "RAM_2P_BRAM">   --->   Core 94 'RAM_2P_BRAM' <Latency = 1> <II = 1> <Delay = 1.20> <Storage> <Opcode : 'load' 'store'> <Ports = 2> <Width = 64> <Depth = 8> <RAM>
ST_1 : Operation 94 [1/1] (1.20ns)   --->   "%buffer_X_6 = alloca i64 1" [likelihood_kernel.cpp:208]   --->   Operation 94 'alloca' 'buffer_X_6' <Predicate = true> <Delay = 1.20> <CoreInst = "RAM_2P_BRAM">   --->   Core 94 'RAM_2P_BRAM' <Latency = 1> <II = 1> <Delay = 1.20> <Storage> <Opcode : 'load' 'store'> <Ports = 2> <Width = 64> <Depth = 8> <RAM>
ST_1 : Operation 95 [1/1] (1.20ns)   --->   "%buffer_X_7 = alloca i64 1" [likelihood_kernel.cpp:208]   --->   Operation 95 'alloca' 'buffer_X_7' <Predicate = true> <Delay = 1.20> <CoreInst = "RAM_2P_BRAM">   --->   Core 94 'RAM_2P_BRAM' <Latency = 1> <II = 1> <Delay = 1.20> <Storage> <Opcode : 'load' 'store'> <Ports = 2> <Width = 64> <Depth = 8> <RAM>
ST_1 : Operation 96 [1/1] (1.20ns)   --->   "%buffer_Y_0 = alloca i64 1" [likelihood_kernel.cpp:209]   --->   Operation 96 'alloca' 'buffer_Y_0' <Predicate = true> <Delay = 1.20> <CoreInst = "RAM_2P_BRAM">   --->   Core 94 'RAM_2P_BRAM' <Latency = 1> <II = 1> <Delay = 1.20> <Storage> <Opcode : 'load' 'store'> <Ports = 2> <Width = 64> <Depth = 8> <RAM>
ST_1 : Operation 97 [1/1] (1.20ns)   --->   "%buffer_Y_1 = alloca i64 1" [likelihood_kernel.cpp:209]   --->   Operation 97 'alloca' 'buffer_Y_1' <Predicate = true> <Delay = 1.20> <CoreInst = "RAM_2P_BRAM">   --->   Core 94 'RAM_2P_BRAM' <Latency = 1> <II = 1> <Delay = 1.20> <Storage> <Opcode : 'load' 'store'> <Ports = 2> <Width = 64> <Depth = 8> <RAM>
ST_1 : Operation 98 [1/1] (1.20ns)   --->   "%buffer_Y_2 = alloca i64 1" [likelihood_kernel.cpp:209]   --->   Operation 98 'alloca' 'buffer_Y_2' <Predicate = true> <Delay = 1.20> <CoreInst = "RAM_2P_BRAM">   --->   Core 94 'RAM_2P_BRAM' <Latency = 1> <II = 1> <Delay = 1.20> <Storage> <Opcode : 'load' 'store'> <Ports = 2> <Width = 64> <Depth = 8> <RAM>
ST_1 : Operation 99 [1/1] (1.20ns)   --->   "%buffer_Y_3 = alloca i64 1" [likelihood_kernel.cpp:209]   --->   Operation 99 'alloca' 'buffer_Y_3' <Predicate = true> <Delay = 1.20> <CoreInst = "RAM_2P_BRAM">   --->   Core 94 'RAM_2P_BRAM' <Latency = 1> <II = 1> <Delay = 1.20> <Storage> <Opcode : 'load' 'store'> <Ports = 2> <Width = 64> <Depth = 8> <RAM>
ST_1 : Operation 100 [1/1] (1.20ns)   --->   "%buffer_Y_4 = alloca i64 1" [likelihood_kernel.cpp:209]   --->   Operation 100 'alloca' 'buffer_Y_4' <Predicate = true> <Delay = 1.20> <CoreInst = "RAM_2P_BRAM">   --->   Core 94 'RAM_2P_BRAM' <Latency = 1> <II = 1> <Delay = 1.20> <Storage> <Opcode : 'load' 'store'> <Ports = 2> <Width = 64> <Depth = 8> <RAM>
ST_1 : Operation 101 [1/1] (1.20ns)   --->   "%buffer_Y_5 = alloca i64 1" [likelihood_kernel.cpp:209]   --->   Operation 101 'alloca' 'buffer_Y_5' <Predicate = true> <Delay = 1.20> <CoreInst = "RAM_2P_BRAM">   --->   Core 94 'RAM_2P_BRAM' <Latency = 1> <II = 1> <Delay = 1.20> <Storage> <Opcode : 'load' 'store'> <Ports = 2> <Width = 64> <Depth = 8> <RAM>
ST_1 : Operation 102 [1/1] (1.20ns)   --->   "%buffer_Y_6 = alloca i64 1" [likelihood_kernel.cpp:209]   --->   Operation 102 'alloca' 'buffer_Y_6' <Predicate = true> <Delay = 1.20> <CoreInst = "RAM_2P_BRAM">   --->   Core 94 'RAM_2P_BRAM' <Latency = 1> <II = 1> <Delay = 1.20> <Storage> <Opcode : 'load' 'store'> <Ports = 2> <Width = 64> <Depth = 8> <RAM>
ST_1 : Operation 103 [1/1] (1.20ns)   --->   "%buffer_Y_7 = alloca i64 1" [likelihood_kernel.cpp:209]   --->   Operation 103 'alloca' 'buffer_Y_7' <Predicate = true> <Delay = 1.20> <CoreInst = "RAM_2P_BRAM">   --->   Core 94 'RAM_2P_BRAM' <Latency = 1> <II = 1> <Delay = 1.20> <Storage> <Opcode : 'load' 'store'> <Ports = 2> <Width = 64> <Depth = 8> <RAM>
ST_1 : Operation 104 [1/1] (1.20ns)   --->   "%buffer_likelihood_0 = alloca i64 1" [likelihood_kernel.cpp:210]   --->   Operation 104 'alloca' 'buffer_likelihood_0' <Predicate = true> <Delay = 1.20> <CoreInst = "RAM_2P_BRAM">   --->   Core 94 'RAM_2P_BRAM' <Latency = 1> <II = 1> <Delay = 1.20> <Storage> <Opcode : 'load' 'store'> <Ports = 2> <Width = 64> <Depth = 8> <RAM>
ST_1 : Operation 105 [1/1] (1.20ns)   --->   "%buffer_likelihood_1 = alloca i64 1" [likelihood_kernel.cpp:210]   --->   Operation 105 'alloca' 'buffer_likelihood_1' <Predicate = true> <Delay = 1.20> <CoreInst = "RAM_2P_BRAM">   --->   Core 94 'RAM_2P_BRAM' <Latency = 1> <II = 1> <Delay = 1.20> <Storage> <Opcode : 'load' 'store'> <Ports = 2> <Width = 64> <Depth = 8> <RAM>
ST_1 : Operation 106 [1/1] (1.20ns)   --->   "%buffer_likelihood_2 = alloca i64 1" [likelihood_kernel.cpp:210]   --->   Operation 106 'alloca' 'buffer_likelihood_2' <Predicate = true> <Delay = 1.20> <CoreInst = "RAM_2P_BRAM">   --->   Core 94 'RAM_2P_BRAM' <Latency = 1> <II = 1> <Delay = 1.20> <Storage> <Opcode : 'load' 'store'> <Ports = 2> <Width = 64> <Depth = 8> <RAM>
ST_1 : Operation 107 [1/1] (1.20ns)   --->   "%buffer_likelihood_3 = alloca i64 1" [likelihood_kernel.cpp:210]   --->   Operation 107 'alloca' 'buffer_likelihood_3' <Predicate = true> <Delay = 1.20> <CoreInst = "RAM_2P_BRAM">   --->   Core 94 'RAM_2P_BRAM' <Latency = 1> <II = 1> <Delay = 1.20> <Storage> <Opcode : 'load' 'store'> <Ports = 2> <Width = 64> <Depth = 8> <RAM>
ST_1 : Operation 108 [1/1] (1.20ns)   --->   "%buffer_likelihood_4 = alloca i64 1" [likelihood_kernel.cpp:210]   --->   Operation 108 'alloca' 'buffer_likelihood_4' <Predicate = true> <Delay = 1.20> <CoreInst = "RAM_2P_BRAM">   --->   Core 94 'RAM_2P_BRAM' <Latency = 1> <II = 1> <Delay = 1.20> <Storage> <Opcode : 'load' 'store'> <Ports = 2> <Width = 64> <Depth = 8> <RAM>
ST_1 : Operation 109 [1/1] (1.20ns)   --->   "%buffer_likelihood_5 = alloca i64 1" [likelihood_kernel.cpp:210]   --->   Operation 109 'alloca' 'buffer_likelihood_5' <Predicate = true> <Delay = 1.20> <CoreInst = "RAM_2P_BRAM">   --->   Core 94 'RAM_2P_BRAM' <Latency = 1> <II = 1> <Delay = 1.20> <Storage> <Opcode : 'load' 'store'> <Ports = 2> <Width = 64> <Depth = 8> <RAM>
ST_1 : Operation 110 [1/1] (1.20ns)   --->   "%buffer_likelihood_6 = alloca i64 1" [likelihood_kernel.cpp:210]   --->   Operation 110 'alloca' 'buffer_likelihood_6' <Predicate = true> <Delay = 1.20> <CoreInst = "RAM_2P_BRAM">   --->   Core 94 'RAM_2P_BRAM' <Latency = 1> <II = 1> <Delay = 1.20> <Storage> <Opcode : 'load' 'store'> <Ports = 2> <Width = 64> <Depth = 8> <RAM>
ST_1 : Operation 111 [1/1] (1.20ns)   --->   "%buffer_likelihood_7 = alloca i64 1" [likelihood_kernel.cpp:210]   --->   Operation 111 'alloca' 'buffer_likelihood_7' <Predicate = true> <Delay = 1.20> <CoreInst = "RAM_2P_BRAM">   --->   Core 94 'RAM_2P_BRAM' <Latency = 1> <II = 1> <Delay = 1.20> <Storage> <Opcode : 'load' 'store'> <Ports = 2> <Width = 64> <Depth = 8> <RAM>
ST_1 : Operation 112 [1/1] (0.00ns)   --->   "%specmemcore_ln210 = specmemcore void @_ssdm_op_SpecMemCore, i32 %buffer_obj_offsets, i64 666, i64 22, i64 18446744073709551615" [likelihood_kernel.cpp:210]   --->   Operation 112 'specmemcore' 'specmemcore_ln210' <Predicate = true> <Delay = 0.00>
ST_1 : Operation 113 [1/1] (0.00ns)   --->   "%specmemcore_ln212 = specmemcore void @_ssdm_op_SpecMemCore, i64 %buffer_X_0, i64 %buffer_X_1, i64 %buffer_X_2, i64 %buffer_X_3, i64 %buffer_X_4, i64 %buffer_X_5, i64 %buffer_X_6, i64 %buffer_X_7, i64 666, i64 22, i64 18446744073709551615" [likelihood_kernel.cpp:212]   --->   Operation 113 'specmemcore' 'specmemcore_ln212' <Predicate = true> <Delay = 0.00>
ST_1 : Operation 114 [1/1] (0.00ns)   --->   "%specmemcore_ln213 = specmemcore void @_ssdm_op_SpecMemCore, i64 %buffer_Y_0, i64 %buffer_Y_1, i64 %buffer_Y_2, i64 %buffer_Y_3, i64 %buffer_Y_4, i64 %buffer_Y_5, i64 %buffer_Y_6, i64 %buffer_Y_7, i64 666, i64 22, i64 18446744073709551615" [likelihood_kernel.cpp:213]   --->   Operation 114 'specmemcore' 'specmemcore_ln213' <Predicate = true> <Delay = 0.00>
ST_1 : Operation 115 [1/1] (0.00ns)   --->   "%specmemcore_ln214 = specmemcore void @_ssdm_op_SpecMemCore, i64 %buffer_likelihood_0, i64 %buffer_likelihood_1, i64 %buffer_likelihood_2, i64 %buffer_likelihood_3, i64 %buffer_likelihood_4, i64 %buffer_likelihood_5, i64 %buffer_likelihood_6, i64 %buffer_likelihood_7, i64 666, i64 22, i64 18446744073709551615" [likelihood_kernel.cpp:214]   --->   Operation 115 'specmemcore' 'specmemcore_ln214' <Predicate = true> <Delay = 0.00>
ST_1 : Operation 116 [1/1] (0.38ns)   --->   "%br_ln46 = br void" [likelihood_kernel.cpp:46]   --->   Operation 116 'br' 'br_ln46' <Predicate = true> <Delay = 0.38>

State 2 <SV = 1> <Delay = 1.14>
ST_2 : Operation 117 [1/1] (0.00ns)   --->   "%i = phi i7 0, void, i7 %add_ln46, void %.split18._crit_edge" [likelihood_kernel.cpp:46]   --->   Operation 117 'phi' 'i' <Predicate = true> <Delay = 0.00>
ST_2 : Operation 118 [1/1] (0.70ns)   --->   "%add_ln46 = add i7 %i, i7 1" [likelihood_kernel.cpp:46]   --->   Operation 118 'add' 'add_ln46' <Predicate = true> <Delay = 0.70> <CoreInst = "Adder">   --->   Core 1 'Adder' <Latency = 0> <II = 1> <Delay = 0.88> <FuncUnit> <Opcode : 'add' 'sub'> <InPorts = 2> <OutPorts = 1>
ST_2 : Operation 119 [1/1] (0.59ns)   --->   "%icmp_ln46 = icmp_eq  i7 %i, i7 80" [likelihood_kernel.cpp:46]   --->   Operation 119 'icmp' 'icmp_ln46' <Predicate = true> <Delay = 0.59> <CoreInst = "Cmp">   --->   Core 9 'Cmp' <Latency = 0> <II = 1> <Delay = 0.85> <FuncUnit> <Opcode : 'icmp'> <InPorts = 2> <OutPorts = 1>
ST_2 : Operation 120 [1/1] (0.00ns)   --->   "%speclooptripcount_ln0 = speclooptripcount void @_ssdm_op_SpecLoopTripCount, i64 80, i64 80, i64 80"   --->   Operation 120 'speclooptripcount' 'speclooptripcount_ln0' <Predicate = true> <Delay = 0.00>
ST_2 : Operation 121 [1/1] (0.00ns)   --->   "%br_ln46 = br i1 %icmp_ln46, void %.split18, void %_Z10load_objxyPKdPiiii.exit.preheader" [likelihood_kernel.cpp:46]   --->   Operation 121 'br' 'br_ln46' <Predicate = true> <Delay = 0.00>
ST_2 : Operation 122 [1/1] (0.00ns)   --->   "%zext_ln46_1 = zext i7 %i" [likelihood_kernel.cpp:46]   --->   Operation 122 'zext' 'zext_ln46_1' <Predicate = (!icmp_ln46)> <Delay = 0.00>
ST_2 : Operation 123 [1/1] (0.85ns)   --->   "%icmp_ln49 = icmp_slt  i32 %zext_ln46_1, i32 %countOnes_read" [likelihood_kernel.cpp:49]   --->   Operation 123 'icmp' 'icmp_ln49' <Predicate = (!icmp_ln46)> <Delay = 0.85> <CoreInst = "Cmp">   --->   Core 9 'Cmp' <Latency = 0> <II = 1> <Delay = 0.85> <FuncUnit> <Opcode : 'icmp'> <InPorts = 2> <OutPorts = 1>
ST_2 : Operation 124 [1/1] (0.00ns)   --->   "%br_ln49 = br i1 %icmp_ln49, void %.split18._crit_edge, void" [likelihood_kernel.cpp:49]   --->   Operation 124 'br' 'br_ln49' <Predicate = (!icmp_ln46)> <Delay = 0.00>
ST_2 : Operation 125 [1/1] (0.00ns)   --->   "%shl_ln = bitconcatenate i11 @_ssdm_op_BitConcatenate.i11.i7.i4, i7 %i, i4 0" [likelihood_kernel.cpp:50]   --->   Operation 125 'bitconcatenate' 'shl_ln' <Predicate = (!icmp_ln46 & icmp_ln49)> <Delay = 0.00>
ST_2 : Operation 126 [1/1] (0.00ns)   --->   "%zext_ln50 = zext i11 %shl_ln" [likelihood_kernel.cpp:50]   --->   Operation 126 'zext' 'zext_ln50' <Predicate = (!icmp_ln46 & icmp_ln49)> <Delay = 0.00>
ST_2 : Operation 127 [1/1] (1.14ns)   --->   "%add_ln50 = add i64 %zext_ln50, i64 %objxy_read" [likelihood_kernel.cpp:50]   --->   Operation 127 'add' 'add_ln50' <Predicate = (!icmp_ln46 & icmp_ln49)> <Delay = 1.14> <CoreInst = "Adder">   --->   Core 1 'Adder' <Latency = 0> <II = 1> <Delay = 0.88> <FuncUnit> <Opcode : 'add' 'sub'> <InPorts = 2> <OutPorts = 1>
ST_2 : Operation 128 [1/1] (0.00ns)   --->   "%trunc_ln = partselect i61 @_ssdm_op_PartSelect.i61.i64.i32.i32, i64 %add_ln50, i32 3, i32 63" [likelihood_kernel.cpp:50]   --->   Operation 128 'partselect' 'trunc_ln' <Predicate = (!icmp_ln46 & icmp_ln49)> <Delay = 0.00>
ST_2 : Operation 129 [1/1] (0.00ns)   --->   "%br_ln0 = br void"   --->   Operation 129 'br' 'br_ln0' <Predicate = (!icmp_ln46)> <Delay = 0.00>

State 3 <SV = 2> <Delay = 2.43>
ST_3 : Operation 130 [1/1] (0.00ns)   --->   "%sext_ln50 = sext i61 %trunc_ln" [likelihood_kernel.cpp:50]   --->   Operation 130 'sext' 'sext_ln50' <Predicate = (!icmp_ln46 & icmp_ln49)> <Delay = 0.00>
ST_3 : Operation 131 [1/1] (0.00ns)   --->   "%gmem2_addr = getelementptr i64 %gmem2, i64 %sext_ln50" [likelihood_kernel.cpp:50]   --->   Operation 131 'getelementptr' 'gmem2_addr' <Predicate = (!icmp_ln46 & icmp_ln49)> <Delay = 0.00>
ST_3 : Operation 132 [7/7] (2.43ns)   --->   "%empty = readreq i1 @_ssdm_op_ReadReq.m_axi.p1i64, i64 %gmem2_addr, i32 2" [likelihood_kernel.cpp:50]   --->   Operation 132 'readreq' 'empty' <Predicate = (!icmp_ln46 & icmp_ln49)> <Delay = 2.43> <CoreInst = "m_axi">   --->   Core 121 'm_axi' <Latency = 6> <II = 1> <Delay = 1.00> <Adapter> <Opcode : 'read' 'write' 'readreq' 'writereq' 'writeresp'>

State 4 <SV = 3> <Delay = 2.43>
ST_4 : Operation 133 [6/7] (2.43ns)   --->   "%empty = readreq i1 @_ssdm_op_ReadReq.m_axi.p1i64, i64 %gmem2_addr, i32 2" [likelihood_kernel.cpp:50]   --->   Operation 133 'readreq' 'empty' <Predicate = (icmp_ln49)> <Delay = 2.43> <CoreInst = "m_axi">   --->   Core 121 'm_axi' <Latency = 6> <II = 1> <Delay = 1.00> <Adapter> <Opcode : 'read' 'write' 'readreq' 'writereq' 'writeresp'>

State 5 <SV = 4> <Delay = 2.43>
ST_5 : Operation 134 [5/7] (2.43ns)   --->   "%empty = readreq i1 @_ssdm_op_ReadReq.m_axi.p1i64, i64 %gmem2_addr, i32 2" [likelihood_kernel.cpp:50]   --->   Operation 134 'readreq' 'empty' <Predicate = (icmp_ln49)> <Delay = 2.43> <CoreInst = "m_axi">   --->   Core 121 'm_axi' <Latency = 6> <II = 1> <Delay = 1.00> <Adapter> <Opcode : 'read' 'write' 'readreq' 'writereq' 'writeresp'>

State 6 <SV = 5> <Delay = 2.43>
ST_6 : Operation 135 [4/7] (2.43ns)   --->   "%empty = readreq i1 @_ssdm_op_ReadReq.m_axi.p1i64, i64 %gmem2_addr, i32 2" [likelihood_kernel.cpp:50]   --->   Operation 135 'readreq' 'empty' <Predicate = (icmp_ln49)> <Delay = 2.43> <CoreInst = "m_axi">   --->   Core 121 'm_axi' <Latency = 6> <II = 1> <Delay = 1.00> <Adapter> <Opcode : 'read' 'write' 'readreq' 'writereq' 'writeresp'>

State 7 <SV = 6> <Delay = 2.43>
ST_7 : Operation 136 [3/7] (2.43ns)   --->   "%empty = readreq i1 @_ssdm_op_ReadReq.m_axi.p1i64, i64 %gmem2_addr, i32 2" [likelihood_kernel.cpp:50]   --->   Operation 136 'readreq' 'empty' <Predicate = (icmp_ln49)> <Delay = 2.43> <CoreInst = "m_axi">   --->   Core 121 'm_axi' <Latency = 6> <II = 1> <Delay = 1.00> <Adapter> <Opcode : 'read' 'write' 'readreq' 'writereq' 'writeresp'>

State 8 <SV = 7> <Delay = 2.43>
ST_8 : Operation 137 [2/7] (2.43ns)   --->   "%empty = readreq i1 @_ssdm_op_ReadReq.m_axi.p1i64, i64 %gmem2_addr, i32 2" [likelihood_kernel.cpp:50]   --->   Operation 137 'readreq' 'empty' <Predicate = (icmp_ln49)> <Delay = 2.43> <CoreInst = "m_axi">   --->   Core 121 'm_axi' <Latency = 6> <II = 1> <Delay = 1.00> <Adapter> <Opcode : 'read' 'write' 'readreq' 'writereq' 'writeresp'>

State 9 <SV = 8> <Delay = 2.43>
ST_9 : Operation 138 [1/7] (2.43ns)   --->   "%empty = readreq i1 @_ssdm_op_ReadReq.m_axi.p1i64, i64 %gmem2_addr, i32 2" [likelihood_kernel.cpp:50]   --->   Operation 138 'readreq' 'empty' <Predicate = (icmp_ln49)> <Delay = 2.43> <CoreInst = "m_axi">   --->   Core 121 'm_axi' <Latency = 6> <II = 1> <Delay = 1.00> <Adapter> <Opcode : 'read' 'write' 'readreq' 'writereq' 'writeresp'>

State 10 <SV = 9> <Delay = 2.43>
ST_10 : Operation 139 [1/1] (2.43ns)   --->   "%gmem2_addr_read = read i64 @_ssdm_op_Read.m_axi.p1i64, i64 %gmem2_addr" [likelihood_kernel.cpp:50]   --->   Operation 139 'read' 'gmem2_addr_read' <Predicate = (icmp_ln49)> <Delay = 2.43> <CoreInst = "m_axi">   --->   Core 121 'm_axi' <Latency = 6> <II = 1> <Delay = 1.00> <Adapter> <Opcode : 'read' 'write' 'readreq' 'writereq' 'writeresp'>

State 11 <SV = 10> <Delay = 2.43>
ST_11 : Operation 140 [1/1] (0.00ns)   --->   "%bitcast_ln50 = bitcast i64 %gmem2_addr_read" [likelihood_kernel.cpp:50]   --->   Operation 140 'bitcast' 'bitcast_ln50' <Predicate = (icmp_ln49)> <Delay = 0.00>
ST_11 : Operation 141 [1/1] (2.43ns)   --->   "%gmem2_addr_read_1 = read i64 @_ssdm_op_Read.m_axi.p1i64, i64 %gmem2_addr" [likelihood_kernel.cpp:50]   --->   Operation 141 'read' 'gmem2_addr_read_1' <Predicate = (icmp_ln49)> <Delay = 2.43> <CoreInst = "m_axi">   --->   Core 121 'm_axi' <Latency = 6> <II = 1> <Delay = 1.00> <Adapter> <Opcode : 'read' 'write' 'readreq' 'writereq' 'writeresp'>
ST_11 : Operation 142 [8/8] (1.90ns)   --->   "%dc = dadd i64 %bitcast_ln50, i64 0.5" [likelihood_kernel.cpp:18]   --->   Operation 142 'dadd' 'dc' <Predicate = (icmp_ln49)> <Delay = 1.90> <CoreInst = "DAddSub_fulldsp">   --->   Core 37 'DAddSub_fulldsp' <Latency = 7> <II = 1> <Delay = 1.90> <FuncUnit> <Opcode : 'dadd' 'dsub'> <InPorts = 2> <OutPorts = 1>

State 12 <SV = 11> <Delay = 1.90>
ST_12 : Operation 143 [1/1] (0.00ns)   --->   "%bitcast_ln50_1 = bitcast i64 %gmem2_addr_read_1" [likelihood_kernel.cpp:50]   --->   Operation 143 'bitcast' 'bitcast_ln50_1' <Predicate = (icmp_ln49)> <Delay = 0.00>
ST_12 : Operation 144 [7/8] (1.90ns)   --->   "%dc = dadd i64 %bitcast_ln50, i64 0.5" [likelihood_kernel.cpp:18]   --->   Operation 144 'dadd' 'dc' <Predicate = (icmp_ln49)> <Delay = 1.90> <CoreInst = "DAddSub_fulldsp">   --->   Core 37 'DAddSub_fulldsp' <Latency = 7> <II = 1> <Delay = 1.90> <FuncUnit> <Opcode : 'dadd' 'dsub'> <InPorts = 2> <OutPorts = 1>
ST_12 : Operation 145 [8/8] (1.90ns)   --->   "%dc_1 = dadd i64 %bitcast_ln50_1, i64 0.5" [likelihood_kernel.cpp:18]   --->   Operation 145 'dadd' 'dc_1' <Predicate = (icmp_ln49)> <Delay = 1.90> <CoreInst = "DAddSub_fulldsp">   --->   Core 37 'DAddSub_fulldsp' <Latency = 7> <II = 1> <Delay = 1.90> <FuncUnit> <Opcode : 'dadd' 'dsub'> <InPorts = 2> <OutPorts = 1>

State 13 <SV = 12> <Delay = 1.90>
ST_13 : Operation 146 [6/8] (1.90ns)   --->   "%dc = dadd i64 %bitcast_ln50, i64 0.5" [likelihood_kernel.cpp:18]   --->   Operation 146 'dadd' 'dc' <Predicate = (icmp_ln49)> <Delay = 1.90> <CoreInst = "DAddSub_fulldsp">   --->   Core 37 'DAddSub_fulldsp' <Latency = 7> <II = 1> <Delay = 1.90> <FuncUnit> <Opcode : 'dadd' 'dsub'> <InPorts = 2> <OutPorts = 1>
ST_13 : Operation 147 [7/8] (1.90ns)   --->   "%dc_1 = dadd i64 %bitcast_ln50_1, i64 0.5" [likelihood_kernel.cpp:18]   --->   Operation 147 'dadd' 'dc_1' <Predicate = (icmp_ln49)> <Delay = 1.90> <CoreInst = "DAddSub_fulldsp">   --->   Core 37 'DAddSub_fulldsp' <Latency = 7> <II = 1> <Delay = 1.90> <FuncUnit> <Opcode : 'dadd' 'dsub'> <InPorts = 2> <OutPorts = 1>

State 14 <SV = 13> <Delay = 1.90>
ST_14 : Operation 148 [5/8] (1.90ns)   --->   "%dc = dadd i64 %bitcast_ln50, i64 0.5" [likelihood_kernel.cpp:18]   --->   Operation 148 'dadd' 'dc' <Predicate = (icmp_ln49)> <Delay = 1.90> <CoreInst = "DAddSub_fulldsp">   --->   Core 37 'DAddSub_fulldsp' <Latency = 7> <II = 1> <Delay = 1.90> <FuncUnit> <Opcode : 'dadd' 'dsub'> <InPorts = 2> <OutPorts = 1>
ST_14 : Operation 149 [6/8] (1.90ns)   --->   "%dc_1 = dadd i64 %bitcast_ln50_1, i64 0.5" [likelihood_kernel.cpp:18]   --->   Operation 149 'dadd' 'dc_1' <Predicate = (icmp_ln49)> <Delay = 1.90> <CoreInst = "DAddSub_fulldsp">   --->   Core 37 'DAddSub_fulldsp' <Latency = 7> <II = 1> <Delay = 1.90> <FuncUnit> <Opcode : 'dadd' 'dsub'> <InPorts = 2> <OutPorts = 1>

State 15 <SV = 14> <Delay = 1.90>
ST_15 : Operation 150 [4/8] (1.90ns)   --->   "%dc = dadd i64 %bitcast_ln50, i64 0.5" [likelihood_kernel.cpp:18]   --->   Operation 150 'dadd' 'dc' <Predicate = (icmp_ln49)> <Delay = 1.90> <CoreInst = "DAddSub_fulldsp">   --->   Core 37 'DAddSub_fulldsp' <Latency = 7> <II = 1> <Delay = 1.90> <FuncUnit> <Opcode : 'dadd' 'dsub'> <InPorts = 2> <OutPorts = 1>
ST_15 : Operation 151 [5/8] (1.90ns)   --->   "%dc_1 = dadd i64 %bitcast_ln50_1, i64 0.5" [likelihood_kernel.cpp:18]   --->   Operation 151 'dadd' 'dc_1' <Predicate = (icmp_ln49)> <Delay = 1.90> <CoreInst = "DAddSub_fulldsp">   --->   Core 37 'DAddSub_fulldsp' <Latency = 7> <II = 1> <Delay = 1.90> <FuncUnit> <Opcode : 'dadd' 'dsub'> <InPorts = 2> <OutPorts = 1>

State 16 <SV = 15> <Delay = 1.90>
ST_16 : Operation 152 [3/8] (1.90ns)   --->   "%dc = dadd i64 %bitcast_ln50, i64 0.5" [likelihood_kernel.cpp:18]   --->   Operation 152 'dadd' 'dc' <Predicate = (icmp_ln49)> <Delay = 1.90> <CoreInst = "DAddSub_fulldsp">   --->   Core 37 'DAddSub_fulldsp' <Latency = 7> <II = 1> <Delay = 1.90> <FuncUnit> <Opcode : 'dadd' 'dsub'> <InPorts = 2> <OutPorts = 1>
ST_16 : Operation 153 [4/8] (1.90ns)   --->   "%dc_1 = dadd i64 %bitcast_ln50_1, i64 0.5" [likelihood_kernel.cpp:18]   --->   Operation 153 'dadd' 'dc_1' <Predicate = (icmp_ln49)> <Delay = 1.90> <CoreInst = "DAddSub_fulldsp">   --->   Core 37 'DAddSub_fulldsp' <Latency = 7> <II = 1> <Delay = 1.90> <FuncUnit> <Opcode : 'dadd' 'dsub'> <InPorts = 2> <OutPorts = 1>

State 17 <SV = 16> <Delay = 1.90>
ST_17 : Operation 154 [2/8] (1.90ns)   --->   "%dc = dadd i64 %bitcast_ln50, i64 0.5" [likelihood_kernel.cpp:18]   --->   Operation 154 'dadd' 'dc' <Predicate = (icmp_ln49)> <Delay = 1.90> <CoreInst = "DAddSub_fulldsp">   --->   Core 37 'DAddSub_fulldsp' <Latency = 7> <II = 1> <Delay = 1.90> <FuncUnit> <Opcode : 'dadd' 'dsub'> <InPorts = 2> <OutPorts = 1>
ST_17 : Operation 155 [3/8] (1.90ns)   --->   "%dc_1 = dadd i64 %bitcast_ln50_1, i64 0.5" [likelihood_kernel.cpp:18]   --->   Operation 155 'dadd' 'dc_1' <Predicate = (icmp_ln49)> <Delay = 1.90> <CoreInst = "DAddSub_fulldsp">   --->   Core 37 'DAddSub_fulldsp' <Latency = 7> <II = 1> <Delay = 1.90> <FuncUnit> <Opcode : 'dadd' 'dsub'> <InPorts = 2> <OutPorts = 1>

State 18 <SV = 17> <Delay = 1.90>
ST_18 : Operation 156 [1/8] (1.90ns)   --->   "%dc = dadd i64 %bitcast_ln50, i64 0.5" [likelihood_kernel.cpp:18]   --->   Operation 156 'dadd' 'dc' <Predicate = (icmp_ln49)> <Delay = 1.90> <CoreInst = "DAddSub_fulldsp">   --->   Core 37 'DAddSub_fulldsp' <Latency = 7> <II = 1> <Delay = 1.90> <FuncUnit> <Opcode : 'dadd' 'dsub'> <InPorts = 2> <OutPorts = 1>
ST_18 : Operation 157 [2/8] (1.90ns)   --->   "%dc_1 = dadd i64 %bitcast_ln50_1, i64 0.5" [likelihood_kernel.cpp:18]   --->   Operation 157 'dadd' 'dc_1' <Predicate = (icmp_ln49)> <Delay = 1.90> <CoreInst = "DAddSub_fulldsp">   --->   Core 37 'DAddSub_fulldsp' <Latency = 7> <II = 1> <Delay = 1.90> <FuncUnit> <Opcode : 'dadd' 'dsub'> <InPorts = 2> <OutPorts = 1>

State 19 <SV = 18> <Delay = 1.90>
ST_19 : Operation 158 [1/8] (1.90ns)   --->   "%dc_1 = dadd i64 %bitcast_ln50_1, i64 0.5" [likelihood_kernel.cpp:18]   --->   Operation 158 'dadd' 'dc_1' <Predicate = (icmp_ln49)> <Delay = 1.90> <CoreInst = "DAddSub_fulldsp">   --->   Core 37 'DAddSub_fulldsp' <Latency = 7> <II = 1> <Delay = 1.90> <FuncUnit> <Opcode : 'dadd' 'dsub'> <InPorts = 2> <OutPorts = 1>

State 20 <SV = 19> <Delay = 2.16>
ST_20 : Operation 159 [1/1] (0.00ns)   --->   "%data_V_1 = bitcast i64 %dc_1" [/wrk/ci/prod/2020.2/rdi_builds/continuous/2020_11_18_3064766/src/shared/hls/clib/src/hls/utils/x_hls_utils.h:483]   --->   Operation 159 'bitcast' 'data_V_1' <Predicate = (icmp_ln49)> <Delay = 0.00>
ST_20 : Operation 160 [1/1] (0.00ns)   --->   "%p_Result_1 = bitselect i1 @_ssdm_op_BitSelect.i1.i64.i32, i64 %data_V_1, i32 63"   --->   Operation 160 'bitselect' 'p_Result_1' <Predicate = (icmp_ln49)> <Delay = 0.00>
ST_20 : Operation 161 [1/1] (0.00ns)   --->   "%tmp_26 = partselect i11 @_ssdm_op_PartSelect.i11.i64.i32.i32, i64 %data_V_1, i32 52, i32 62"   --->   Operation 161 'partselect' 'tmp_26' <Predicate = (icmp_ln49)> <Delay = 0.00>
ST_20 : Operation 162 [1/1] (0.00ns)   --->   "%tmp_27 = trunc i64 %data_V_1"   --->   Operation 162 'trunc' 'tmp_27' <Predicate = (icmp_ln49)> <Delay = 0.00>
ST_20 : Operation 163 [1/1] (0.00ns)   --->   "%mantissa_1 = bitconcatenate i54 @_ssdm_op_BitConcatenate.i54.i1.i52.i1, i1 1, i52 %tmp_27, i1 0"   --->   Operation 163 'bitconcatenate' 'mantissa_1' <Predicate = (icmp_ln49)> <Delay = 0.00>
ST_20 : Operation 164 [1/1] (0.00ns)   --->   "%zext_ln15_1 = zext i54 %mantissa_1" [/wrk/ci/prod/2020.2/rdi_builds/continuous/2020_11_18_3064766/src/shared/hls/clib/hlsmath/include/FloatingPoint/hls_case_IEEE754.h:15]   --->   Operation 164 'zext' 'zext_ln15_1' <Predicate = (icmp_ln49)> <Delay = 0.00>
ST_20 : Operation 165 [1/1] (0.00ns)   --->   "%zext_ln510_1 = zext i11 %tmp_26" [/wrk/ci/prod/2020.2/rdi_builds/continuous/2020_11_18_3064766/src/shared/hls/clib/src/hls/utils/x_hls_utils.h:510]   --->   Operation 165 'zext' 'zext_ln510_1' <Predicate = (icmp_ln49)> <Delay = 0.00>
ST_20 : Operation 166 [1/1] (0.73ns)   --->   "%add_ln510_1 = add i12 %zext_ln510_1, i12 3073" [/wrk/ci/prod/2020.2/rdi_builds/continuous/2020_11_18_3064766/src/shared/hls/clib/src/hls/utils/x_hls_utils.h:510]   --->   Operation 166 'add' 'add_ln510_1' <Predicate = (icmp_ln49)> <Delay = 0.73> <CoreInst = "Adder">   --->   Core 1 'Adder' <Latency = 0> <II = 1> <Delay = 0.88> <FuncUnit> <Opcode : 'add' 'sub'> <InPorts = 2> <OutPorts = 1>
ST_20 : Operation 167 [1/1] (0.00ns)   --->   "%isNeg_1 = bitselect i1 @_ssdm_op_BitSelect.i1.i12.i32, i12 %add_ln510_1, i32 11"   --->   Operation 167 'bitselect' 'isNeg_1' <Predicate = (icmp_ln49)> <Delay = 0.00>
ST_20 : Operation 168 [1/1] (0.73ns)   --->   "%sub_ln1311_1 = sub i11 1023, i11 %tmp_26"   --->   Operation 168 'sub' 'sub_ln1311_1' <Predicate = (icmp_ln49)> <Delay = 0.73> <CoreInst = "Adder">   --->   Core 1 'Adder' <Latency = 0> <II = 1> <Delay = 0.88> <FuncUnit> <Opcode : 'add' 'sub'> <InPorts = 2> <OutPorts = 1>
ST_20 : Operation 169 [1/1] (0.00ns)   --->   "%sext_ln1311_1 = sext i11 %sub_ln1311_1"   --->   Operation 169 'sext' 'sext_ln1311_1' <Predicate = (icmp_ln49)> <Delay = 0.00>
ST_20 : Operation 170 [1/1] (0.29ns)   --->   "%ush_1 = select i1 %isNeg_1, i12 %sext_ln1311_1, i12 %add_ln510_1"   --->   Operation 170 'select' 'ush_1' <Predicate = (icmp_ln49)> <Delay = 0.29> <CoreInst = "Sel">   --->   Core 73 'Sel' <Latency = 0> <II = 1> <Delay = 0.22> <FuncUnit> <Opcode : 'select'> <InPorts = 3> <OutPorts = 1>
ST_20 : Operation 171 [1/1] (0.00ns)   --->   "%sh_prom_i_i_i_i_i_i32_cast_cast_cast = sext i12 %ush_1"   --->   Operation 171 'sext' 'sh_prom_i_i_i_i_i_i32_cast_cast_cast' <Predicate = (icmp_ln49)> <Delay = 0.00>
ST_20 : Operation 172 [1/1] (0.00ns)   --->   "%sh_prom_i_i_i_i_i_i32_cast_cast_cast_cast = zext i32 %sh_prom_i_i_i_i_i_i32_cast_cast_cast"   --->   Operation 172 'zext' 'sh_prom_i_i_i_i_i_i32_cast_cast_cast_cast' <Predicate = (icmp_ln49)> <Delay = 0.00>
ST_20 : Operation 173 [1/1] (0.00ns) (grouped into LUT with out node val_1)   --->   "%r_V_2 = lshr i137 %zext_ln15_1, i137 %sh_prom_i_i_i_i_i_i32_cast_cast_cast_cast"   --->   Operation 173 'lshr' 'r_V_2' <Predicate = (icmp_ln49)> <Delay = 0.00> <CoreInst = "Shifter">   --->   Core 75 'Shifter' <Latency = 0> <II = 1> <Delay = 1.12> <FuncUnit> <Opcode : 'shl' 'lshr' 'ashr'> <InPorts = 2> <OutPorts = 1>
ST_20 : Operation 174 [1/1] (0.00ns) (grouped into LUT with out node val_1)   --->   "%r_V_3 = shl i137 %zext_ln15_1, i137 %sh_prom_i_i_i_i_i_i32_cast_cast_cast_cast"   --->   Operation 174 'shl' 'r_V_3' <Predicate = (icmp_ln49)> <Delay = 0.00> <CoreInst = "Shifter">   --->   Core 75 'Shifter' <Latency = 0> <II = 1> <Delay = 1.12> <FuncUnit> <Opcode : 'shl' 'lshr' 'ashr'> <InPorts = 2> <OutPorts = 1>
ST_20 : Operation 175 [1/1] (0.00ns) (grouped into LUT with out node val_1)   --->   "%tmp_23 = bitselect i1 @_ssdm_op_BitSelect.i1.i137.i32, i137 %r_V_2, i32 53"   --->   Operation 175 'bitselect' 'tmp_23' <Predicate = (icmp_ln49)> <Delay = 0.00>
ST_20 : Operation 176 [1/1] (0.00ns) (grouped into LUT with out node val_1)   --->   "%zext_ln662_1 = zext i1 %tmp_23"   --->   Operation 176 'zext' 'zext_ln662_1' <Predicate = (icmp_ln49)> <Delay = 0.00>
ST_20 : Operation 177 [1/1] (0.00ns) (grouped into LUT with out node val_1)   --->   "%tmp_8 = partselect i32 @_ssdm_op_PartSelect.i32.i137.i32.i32, i137 %r_V_3, i32 53, i32 84"   --->   Operation 177 'partselect' 'tmp_8' <Predicate = (icmp_ln49)> <Delay = 0.00>
ST_20 : Operation 178 [1/1] (1.12ns) (out node of the LUT)   --->   "%val_1 = select i1 %isNeg_1, i32 %zext_ln662_1, i32 %tmp_8"   --->   Operation 178 'select' 'val_1' <Predicate = (icmp_ln49)> <Delay = 1.12> <CoreInst = "Sel">   --->   Core 73 'Sel' <Latency = 0> <II = 1> <Delay = 0.22> <FuncUnit> <Opcode : 'select'> <InPorts = 3> <OutPorts = 1>

State 21 <SV = 20> <Delay = 1.10>
ST_21 : Operation 179 [1/1] (0.88ns)   --->   "%result_V_6 = sub i32 0, i32 %val_1"   --->   Operation 179 'sub' 'result_V_6' <Predicate = (icmp_ln49 & p_Result_1)> <Delay = 0.88> <CoreInst = "Adder">   --->   Core 1 'Adder' <Latency = 0> <II = 1> <Delay = 0.88> <FuncUnit> <Opcode : 'add' 'sub'> <InPorts = 2> <OutPorts = 1>
ST_21 : Operation 180 [1/1] (0.22ns)   --->   "%result_V_7 = select i1 %p_Result_1, i32 %result_V_6, i32 %val_1" [/wrk/ci/prod/2020.2/rdi_builds/continuous/2020_11_18_3064766/src/shared/hls/clib/hlsmath/include/FloatingPoint/hls_case_IEEE754.h:59]   --->   Operation 180 'select' 'result_V_7' <Predicate = (icmp_ln49)> <Delay = 0.22> <CoreInst = "Sel">   --->   Core 73 'Sel' <Latency = 0> <II = 1> <Delay = 0.22> <FuncUnit> <Opcode : 'select'> <InPorts = 3> <OutPorts = 1>

State 22 <SV = 21> <Delay = 2.29>
ST_22 : Operation 181 [2/2] (2.29ns)   --->   "%mul_ln52 = mul i32 %result_V_7, i32 %IszY_read" [likelihood_kernel.cpp:52]   --->   Operation 181 'mul' 'mul_ln52' <Predicate = (icmp_ln49)> <Delay = 2.29> <CoreInst = "Multiplier">   --->   Core 3 'Multiplier' <Latency = 1> <II = 1> <Delay = 2.29> <FuncUnit> <Opcode : 'mul'> <InPorts = 2> <OutPorts = 1>

State 23 <SV = 22> <Delay = 2.29>
ST_23 : Operation 182 [1/1] (0.00ns)   --->   "%data_V = bitcast i64 %dc" [/wrk/ci/prod/2020.2/rdi_builds/continuous/2020_11_18_3064766/src/shared/hls/clib/src/hls/utils/x_hls_utils.h:483]   --->   Operation 182 'bitcast' 'data_V' <Predicate = (icmp_ln49)> <Delay = 0.00>
ST_23 : Operation 183 [1/1] (0.00ns)   --->   "%tmp_24 = partselect i11 @_ssdm_op_PartSelect.i11.i64.i32.i32, i64 %data_V, i32 52, i32 62"   --->   Operation 183 'partselect' 'tmp_24' <Predicate = (icmp_ln49)> <Delay = 0.00>
ST_23 : Operation 184 [1/1] (0.00ns)   --->   "%tmp_25 = trunc i64 %data_V"   --->   Operation 184 'trunc' 'tmp_25' <Predicate = (icmp_ln49)> <Delay = 0.00>
ST_23 : Operation 185 [1/1] (0.00ns)   --->   "%mantissa = bitconcatenate i54 @_ssdm_op_BitConcatenate.i54.i1.i52.i1, i1 1, i52 %tmp_25, i1 0"   --->   Operation 185 'bitconcatenate' 'mantissa' <Predicate = (icmp_ln49)> <Delay = 0.00>
ST_23 : Operation 186 [1/1] (0.00ns)   --->   "%zext_ln15 = zext i54 %mantissa" [/wrk/ci/prod/2020.2/rdi_builds/continuous/2020_11_18_3064766/src/shared/hls/clib/hlsmath/include/FloatingPoint/hls_case_IEEE754.h:15]   --->   Operation 186 'zext' 'zext_ln15' <Predicate = (icmp_ln49)> <Delay = 0.00>
ST_23 : Operation 187 [1/1] (0.00ns)   --->   "%zext_ln510 = zext i11 %tmp_24" [/wrk/ci/prod/2020.2/rdi_builds/continuous/2020_11_18_3064766/src/shared/hls/clib/src/hls/utils/x_hls_utils.h:510]   --->   Operation 187 'zext' 'zext_ln510' <Predicate = (icmp_ln49)> <Delay = 0.00>
ST_23 : Operation 188 [1/1] (0.73ns)   --->   "%add_ln510 = add i12 %zext_ln510, i12 3073" [/wrk/ci/prod/2020.2/rdi_builds/continuous/2020_11_18_3064766/src/shared/hls/clib/src/hls/utils/x_hls_utils.h:510]   --->   Operation 188 'add' 'add_ln510' <Predicate = (icmp_ln49)> <Delay = 0.73> <CoreInst = "Adder">   --->   Core 1 'Adder' <Latency = 0> <II = 1> <Delay = 0.88> <FuncUnit> <Opcode : 'add' 'sub'> <InPorts = 2> <OutPorts = 1>
ST_23 : Operation 189 [1/1] (0.00ns)   --->   "%isNeg = bitselect i1 @_ssdm_op_BitSelect.i1.i12.i32, i12 %add_ln510, i32 11"   --->   Operation 189 'bitselect' 'isNeg' <Predicate = (icmp_ln49)> <Delay = 0.00>
ST_23 : Operation 190 [1/1] (0.73ns)   --->   "%sub_ln1311 = sub i11 1023, i11 %tmp_24"   --->   Operation 190 'sub' 'sub_ln1311' <Predicate = (icmp_ln49)> <Delay = 0.73> <CoreInst = "Adder">   --->   Core 1 'Adder' <Latency = 0> <II = 1> <Delay = 0.88> <FuncUnit> <Opcode : 'add' 'sub'> <InPorts = 2> <OutPorts = 1>
ST_23 : Operation 191 [1/1] (0.00ns)   --->   "%sext_ln1311 = sext i11 %sub_ln1311"   --->   Operation 191 'sext' 'sext_ln1311' <Predicate = (icmp_ln49)> <Delay = 0.00>
ST_23 : Operation 192 [1/1] (0.29ns)   --->   "%ush = select i1 %isNeg, i12 %sext_ln1311, i12 %add_ln510"   --->   Operation 192 'select' 'ush' <Predicate = (icmp_ln49)> <Delay = 0.29> <CoreInst = "Sel">   --->   Core 73 'Sel' <Latency = 0> <II = 1> <Delay = 0.22> <FuncUnit> <Opcode : 'select'> <InPorts = 3> <OutPorts = 1>
ST_23 : Operation 193 [1/1] (0.00ns)   --->   "%sh_prom_i_i_i_i_i_i_cast_cast_cast = sext i12 %ush"   --->   Operation 193 'sext' 'sh_prom_i_i_i_i_i_i_cast_cast_cast' <Predicate = (icmp_ln49)> <Delay = 0.00>
ST_23 : Operation 194 [1/1] (0.00ns)   --->   "%sh_prom_i_i_i_i_i_i_cast_cast_cast_cast = zext i32 %sh_prom_i_i_i_i_i_i_cast_cast_cast"   --->   Operation 194 'zext' 'sh_prom_i_i_i_i_i_i_cast_cast_cast_cast' <Predicate = (icmp_ln49)> <Delay = 0.00>
ST_23 : Operation 195 [1/1] (0.00ns) (grouped into LUT with out node val)   --->   "%r_V = lshr i137 %zext_ln15, i137 %sh_prom_i_i_i_i_i_i_cast_cast_cast_cast"   --->   Operation 195 'lshr' 'r_V' <Predicate = (icmp_ln49)> <Delay = 0.00> <CoreInst = "Shifter">   --->   Core 75 'Shifter' <Latency = 0> <II = 1> <Delay = 1.12> <FuncUnit> <Opcode : 'shl' 'lshr' 'ashr'> <InPorts = 2> <OutPorts = 1>
ST_23 : Operation 196 [1/1] (0.00ns) (grouped into LUT with out node val)   --->   "%r_V_1 = shl i137 %zext_ln15, i137 %sh_prom_i_i_i_i_i_i_cast_cast_cast_cast"   --->   Operation 196 'shl' 'r_V_1' <Predicate = (icmp_ln49)> <Delay = 0.00> <CoreInst = "Shifter">   --->   Core 75 'Shifter' <Latency = 0> <II = 1> <Delay = 1.12> <FuncUnit> <Opcode : 'shl' 'lshr' 'ashr'> <InPorts = 2> <OutPorts = 1>
ST_23 : Operation 197 [1/1] (0.00ns) (grouped into LUT with out node val)   --->   "%tmp_17 = bitselect i1 @_ssdm_op_BitSelect.i1.i137.i32, i137 %r_V, i32 53"   --->   Operation 197 'bitselect' 'tmp_17' <Predicate = (icmp_ln49)> <Delay = 0.00>
ST_23 : Operation 198 [1/1] (0.00ns) (grouped into LUT with out node val)   --->   "%zext_ln662 = zext i1 %tmp_17"   --->   Operation 198 'zext' 'zext_ln662' <Predicate = (icmp_ln49)> <Delay = 0.00>
ST_23 : Operation 199 [1/1] (0.00ns) (grouped into LUT with out node val)   --->   "%tmp_5 = partselect i32 @_ssdm_op_PartSelect.i32.i137.i32.i32, i137 %r_V_1, i32 53, i32 84"   --->   Operation 199 'partselect' 'tmp_5' <Predicate = (icmp_ln49)> <Delay = 0.00>
ST_23 : Operation 200 [1/1] (1.12ns) (out node of the LUT)   --->   "%val = select i1 %isNeg, i32 %zext_ln662, i32 %tmp_5"   --->   Operation 200 'select' 'val' <Predicate = (icmp_ln49)> <Delay = 1.12> <CoreInst = "Sel">   --->   Core 73 'Sel' <Latency = 0> <II = 1> <Delay = 0.22> <FuncUnit> <Opcode : 'select'> <InPorts = 3> <OutPorts = 1>
ST_23 : Operation 201 [1/2] (2.29ns)   --->   "%mul_ln52 = mul i32 %result_V_7, i32 %IszY_read" [likelihood_kernel.cpp:52]   --->   Operation 201 'mul' 'mul_ln52' <Predicate = (icmp_ln49)> <Delay = 2.29> <CoreInst = "Multiplier">   --->   Core 3 'Multiplier' <Latency = 1> <II = 1> <Delay = 2.29> <FuncUnit> <Opcode : 'mul'> <InPorts = 2> <OutPorts = 1>

State 24 <SV = 23> <Delay = 1.76>
ST_24 : Operation 202 [1/1] (0.00ns) (grouped into LUT with out node add_ln52)   --->   "%p_Result_s = bitselect i1 @_ssdm_op_BitSelect.i1.i64.i32, i64 %data_V, i32 63"   --->   Operation 202 'bitselect' 'p_Result_s' <Predicate = (icmp_ln49)> <Delay = 0.00>
ST_24 : Operation 203 [1/1] (0.88ns)   --->   "%result_V_2 = sub i32 0, i32 %val"   --->   Operation 203 'sub' 'result_V_2' <Predicate = (icmp_ln49)> <Delay = 0.88> <CoreInst = "Adder">   --->   Core 1 'Adder' <Latency = 0> <II = 1> <Delay = 0.88> <FuncUnit> <Opcode : 'add' 'sub'> <InPorts = 2> <OutPorts = 1>
ST_24 : Operation 204 [1/1] (0.00ns) (grouped into LUT with out node add_ln52)   --->   "%result_V = select i1 %p_Result_s, i32 %result_V_2, i32 %val" [/wrk/ci/prod/2020.2/rdi_builds/continuous/2020_11_18_3064766/src/shared/hls/clib/hlsmath/include/FloatingPoint/hls_case_IEEE754.h:59]   --->   Operation 204 'select' 'result_V' <Predicate = (icmp_ln49)> <Delay = 0.00> <CoreInst = "Sel">   --->   Core 73 'Sel' <Latency = 0> <II = 1> <Delay = 0.22> <FuncUnit> <Opcode : 'select'> <InPorts = 3> <OutPorts = 1>
ST_24 : Operation 205 [1/1] (0.88ns) (out node of the LUT)   --->   "%add_ln52 = add i32 %mul_ln52, i32 %result_V" [likelihood_kernel.cpp:52]   --->   Operation 205 'add' 'add_ln52' <Predicate = (icmp_ln49)> <Delay = 0.88> <CoreInst = "Adder">   --->   Core 1 'Adder' <Latency = 0> <II = 1> <Delay = 0.88> <FuncUnit> <Opcode : 'add' 'sub'> <InPorts = 2> <OutPorts = 1>

State 25 <SV = 24> <Delay = 2.29>
ST_25 : Operation 206 [2/2] (2.29ns)   --->   "%mul_ln52_1 = mul i32 %add_ln52, i32 %Nfr_read" [likelihood_kernel.cpp:52]   --->   Operation 206 'mul' 'mul_ln52_1' <Predicate = (icmp_ln49)> <Delay = 2.29> <CoreInst = "Multiplier">   --->   Core 3 'Multiplier' <Latency = 1> <II = 1> <Delay = 2.29> <FuncUnit> <Opcode : 'mul'> <InPorts = 2> <OutPorts = 1>

State 26 <SV = 25> <Delay = 2.29>
ST_26 : Operation 207 [1/2] (2.29ns)   --->   "%mul_ln52_1 = mul i32 %add_ln52, i32 %Nfr_read" [likelihood_kernel.cpp:52]   --->   Operation 207 'mul' 'mul_ln52_1' <Predicate = (icmp_ln49)> <Delay = 2.29> <CoreInst = "Multiplier">   --->   Core 3 'Multiplier' <Latency = 1> <II = 1> <Delay = 2.29> <FuncUnit> <Opcode : 'mul'> <InPorts = 2> <OutPorts = 1>

State 27 <SV = 26> <Delay = 1.19>
ST_27 : Operation 208 [1/1] (0.00ns)   --->   "%zext_ln46 = zext i7 %i" [likelihood_kernel.cpp:46]   --->   Operation 208 'zext' 'zext_ln46' <Predicate = true> <Delay = 0.00>
ST_27 : Operation 209 [1/1] (0.00ns)   --->   "%specpipeline_ln13 = specpipeline void @_ssdm_op_SpecPipeline, i32 1, i32 0, i32 0, i32 0, void @empty_18" [/wrk/ci/prod/2020.2/rdi_builds/continuous/2020_11_18_3064766/src/shared/hls/clib/hlsmath/include/FloatingPoint/hls_case_IEEE754.h:13]   --->   Operation 209 'specpipeline' 'specpipeline_ln13' <Predicate = true> <Delay = 0.00>
ST_27 : Operation 210 [1/1] (0.00ns)   --->   "%specloopname_ln13 = specloopname void @_ssdm_op_SpecLoopName, void @empty_8" [/wrk/ci/prod/2020.2/rdi_builds/continuous/2020_11_18_3064766/src/shared/hls/clib/hlsmath/include/FloatingPoint/hls_case_IEEE754.h:13]   --->   Operation 210 'specloopname' 'specloopname_ln13' <Predicate = true> <Delay = 0.00>
ST_27 : Operation 211 [1/1] (0.00ns)   --->   "%buffer_obj_offsets_addr = getelementptr i32 %buffer_obj_offsets, i64 0, i64 %zext_ln46" [likelihood_kernel.cpp:52]   --->   Operation 211 'getelementptr' 'buffer_obj_offsets_addr' <Predicate = (icmp_ln49)> <Delay = 0.00>
ST_27 : Operation 212 [1/1] (1.19ns)   --->   "%store_ln52 = store i32 %mul_ln52_1, i7 %buffer_obj_offsets_addr" [likelihood_kernel.cpp:52]   --->   Operation 212 'store' 'store_ln52' <Predicate = (icmp_ln49)> <Delay = 1.19> <CoreInst = "RAM_2P_BRAM">   --->   Core 94 'RAM_2P_BRAM' <Latency = 1> <II = 1> <Delay = 1.19> <Storage> <Opcode : 'load' 'store'> <Ports = 2> <Width = 32> <Depth = 80> <RAM>
ST_27 : Operation 213 [1/1] (0.00ns)   --->   "%br_ln53 = br void %.split18._crit_edge" [likelihood_kernel.cpp:53]   --->   Operation 213 'br' 'br_ln53' <Predicate = (icmp_ln49)> <Delay = 0.00>

State 28 <SV = 2> <Delay = 2.06>
ST_28 : Operation 214 [1/1] (0.00ns) (grouped into LUT with out node select_ln225_1)   --->   "%tmp = bitselect i1 @_ssdm_op_BitSelect.i1.i32.i32, i32 %Nparticles_read, i32 31" [likelihood_kernel.cpp:225]   --->   Operation 214 'bitselect' 'tmp' <Predicate = true> <Delay = 0.00>
ST_28 : Operation 215 [1/1] (0.88ns)   --->   "%add_ln225 = add i32 %Nparticles_read, i32 63" [likelihood_kernel.cpp:225]   --->   Operation 215 'add' 'add_ln225' <Predicate = true> <Delay = 0.88> <CoreInst = "Adder">   --->   Core 1 'Adder' <Latency = 0> <II = 1> <Delay = 0.88> <FuncUnit> <Opcode : 'add' 'sub'> <InPorts = 2> <OutPorts = 1>
ST_28 : Operation 216 [1/1] (0.00ns) (grouped into LUT with out node select_ln225_1)   --->   "%tmp_7 = bitselect i1 @_ssdm_op_BitSelect.i1.i32.i32, i32 %add_ln225, i32 31" [likelihood_kernel.cpp:225]   --->   Operation 216 'bitselect' 'tmp_7' <Predicate = true> <Delay = 0.00>
ST_28 : Operation 217 [1/1] (0.88ns)   --->   "%sub_ln225 = sub i32 4294967233, i32 %Nparticles_read" [likelihood_kernel.cpp:225]   --->   Operation 217 'sub' 'sub_ln225' <Predicate = true> <Delay = 0.88> <CoreInst = "Adder">   --->   Core 1 'Adder' <Latency = 0> <II = 1> <Delay = 0.88> <FuncUnit> <Opcode : 'add' 'sub'> <InPorts = 2> <OutPorts = 1>
ST_28 : Operation 218 [1/1] (0.00ns)   --->   "%p_lshr = partselect i26 @_ssdm_op_PartSelect.i26.i32.i32.i32, i32 %sub_ln225, i32 6, i32 31" [likelihood_kernel.cpp:225]   --->   Operation 218 'partselect' 'p_lshr' <Predicate = true> <Delay = 0.00>
ST_28 : Operation 219 [1/1] (0.84ns)   --->   "%sub_ln225_1 = sub i26 0, i26 %p_lshr" [likelihood_kernel.cpp:225]   --->   Operation 219 'sub' 'sub_ln225_1' <Predicate = true> <Delay = 0.84> <CoreInst = "Adder">   --->   Core 1 'Adder' <Latency = 0> <II = 1> <Delay = 0.88> <FuncUnit> <Opcode : 'add' 'sub'> <InPorts = 2> <OutPorts = 1>
ST_28 : Operation 220 [1/1] (0.00ns) (grouped into LUT with out node select_ln225_1)   --->   "%tmp_10 = partselect i26 @_ssdm_op_PartSelect.i26.i32.i32.i32, i32 %add_ln225, i32 6, i32 31" [likelihood_kernel.cpp:225]   --->   Operation 220 'partselect' 'tmp_10' <Predicate = true> <Delay = 0.00>
ST_28 : Operation 221 [1/1] (0.00ns) (grouped into LUT with out node select_ln225_1)   --->   "%select_ln225 = select i1 %tmp_7, i26 %sub_ln225_1, i26 %tmp_10" [likelihood_kernel.cpp:225]   --->   Operation 221 'select' 'select_ln225' <Predicate = true> <Delay = 0.00> <CoreInst = "Sel">   --->   Core 73 'Sel' <Latency = 0> <II = 1> <Delay = 0.22> <FuncUnit> <Opcode : 'select'> <InPorts = 3> <OutPorts = 1>
ST_28 : Operation 222 [1/1] (0.34ns) (out node of the LUT)   --->   "%select_ln225_1 = select i1 %tmp, i26 0, i26 %select_ln225" [likelihood_kernel.cpp:225]   --->   Operation 222 'select' 'select_ln225_1' <Predicate = true> <Delay = 0.34> <CoreInst = "Sel">   --->   Core 73 'Sel' <Latency = 0> <II = 1> <Delay = 0.22> <FuncUnit> <Opcode : 'select'> <InPorts = 3> <OutPorts = 1>
ST_28 : Operation 223 [1/1] (0.00ns)   --->   "%tmp_12 = bitconcatenate i32 @_ssdm_op_BitConcatenate.i32.i26.i6, i26 %select_ln225_1, i6 0" [likelihood_kernel.cpp:225]   --->   Operation 223 'bitconcatenate' 'tmp_12' <Predicate = true> <Delay = 0.00>
ST_28 : Operation 224 [1/1] (0.38ns)   --->   "%br_ln225 = br void %_Z10load_objxyPKdPiiii.exit" [likelihood_kernel.cpp:225]   --->   Operation 224 'br' 'br_ln225' <Predicate = true> <Delay = 0.38>

State 29 <SV = 3> <Delay = 1.96>
ST_29 : Operation 225 [1/1] (0.00ns)   --->   "%base = phi i32 %base_1, void %.split, i32 0, void %_Z10load_objxyPKdPiiii.exit.preheader"   --->   Operation 225 'phi' 'base' <Predicate = true> <Delay = 0.00>
ST_29 : Operation 226 [1/1] (0.85ns)   --->   "%icmp_ln225 = icmp_eq  i32 %base, i32 %tmp_12" [likelihood_kernel.cpp:225]   --->   Operation 226 'icmp' 'icmp_ln225' <Predicate = true> <Delay = 0.85> <CoreInst = "Cmp">   --->   Core 9 'Cmp' <Latency = 0> <II = 1> <Delay = 0.85> <FuncUnit> <Opcode : 'icmp'> <InPorts = 2> <OutPorts = 1>
ST_29 : Operation 227 [1/1] (0.00ns)   --->   "%br_ln225 = br i1 %icmp_ln225, void %.split, void %._crit_edge.loopexit" [likelihood_kernel.cpp:225]   --->   Operation 227 'br' 'br_ln225' <Predicate = true> <Delay = 0.00>
ST_29 : Operation 228 [1/1] (0.88ns)   --->   "%base_1 = add i32 %base, i32 64" [likelihood_kernel.cpp:230]   --->   Operation 228 'add' 'base_1' <Predicate = (!icmp_ln225)> <Delay = 0.88> <CoreInst = "Adder">   --->   Core 1 'Adder' <Latency = 0> <II = 1> <Delay = 0.88> <FuncUnit> <Opcode : 'add' 'sub'> <InPorts = 2> <OutPorts = 1>
ST_29 : Operation 229 [1/1] (0.85ns)   --->   "%icmp_ln230 = icmp_sgt  i32 %base_1, i32 %Nparticles_read" [likelihood_kernel.cpp:230]   --->   Operation 229 'icmp' 'icmp_ln230' <Predicate = (!icmp_ln225)> <Delay = 0.85> <CoreInst = "Cmp">   --->   Core 9 'Cmp' <Latency = 0> <II = 1> <Delay = 0.85> <FuncUnit> <Opcode : 'icmp'> <InPorts = 2> <OutPorts = 1>
ST_29 : Operation 230 [1/1] (0.88ns)   --->   "%sub_ln231 = sub i32 %Nparticles_read, i32 %base" [likelihood_kernel.cpp:231]   --->   Operation 230 'sub' 'sub_ln231' <Predicate = (!icmp_ln225)> <Delay = 0.88> <CoreInst = "Adder">   --->   Core 1 'Adder' <Latency = 0> <II = 1> <Delay = 0.88> <FuncUnit> <Opcode : 'add' 'sub'> <InPorts = 2> <OutPorts = 1>
ST_29 : Operation 231 [1/1] (0.22ns)   --->   "%tileSize = select i1 %icmp_ln230, i32 %sub_ln231, i32 64" [likelihood_kernel.cpp:230]   --->   Operation 231 'select' 'tileSize' <Predicate = (!icmp_ln225)> <Delay = 0.22> <CoreInst = "Sel">   --->   Core 73 'Sel' <Latency = 0> <II = 1> <Delay = 0.22> <FuncUnit> <Opcode : 'select'> <InPorts = 3> <OutPorts = 1>
ST_29 : Operation 232 [1/1] (0.00ns)   --->   "%ret_ln239 = ret" [likelihood_kernel.cpp:239]   --->   Operation 232 'ret' 'ret_ln239' <Predicate = (icmp_ln225)> <Delay = 0.00>

State 30 <SV = 4> <Delay = 2.01>
ST_30 : Operation 233 [2/2] (2.01ns)   --->   "%call_ln234 = call void @load_particles, i512 %gmem0, i512 %gmem1, i64 %arrayX_read, i64 %arrayY_read, i64 %buffer_X_0, i64 %buffer_X_1, i64 %buffer_X_2, i64 %buffer_X_3, i64 %buffer_X_4, i64 %buffer_X_5, i64 %buffer_X_6, i64 %buffer_X_7, i64 %buffer_Y_0, i64 %buffer_Y_1, i64 %buffer_Y_2, i64 %buffer_Y_3, i64 %buffer_Y_4, i64 %buffer_Y_5, i64 %buffer_Y_6, i64 %buffer_Y_7, i32 %base, i32 %tileSize" [likelihood_kernel.cpp:234]   --->   Operation 233 'call' 'call_ln234' <Predicate = true> <Delay = 2.01> <CoreType = "Generic">   --->   Core 0 '' <Latency = 0> <II = 1> <Delay = 1.00> <Generic> <Opcode : >

State 31 <SV = 5> <Delay = 0.00>
ST_31 : Operation 234 [1/2] (0.00ns)   --->   "%call_ln234 = call void @load_particles, i512 %gmem0, i512 %gmem1, i64 %arrayX_read, i64 %arrayY_read, i64 %buffer_X_0, i64 %buffer_X_1, i64 %buffer_X_2, i64 %buffer_X_3, i64 %buffer_X_4, i64 %buffer_X_5, i64 %buffer_X_6, i64 %buffer_X_7, i64 %buffer_Y_0, i64 %buffer_Y_1, i64 %buffer_Y_2, i64 %buffer_Y_3, i64 %buffer_Y_4, i64 %buffer_Y_5, i64 %buffer_Y_6, i64 %buffer_Y_7, i32 %base, i32 %tileSize" [likelihood_kernel.cpp:234]   --->   Operation 234 'call' 'call_ln234' <Predicate = true> <Delay = 0.00> <CoreType = "Generic">   --->   Core 0 '' <Latency = 0> <II = 1> <Delay = 1.00> <Generic> <Opcode : >

State 32 <SV = 6> <Delay = 2.21>
ST_32 : Operation 235 [2/2] (2.21ns)   --->   "%call_ln235 = call void @compute_likelihood, i32 %gmem3, i64 %buffer_X_0, i64 %buffer_X_1, i64 %buffer_X_2, i64 %buffer_X_3, i64 %buffer_X_4, i64 %buffer_X_5, i64 %buffer_X_6, i64 %buffer_X_7, i64 %buffer_Y_0, i64 %buffer_Y_1, i64 %buffer_Y_2, i64 %buffer_Y_3, i64 %buffer_Y_4, i64 %buffer_Y_5, i64 %buffer_Y_6, i64 %buffer_Y_7, i32 %buffer_obj_offsets, i32 %countOnes_read, i32 %IszY_read, i32 %Nfr_read, i32 %k_read, i64 %max_size_read, i64 %I_read, i64 %buffer_likelihood_0, i64 %buffer_likelihood_1, i64 %buffer_likelihood_2, i64 %buffer_likelihood_3, i64 %buffer_likelihood_4, i64 %buffer_likelihood_5, i64 %buffer_likelihood_6, i64 %buffer_likelihood_7, i32 %tileSize" [likelihood_kernel.cpp:235]   --->   Operation 235 'call' 'call_ln235' <Predicate = true> <Delay = 2.21> <CoreType = "Generic">   --->   Core 0 '' <Latency = 0> <II = 1> <Delay = 1.00> <Generic> <Opcode : >

State 33 <SV = 7> <Delay = 0.00>
ST_33 : Operation 236 [1/2] (0.00ns)   --->   "%call_ln235 = call void @compute_likelihood, i32 %gmem3, i64 %buffer_X_0, i64 %buffer_X_1, i64 %buffer_X_2, i64 %buffer_X_3, i64 %buffer_X_4, i64 %buffer_X_5, i64 %buffer_X_6, i64 %buffer_X_7, i64 %buffer_Y_0, i64 %buffer_Y_1, i64 %buffer_Y_2, i64 %buffer_Y_3, i64 %buffer_Y_4, i64 %buffer_Y_5, i64 %buffer_Y_6, i64 %buffer_Y_7, i32 %buffer_obj_offsets, i32 %countOnes_read, i32 %IszY_read, i32 %Nfr_read, i32 %k_read, i64 %max_size_read, i64 %I_read, i64 %buffer_likelihood_0, i64 %buffer_likelihood_1, i64 %buffer_likelihood_2, i64 %buffer_likelihood_3, i64 %buffer_likelihood_4, i64 %buffer_likelihood_5, i64 %buffer_likelihood_6, i64 %buffer_likelihood_7, i32 %tileSize" [likelihood_kernel.cpp:235]   --->   Operation 236 'call' 'call_ln235' <Predicate = true> <Delay = 0.00> <CoreType = "Generic">   --->   Core 0 '' <Latency = 0> <II = 1> <Delay = 1.00> <Generic> <Opcode : >

State 34 <SV = 8> <Delay = 2.01>
ST_34 : Operation 237 [2/2] (2.01ns)   --->   "%call_ln237 = call void @store_likelihood, i512 %gmem4, i64 %likelihood_read, i64 %buffer_likelihood_0, i64 %buffer_likelihood_1, i64 %buffer_likelihood_2, i64 %buffer_likelihood_3, i64 %buffer_likelihood_4, i64 %buffer_likelihood_5, i64 %buffer_likelihood_6, i64 %buffer_likelihood_7, i32 %base, i32 %tileSize" [likelihood_kernel.cpp:237]   --->   Operation 237 'call' 'call_ln237' <Predicate = true> <Delay = 2.01> <CoreType = "Generic">   --->   Core 0 '' <Latency = 0> <II = 1> <Delay = 1.00> <Generic> <Opcode : >

State 35 <SV = 9> <Delay = 0.00>
ST_35 : Operation 238 [1/1] (0.00ns)   --->   "%speclooptripcount_ln225 = speclooptripcount void @_ssdm_op_SpecLoopTripCount, i64 1, i64 32, i64 16" [likelihood_kernel.cpp:225]   --->   Operation 238 'speclooptripcount' 'speclooptripcount_ln225' <Predicate = true> <Delay = 0.00>
ST_35 : Operation 239 [1/1] (0.00ns)   --->   "%specloopname_ln225 = specloopname void @_ssdm_op_SpecLoopName, void @empty_26" [likelihood_kernel.cpp:225]   --->   Operation 239 'specloopname' 'specloopname_ln225' <Predicate = true> <Delay = 0.00>
ST_35 : Operation 240 [1/2] (0.00ns)   --->   "%call_ln237 = call void @store_likelihood, i512 %gmem4, i64 %likelihood_read, i64 %buffer_likelihood_0, i64 %buffer_likelihood_1, i64 %buffer_likelihood_2, i64 %buffer_likelihood_3, i64 %buffer_likelihood_4, i64 %buffer_likelihood_5, i64 %buffer_likelihood_6, i64 %buffer_likelihood_7, i32 %base, i32 %tileSize" [likelihood_kernel.cpp:237]   --->   Operation 240 'call' 'call_ln237' <Predicate = true> <Delay = 0.00> <CoreType = "Generic">   --->   Core 0 '' <Latency = 0> <II = 1> <Delay = 1.00> <Generic> <Opcode : >
ST_35 : Operation 241 [1/1] (0.00ns)   --->   "%br_ln0 = br void %_Z10load_objxyPKdPiiii.exit"   --->   Operation 241 'br' 'br_ln0' <Predicate = true> <Delay = 0.00>


============================================================
+ Verbose Summary: Binding
============================================================
STG Binding: 
---------------- STG Properties BEGIN ----------------
- Is combinational: 0
- Is one-state seq: 0
- Is datapath-only: 0
- Is pipelined: 0
- Is top level: 1
Port [ Return ] is wired: 1; IO mode=ap_ctrl_hs:ce=0
Port [ gmem0]:  wired=1; compound=1; hidden=0; nouse=0; global=0; static=0; extern=0; dir=0; type=4; pingpong=0; private_global=0; IO mode=m_axi:ce=0
Port [ gmem1]:  wired=1; compound=1; hidden=0; nouse=0; global=0; static=0; extern=0; dir=0; type=4; pingpong=0; private_global=0; IO mode=m_axi:ce=0
Port [ gmem2]:  wired=1; compound=1; hidden=0; nouse=0; global=0; static=0; extern=0; dir=0; type=4; pingpong=0; private_global=0; IO mode=m_axi:ce=0
Port [ gmem3]:  wired=1; compound=1; hidden=0; nouse=0; global=0; static=0; extern=0; dir=0; type=4; pingpong=0; private_global=0; IO mode=m_axi:ce=0
Port [ gmem4]:  wired=1; compound=1; hidden=0; nouse=0; global=0; static=0; extern=0; dir=1; type=4; pingpong=0; private_global=0; IO mode=m_axi:ce=0
Port [ Nparticles]:  wired=1; compound=0; hidden=0; nouse=0; global=0; static=0; extern=0; dir=0; type=0; pingpong=0; private_global=0; IO mode=ap_none:ce=0
Port [ countOnes]:  wired=1; compound=0; hidden=0; nouse=0; global=0; static=0; extern=0; dir=0; type=0; pingpong=0; private_global=0; IO mode=ap_none:ce=0
Port [ IszY]:  wired=1; compound=0; hidden=0; nouse=0; global=0; static=0; extern=0; dir=0; type=0; pingpong=0; private_global=0; IO mode=ap_none:ce=0
Port [ Nfr]:  wired=1; compound=0; hidden=0; nouse=0; global=0; static=0; extern=0; dir=0; type=0; pingpong=0; private_global=0; IO mode=ap_none:ce=0
Port [ k]:  wired=1; compound=0; hidden=0; nouse=0; global=0; static=0; extern=0; dir=0; type=0; pingpong=0; private_global=0; IO mode=ap_none:ce=0
Port [ max_size]:  wired=1; compound=0; hidden=0; nouse=0; global=0; static=0; extern=0; dir=0; type=0; pingpong=0; private_global=0; IO mode=ap_none:ce=0
Port [ arrayX]:  wired=1; compound=0; hidden=0; nouse=0; global=0; static=0; extern=0; dir=0; type=0; pingpong=0; private_global=0; IO mode=ap_none:ce=0
Port [ arrayY]:  wired=1; compound=0; hidden=0; nouse=0; global=0; static=0; extern=0; dir=0; type=0; pingpong=0; private_global=0; IO mode=ap_none:ce=0
Port [ objxy]:  wired=1; compound=0; hidden=0; nouse=0; global=0; static=0; extern=0; dir=0; type=0; pingpong=0; private_global=0; IO mode=ap_none:ce=0
Port [ I]:  wired=1; compound=0; hidden=0; nouse=0; global=0; static=0; extern=0; dir=0; type=0; pingpong=0; private_global=0; IO mode=ap_none:ce=0
Port [ likelihood]:  wired=1; compound=0; hidden=0; nouse=0; global=0; static=0; extern=0; dir=0; type=0; pingpong=0; private_global=0; IO mode=ap_none:ce=0
---------------- STG Properties END ------------------

---------------- Datapath Model BEGIN ----------------

<LifeTime>
<method=bitvector/>
spectopmodule_ln0                         (spectopmodule    ) [ 000000000000000000000000000000000000]
specinterface_ln0                         (specinterface    ) [ 000000000000000000000000000000000000]
specbitsmap_ln0                           (specbitsmap      ) [ 000000000000000000000000000000000000]
specinterface_ln0                         (specinterface    ) [ 000000000000000000000000000000000000]
specbitsmap_ln0                           (specbitsmap      ) [ 000000000000000000000000000000000000]
specinterface_ln0                         (specinterface    ) [ 000000000000000000000000000000000000]
specbitsmap_ln0                           (specbitsmap      ) [ 000000000000000000000000000000000000]
specinterface_ln0                         (specinterface    ) [ 000000000000000000000000000000000000]
specbitsmap_ln0                           (specbitsmap      ) [ 000000000000000000000000000000000000]
specinterface_ln0                         (specinterface    ) [ 000000000000000000000000000000000000]
specbitsmap_ln0                           (specbitsmap      ) [ 000000000000000000000000000000000000]
specbitsmap_ln0                           (specbitsmap      ) [ 000000000000000000000000000000000000]
specinterface_ln0                         (specinterface    ) [ 000000000000000000000000000000000000]
specinterface_ln0                         (specinterface    ) [ 000000000000000000000000000000000000]
specbitsmap_ln0                           (specbitsmap      ) [ 000000000000000000000000000000000000]
specinterface_ln0                         (specinterface    ) [ 000000000000000000000000000000000000]
specinterface_ln0                         (specinterface    ) [ 000000000000000000000000000000000000]
specbitsmap_ln0                           (specbitsmap      ) [ 000000000000000000000000000000000000]
specinterface_ln0                         (specinterface    ) [ 000000000000000000000000000000000000]
specinterface_ln0                         (specinterface    ) [ 000000000000000000000000000000000000]
specbitsmap_ln0                           (specbitsmap      ) [ 000000000000000000000000000000000000]
specinterface_ln0                         (specinterface    ) [ 000000000000000000000000000000000000]
specinterface_ln0                         (specinterface    ) [ 000000000000000000000000000000000000]
specbitsmap_ln0                           (specbitsmap      ) [ 000000000000000000000000000000000000]
specinterface_ln0                         (specinterface    ) [ 000000000000000000000000000000000000]
specinterface_ln0                         (specinterface    ) [ 000000000000000000000000000000000000]
specbitsmap_ln0                           (specbitsmap      ) [ 000000000000000000000000000000000000]
specinterface_ln0                         (specinterface    ) [ 000000000000000000000000000000000000]
specinterface_ln0                         (specinterface    ) [ 000000000000000000000000000000000000]
specinterface_ln0                         (specinterface    ) [ 000000000000000000000000000000000000]
specinterface_ln0                         (specinterface    ) [ 000000000000000000000000000000000000]
specinterface_ln0                         (specinterface    ) [ 000000000000000000000000000000000000]
specinterface_ln0                         (specinterface    ) [ 000000000000000000000000000000000000]
specinterface_ln0                         (specinterface    ) [ 000000000000000000000000000000000000]
specinterface_ln0                         (specinterface    ) [ 000000000000000000000000000000000000]
specinterface_ln0                         (specinterface    ) [ 000000000000000000000000000000000000]
specinterface_ln0                         (specinterface    ) [ 000000000000000000000000000000000000]
specinterface_ln0                         (specinterface    ) [ 000000000000000000000000000000000000]
specinterface_ln0                         (specinterface    ) [ 000000000000000000000000000000000000]
specinterface_ln0                         (specinterface    ) [ 000000000000000000000000000000000000]
likelihood_read                           (read             ) [ 001111111111111111111111111111111111]
I_read                                    (read             ) [ 001111111111111111111111111111111111]
objxy_read                                (read             ) [ 001111111111111111111111111100000000]
arrayY_read                               (read             ) [ 001111111111111111111111111111111111]
arrayX_read                               (read             ) [ 001111111111111111111111111111111111]
max_size_read                             (read             ) [ 001111111111111111111111111111111111]
k_read                                    (read             ) [ 001111111111111111111111111111111111]
Nfr_read                                  (read             ) [ 001111111111111111111111111111111111]
IszY_read                                 (read             ) [ 001111111111111111111111111111111111]
countOnes_read                            (read             ) [ 001111111111111111111111111111111111]
Nparticles_read                           (read             ) [ 001111111111111111111111111111111111]
buffer_obj_offsets                        (alloca           ) [ 001111111111111111111111111111111111]
buffer_X_0                                (alloca           ) [ 001111111111111111111111111111111111]
buffer_X_1                                (alloca           ) [ 001111111111111111111111111111111111]
buffer_X_2                                (alloca           ) [ 001111111111111111111111111111111111]
buffer_X_3                                (alloca           ) [ 001111111111111111111111111111111111]
buffer_X_4                                (alloca           ) [ 001111111111111111111111111111111111]
buffer_X_5                                (alloca           ) [ 001111111111111111111111111111111111]
buffer_X_6                                (alloca           ) [ 001111111111111111111111111111111111]
buffer_X_7                                (alloca           ) [ 001111111111111111111111111111111111]
buffer_Y_0                                (alloca           ) [ 001111111111111111111111111111111111]
buffer_Y_1                                (alloca           ) [ 001111111111111111111111111111111111]
buffer_Y_2                                (alloca           ) [ 001111111111111111111111111111111111]
buffer_Y_3                                (alloca           ) [ 001111111111111111111111111111111111]
buffer_Y_4                                (alloca           ) [ 001111111111111111111111111111111111]
buffer_Y_5                                (alloca           ) [ 001111111111111111111111111111111111]
buffer_Y_6                                (alloca           ) [ 001111111111111111111111111111111111]
buffer_Y_7                                (alloca           ) [ 001111111111111111111111111111111111]
buffer_likelihood_0                       (alloca           ) [ 001111111111111111111111111111111111]
buffer_likelihood_1                       (alloca           ) [ 001111111111111111111111111111111111]
buffer_likelihood_2                       (alloca           ) [ 001111111111111111111111111111111111]
buffer_likelihood_3                       (alloca           ) [ 001111111111111111111111111111111111]
buffer_likelihood_4                       (alloca           ) [ 001111111111111111111111111111111111]
buffer_likelihood_5                       (alloca           ) [ 001111111111111111111111111111111111]
buffer_likelihood_6                       (alloca           ) [ 001111111111111111111111111111111111]
buffer_likelihood_7                       (alloca           ) [ 001111111111111111111111111111111111]
specmemcore_ln210                         (specmemcore      ) [ 000000000000000000000000000000000000]
specmemcore_ln212                         (specmemcore      ) [ 000000000000000000000000000000000000]
specmemcore_ln213                         (specmemcore      ) [ 000000000000000000000000000000000000]
specmemcore_ln214                         (specmemcore      ) [ 000000000000000000000000000000000000]
br_ln46                                   (br               ) [ 011111111111111111111111111100000000]
i                                         (phi              ) [ 001111111111111111111111111100000000]
add_ln46                                  (add              ) [ 011111111111111111111111111100000000]
icmp_ln46                                 (icmp             ) [ 001111111111111111111111111100000000]
speclooptripcount_ln0                     (speclooptripcount) [ 000000000000000000000000000000000000]
br_ln46                                   (br               ) [ 000000000000000000000000000000000000]
zext_ln46_1                               (zext             ) [ 000000000000000000000000000000000000]
icmp_ln49                                 (icmp             ) [ 001111111111111111111111111100000000]
br_ln49                                   (br               ) [ 000000000000000000000000000000000000]
shl_ln                                    (bitconcatenate   ) [ 000000000000000000000000000000000000]
zext_ln50                                 (zext             ) [ 000000000000000000000000000000000000]
add_ln50                                  (add              ) [ 000000000000000000000000000000000000]
trunc_ln                                  (partselect       ) [ 000100000000000000000000000000000000]
br_ln0                                    (br               ) [ 011111111111111111111111111100000000]
sext_ln50                                 (sext             ) [ 000000000000000000000000000000000000]
gmem2_addr                                (getelementptr    ) [ 001111111111000000000000000000000000]
empty                                     (readreq          ) [ 000000000000000000000000000000000000]
gmem2_addr_read                           (read             ) [ 000100000001000000000000000000000000]
bitcast_ln50                              (bitcast          ) [ 001100000000111111100000000000000000]
gmem2_addr_read_1                         (read             ) [ 001000000000100000000000000000000000]
bitcast_ln50_1                            (bitcast          ) [ 001100000000011111110000000000000000]
dc                                        (dadd             ) [ 001100000000000000011111000000000000]
dc_1                                      (dadd             ) [ 001000000000000000001000000000000000]
data_V_1                                  (bitcast          ) [ 000000000000000000000000000000000000]
p_Result_1                                (bitselect        ) [ 000100000000000000000100000000000000]
tmp_26                                    (partselect       ) [ 000000000000000000000000000000000000]
tmp_27                                    (trunc            ) [ 000000000000000000000000000000000000]
mantissa_1                                (bitconcatenate   ) [ 000000000000000000000000000000000000]
zext_ln15_1                               (zext             ) [ 000000000000000000000000000000000000]
zext_ln510_1                              (zext             ) [ 000000000000000000000000000000000000]
add_ln510_1                               (add              ) [ 000000000000000000000000000000000000]
isNeg_1                                   (bitselect        ) [ 000000000000000000000000000000000000]
sub_ln1311_1                              (sub              ) [ 000000000000000000000000000000000000]
sext_ln1311_1                             (sext             ) [ 000000000000000000000000000000000000]
ush_1                                     (select           ) [ 000000000000000000000000000000000000]
sh_prom_i_i_i_i_i_i32_cast_cast_cast      (sext             ) [ 000000000000000000000000000000000000]
sh_prom_i_i_i_i_i_i32_cast_cast_cast_cast (zext             ) [ 000000000000000000000000000000000000]
r_V_2                                     (lshr             ) [ 000000000000000000000000000000000000]
r_V_3                                     (shl              ) [ 000000000000000000000000000000000000]
tmp_23                                    (bitselect        ) [ 000000000000000000000000000000000000]
zext_ln662_1                              (zext             ) [ 000000000000000000000000000000000000]
tmp_8                                     (partselect       ) [ 000000000000000000000000000000000000]
val_1                                     (select           ) [ 000100000000000000000100000000000000]
result_V_6                                (sub              ) [ 000000000000000000000000000000000000]
result_V_7                                (select           ) [ 001100000000000000000011000000000000]
data_V                                    (bitcast          ) [ 001000000000000000000000100000000000]
tmp_24                                    (partselect       ) [ 000000000000000000000000000000000000]
tmp_25                                    (trunc            ) [ 000000000000000000000000000000000000]
mantissa                                  (bitconcatenate   ) [ 000000000000000000000000000000000000]
zext_ln15                                 (zext             ) [ 000000000000000000000000000000000000]
zext_ln510                                (zext             ) [ 000000000000000000000000000000000000]
add_ln510                                 (add              ) [ 000000000000000000000000000000000000]
isNeg                                     (bitselect        ) [ 000000000000000000000000000000000000]
sub_ln1311                                (sub              ) [ 000000000000000000000000000000000000]
sext_ln1311                               (sext             ) [ 000000000000000000000000000000000000]
ush                                       (select           ) [ 000000000000000000000000000000000000]
sh_prom_i_i_i_i_i_i_cast_cast_cast        (sext             ) [ 000000000000000000000000000000000000]
sh_prom_i_i_i_i_i_i_cast_cast_cast_cast   (zext             ) [ 000000000000000000000000000000000000]
r_V                                       (lshr             ) [ 000000000000000000000000000000000000]
r_V_1                                     (shl              ) [ 000000000000000000000000000000000000]
tmp_17                                    (bitselect        ) [ 000000000000000000000000000000000000]
zext_ln662                                (zext             ) [ 000000000000000000000000000000000000]
tmp_5                                     (partselect       ) [ 000000000000000000000000000000000000]
val                                       (select           ) [ 001000000000000000000000100000000000]
mul_ln52                                  (mul              ) [ 001000000000000000000000100000000000]
p_Result_s                                (bitselect        ) [ 000000000000000000000000000000000000]
result_V_2                                (sub              ) [ 000000000000000000000000000000000000]
result_V                                  (select           ) [ 000000000000000000000000000000000000]
add_ln52                                  (add              ) [ 001100000000000000000000011000000000]
mul_ln52_1                                (mul              ) [ 000100000000000000000000000100000000]
zext_ln46                                 (zext             ) [ 000000000000000000000000000000000000]
specpipeline_ln13                         (specpipeline     ) [ 000000000000000000000000000000000000]
specloopname_ln13                         (specloopname     ) [ 000000000000000000000000000000000000]
buffer_obj_offsets_addr                   (getelementptr    ) [ 000000000000000000000000000000000000]
store_ln52                                (store            ) [ 000000000000000000000000000000000000]
br_ln53                                   (br               ) [ 000000000000000000000000000000000000]
tmp                                       (bitselect        ) [ 000000000000000000000000000000000000]
add_ln225                                 (add              ) [ 000000000000000000000000000000000000]
tmp_7                                     (bitselect        ) [ 000000000000000000000000000000000000]
sub_ln225                                 (sub              ) [ 000000000000000000000000000000000000]
p_lshr                                    (partselect       ) [ 000000000000000000000000000000000000]
sub_ln225_1                               (sub              ) [ 000000000000000000000000000000000000]
tmp_10                                    (partselect       ) [ 000000000000000000000000000000000000]
select_ln225                              (select           ) [ 000000000000000000000000000000000000]
select_ln225_1                            (select           ) [ 000000000000000000000000000000000000]
tmp_12                                    (bitconcatenate   ) [ 000000000000000000000000000001111111]
br_ln225                                  (br               ) [ 000000000000000000000000000011111111]
base                                      (phi              ) [ 000000000000000000000000000001111111]
icmp_ln225                                (icmp             ) [ 000000000000000000000000000001111111]
br_ln225                                  (br               ) [ 000000000000000000000000000000000000]
base_1                                    (add              ) [ 000000000000000000000000000011111111]
icmp_ln230                                (icmp             ) [ 000000000000000000000000000000000000]
sub_ln231                                 (sub              ) [ 000000000000000000000000000000000000]
tileSize                                  (select           ) [ 000000000000000000000000000000111111]
ret_ln239                                 (ret              ) [ 000000000000000000000000000000000000]
call_ln234                                (call             ) [ 000000000000000000000000000000000000]
call_ln235                                (call             ) [ 000000000000000000000000000000000000]
speclooptripcount_ln225                   (speclooptripcount) [ 000000000000000000000000000000000000]
specloopname_ln225                        (specloopname     ) [ 000000000000000000000000000000000000]
call_ln237                                (call             ) [ 000000000000000000000000000000000000]
br_ln0                                    (br               ) [ 000000000000000000000000000011111111]
</LifeTime>

<model>

<comp_list>
<comp id="0" class="1000" name="gmem0">
<pin_list>
<pin id="1" dir="1" index="0" bw="1" slack="0"/>
</pin_list>
<bind>
<StgValue><ssdm name="gmem0"/></StgValue>
</bind>
</comp>

<comp id="2" class="1000" name="gmem1">
<pin_list>
<pin id="3" dir="1" index="0" bw="1" slack="0"/>
</pin_list>
<bind>
<StgValue><ssdm name="gmem1"/></StgValue>
</bind>
</comp>

<comp id="4" class="1000" name="gmem2">
<pin_list>
<pin id="5" dir="1" index="0" bw="1" slack="0"/>
</pin_list>
<bind>
<StgValue><ssdm name="gmem2"/></StgValue>
</bind>
</comp>

<comp id="6" class="1000" name="gmem3">
<pin_list>
<pin id="7" dir="1" index="0" bw="1" slack="0"/>
</pin_list>
<bind>
<StgValue><ssdm name="gmem3"/></StgValue>
</bind>
</comp>

<comp id="8" class="1000" name="gmem4">
<pin_list>
<pin id="9" dir="1" index="0" bw="1" slack="0"/>
</pin_list>
<bind>
<StgValue><ssdm name="gmem4"/></StgValue>
</bind>
</comp>

<comp id="10" class="1000" name="Nparticles">
<pin_list>
<pin id="11" dir="1" index="0" bw="1" slack="0"/>
</pin_list>
<bind>
<StgValue><ssdm name="Nparticles"/></StgValue>
</bind>
</comp>

<comp id="12" class="1000" name="countOnes">
<pin_list>
<pin id="13" dir="1" index="0" bw="1" slack="0"/>
</pin_list>
<bind>
<StgValue><ssdm name="countOnes"/></StgValue>
</bind>
</comp>

<comp id="14" class="1000" name="IszY">
<pin_list>
<pin id="15" dir="1" index="0" bw="1" slack="0"/>
</pin_list>
<bind>
<StgValue><ssdm name="IszY"/></StgValue>
</bind>
</comp>

<comp id="16" class="1000" name="Nfr">
<pin_list>
<pin id="17" dir="1" index="0" bw="1" slack="0"/>
</pin_list>
<bind>
<StgValue><ssdm name="Nfr"/></StgValue>
</bind>
</comp>

<comp id="18" class="1000" name="k">
<pin_list>
<pin id="19" dir="1" index="0" bw="1" slack="0"/>
</pin_list>
<bind>
<StgValue><ssdm name="k"/></StgValue>
</bind>
</comp>

<comp id="20" class="1000" name="max_size">
<pin_list>
<pin id="21" dir="1" index="0" bw="1" slack="0"/>
</pin_list>
<bind>
<StgValue><ssdm name="max_size"/></StgValue>
</bind>
</comp>

<comp id="22" class="1000" name="arrayX">
<pin_list>
<pin id="23" dir="1" index="0" bw="1" slack="0"/>
</pin_list>
<bind>
<StgValue><ssdm name="arrayX"/></StgValue>
</bind>
</comp>

<comp id="24" class="1000" name="arrayY">
<pin_list>
<pin id="25" dir="1" index="0" bw="1" slack="0"/>
</pin_list>
<bind>
<StgValue><ssdm name="arrayY"/></StgValue>
</bind>
</comp>

<comp id="26" class="1000" name="objxy">
<pin_list>
<pin id="27" dir="1" index="0" bw="1" slack="0"/>
</pin_list>
<bind>
<StgValue><ssdm name="objxy"/></StgValue>
</bind>
</comp>

<comp id="28" class="1000" name="I">
<pin_list>
<pin id="29" dir="1" index="0" bw="1" slack="0"/>
</pin_list>
<bind>
<StgValue><ssdm name="I"/></StgValue>
</bind>
</comp>

<comp id="30" class="1000" name="likelihood">
<pin_list>
<pin id="31" dir="1" index="0" bw="1" slack="0"/>
</pin_list>
<bind>
<StgValue><ssdm name="likelihood"/></StgValue>
</bind>
</comp>

<comp id="32" class="1001" name="const_32">
<pin_list>
<pin id="33" dir="1" index="0" bw="1" slack="2147483647"/>
</pin_list>
<bind>
<StgValue><ssdm name="_ssdm_op_SpecTopModule"/></StgValue>
</bind>
</comp>

<comp id="34" class="1001" name="const_34">
<pin_list>
<pin id="35" dir="1" index="0" bw="1" slack="2147483647"/>
</pin_list>
<bind>
<StgValue><ssdm name="empty_23"/></StgValue>
</bind>
</comp>

<comp id="36" class="1001" name="const_36">
<pin_list>
<pin id="37" dir="1" index="0" bw="1" slack="2147483647"/>
</pin_list>
<bind>
<StgValue><ssdm name="_ssdm_op_SpecInterface"/></StgValue>
</bind>
</comp>

<comp id="38" class="1001" name="const_38">
<pin_list>
<pin id="39" dir="1" index="0" bw="1" slack="2147483647"/>
</pin_list>
<bind>
<StgValue><ssdm name="empty_12"/></StgValue>
</bind>
</comp>

<comp id="40" class="1001" name="const_40">
<pin_list>
<pin id="41" dir="1" index="0" bw="1" slack="0"/>
</pin_list>
<bind>
<StgValue><ssdm name=""/></StgValue>
</bind>
</comp>

<comp id="42" class="1001" name="const_42">
<pin_list>
<pin id="43" dir="1" index="0" bw="1" slack="2147483647"/>
</pin_list>
<bind>
<StgValue><ssdm name="empty_18"/></StgValue>
</bind>
</comp>

<comp id="44" class="1001" name="const_44">
<pin_list>
<pin id="45" dir="1" index="0" bw="1" slack="2147483647"/>
</pin_list>
<bind>
<StgValue><ssdm name="empty_24"/></StgValue>
</bind>
</comp>

<comp id="46" class="1001" name="const_46">
<pin_list>
<pin id="47" dir="1" index="0" bw="1" slack="2147483647"/>
</pin_list>
<bind>
<StgValue><ssdm name="empty_17"/></StgValue>
</bind>
</comp>

<comp id="48" class="1001" name="const_48">
<pin_list>
<pin id="49" dir="1" index="0" bw="1" slack="2147483647"/>
</pin_list>
<bind>
<StgValue><ssdm name=""/></StgValue>
</bind>
</comp>

<comp id="50" class="1001" name="const_50">
<pin_list>
<pin id="51" dir="1" index="0" bw="1" slack="2147483647"/>
</pin_list>
<bind>
<StgValue><ssdm name="_ssdm_op_SpecBitsMap"/></StgValue>
</bind>
</comp>

<comp id="52" class="1001" name="const_52">
<pin_list>
<pin id="53" dir="1" index="0" bw="1" slack="2147483647"/>
</pin_list>
<bind>
<StgValue><ssdm name="empty_10"/></StgValue>
</bind>
</comp>

<comp id="54" class="1001" name="const_54">
<pin_list>
<pin id="55" dir="1" index="0" bw="1" slack="2147483647"/>
</pin_list>
<bind>
<StgValue><ssdm name="empty_25"/></StgValue>
</bind>
</comp>

<comp id="56" class="1001" name="const_56">
<pin_list>
<pin id="57" dir="1" index="0" bw="1" slack="2147483647"/>
</pin_list>
<bind>
<StgValue><ssdm name="empty_28"/></StgValue>
</bind>
</comp>

<comp id="58" class="1001" name="const_58">
<pin_list>
<pin id="59" dir="1" index="0" bw="1" slack="2147483647"/>
</pin_list>
<bind>
<StgValue><ssdm name="empty_5"/></StgValue>
</bind>
</comp>

<comp id="60" class="1001" name="const_60">
<pin_list>
<pin id="61" dir="1" index="0" bw="1" slack="2147483647"/>
</pin_list>
<bind>
<StgValue><ssdm name="empty_14"/></StgValue>
</bind>
</comp>

<comp id="62" class="1001" name="const_62">
<pin_list>
<pin id="63" dir="1" index="0" bw="1" slack="2147483647"/>
</pin_list>
<bind>
<StgValue><ssdm name="empty_4"/></StgValue>
</bind>
</comp>

<comp id="64" class="1001" name="const_64">
<pin_list>
<pin id="65" dir="1" index="0" bw="1" slack="2147483647"/>
</pin_list>
<bind>
<StgValue><ssdm name="empty_3"/></StgValue>
</bind>
</comp>

<comp id="66" class="1001" name="const_66">
<pin_list>
<pin id="67" dir="1" index="0" bw="1" slack="2147483647"/>
</pin_list>
<bind>
<StgValue><ssdm name="empty_2"/></StgValue>
</bind>
</comp>

<comp id="68" class="1001" name="const_68">
<pin_list>
<pin id="69" dir="1" index="0" bw="1" slack="2147483647"/>
</pin_list>
<bind>
<StgValue><ssdm name="empty_1"/></StgValue>
</bind>
</comp>

<comp id="70" class="1001" name="const_70">
<pin_list>
<pin id="71" dir="1" index="0" bw="1" slack="2147483647"/>
</pin_list>
<bind>
<StgValue><ssdm name="empty_0"/></StgValue>
</bind>
</comp>

<comp id="72" class="1001" name="const_72">
<pin_list>
<pin id="73" dir="1" index="0" bw="1" slack="2147483647"/>
</pin_list>
<bind>
<StgValue><ssdm name="empty"/></StgValue>
</bind>
</comp>

<comp id="74" class="1001" name="const_74">
<pin_list>
<pin id="75" dir="1" index="0" bw="1" slack="2147483647"/>
</pin_list>
<bind>
<StgValue><ssdm name="empty_13"/></StgValue>
</bind>
</comp>

<comp id="76" class="1001" name="const_76">
<pin_list>
<pin id="77" dir="1" index="0" bw="1" slack="2147483647"/>
</pin_list>
<bind>
<StgValue><ssdm name="empty_15"/></StgValue>
</bind>
</comp>

<comp id="78" class="1001" name="const_78">
<pin_list>
<pin id="79" dir="1" index="0" bw="1" slack="2147483647"/>
</pin_list>
<bind>
<StgValue><ssdm name="empty_16"/></StgValue>
</bind>
</comp>

<comp id="80" class="1001" name="const_80">
<pin_list>
<pin id="81" dir="1" index="0" bw="1" slack="2147483647"/>
</pin_list>
<bind>
<StgValue><ssdm name="empty_9"/></StgValue>
</bind>
</comp>

<comp id="82" class="1001" name="const_82">
<pin_list>
<pin id="83" dir="1" index="0" bw="1" slack="2147483647"/>
</pin_list>
<bind>
<StgValue><ssdm name="empty_19"/></StgValue>
</bind>
</comp>

<comp id="84" class="1001" name="const_84">
<pin_list>
<pin id="85" dir="1" index="0" bw="1" slack="2147483647"/>
</pin_list>
<bind>
<StgValue><ssdm name="empty_20"/></StgValue>
</bind>
</comp>

<comp id="86" class="1001" name="const_86">
<pin_list>
<pin id="87" dir="1" index="0" bw="1" slack="2147483647"/>
</pin_list>
<bind>
<StgValue><ssdm name="empty_21"/></StgValue>
</bind>
</comp>

<comp id="88" class="1001" name="const_88">
<pin_list>
<pin id="89" dir="1" index="0" bw="1" slack="2147483647"/>
</pin_list>
<bind>
<StgValue><ssdm name="empty_22"/></StgValue>
</bind>
</comp>

<comp id="90" class="1001" name="const_90">
<pin_list>
<pin id="91" dir="1" index="0" bw="1" slack="0"/>
</pin_list>
<bind>
<StgValue><ssdm name="_ssdm_op_Read.s_axilite.i64"/></StgValue>
</bind>
</comp>

<comp id="92" class="1001" name="const_92">
<pin_list>
<pin id="93" dir="1" index="0" bw="1" slack="0"/>
</pin_list>
<bind>
<StgValue><ssdm name="_ssdm_op_Read.s_axilite.i32"/></StgValue>
</bind>
</comp>

<comp id="94" class="1001" name="const_94">
<pin_list>
<pin id="95" dir="1" index="0" bw="1" slack="0"/>
</pin_list>
<bind>
<StgValue><ssdm name=""/></StgValue>
</bind>
</comp>

<comp id="96" class="1001" name="const_96">
<pin_list>
<pin id="97" dir="1" index="0" bw="1" slack="2147483647"/>
</pin_list>
<bind>
<StgValue><ssdm name="_ssdm_op_SpecMemCore"/></StgValue>
</bind>
</comp>

<comp id="98" class="1001" name="const_98">
<pin_list>
<pin id="99" dir="1" index="0" bw="1" slack="2147483647"/>
</pin_list>
<bind>
<StgValue><ssdm name=""/></StgValue>
</bind>
</comp>

<comp id="100" class="1001" name="const_100">
<pin_list>
<pin id="101" dir="1" index="0" bw="1" slack="2147483647"/>
</pin_list>
<bind>
<StgValue><ssdm name=""/></StgValue>
</bind>
</comp>

<comp id="102" class="1001" name="const_102">
<pin_list>
<pin id="103" dir="1" index="0" bw="1" slack="2147483647"/>
</pin_list>
<bind>
<StgValue><ssdm name=""/></StgValue>
</bind>
</comp>

<comp id="104" class="1001" name="const_104">
<pin_list>
<pin id="105" dir="1" index="0" bw="1" slack="1"/>
</pin_list>
<bind>
<StgValue><ssdm name=""/></StgValue>
</bind>
</comp>

<comp id="106" class="1001" name="const_106">
<pin_list>
<pin id="107" dir="1" index="0" bw="1" slack="0"/>
</pin_list>
<bind>
<StgValue><ssdm name=""/></StgValue>
</bind>
</comp>

<comp id="108" class="1001" name="const_108">
<pin_list>
<pin id="109" dir="1" index="0" bw="1" slack="0"/>
</pin_list>
<bind>
<StgValue><ssdm name=""/></StgValue>
</bind>
</comp>

<comp id="110" class="1001" name="const_110">
<pin_list>
<pin id="111" dir="1" index="0" bw="1" slack="2147483647"/>
</pin_list>
<bind>
<StgValue><ssdm name="_ssdm_op_SpecLoopTripCount"/></StgValue>
</bind>
</comp>

<comp id="112" class="1001" name="const_112">
<pin_list>
<pin id="113" dir="1" index="0" bw="1" slack="2147483647"/>
</pin_list>
<bind>
<StgValue><ssdm name=""/></StgValue>
</bind>
</comp>

<comp id="114" class="1001" name="const_114">
<pin_list>
<pin id="115" dir="1" index="0" bw="1" slack="0"/>
</pin_list>
<bind>
<StgValue><ssdm name="_ssdm_op_BitConcatenate.i11.i7.i4"/></StgValue>
</bind>
</comp>

<comp id="116" class="1001" name="const_116">
<pin_list>
<pin id="117" dir="1" index="0" bw="1" slack="0"/>
</pin_list>
<bind>
<StgValue><ssdm name=""/></StgValue>
</bind>
</comp>

<comp id="118" class="1001" name="const_118">
<pin_list>
<pin id="119" dir="1" index="0" bw="1" slack="0"/>
</pin_list>
<bind>
<StgValue><ssdm name="_ssdm_op_PartSelect.i61.i64.i32.i32"/></StgValue>
</bind>
</comp>

<comp id="120" class="1001" name="const_120">
<pin_list>
<pin id="121" dir="1" index="0" bw="1" slack="0"/>
</pin_list>
<bind>
<StgValue><ssdm name=""/></StgValue>
</bind>
</comp>

<comp id="122" class="1001" name="const_122">
<pin_list>
<pin id="123" dir="1" index="0" bw="1" slack="0"/>
</pin_list>
<bind>
<StgValue><ssdm name=""/></StgValue>
</bind>
</comp>

<comp id="124" class="1001" name="const_124">
<pin_list>
<pin id="125" dir="1" index="0" bw="1" slack="0"/>
</pin_list>
<bind>
<StgValue><ssdm name="_ssdm_op_ReadReq.m_axi.p1i64"/></StgValue>
</bind>
</comp>

<comp id="126" class="1001" name="const_126">
<pin_list>
<pin id="127" dir="1" index="0" bw="1" slack="0"/>
</pin_list>
<bind>
<StgValue><ssdm name=""/></StgValue>
</bind>
</comp>

<comp id="128" class="1001" name="const_128">
<pin_list>
<pin id="129" dir="1" index="0" bw="1" slack="0"/>
</pin_list>
<bind>
<StgValue><ssdm name="_ssdm_op_Read.m_axi.p1i64"/></StgValue>
</bind>
</comp>

<comp id="130" class="1001" name="const_130">
<pin_list>
<pin id="131" dir="1" index="0" bw="1" slack="0"/>
</pin_list>
<bind>
<StgValue><ssdm name=""/></StgValue>
</bind>
</comp>

<comp id="132" class="1001" name="const_132">
<pin_list>
<pin id="133" dir="1" index="0" bw="1" slack="0"/>
</pin_list>
<bind>
<StgValue><ssdm name="_ssdm_op_BitSelect.i1.i64.i32"/></StgValue>
</bind>
</comp>

<comp id="134" class="1001" name="const_134">
<pin_list>
<pin id="135" dir="1" index="0" bw="1" slack="0"/>
</pin_list>
<bind>
<StgValue><ssdm name="_ssdm_op_PartSelect.i11.i64.i32.i32"/></StgValue>
</bind>
</comp>

<comp id="136" class="1001" name="const_136">
<pin_list>
<pin id="137" dir="1" index="0" bw="1" slack="0"/>
</pin_list>
<bind>
<StgValue><ssdm name=""/></StgValue>
</bind>
</comp>

<comp id="138" class="1001" name="const_138">
<pin_list>
<pin id="139" dir="1" index="0" bw="1" slack="0"/>
</pin_list>
<bind>
<StgValue><ssdm name=""/></StgValue>
</bind>
</comp>

<comp id="140" class="1001" name="const_140">
<pin_list>
<pin id="141" dir="1" index="0" bw="1" slack="0"/>
</pin_list>
<bind>
<StgValue><ssdm name="_ssdm_op_BitConcatenate.i54.i1.i52.i1"/></StgValue>
</bind>
</comp>

<comp id="142" class="1001" name="const_142">
<pin_list>
<pin id="143" dir="1" index="0" bw="1" slack="0"/>
</pin_list>
<bind>
<StgValue><ssdm name=""/></StgValue>
</bind>
</comp>

<comp id="144" class="1001" name="const_144">
<pin_list>
<pin id="145" dir="1" index="0" bw="1" slack="0"/>
</pin_list>
<bind>
<StgValue><ssdm name=""/></StgValue>
</bind>
</comp>

<comp id="146" class="1001" name="const_146">
<pin_list>
<pin id="147" dir="1" index="0" bw="1" slack="0"/>
</pin_list>
<bind>
<StgValue><ssdm name=""/></StgValue>
</bind>
</comp>

<comp id="148" class="1001" name="const_148">
<pin_list>
<pin id="149" dir="1" index="0" bw="1" slack="0"/>
</pin_list>
<bind>
<StgValue><ssdm name="_ssdm_op_BitSelect.i1.i12.i32"/></StgValue>
</bind>
</comp>

<comp id="150" class="1001" name="const_150">
<pin_list>
<pin id="151" dir="1" index="0" bw="1" slack="0"/>
</pin_list>
<bind>
<StgValue><ssdm name=""/></StgValue>
</bind>
</comp>

<comp id="152" class="1001" name="const_152">
<pin_list>
<pin id="153" dir="1" index="0" bw="1" slack="0"/>
</pin_list>
<bind>
<StgValue><ssdm name=""/></StgValue>
</bind>
</comp>

<comp id="154" class="1001" name="const_154">
<pin_list>
<pin id="155" dir="1" index="0" bw="1" slack="0"/>
</pin_list>
<bind>
<StgValue><ssdm name="_ssdm_op_BitSelect.i1.i137.i32"/></StgValue>
</bind>
</comp>

<comp id="156" class="1001" name="const_156">
<pin_list>
<pin id="157" dir="1" index="0" bw="1" slack="0"/>
</pin_list>
<bind>
<StgValue><ssdm name=""/></StgValue>
</bind>
</comp>

<comp id="158" class="1001" name="const_158">
<pin_list>
<pin id="159" dir="1" index="0" bw="1" slack="0"/>
</pin_list>
<bind>
<StgValue><ssdm name="_ssdm_op_PartSelect.i32.i137.i32.i32"/></StgValue>
</bind>
</comp>

<comp id="160" class="1001" name="const_160">
<pin_list>
<pin id="161" dir="1" index="0" bw="1" slack="0"/>
</pin_list>
<bind>
<StgValue><ssdm name=""/></StgValue>
</bind>
</comp>

<comp id="162" class="1001" name="const_162">
<pin_list>
<pin id="163" dir="1" index="0" bw="1" slack="2147483647"/>
</pin_list>
<bind>
<StgValue><ssdm name="_ssdm_op_SpecPipeline"/></StgValue>
</bind>
</comp>

<comp id="164" class="1001" name="const_164">
<pin_list>
<pin id="165" dir="1" index="0" bw="1" slack="2147483647"/>
</pin_list>
<bind>
<StgValue><ssdm name=""/></StgValue>
</bind>
</comp>

<comp id="166" class="1001" name="const_166">
<pin_list>
<pin id="167" dir="1" index="0" bw="1" slack="2147483647"/>
</pin_list>
<bind>
<StgValue><ssdm name="_ssdm_op_SpecLoopName"/></StgValue>
</bind>
</comp>

<comp id="168" class="1001" name="const_168">
<pin_list>
<pin id="169" dir="1" index="0" bw="1" slack="2147483647"/>
</pin_list>
<bind>
<StgValue><ssdm name="empty_8"/></StgValue>
</bind>
</comp>

<comp id="170" class="1001" name="const_170">
<pin_list>
<pin id="171" dir="1" index="0" bw="1" slack="0"/>
</pin_list>
<bind>
<StgValue><ssdm name=""/></StgValue>
</bind>
</comp>

<comp id="172" class="1001" name="const_172">
<pin_list>
<pin id="173" dir="1" index="0" bw="1" slack="0"/>
</pin_list>
<bind>
<StgValue><ssdm name="_ssdm_op_BitSelect.i1.i32.i32"/></StgValue>
</bind>
</comp>

<comp id="174" class="1001" name="const_174">
<pin_list>
<pin id="175" dir="1" index="0" bw="1" slack="0"/>
</pin_list>
<bind>
<StgValue><ssdm name=""/></StgValue>
</bind>
</comp>

<comp id="176" class="1001" name="const_176">
<pin_list>
<pin id="177" dir="1" index="0" bw="1" slack="0"/>
</pin_list>
<bind>
<StgValue><ssdm name=""/></StgValue>
</bind>
</comp>

<comp id="178" class="1001" name="const_178">
<pin_list>
<pin id="179" dir="1" index="0" bw="1" slack="0"/>
</pin_list>
<bind>
<StgValue><ssdm name="_ssdm_op_PartSelect.i26.i32.i32.i32"/></StgValue>
</bind>
</comp>

<comp id="180" class="1001" name="const_180">
<pin_list>
<pin id="181" dir="1" index="0" bw="1" slack="0"/>
</pin_list>
<bind>
<StgValue><ssdm name=""/></StgValue>
</bind>
</comp>

<comp id="182" class="1001" name="const_182">
<pin_list>
<pin id="183" dir="1" index="0" bw="1" slack="0"/>
</pin_list>
<bind>
<StgValue><ssdm name=""/></StgValue>
</bind>
</comp>

<comp id="184" class="1001" name="const_184">
<pin_list>
<pin id="185" dir="1" index="0" bw="1" slack="0"/>
</pin_list>
<bind>
<StgValue><ssdm name="_ssdm_op_BitConcatenate.i32.i26.i6"/></StgValue>
</bind>
</comp>

<comp id="186" class="1001" name="const_186">
<pin_list>
<pin id="187" dir="1" index="0" bw="1" slack="0"/>
</pin_list>
<bind>
<StgValue><ssdm name=""/></StgValue>
</bind>
</comp>

<comp id="188" class="1001" name="const_188">
<pin_list>
<pin id="189" dir="1" index="0" bw="1" slack="0"/>
</pin_list>
<bind>
<StgValue><ssdm name=""/></StgValue>
</bind>
</comp>

<comp id="190" class="1001" name="const_190">
<pin_list>
<pin id="191" dir="1" index="0" bw="1" slack="0"/>
</pin_list>
<bind>
<StgValue><ssdm name="load_particles"/></StgValue>
</bind>
</comp>

<comp id="192" class="1001" name="const_192">
<pin_list>
<pin id="193" dir="1" index="0" bw="1" slack="0"/>
</pin_list>
<bind>
<StgValue><ssdm name="compute_likelihood"/></StgValue>
</bind>
</comp>

<comp id="194" class="1001" name="const_194">
<pin_list>
<pin id="195" dir="1" index="0" bw="1" slack="0"/>
</pin_list>
<bind>
<StgValue><ssdm name="store_likelihood"/></StgValue>
</bind>
</comp>

<comp id="196" class="1001" name="const_196">
<pin_list>
<pin id="197" dir="1" index="0" bw="1" slack="2147483647"/>
</pin_list>
<bind>
<StgValue><ssdm name=""/></StgValue>
</bind>
</comp>

<comp id="198" class="1001" name="const_198">
<pin_list>
<pin id="199" dir="1" index="0" bw="1" slack="2147483647"/>
</pin_list>
<bind>
<StgValue><ssdm name=""/></StgValue>
</bind>
</comp>

<comp id="200" class="1001" name="const_200">
<pin_list>
<pin id="201" dir="1" index="0" bw="1" slack="2147483647"/>
</pin_list>
<bind>
<StgValue><ssdm name="empty_26"/></StgValue>
</bind>
</comp>

<comp id="202" class="1004" name="buffer_obj_offsets_alloca_fu_202">
<pin_list>
<pin id="203" dir="0" index="0" bw="1" slack="0"/>
<pin id="204" dir="1" index="1" bw="32" slack="2147483647"/>
</pin_list>
<bind>
<opcode="alloca(26) " fcode="alloca"/>
<opset="buffer_obj_offsets/1 "/>
</bind>
</comp>

<comp id="206" class="1004" name="buffer_X_0_alloca_fu_206">
<pin_list>
<pin id="207" dir="0" index="0" bw="1" slack="0"/>
<pin id="208" dir="1" index="1" bw="64" slack="2147483647"/>
</pin_list>
<bind>
<opcode="alloca(26) " fcode="alloca"/>
<opset="buffer_X_0/1 "/>
</bind>
</comp>

<comp id="210" class="1004" name="buffer_X_1_alloca_fu_210">
<pin_list>
<pin id="211" dir="0" index="0" bw="1" slack="0"/>
<pin id="212" dir="1" index="1" bw="64" slack="2147483647"/>
</pin_list>
<bind>
<opcode="alloca(26) " fcode="alloca"/>
<opset="buffer_X_1/1 "/>
</bind>
</comp>

<comp id="214" class="1004" name="buffer_X_2_alloca_fu_214">
<pin_list>
<pin id="215" dir="0" index="0" bw="1" slack="0"/>
<pin id="216" dir="1" index="1" bw="64" slack="2147483647"/>
</pin_list>
<bind>
<opcode="alloca(26) " fcode="alloca"/>
<opset="buffer_X_2/1 "/>
</bind>
</comp>

<comp id="218" class="1004" name="buffer_X_3_alloca_fu_218">
<pin_list>
<pin id="219" dir="0" index="0" bw="1" slack="0"/>
<pin id="220" dir="1" index="1" bw="64" slack="2147483647"/>
</pin_list>
<bind>
<opcode="alloca(26) " fcode="alloca"/>
<opset="buffer_X_3/1 "/>
</bind>
</comp>

<comp id="222" class="1004" name="buffer_X_4_alloca_fu_222">
<pin_list>
<pin id="223" dir="0" index="0" bw="1" slack="0"/>
<pin id="224" dir="1" index="1" bw="64" slack="2147483647"/>
</pin_list>
<bind>
<opcode="alloca(26) " fcode="alloca"/>
<opset="buffer_X_4/1 "/>
</bind>
</comp>

<comp id="226" class="1004" name="buffer_X_5_alloca_fu_226">
<pin_list>
<pin id="227" dir="0" index="0" bw="1" slack="0"/>
<pin id="228" dir="1" index="1" bw="64" slack="2147483647"/>
</pin_list>
<bind>
<opcode="alloca(26) " fcode="alloca"/>
<opset="buffer_X_5/1 "/>
</bind>
</comp>

<comp id="230" class="1004" name="buffer_X_6_alloca_fu_230">
<pin_list>
<pin id="231" dir="0" index="0" bw="1" slack="0"/>
<pin id="232" dir="1" index="1" bw="64" slack="2147483647"/>
</pin_list>
<bind>
<opcode="alloca(26) " fcode="alloca"/>
<opset="buffer_X_6/1 "/>
</bind>
</comp>

<comp id="234" class="1004" name="buffer_X_7_alloca_fu_234">
<pin_list>
<pin id="235" dir="0" index="0" bw="1" slack="0"/>
<pin id="236" dir="1" index="1" bw="64" slack="2147483647"/>
</pin_list>
<bind>
<opcode="alloca(26) " fcode="alloca"/>
<opset="buffer_X_7/1 "/>
</bind>
</comp>

<comp id="238" class="1004" name="buffer_Y_0_alloca_fu_238">
<pin_list>
<pin id="239" dir="0" index="0" bw="1" slack="0"/>
<pin id="240" dir="1" index="1" bw="64" slack="2147483647"/>
</pin_list>
<bind>
<opcode="alloca(26) " fcode="alloca"/>
<opset="buffer_Y_0/1 "/>
</bind>
</comp>

<comp id="242" class="1004" name="buffer_Y_1_alloca_fu_242">
<pin_list>
<pin id="243" dir="0" index="0" bw="1" slack="0"/>
<pin id="244" dir="1" index="1" bw="64" slack="2147483647"/>
</pin_list>
<bind>
<opcode="alloca(26) " fcode="alloca"/>
<opset="buffer_Y_1/1 "/>
</bind>
</comp>

<comp id="246" class="1004" name="buffer_Y_2_alloca_fu_246">
<pin_list>
<pin id="247" dir="0" index="0" bw="1" slack="0"/>
<pin id="248" dir="1" index="1" bw="64" slack="2147483647"/>
</pin_list>
<bind>
<opcode="alloca(26) " fcode="alloca"/>
<opset="buffer_Y_2/1 "/>
</bind>
</comp>

<comp id="250" class="1004" name="buffer_Y_3_alloca_fu_250">
<pin_list>
<pin id="251" dir="0" index="0" bw="1" slack="0"/>
<pin id="252" dir="1" index="1" bw="64" slack="2147483647"/>
</pin_list>
<bind>
<opcode="alloca(26) " fcode="alloca"/>
<opset="buffer_Y_3/1 "/>
</bind>
</comp>

<comp id="254" class="1004" name="buffer_Y_4_alloca_fu_254">
<pin_list>
<pin id="255" dir="0" index="0" bw="1" slack="0"/>
<pin id="256" dir="1" index="1" bw="64" slack="2147483647"/>
</pin_list>
<bind>
<opcode="alloca(26) " fcode="alloca"/>
<opset="buffer_Y_4/1 "/>
</bind>
</comp>

<comp id="258" class="1004" name="buffer_Y_5_alloca_fu_258">
<pin_list>
<pin id="259" dir="0" index="0" bw="1" slack="0"/>
<pin id="260" dir="1" index="1" bw="64" slack="2147483647"/>
</pin_list>
<bind>
<opcode="alloca(26) " fcode="alloca"/>
<opset="buffer_Y_5/1 "/>
</bind>
</comp>

<comp id="262" class="1004" name="buffer_Y_6_alloca_fu_262">
<pin_list>
<pin id="263" dir="0" index="0" bw="1" slack="0"/>
<pin id="264" dir="1" index="1" bw="64" slack="2147483647"/>
</pin_list>
<bind>
<opcode="alloca(26) " fcode="alloca"/>
<opset="buffer_Y_6/1 "/>
</bind>
</comp>

<comp id="266" class="1004" name="buffer_Y_7_alloca_fu_266">
<pin_list>
<pin id="267" dir="0" index="0" bw="1" slack="0"/>
<pin id="268" dir="1" index="1" bw="64" slack="2147483647"/>
</pin_list>
<bind>
<opcode="alloca(26) " fcode="alloca"/>
<opset="buffer_Y_7/1 "/>
</bind>
</comp>

<comp id="270" class="1004" name="buffer_likelihood_0_alloca_fu_270">
<pin_list>
<pin id="271" dir="0" index="0" bw="1" slack="0"/>
<pin id="272" dir="1" index="1" bw="64" slack="2147483647"/>
</pin_list>
<bind>
<opcode="alloca(26) " fcode="alloca"/>
<opset="buffer_likelihood_0/1 "/>
</bind>
</comp>

<comp id="274" class="1004" name="buffer_likelihood_1_alloca_fu_274">
<pin_list>
<pin id="275" dir="0" index="0" bw="1" slack="0"/>
<pin id="276" dir="1" index="1" bw="64" slack="2147483647"/>
</pin_list>
<bind>
<opcode="alloca(26) " fcode="alloca"/>
<opset="buffer_likelihood_1/1 "/>
</bind>
</comp>

<comp id="278" class="1004" name="buffer_likelihood_2_alloca_fu_278">
<pin_list>
<pin id="279" dir="0" index="0" bw="1" slack="0"/>
<pin id="280" dir="1" index="1" bw="64" slack="2147483647"/>
</pin_list>
<bind>
<opcode="alloca(26) " fcode="alloca"/>
<opset="buffer_likelihood_2/1 "/>
</bind>
</comp>

<comp id="282" class="1004" name="buffer_likelihood_3_alloca_fu_282">
<pin_list>
<pin id="283" dir="0" index="0" bw="1" slack="0"/>
<pin id="284" dir="1" index="1" bw="64" slack="2147483647"/>
</pin_list>
<bind>
<opcode="alloca(26) " fcode="alloca"/>
<opset="buffer_likelihood_3/1 "/>
</bind>
</comp>

<comp id="286" class="1004" name="buffer_likelihood_4_alloca_fu_286">
<pin_list>
<pin id="287" dir="0" index="0" bw="1" slack="0"/>
<pin id="288" dir="1" index="1" bw="64" slack="2147483647"/>
</pin_list>
<bind>
<opcode="alloca(26) " fcode="alloca"/>
<opset="buffer_likelihood_4/1 "/>
</bind>
</comp>

<comp id="290" class="1004" name="buffer_likelihood_5_alloca_fu_290">
<pin_list>
<pin id="291" dir="0" index="0" bw="1" slack="0"/>
<pin id="292" dir="1" index="1" bw="64" slack="2147483647"/>
</pin_list>
<bind>
<opcode="alloca(26) " fcode="alloca"/>
<opset="buffer_likelihood_5/1 "/>
</bind>
</comp>

<comp id="294" class="1004" name="buffer_likelihood_6_alloca_fu_294">
<pin_list>
<pin id="295" dir="0" index="0" bw="1" slack="0"/>
<pin id="296" dir="1" index="1" bw="64" slack="2147483647"/>
</pin_list>
<bind>
<opcode="alloca(26) " fcode="alloca"/>
<opset="buffer_likelihood_6/1 "/>
</bind>
</comp>

<comp id="298" class="1004" name="buffer_likelihood_7_alloca_fu_298">
<pin_list>
<pin id="299" dir="0" index="0" bw="1" slack="0"/>
<pin id="300" dir="1" index="1" bw="64" slack="2147483647"/>
</pin_list>
<bind>
<opcode="alloca(26) " fcode="alloca"/>
<opset="buffer_likelihood_7/1 "/>
</bind>
</comp>

<comp id="302" class="1004" name="likelihood_read_read_fu_302">
<pin_list>
<pin id="303" dir="0" index="0" bw="64" slack="0"/>
<pin id="304" dir="0" index="1" bw="64" slack="0"/>
<pin id="305" dir="1" index="2" bw="64" slack="8"/>
</pin_list>
<bind>
<opcode="read(1150) " fcode="read"/>
<opset="likelihood_read/1 "/>
</bind>
</comp>

<comp id="308" class="1004" name="I_read_read_fu_308">
<pin_list>
<pin id="309" dir="0" index="0" bw="64" slack="0"/>
<pin id="310" dir="0" index="1" bw="64" slack="0"/>
<pin id="311" dir="1" index="2" bw="64" slack="6"/>
</pin_list>
<bind>
<opcode="read(1150) " fcode="read"/>
<opset="I_read/1 "/>
</bind>
</comp>

<comp id="314" class="1004" name="objxy_read_read_fu_314">
<pin_list>
<pin id="315" dir="0" index="0" bw="64" slack="0"/>
<pin id="316" dir="0" index="1" bw="64" slack="0"/>
<pin id="317" dir="1" index="2" bw="64" slack="1"/>
</pin_list>
<bind>
<opcode="read(1150) " fcode="read"/>
<opset="objxy_read/1 "/>
</bind>
</comp>

<comp id="320" class="1004" name="arrayY_read_read_fu_320">
<pin_list>
<pin id="321" dir="0" index="0" bw="64" slack="0"/>
<pin id="322" dir="0" index="1" bw="64" slack="0"/>
<pin id="323" dir="1" index="2" bw="64" slack="4"/>
</pin_list>
<bind>
<opcode="read(1150) " fcode="read"/>
<opset="arrayY_read/1 "/>
</bind>
</comp>

<comp id="326" class="1004" name="arrayX_read_read_fu_326">
<pin_list>
<pin id="327" dir="0" index="0" bw="64" slack="0"/>
<pin id="328" dir="0" index="1" bw="64" slack="0"/>
<pin id="329" dir="1" index="2" bw="64" slack="4"/>
</pin_list>
<bind>
<opcode="read(1150) " fcode="read"/>
<opset="arrayX_read/1 "/>
</bind>
</comp>

<comp id="332" class="1004" name="max_size_read_read_fu_332">
<pin_list>
<pin id="333" dir="0" index="0" bw="64" slack="0"/>
<pin id="334" dir="0" index="1" bw="64" slack="0"/>
<pin id="335" dir="1" index="2" bw="64" slack="6"/>
</pin_list>
<bind>
<opcode="read(1150) " fcode="read"/>
<opset="max_size_read/1 "/>
</bind>
</comp>

<comp id="338" class="1004" name="k_read_read_fu_338">
<pin_list>
<pin id="339" dir="0" index="0" bw="32" slack="0"/>
<pin id="340" dir="0" index="1" bw="32" slack="0"/>
<pin id="341" dir="1" index="2" bw="32" slack="6"/>
</pin_list>
<bind>
<opcode="read(1150) " fcode="read"/>
<opset="k_read/1 "/>
</bind>
</comp>

<comp id="344" class="1004" name="Nfr_read_read_fu_344">
<pin_list>
<pin id="345" dir="0" index="0" bw="32" slack="0"/>
<pin id="346" dir="0" index="1" bw="32" slack="0"/>
<pin id="347" dir="1" index="2" bw="32" slack="6"/>
</pin_list>
<bind>
<opcode="read(1150) " fcode="read"/>
<opset="Nfr_read/1 "/>
</bind>
</comp>

<comp id="350" class="1004" name="IszY_read_read_fu_350">
<pin_list>
<pin id="351" dir="0" index="0" bw="32" slack="0"/>
<pin id="352" dir="0" index="1" bw="32" slack="0"/>
<pin id="353" dir="1" index="2" bw="32" slack="6"/>
</pin_list>
<bind>
<opcode="read(1150) " fcode="read"/>
<opset="IszY_read/1 "/>
</bind>
</comp>

<comp id="356" class="1004" name="countOnes_read_read_fu_356">
<pin_list>
<pin id="357" dir="0" index="0" bw="32" slack="0"/>
<pin id="358" dir="0" index="1" bw="32" slack="0"/>
<pin id="359" dir="1" index="2" bw="32" slack="1"/>
</pin_list>
<bind>
<opcode="read(1150) " fcode="read"/>
<opset="countOnes_read/1 "/>
</bind>
</comp>

<comp id="362" class="1004" name="Nparticles_read_read_fu_362">
<pin_list>
<pin id="363" dir="0" index="0" bw="32" slack="0"/>
<pin id="364" dir="0" index="1" bw="32" slack="0"/>
<pin id="365" dir="1" index="2" bw="32" slack="2"/>
</pin_list>
<bind>
<opcode="read(1150) " fcode="read"/>
<opset="Nparticles_read/1 "/>
</bind>
</comp>

<comp id="368" class="1004" name="grp_readreq_fu_368">
<pin_list>
<pin id="369" dir="0" index="0" bw="1" slack="0"/>
<pin id="370" dir="0" index="1" bw="64" slack="0"/>
<pin id="371" dir="0" index="2" bw="3" slack="0"/>
<pin id="372" dir="1" index="3" bw="1" slack="2147483647"/>
</pin_list>
<bind>
<opcode="readreq(1154) " fcode="readreq"/>
<opset="empty/3 "/>
</bind>
</comp>

<comp id="375" class="1004" name="grp_read_fu_375">
<pin_list>
<pin id="376" dir="0" index="0" bw="64" slack="0"/>
<pin id="377" dir="0" index="1" bw="64" slack="7"/>
<pin id="378" dir="1" index="2" bw="64" slack="1"/>
</pin_list>
<bind>
<opcode="read(1150) " fcode="read"/>
<opset="gmem2_addr_read/10 gmem2_addr_read_1/11 "/>
</bind>
</comp>

<comp id="380" class="1004" name="buffer_obj_offsets_addr_gep_fu_380">
<pin_list>
<pin id="381" dir="0" index="0" bw="32" slack="2147483647"/>
<pin id="382" dir="0" index="1" bw="1" slack="0"/>
<pin id="383" dir="0" index="2" bw="7" slack="0"/>
<pin id="384" dir="1" index="3" bw="7" slack="0"/>
</pin_list>
<bind>
<opcode="getelementptr(29) " fcode="getelementptr"/>
<opset="buffer_obj_offsets_addr/27 "/>
</bind>
</comp>

<comp id="386" class="1004" name="store_ln52_access_fu_386">
<pin_list>
<pin id="387" dir="0" index="0" bw="7" slack="2147483647"/>
<pin id="388" dir="0" index="1" bw="32" slack="2147483647"/>
<pin id="389" dir="0" index="2" bw="0" slack="0"/>
<pin id="391" dir="0" index="4" bw="7" slack="1"/>
<pin id="392" dir="0" index="5" bw="32" slack="2147483647"/>
<pin id="393" dir="0" index="6" bw="0" slack="2147483647"/>
<pin id="390" dir="1" index="3" bw="32" slack="2147483647"/>
<pin id="394" dir="1" index="7" bw="32" slack="2147483647"/>
</pin_list>
<bind>
<opcode="store(28) " fcode="store"/>
<opset="store_ln52/27 "/>
</bind>
</comp>

<comp id="396" class="1005" name="i_reg_396">
<pin_list>
<pin id="397" dir="0" index="0" bw="7" slack="1"/>
<pin id="398" dir="1" index="1" bw="7" slack="1"/>
</pin_list>
<bind>
<opset="i (phireg) "/>
</bind>
</comp>

<comp id="400" class="1004" name="i_phi_fu_400">
<pin_list>
<pin id="401" dir="0" index="0" bw="1" slack="1"/>
<pin id="402" dir="0" index="1" bw="0" slack="2147483647"/>
<pin id="403" dir="0" index="2" bw="7" slack="0"/>
<pin id="404" dir="0" index="3" bw="0" slack="2147483647"/>
<pin id="405" dir="1" index="4" bw="7" slack="0"/>
</pin_list>
<bind>
<opcode="phi(47) " fcode="phi"/>
<opset="i/2 "/>
</bind>
</comp>

<comp id="408" class="1005" name="base_reg_408">
<pin_list>
<pin id="409" dir="0" index="0" bw="32" slack="1"/>
<pin id="410" dir="1" index="1" bw="32" slack="1"/>
</pin_list>
<bind>
<opset="base (phireg) "/>
</bind>
</comp>

<comp id="412" class="1004" name="base_phi_fu_412">
<pin_list>
<pin id="413" dir="0" index="0" bw="32" slack="0"/>
<pin id="414" dir="0" index="1" bw="0" slack="2147483647"/>
<pin id="415" dir="0" index="2" bw="1" slack="1"/>
<pin id="416" dir="0" index="3" bw="0" slack="2147483647"/>
<pin id="417" dir="1" index="4" bw="32" slack="0"/>
</pin_list>
<bind>
<opcode="phi(47) " fcode="phi"/>
<opset="base/29 "/>
</bind>
</comp>

<comp id="420" class="1004" name="grp_compute_likelihood_fu_420">
<pin_list>
<pin id="421" dir="0" index="0" bw="0" slack="0"/>
<pin id="422" dir="0" index="1" bw="32" slack="0"/>
<pin id="423" dir="0" index="2" bw="64" slack="2147483647"/>
<pin id="424" dir="0" index="3" bw="64" slack="2147483647"/>
<pin id="425" dir="0" index="4" bw="64" slack="2147483647"/>
<pin id="426" dir="0" index="5" bw="64" slack="2147483647"/>
<pin id="427" dir="0" index="6" bw="64" slack="2147483647"/>
<pin id="428" dir="0" index="7" bw="64" slack="2147483647"/>
<pin id="429" dir="0" index="8" bw="64" slack="2147483647"/>
<pin id="430" dir="0" index="9" bw="64" slack="2147483647"/>
<pin id="431" dir="0" index="10" bw="64" slack="2147483647"/>
<pin id="432" dir="0" index="11" bw="64" slack="2147483647"/>
<pin id="433" dir="0" index="12" bw="64" slack="2147483647"/>
<pin id="434" dir="0" index="13" bw="64" slack="2147483647"/>
<pin id="435" dir="0" index="14" bw="64" slack="2147483647"/>
<pin id="436" dir="0" index="15" bw="64" slack="2147483647"/>
<pin id="437" dir="0" index="16" bw="64" slack="2147483647"/>
<pin id="438" dir="0" index="17" bw="64" slack="2147483647"/>
<pin id="439" dir="0" index="18" bw="32" slack="2147483647"/>
<pin id="440" dir="0" index="19" bw="32" slack="6"/>
<pin id="441" dir="0" index="20" bw="32" slack="6"/>
<pin id="442" dir="0" index="21" bw="32" slack="6"/>
<pin id="443" dir="0" index="22" bw="32" slack="6"/>
<pin id="444" dir="0" index="23" bw="64" slack="6"/>
<pin id="445" dir="0" index="24" bw="64" slack="6"/>
<pin id="446" dir="0" index="25" bw="64" slack="2147483647"/>
<pin id="447" dir="0" index="26" bw="64" slack="2147483647"/>
<pin id="448" dir="0" index="27" bw="64" slack="2147483647"/>
<pin id="449" dir="0" index="28" bw="64" slack="2147483647"/>
<pin id="450" dir="0" index="29" bw="64" slack="2147483647"/>
<pin id="451" dir="0" index="30" bw="64" slack="2147483647"/>
<pin id="452" dir="0" index="31" bw="64" slack="2147483647"/>
<pin id="453" dir="0" index="32" bw="64" slack="2147483647"/>
<pin id="454" dir="0" index="33" bw="32" slack="3"/>
<pin id="455" dir="1" index="34" bw="0" slack="2147483647"/>
</pin_list>
<bind>
<opcode="call(48) " fcode="call"/>
<opset="call_ln235/32 "/>
</bind>
</comp>

<comp id="458" class="1004" name="grp_load_particles_fu_458">
<pin_list>
<pin id="459" dir="0" index="0" bw="0" slack="0"/>
<pin id="460" dir="0" index="1" bw="512" slack="0"/>
<pin id="461" dir="0" index="2" bw="512" slack="0"/>
<pin id="462" dir="0" index="3" bw="64" slack="4"/>
<pin id="463" dir="0" index="4" bw="64" slack="4"/>
<pin id="464" dir="0" index="5" bw="64" slack="2147483647"/>
<pin id="465" dir="0" index="6" bw="64" slack="2147483647"/>
<pin id="466" dir="0" index="7" bw="64" slack="2147483647"/>
<pin id="467" dir="0" index="8" bw="64" slack="2147483647"/>
<pin id="468" dir="0" index="9" bw="64" slack="2147483647"/>
<pin id="469" dir="0" index="10" bw="64" slack="2147483647"/>
<pin id="470" dir="0" index="11" bw="64" slack="2147483647"/>
<pin id="471" dir="0" index="12" bw="64" slack="2147483647"/>
<pin id="472" dir="0" index="13" bw="64" slack="2147483647"/>
<pin id="473" dir="0" index="14" bw="64" slack="2147483647"/>
<pin id="474" dir="0" index="15" bw="64" slack="2147483647"/>
<pin id="475" dir="0" index="16" bw="64" slack="2147483647"/>
<pin id="476" dir="0" index="17" bw="64" slack="2147483647"/>
<pin id="477" dir="0" index="18" bw="64" slack="2147483647"/>
<pin id="478" dir="0" index="19" bw="64" slack="2147483647"/>
<pin id="479" dir="0" index="20" bw="64" slack="2147483647"/>
<pin id="480" dir="0" index="21" bw="32" slack="1"/>
<pin id="481" dir="0" index="22" bw="32" slack="1"/>
<pin id="482" dir="1" index="23" bw="0" slack="2147483647"/>
</pin_list>
<bind>
<opcode="call(48) " fcode="call"/>
<opset="call_ln234/30 "/>
</bind>
</comp>

<comp id="487" class="1004" name="grp_store_likelihood_fu_487">
<pin_list>
<pin id="488" dir="0" index="0" bw="0" slack="0"/>
<pin id="489" dir="0" index="1" bw="512" slack="0"/>
<pin id="490" dir="0" index="2" bw="64" slack="8"/>
<pin id="491" dir="0" index="3" bw="64" slack="2147483647"/>
<pin id="492" dir="0" index="4" bw="64" slack="2147483647"/>
<pin id="493" dir="0" index="5" bw="64" slack="2147483647"/>
<pin id="494" dir="0" index="6" bw="64" slack="2147483647"/>
<pin id="495" dir="0" index="7" bw="64" slack="2147483647"/>
<pin id="496" dir="0" index="8" bw="64" slack="2147483647"/>
<pin id="497" dir="0" index="9" bw="64" slack="2147483647"/>
<pin id="498" dir="0" index="10" bw="64" slack="2147483647"/>
<pin id="499" dir="0" index="11" bw="32" slack="5"/>
<pin id="500" dir="0" index="12" bw="32" slack="5"/>
<pin id="501" dir="1" index="13" bw="0" slack="2147483647"/>
</pin_list>
<bind>
<opcode="call(48) " fcode="call"/>
<opset="call_ln237/34 "/>
</bind>
</comp>

<comp id="505" class="1004" name="grp_fu_505">
<pin_list>
<pin id="506" dir="0" index="0" bw="64" slack="0"/>
<pin id="507" dir="0" index="1" bw="64" slack="0"/>
<pin id="508" dir="1" index="2" bw="64" slack="1"/>
</pin_list>
<bind>
<opcode="dadd(508) " fcode="dadd"/>
<opset="dc/11 dc_1/12 "/>
</bind>
</comp>

<comp id="510" class="1005" name="reg_510">
<pin_list>
<pin id="511" dir="0" index="0" bw="64" slack="1"/>
<pin id="512" dir="1" index="1" bw="64" slack="1"/>
</pin_list>
<bind>
<opset="gmem2_addr_read gmem2_addr_read_1 "/>
</bind>
</comp>

<comp id="514" class="1004" name="add_ln46_fu_514">
<pin_list>
<pin id="515" dir="0" index="0" bw="7" slack="0"/>
<pin id="516" dir="0" index="1" bw="1" slack="0"/>
<pin id="517" dir="1" index="2" bw="7" slack="0"/>
</pin_list>
<bind>
<opcode="add(8) " fcode="add"/>
<opset="add_ln46/2 "/>
</bind>
</comp>

<comp id="520" class="1004" name="icmp_ln46_fu_520">
<pin_list>
<pin id="521" dir="0" index="0" bw="7" slack="0"/>
<pin id="522" dir="0" index="1" bw="7" slack="0"/>
<pin id="523" dir="1" index="2" bw="1" slack="1"/>
</pin_list>
<bind>
<opcode="icmp(45) " fcode="icmp"/>
<opset="icmp_ln46/2 "/>
</bind>
</comp>

<comp id="526" class="1004" name="zext_ln46_1_fu_526">
<pin_list>
<pin id="527" dir="0" index="0" bw="7" slack="0"/>
<pin id="528" dir="1" index="1" bw="32" slack="0"/>
</pin_list>
<bind>
<opcode="zext(34) " fcode="zext"/>
<opset="zext_ln46_1/2 "/>
</bind>
</comp>

<comp id="530" class="1004" name="icmp_ln49_fu_530">
<pin_list>
<pin id="531" dir="0" index="0" bw="7" slack="0"/>
<pin id="532" dir="0" index="1" bw="32" slack="1"/>
<pin id="533" dir="1" index="2" bw="1" slack="1"/>
</pin_list>
<bind>
<opcode="icmp(45) " fcode="icmp"/>
<opset="icmp_ln49/2 "/>
</bind>
</comp>

<comp id="535" class="1004" name="shl_ln_fu_535">
<pin_list>
<pin id="536" dir="0" index="0" bw="11" slack="0"/>
<pin id="537" dir="0" index="1" bw="7" slack="0"/>
<pin id="538" dir="0" index="2" bw="1" slack="0"/>
<pin id="539" dir="1" index="3" bw="11" slack="0"/>
</pin_list>
<bind>
<opcode="bitconcatenate(1004) " fcode="bitconcatenate"/>
<opset="shl_ln/2 "/>
</bind>
</comp>

<comp id="543" class="1004" name="zext_ln50_fu_543">
<pin_list>
<pin id="544" dir="0" index="0" bw="11" slack="0"/>
<pin id="545" dir="1" index="1" bw="64" slack="0"/>
</pin_list>
<bind>
<opcode="zext(34) " fcode="zext"/>
<opset="zext_ln50/2 "/>
</bind>
</comp>

<comp id="547" class="1004" name="add_ln50_fu_547">
<pin_list>
<pin id="548" dir="0" index="0" bw="11" slack="0"/>
<pin id="549" dir="0" index="1" bw="64" slack="1"/>
<pin id="550" dir="1" index="2" bw="64" slack="0"/>
</pin_list>
<bind>
<opcode="add(8) " fcode="add"/>
<opset="add_ln50/2 "/>
</bind>
</comp>

<comp id="552" class="1004" name="trunc_ln_fu_552">
<pin_list>
<pin id="553" dir="0" index="0" bw="61" slack="0"/>
<pin id="554" dir="0" index="1" bw="64" slack="0"/>
<pin id="555" dir="0" index="2" bw="3" slack="0"/>
<pin id="556" dir="0" index="3" bw="7" slack="0"/>
<pin id="557" dir="1" index="4" bw="61" slack="1"/>
</pin_list>
<bind>
<opcode="partselect(1002) " fcode="partselect"/>
<opset="trunc_ln/2 "/>
</bind>
</comp>

<comp id="562" class="1004" name="sext_ln50_fu_562">
<pin_list>
<pin id="563" dir="0" index="0" bw="61" slack="1"/>
<pin id="564" dir="1" index="1" bw="64" slack="0"/>
</pin_list>
<bind>
<opcode="sext(35) " fcode="sext"/>
<opset="sext_ln50/3 "/>
</bind>
</comp>

<comp id="565" class="1004" name="gmem2_addr_fu_565">
<pin_list>
<pin id="566" dir="0" index="0" bw="64" slack="0"/>
<pin id="567" dir="0" index="1" bw="61" slack="0"/>
<pin id="568" dir="1" index="2" bw="64" slack="0"/>
</pin_list>
<bind>
<opcode="getelementptr(29) " fcode="getelementptr"/>
<opset="gmem2_addr/3 "/>
</bind>
</comp>

<comp id="572" class="1004" name="bitcast_ln50_fu_572">
<pin_list>
<pin id="573" dir="0" index="0" bw="64" slack="1"/>
<pin id="574" dir="1" index="1" bw="64" slack="0"/>
</pin_list>
<bind>
<opcode="bitcast(44) " fcode="bitcast"/>
<opset="bitcast_ln50/11 "/>
</bind>
</comp>

<comp id="577" class="1004" name="bitcast_ln50_1_fu_577">
<pin_list>
<pin id="578" dir="0" index="0" bw="64" slack="1"/>
<pin id="579" dir="1" index="1" bw="64" slack="0"/>
</pin_list>
<bind>
<opcode="bitcast(44) " fcode="bitcast"/>
<opset="bitcast_ln50_1/12 "/>
</bind>
</comp>

<comp id="582" class="1004" name="data_V_1_fu_582">
<pin_list>
<pin id="583" dir="0" index="0" bw="64" slack="1"/>
<pin id="584" dir="1" index="1" bw="64" slack="0"/>
</pin_list>
<bind>
<opcode="bitcast(44) " fcode="bitcast"/>
<opset="data_V_1/20 "/>
</bind>
</comp>

<comp id="585" class="1004" name="p_Result_1_fu_585">
<pin_list>
<pin id="586" dir="0" index="0" bw="1" slack="0"/>
<pin id="587" dir="0" index="1" bw="64" slack="0"/>
<pin id="588" dir="0" index="2" bw="7" slack="0"/>
<pin id="589" dir="1" index="3" bw="1" slack="1"/>
</pin_list>
<bind>
<opcode="bitselect(1000) " fcode="bitselect"/>
<opset="p_Result_1/20 "/>
</bind>
</comp>

<comp id="593" class="1004" name="tmp_26_fu_593">
<pin_list>
<pin id="594" dir="0" index="0" bw="11" slack="0"/>
<pin id="595" dir="0" index="1" bw="64" slack="0"/>
<pin id="596" dir="0" index="2" bw="7" slack="0"/>
<pin id="597" dir="0" index="3" bw="7" slack="0"/>
<pin id="598" dir="1" index="4" bw="11" slack="0"/>
</pin_list>
<bind>
<opcode="partselect(1002) " fcode="partselect"/>
<opset="tmp_26/20 "/>
</bind>
</comp>

<comp id="603" class="1004" name="tmp_27_fu_603">
<pin_list>
<pin id="604" dir="0" index="0" bw="64" slack="0"/>
<pin id="605" dir="1" index="1" bw="52" slack="0"/>
</pin_list>
<bind>
<opcode="trunc(33) " fcode="trunc"/>
<opset="tmp_27/20 "/>
</bind>
</comp>

<comp id="607" class="1004" name="mantissa_1_fu_607">
<pin_list>
<pin id="608" dir="0" index="0" bw="54" slack="0"/>
<pin id="609" dir="0" index="1" bw="1" slack="0"/>
<pin id="610" dir="0" index="2" bw="52" slack="0"/>
<pin id="611" dir="0" index="3" bw="1" slack="0"/>
<pin id="612" dir="1" index="4" bw="54" slack="0"/>
</pin_list>
<bind>
<opcode="bitconcatenate(1004) " fcode="bitconcatenate"/>
<opset="mantissa_1/20 "/>
</bind>
</comp>

<comp id="617" class="1004" name="zext_ln15_1_fu_617">
<pin_list>
<pin id="618" dir="0" index="0" bw="54" slack="0"/>
<pin id="619" dir="1" index="1" bw="137" slack="0"/>
</pin_list>
<bind>
<opcode="zext(34) " fcode="zext"/>
<opset="zext_ln15_1/20 "/>
</bind>
</comp>

<comp id="621" class="1004" name="zext_ln510_1_fu_621">
<pin_list>
<pin id="622" dir="0" index="0" bw="11" slack="0"/>
<pin id="623" dir="1" index="1" bw="12" slack="0"/>
</pin_list>
<bind>
<opcode="zext(34) " fcode="zext"/>
<opset="zext_ln510_1/20 "/>
</bind>
</comp>

<comp id="625" class="1004" name="add_ln510_1_fu_625">
<pin_list>
<pin id="626" dir="0" index="0" bw="11" slack="0"/>
<pin id="627" dir="0" index="1" bw="11" slack="0"/>
<pin id="628" dir="1" index="2" bw="12" slack="0"/>
</pin_list>
<bind>
<opcode="add(8) " fcode="add"/>
<opset="add_ln510_1/20 "/>
</bind>
</comp>

<comp id="631" class="1004" name="isNeg_1_fu_631">
<pin_list>
<pin id="632" dir="0" index="0" bw="1" slack="0"/>
<pin id="633" dir="0" index="1" bw="12" slack="0"/>
<pin id="634" dir="0" index="2" bw="5" slack="0"/>
<pin id="635" dir="1" index="3" bw="1" slack="0"/>
</pin_list>
<bind>
<opcode="bitselect(1000) " fcode="bitselect"/>
<opset="isNeg_1/20 "/>
</bind>
</comp>

<comp id="639" class="1004" name="sub_ln1311_1_fu_639">
<pin_list>
<pin id="640" dir="0" index="0" bw="11" slack="0"/>
<pin id="641" dir="0" index="1" bw="11" slack="0"/>
<pin id="642" dir="1" index="2" bw="11" slack="0"/>
</pin_list>
<bind>
<opcode="sub(10) " fcode="sub"/>
<opset="sub_ln1311_1/20 "/>
</bind>
</comp>

<comp id="645" class="1004" name="sext_ln1311_1_fu_645">
<pin_list>
<pin id="646" dir="0" index="0" bw="11" slack="0"/>
<pin id="647" dir="1" index="1" bw="12" slack="0"/>
</pin_list>
<bind>
<opcode="sext(35) " fcode="sext"/>
<opset="sext_ln1311_1/20 "/>
</bind>
</comp>

<comp id="649" class="1004" name="ush_1_fu_649">
<pin_list>
<pin id="650" dir="0" index="0" bw="1" slack="0"/>
<pin id="651" dir="0" index="1" bw="11" slack="0"/>
<pin id="652" dir="0" index="2" bw="12" slack="0"/>
<pin id="653" dir="1" index="3" bw="12" slack="0"/>
</pin_list>
<bind>
<opcode="select(49) " fcode="select"/>
<opset="ush_1/20 "/>
</bind>
</comp>

<comp id="657" class="1004" name="sh_prom_i_i_i_i_i_i32_cast_cast_cast_fu_657">
<pin_list>
<pin id="658" dir="0" index="0" bw="12" slack="0"/>
<pin id="659" dir="1" index="1" bw="32" slack="0"/>
</pin_list>
<bind>
<opcode="sext(35) " fcode="sext"/>
<opset="sh_prom_i_i_i_i_i_i32_cast_cast_cast/20 "/>
</bind>
</comp>

<comp id="661" class="1004" name="sh_prom_i_i_i_i_i_i32_cast_cast_cast_cast_fu_661">
<pin_list>
<pin id="662" dir="0" index="0" bw="12" slack="0"/>
<pin id="663" dir="1" index="1" bw="137" slack="0"/>
</pin_list>
<bind>
<opcode="zext(34) " fcode="zext"/>
<opset="sh_prom_i_i_i_i_i_i32_cast_cast_cast_cast/20 "/>
</bind>
</comp>

<comp id="665" class="1004" name="r_V_2_fu_665">
<pin_list>
<pin id="666" dir="0" index="0" bw="54" slack="0"/>
<pin id="667" dir="0" index="1" bw="32" slack="0"/>
<pin id="668" dir="1" index="2" bw="137" slack="0"/>
</pin_list>
<bind>
<opcode="lshr(21) " fcode="lshr"/>
<opset="r_V_2/20 "/>
</bind>
</comp>

<comp id="671" class="1004" name="r_V_3_fu_671">
<pin_list>
<pin id="672" dir="0" index="0" bw="54" slack="0"/>
<pin id="673" dir="0" index="1" bw="32" slack="0"/>
<pin id="674" dir="1" index="2" bw="137" slack="0"/>
</pin_list>
<bind>
<opcode="shl(20) " fcode="shl"/>
<opset="r_V_3/20 "/>
</bind>
</comp>

<comp id="677" class="1004" name="tmp_23_fu_677">
<pin_list>
<pin id="678" dir="0" index="0" bw="1" slack="0"/>
<pin id="679" dir="0" index="1" bw="137" slack="0"/>
<pin id="680" dir="0" index="2" bw="7" slack="0"/>
<pin id="681" dir="1" index="3" bw="1" slack="0"/>
</pin_list>
<bind>
<opcode="bitselect(1000) " fcode="bitselect"/>
<opset="tmp_23/20 "/>
</bind>
</comp>

<comp id="685" class="1004" name="zext_ln662_1_fu_685">
<pin_list>
<pin id="686" dir="0" index="0" bw="1" slack="0"/>
<pin id="687" dir="1" index="1" bw="32" slack="0"/>
</pin_list>
<bind>
<opcode="zext(34) " fcode="zext"/>
<opset="zext_ln662_1/20 "/>
</bind>
</comp>

<comp id="689" class="1004" name="tmp_8_fu_689">
<pin_list>
<pin id="690" dir="0" index="0" bw="32" slack="0"/>
<pin id="691" dir="0" index="1" bw="137" slack="0"/>
<pin id="692" dir="0" index="2" bw="7" slack="0"/>
<pin id="693" dir="0" index="3" bw="8" slack="0"/>
<pin id="694" dir="1" index="4" bw="32" slack="0"/>
</pin_list>
<bind>
<opcode="partselect(1002) " fcode="partselect"/>
<opset="tmp_8/20 "/>
</bind>
</comp>

<comp id="699" class="1004" name="val_1_fu_699">
<pin_list>
<pin id="700" dir="0" index="0" bw="1" slack="0"/>
<pin id="701" dir="0" index="1" bw="1" slack="0"/>
<pin id="702" dir="0" index="2" bw="32" slack="0"/>
<pin id="703" dir="1" index="3" bw="32" slack="1"/>
</pin_list>
<bind>
<opcode="select(49) " fcode="select"/>
<opset="val_1/20 "/>
</bind>
</comp>

<comp id="707" class="1004" name="result_V_6_fu_707">
<pin_list>
<pin id="708" dir="0" index="0" bw="1" slack="0"/>
<pin id="709" dir="0" index="1" bw="32" slack="1"/>
<pin id="710" dir="1" index="2" bw="32" slack="0"/>
</pin_list>
<bind>
<opcode="sub(10) " fcode="sub"/>
<opset="result_V_6/21 "/>
</bind>
</comp>

<comp id="712" class="1004" name="result_V_7_fu_712">
<pin_list>
<pin id="713" dir="0" index="0" bw="1" slack="1"/>
<pin id="714" dir="0" index="1" bw="32" slack="0"/>
<pin id="715" dir="0" index="2" bw="32" slack="1"/>
<pin id="716" dir="1" index="3" bw="32" slack="1"/>
</pin_list>
<bind>
<opcode="select(49) " fcode="select"/>
<opset="result_V_7/21 "/>
</bind>
</comp>

<comp id="718" class="1004" name="grp_fu_718">
<pin_list>
<pin id="719" dir="0" index="0" bw="32" slack="1"/>
<pin id="720" dir="0" index="1" bw="32" slack="21"/>
<pin id="721" dir="1" index="2" bw="32" slack="1"/>
</pin_list>
<bind>
<opcode="mul(12) " fcode="mul"/>
<opset="mul_ln52/22 "/>
</bind>
</comp>

<comp id="722" class="1004" name="data_V_fu_722">
<pin_list>
<pin id="723" dir="0" index="0" bw="64" slack="5"/>
<pin id="724" dir="1" index="1" bw="64" slack="0"/>
</pin_list>
<bind>
<opcode="bitcast(44) " fcode="bitcast"/>
<opset="data_V/23 "/>
</bind>
</comp>

<comp id="725" class="1004" name="tmp_24_fu_725">
<pin_list>
<pin id="726" dir="0" index="0" bw="11" slack="0"/>
<pin id="727" dir="0" index="1" bw="64" slack="0"/>
<pin id="728" dir="0" index="2" bw="7" slack="0"/>
<pin id="729" dir="0" index="3" bw="7" slack="0"/>
<pin id="730" dir="1" index="4" bw="11" slack="0"/>
</pin_list>
<bind>
<opcode="partselect(1002) " fcode="partselect"/>
<opset="tmp_24/23 "/>
</bind>
</comp>

<comp id="735" class="1004" name="tmp_25_fu_735">
<pin_list>
<pin id="736" dir="0" index="0" bw="64" slack="0"/>
<pin id="737" dir="1" index="1" bw="52" slack="0"/>
</pin_list>
<bind>
<opcode="trunc(33) " fcode="trunc"/>
<opset="tmp_25/23 "/>
</bind>
</comp>

<comp id="739" class="1004" name="mantissa_fu_739">
<pin_list>
<pin id="740" dir="0" index="0" bw="54" slack="0"/>
<pin id="741" dir="0" index="1" bw="1" slack="0"/>
<pin id="742" dir="0" index="2" bw="52" slack="0"/>
<pin id="743" dir="0" index="3" bw="1" slack="0"/>
<pin id="744" dir="1" index="4" bw="54" slack="0"/>
</pin_list>
<bind>
<opcode="bitconcatenate(1004) " fcode="bitconcatenate"/>
<opset="mantissa/23 "/>
</bind>
</comp>

<comp id="749" class="1004" name="zext_ln15_fu_749">
<pin_list>
<pin id="750" dir="0" index="0" bw="54" slack="0"/>
<pin id="751" dir="1" index="1" bw="137" slack="0"/>
</pin_list>
<bind>
<opcode="zext(34) " fcode="zext"/>
<opset="zext_ln15/23 "/>
</bind>
</comp>

<comp id="753" class="1004" name="zext_ln510_fu_753">
<pin_list>
<pin id="754" dir="0" index="0" bw="11" slack="0"/>
<pin id="755" dir="1" index="1" bw="12" slack="0"/>
</pin_list>
<bind>
<opcode="zext(34) " fcode="zext"/>
<opset="zext_ln510/23 "/>
</bind>
</comp>

<comp id="757" class="1004" name="add_ln510_fu_757">
<pin_list>
<pin id="758" dir="0" index="0" bw="11" slack="0"/>
<pin id="759" dir="0" index="1" bw="11" slack="0"/>
<pin id="760" dir="1" index="2" bw="12" slack="0"/>
</pin_list>
<bind>
<opcode="add(8) " fcode="add"/>
<opset="add_ln510/23 "/>
</bind>
</comp>

<comp id="763" class="1004" name="isNeg_fu_763">
<pin_list>
<pin id="764" dir="0" index="0" bw="1" slack="0"/>
<pin id="765" dir="0" index="1" bw="12" slack="0"/>
<pin id="766" dir="0" index="2" bw="5" slack="0"/>
<pin id="767" dir="1" index="3" bw="1" slack="0"/>
</pin_list>
<bind>
<opcode="bitselect(1000) " fcode="bitselect"/>
<opset="isNeg/23 "/>
</bind>
</comp>

<comp id="771" class="1004" name="sub_ln1311_fu_771">
<pin_list>
<pin id="772" dir="0" index="0" bw="11" slack="0"/>
<pin id="773" dir="0" index="1" bw="11" slack="0"/>
<pin id="774" dir="1" index="2" bw="11" slack="0"/>
</pin_list>
<bind>
<opcode="sub(10) " fcode="sub"/>
<opset="sub_ln1311/23 "/>
</bind>
</comp>

<comp id="777" class="1004" name="sext_ln1311_fu_777">
<pin_list>
<pin id="778" dir="0" index="0" bw="11" slack="0"/>
<pin id="779" dir="1" index="1" bw="12" slack="0"/>
</pin_list>
<bind>
<opcode="sext(35) " fcode="sext"/>
<opset="sext_ln1311/23 "/>
</bind>
</comp>

<comp id="781" class="1004" name="ush_fu_781">
<pin_list>
<pin id="782" dir="0" index="0" bw="1" slack="0"/>
<pin id="783" dir="0" index="1" bw="11" slack="0"/>
<pin id="784" dir="0" index="2" bw="12" slack="0"/>
<pin id="785" dir="1" index="3" bw="12" slack="0"/>
</pin_list>
<bind>
<opcode="select(49) " fcode="select"/>
<opset="ush/23 "/>
</bind>
</comp>

<comp id="789" class="1004" name="sh_prom_i_i_i_i_i_i_cast_cast_cast_fu_789">
<pin_list>
<pin id="790" dir="0" index="0" bw="12" slack="0"/>
<pin id="791" dir="1" index="1" bw="32" slack="0"/>
</pin_list>
<bind>
<opcode="sext(35) " fcode="sext"/>
<opset="sh_prom_i_i_i_i_i_i_cast_cast_cast/23 "/>
</bind>
</comp>

<comp id="793" class="1004" name="sh_prom_i_i_i_i_i_i_cast_cast_cast_cast_fu_793">
<pin_list>
<pin id="794" dir="0" index="0" bw="12" slack="0"/>
<pin id="795" dir="1" index="1" bw="137" slack="0"/>
</pin_list>
<bind>
<opcode="zext(34) " fcode="zext"/>
<opset="sh_prom_i_i_i_i_i_i_cast_cast_cast_cast/23 "/>
</bind>
</comp>

<comp id="797" class="1004" name="r_V_fu_797">
<pin_list>
<pin id="798" dir="0" index="0" bw="54" slack="0"/>
<pin id="799" dir="0" index="1" bw="32" slack="0"/>
<pin id="800" dir="1" index="2" bw="137" slack="0"/>
</pin_list>
<bind>
<opcode="lshr(21) " fcode="lshr"/>
<opset="r_V/23 "/>
</bind>
</comp>

<comp id="803" class="1004" name="r_V_1_fu_803">
<pin_list>
<pin id="804" dir="0" index="0" bw="54" slack="0"/>
<pin id="805" dir="0" index="1" bw="32" slack="0"/>
<pin id="806" dir="1" index="2" bw="137" slack="0"/>
</pin_list>
<bind>
<opcode="shl(20) " fcode="shl"/>
<opset="r_V_1/23 "/>
</bind>
</comp>

<comp id="809" class="1004" name="tmp_17_fu_809">
<pin_list>
<pin id="810" dir="0" index="0" bw="1" slack="0"/>
<pin id="811" dir="0" index="1" bw="137" slack="0"/>
<pin id="812" dir="0" index="2" bw="7" slack="0"/>
<pin id="813" dir="1" index="3" bw="1" slack="0"/>
</pin_list>
<bind>
<opcode="bitselect(1000) " fcode="bitselect"/>
<opset="tmp_17/23 "/>
</bind>
</comp>

<comp id="817" class="1004" name="zext_ln662_fu_817">
<pin_list>
<pin id="818" dir="0" index="0" bw="1" slack="0"/>
<pin id="819" dir="1" index="1" bw="32" slack="0"/>
</pin_list>
<bind>
<opcode="zext(34) " fcode="zext"/>
<opset="zext_ln662/23 "/>
</bind>
</comp>

<comp id="821" class="1004" name="tmp_5_fu_821">
<pin_list>
<pin id="822" dir="0" index="0" bw="32" slack="0"/>
<pin id="823" dir="0" index="1" bw="137" slack="0"/>
<pin id="824" dir="0" index="2" bw="7" slack="0"/>
<pin id="825" dir="0" index="3" bw="8" slack="0"/>
<pin id="826" dir="1" index="4" bw="32" slack="0"/>
</pin_list>
<bind>
<opcode="partselect(1002) " fcode="partselect"/>
<opset="tmp_5/23 "/>
</bind>
</comp>

<comp id="831" class="1004" name="val_fu_831">
<pin_list>
<pin id="832" dir="0" index="0" bw="1" slack="0"/>
<pin id="833" dir="0" index="1" bw="1" slack="0"/>
<pin id="834" dir="0" index="2" bw="32" slack="0"/>
<pin id="835" dir="1" index="3" bw="32" slack="1"/>
</pin_list>
<bind>
<opcode="select(49) " fcode="select"/>
<opset="val/23 "/>
</bind>
</comp>

<comp id="839" class="1004" name="p_Result_s_fu_839">
<pin_list>
<pin id="840" dir="0" index="0" bw="1" slack="0"/>
<pin id="841" dir="0" index="1" bw="64" slack="1"/>
<pin id="842" dir="0" index="2" bw="7" slack="0"/>
<pin id="843" dir="1" index="3" bw="1" slack="0"/>
</pin_list>
<bind>
<opcode="bitselect(1000) " fcode="bitselect"/>
<opset="p_Result_s/24 "/>
</bind>
</comp>

<comp id="846" class="1004" name="result_V_2_fu_846">
<pin_list>
<pin id="847" dir="0" index="0" bw="1" slack="0"/>
<pin id="848" dir="0" index="1" bw="32" slack="1"/>
<pin id="849" dir="1" index="2" bw="32" slack="0"/>
</pin_list>
<bind>
<opcode="sub(10) " fcode="sub"/>
<opset="result_V_2/24 "/>
</bind>
</comp>

<comp id="851" class="1004" name="result_V_fu_851">
<pin_list>
<pin id="852" dir="0" index="0" bw="1" slack="0"/>
<pin id="853" dir="0" index="1" bw="32" slack="0"/>
<pin id="854" dir="0" index="2" bw="32" slack="1"/>
<pin id="855" dir="1" index="3" bw="32" slack="0"/>
</pin_list>
<bind>
<opcode="select(49) " fcode="select"/>
<opset="result_V/24 "/>
</bind>
</comp>

<comp id="858" class="1004" name="add_ln52_fu_858">
<pin_list>
<pin id="859" dir="0" index="0" bw="32" slack="1"/>
<pin id="860" dir="0" index="1" bw="32" slack="0"/>
<pin id="861" dir="1" index="2" bw="32" slack="1"/>
</pin_list>
<bind>
<opcode="add(8) " fcode="add"/>
<opset="add_ln52/24 "/>
</bind>
</comp>

<comp id="863" class="1004" name="grp_fu_863">
<pin_list>
<pin id="864" dir="0" index="0" bw="32" slack="1"/>
<pin id="865" dir="0" index="1" bw="32" slack="24"/>
<pin id="866" dir="1" index="2" bw="32" slack="1"/>
</pin_list>
<bind>
<opcode="mul(12) " fcode="mul"/>
<opset="mul_ln52_1/25 "/>
</bind>
</comp>

<comp id="867" class="1004" name="zext_ln46_fu_867">
<pin_list>
<pin id="868" dir="0" index="0" bw="7" slack="25"/>
<pin id="869" dir="1" index="1" bw="64" slack="0"/>
</pin_list>
<bind>
<opcode="zext(34) " fcode="zext"/>
<opset="zext_ln46/27 "/>
</bind>
</comp>

<comp id="872" class="1004" name="tmp_fu_872">
<pin_list>
<pin id="873" dir="0" index="0" bw="1" slack="0"/>
<pin id="874" dir="0" index="1" bw="32" slack="2"/>
<pin id="875" dir="0" index="2" bw="6" slack="0"/>
<pin id="876" dir="1" index="3" bw="1" slack="0"/>
</pin_list>
<bind>
<opcode="bitselect(1000) " fcode="bitselect"/>
<opset="tmp/28 "/>
</bind>
</comp>

<comp id="879" class="1004" name="add_ln225_fu_879">
<pin_list>
<pin id="880" dir="0" index="0" bw="32" slack="2"/>
<pin id="881" dir="0" index="1" bw="7" slack="0"/>
<pin id="882" dir="1" index="2" bw="32" slack="0"/>
</pin_list>
<bind>
<opcode="add(8) " fcode="add"/>
<opset="add_ln225/28 "/>
</bind>
</comp>

<comp id="884" class="1004" name="tmp_7_fu_884">
<pin_list>
<pin id="885" dir="0" index="0" bw="1" slack="0"/>
<pin id="886" dir="0" index="1" bw="32" slack="0"/>
<pin id="887" dir="0" index="2" bw="6" slack="0"/>
<pin id="888" dir="1" index="3" bw="1" slack="0"/>
</pin_list>
<bind>
<opcode="bitselect(1000) " fcode="bitselect"/>
<opset="tmp_7/28 "/>
</bind>
</comp>

<comp id="892" class="1004" name="sub_ln225_fu_892">
<pin_list>
<pin id="893" dir="0" index="0" bw="7" slack="0"/>
<pin id="894" dir="0" index="1" bw="32" slack="2"/>
<pin id="895" dir="1" index="2" bw="32" slack="0"/>
</pin_list>
<bind>
<opcode="sub(10) " fcode="sub"/>
<opset="sub_ln225/28 "/>
</bind>
</comp>

<comp id="897" class="1004" name="p_lshr_fu_897">
<pin_list>
<pin id="898" dir="0" index="0" bw="26" slack="0"/>
<pin id="899" dir="0" index="1" bw="32" slack="0"/>
<pin id="900" dir="0" index="2" bw="4" slack="0"/>
<pin id="901" dir="0" index="3" bw="6" slack="0"/>
<pin id="902" dir="1" index="4" bw="26" slack="0"/>
</pin_list>
<bind>
<opcode="partselect(1002) " fcode="partselect"/>
<opset="p_lshr/28 "/>
</bind>
</comp>

<comp id="907" class="1004" name="sub_ln225_1_fu_907">
<pin_list>
<pin id="908" dir="0" index="0" bw="1" slack="0"/>
<pin id="909" dir="0" index="1" bw="26" slack="0"/>
<pin id="910" dir="1" index="2" bw="26" slack="0"/>
</pin_list>
<bind>
<opcode="sub(10) " fcode="sub"/>
<opset="sub_ln225_1/28 "/>
</bind>
</comp>

<comp id="913" class="1004" name="tmp_10_fu_913">
<pin_list>
<pin id="914" dir="0" index="0" bw="26" slack="0"/>
<pin id="915" dir="0" index="1" bw="32" slack="0"/>
<pin id="916" dir="0" index="2" bw="4" slack="0"/>
<pin id="917" dir="0" index="3" bw="6" slack="0"/>
<pin id="918" dir="1" index="4" bw="26" slack="0"/>
</pin_list>
<bind>
<opcode="partselect(1002) " fcode="partselect"/>
<opset="tmp_10/28 "/>
</bind>
</comp>

<comp id="923" class="1004" name="select_ln225_fu_923">
<pin_list>
<pin id="924" dir="0" index="0" bw="1" slack="0"/>
<pin id="925" dir="0" index="1" bw="26" slack="0"/>
<pin id="926" dir="0" index="2" bw="26" slack="0"/>
<pin id="927" dir="1" index="3" bw="26" slack="0"/>
</pin_list>
<bind>
<opcode="select(49) " fcode="select"/>
<opset="select_ln225/28 "/>
</bind>
</comp>

<comp id="931" class="1004" name="select_ln225_1_fu_931">
<pin_list>
<pin id="932" dir="0" index="0" bw="1" slack="0"/>
<pin id="933" dir="0" index="1" bw="1" slack="0"/>
<pin id="934" dir="0" index="2" bw="26" slack="0"/>
<pin id="935" dir="1" index="3" bw="26" slack="0"/>
</pin_list>
<bind>
<opcode="select(49) " fcode="select"/>
<opset="select_ln225_1/28 "/>
</bind>
</comp>

<comp id="939" class="1004" name="tmp_12_fu_939">
<pin_list>
<pin id="940" dir="0" index="0" bw="32" slack="0"/>
<pin id="941" dir="0" index="1" bw="26" slack="0"/>
<pin id="942" dir="0" index="2" bw="1" slack="0"/>
<pin id="943" dir="1" index="3" bw="32" slack="1"/>
</pin_list>
<bind>
<opcode="bitconcatenate(1004) " fcode="bitconcatenate"/>
<opset="tmp_12/28 "/>
</bind>
</comp>

<comp id="947" class="1004" name="icmp_ln225_fu_947">
<pin_list>
<pin id="948" dir="0" index="0" bw="32" slack="0"/>
<pin id="949" dir="0" index="1" bw="32" slack="1"/>
<pin id="950" dir="1" index="2" bw="1" slack="2147483647"/>
</pin_list>
<bind>
<opcode="icmp(45) " fcode="icmp"/>
<opset="icmp_ln225/29 "/>
</bind>
</comp>

<comp id="952" class="1004" name="base_1_fu_952">
<pin_list>
<pin id="953" dir="0" index="0" bw="32" slack="0"/>
<pin id="954" dir="0" index="1" bw="8" slack="0"/>
<pin id="955" dir="1" index="2" bw="32" slack="0"/>
</pin_list>
<bind>
<opcode="add(8) " fcode="add"/>
<opset="base_1/29 "/>
</bind>
</comp>

<comp id="958" class="1004" name="icmp_ln230_fu_958">
<pin_list>
<pin id="959" dir="0" index="0" bw="32" slack="0"/>
<pin id="960" dir="0" index="1" bw="32" slack="3"/>
<pin id="961" dir="1" index="2" bw="1" slack="0"/>
</pin_list>
<bind>
<opcode="icmp(45) " fcode="icmp"/>
<opset="icmp_ln230/29 "/>
</bind>
</comp>

<comp id="963" class="1004" name="sub_ln231_fu_963">
<pin_list>
<pin id="964" dir="0" index="0" bw="32" slack="3"/>
<pin id="965" dir="0" index="1" bw="32" slack="0"/>
<pin id="966" dir="1" index="2" bw="32" slack="0"/>
</pin_list>
<bind>
<opcode="sub(10) " fcode="sub"/>
<opset="sub_ln231/29 "/>
</bind>
</comp>

<comp id="968" class="1004" name="tileSize_fu_968">
<pin_list>
<pin id="969" dir="0" index="0" bw="1" slack="0"/>
<pin id="970" dir="0" index="1" bw="32" slack="0"/>
<pin id="971" dir="0" index="2" bw="8" slack="0"/>
<pin id="972" dir="1" index="3" bw="32" slack="1"/>
</pin_list>
<bind>
<opcode="select(49) " fcode="select"/>
<opset="tileSize/29 "/>
</bind>
</comp>

<comp id="976" class="1005" name="likelihood_read_reg_976">
<pin_list>
<pin id="977" dir="0" index="0" bw="64" slack="8"/>
<pin id="978" dir="1" index="1" bw="64" slack="8"/>
</pin_list>
<bind>
<opset="likelihood_read "/>
</bind>
</comp>

<comp id="981" class="1005" name="I_read_reg_981">
<pin_list>
<pin id="982" dir="0" index="0" bw="64" slack="6"/>
<pin id="983" dir="1" index="1" bw="64" slack="6"/>
</pin_list>
<bind>
<opset="I_read "/>
</bind>
</comp>

<comp id="986" class="1005" name="objxy_read_reg_986">
<pin_list>
<pin id="987" dir="0" index="0" bw="64" slack="1"/>
<pin id="988" dir="1" index="1" bw="64" slack="1"/>
</pin_list>
<bind>
<opset="objxy_read "/>
</bind>
</comp>

<comp id="991" class="1005" name="arrayY_read_reg_991">
<pin_list>
<pin id="992" dir="0" index="0" bw="64" slack="4"/>
<pin id="993" dir="1" index="1" bw="64" slack="4"/>
</pin_list>
<bind>
<opset="arrayY_read "/>
</bind>
</comp>

<comp id="996" class="1005" name="arrayX_read_reg_996">
<pin_list>
<pin id="997" dir="0" index="0" bw="64" slack="4"/>
<pin id="998" dir="1" index="1" bw="64" slack="4"/>
</pin_list>
<bind>
<opset="arrayX_read "/>
</bind>
</comp>

<comp id="1001" class="1005" name="max_size_read_reg_1001">
<pin_list>
<pin id="1002" dir="0" index="0" bw="64" slack="6"/>
<pin id="1003" dir="1" index="1" bw="64" slack="6"/>
</pin_list>
<bind>
<opset="max_size_read "/>
</bind>
</comp>

<comp id="1006" class="1005" name="k_read_reg_1006">
<pin_list>
<pin id="1007" dir="0" index="0" bw="32" slack="6"/>
<pin id="1008" dir="1" index="1" bw="32" slack="6"/>
</pin_list>
<bind>
<opset="k_read "/>
</bind>
</comp>

<comp id="1011" class="1005" name="Nfr_read_reg_1011">
<pin_list>
<pin id="1012" dir="0" index="0" bw="32" slack="6"/>
<pin id="1013" dir="1" index="1" bw="32" slack="6"/>
</pin_list>
<bind>
<opset="Nfr_read "/>
</bind>
</comp>

<comp id="1017" class="1005" name="IszY_read_reg_1017">
<pin_list>
<pin id="1018" dir="0" index="0" bw="32" slack="6"/>
<pin id="1019" dir="1" index="1" bw="32" slack="6"/>
</pin_list>
<bind>
<opset="IszY_read "/>
</bind>
</comp>

<comp id="1023" class="1005" name="countOnes_read_reg_1023">
<pin_list>
<pin id="1024" dir="0" index="0" bw="32" slack="1"/>
<pin id="1025" dir="1" index="1" bw="32" slack="1"/>
</pin_list>
<bind>
<opset="countOnes_read "/>
</bind>
</comp>

<comp id="1029" class="1005" name="Nparticles_read_reg_1029">
<pin_list>
<pin id="1030" dir="0" index="0" bw="32" slack="2"/>
<pin id="1031" dir="1" index="1" bw="32" slack="2"/>
</pin_list>
<bind>
<opset="Nparticles_read "/>
</bind>
</comp>

<comp id="1038" class="1005" name="add_ln46_reg_1038">
<pin_list>
<pin id="1039" dir="0" index="0" bw="7" slack="0"/>
<pin id="1040" dir="1" index="1" bw="7" slack="0"/>
</pin_list>
<bind>
<opset="add_ln46 "/>
</bind>
</comp>

<comp id="1043" class="1005" name="icmp_ln46_reg_1043">
<pin_list>
<pin id="1044" dir="0" index="0" bw="1" slack="1"/>
<pin id="1045" dir="1" index="1" bw="1" slack="2147483647"/>
</pin_list>
<bind>
<opset="icmp_ln46 "/>
</bind>
</comp>

<comp id="1047" class="1005" name="icmp_ln49_reg_1047">
<pin_list>
<pin id="1048" dir="0" index="0" bw="1" slack="1"/>
<pin id="1049" dir="1" index="1" bw="1" slack="2147483647"/>
</pin_list>
<bind>
<opset="icmp_ln49 "/>
</bind>
</comp>

<comp id="1051" class="1005" name="trunc_ln_reg_1051">
<pin_list>
<pin id="1052" dir="0" index="0" bw="61" slack="1"/>
<pin id="1053" dir="1" index="1" bw="61" slack="1"/>
</pin_list>
<bind>
<opset="trunc_ln "/>
</bind>
</comp>

<comp id="1056" class="1005" name="gmem2_addr_reg_1056">
<pin_list>
<pin id="1057" dir="0" index="0" bw="64" slack="1"/>
<pin id="1058" dir="1" index="1" bw="64" slack="1"/>
</pin_list>
<bind>
<opset="gmem2_addr "/>
</bind>
</comp>

<comp id="1062" class="1005" name="bitcast_ln50_reg_1062">
<pin_list>
<pin id="1063" dir="0" index="0" bw="64" slack="1"/>
<pin id="1064" dir="1" index="1" bw="64" slack="1"/>
</pin_list>
<bind>
<opset="bitcast_ln50 "/>
</bind>
</comp>

<comp id="1067" class="1005" name="bitcast_ln50_1_reg_1067">
<pin_list>
<pin id="1068" dir="0" index="0" bw="64" slack="1"/>
<pin id="1069" dir="1" index="1" bw="64" slack="1"/>
</pin_list>
<bind>
<opset="bitcast_ln50_1 "/>
</bind>
</comp>

<comp id="1072" class="1005" name="dc_reg_1072">
<pin_list>
<pin id="1073" dir="0" index="0" bw="64" slack="5"/>
<pin id="1074" dir="1" index="1" bw="64" slack="5"/>
</pin_list>
<bind>
<opset="dc "/>
</bind>
</comp>

<comp id="1077" class="1005" name="dc_1_reg_1077">
<pin_list>
<pin id="1078" dir="0" index="0" bw="64" slack="1"/>
<pin id="1079" dir="1" index="1" bw="64" slack="1"/>
</pin_list>
<bind>
<opset="dc_1 "/>
</bind>
</comp>

<comp id="1082" class="1005" name="p_Result_1_reg_1082">
<pin_list>
<pin id="1083" dir="0" index="0" bw="1" slack="1"/>
<pin id="1084" dir="1" index="1" bw="1" slack="1"/>
</pin_list>
<bind>
<opset="p_Result_1 "/>
</bind>
</comp>

<comp id="1087" class="1005" name="val_1_reg_1087">
<pin_list>
<pin id="1088" dir="0" index="0" bw="32" slack="1"/>
<pin id="1089" dir="1" index="1" bw="32" slack="1"/>
</pin_list>
<bind>
<opset="val_1 "/>
</bind>
</comp>

<comp id="1093" class="1005" name="result_V_7_reg_1093">
<pin_list>
<pin id="1094" dir="0" index="0" bw="32" slack="1"/>
<pin id="1095" dir="1" index="1" bw="32" slack="1"/>
</pin_list>
<bind>
<opset="result_V_7 "/>
</bind>
</comp>

<comp id="1098" class="1005" name="data_V_reg_1098">
<pin_list>
<pin id="1099" dir="0" index="0" bw="64" slack="1"/>
<pin id="1100" dir="1" index="1" bw="64" slack="1"/>
</pin_list>
<bind>
<opset="data_V "/>
</bind>
</comp>

<comp id="1103" class="1005" name="val_reg_1103">
<pin_list>
<pin id="1104" dir="0" index="0" bw="32" slack="1"/>
<pin id="1105" dir="1" index="1" bw="32" slack="1"/>
</pin_list>
<bind>
<opset="val "/>
</bind>
</comp>

<comp id="1109" class="1005" name="mul_ln52_reg_1109">
<pin_list>
<pin id="1110" dir="0" index="0" bw="32" slack="1"/>
<pin id="1111" dir="1" index="1" bw="32" slack="1"/>
</pin_list>
<bind>
<opset="mul_ln52 "/>
</bind>
</comp>

<comp id="1114" class="1005" name="add_ln52_reg_1114">
<pin_list>
<pin id="1115" dir="0" index="0" bw="32" slack="1"/>
<pin id="1116" dir="1" index="1" bw="32" slack="1"/>
</pin_list>
<bind>
<opset="add_ln52 "/>
</bind>
</comp>

<comp id="1119" class="1005" name="mul_ln52_1_reg_1119">
<pin_list>
<pin id="1120" dir="0" index="0" bw="32" slack="1"/>
<pin id="1121" dir="1" index="1" bw="32" slack="1"/>
</pin_list>
<bind>
<opset="mul_ln52_1 "/>
</bind>
</comp>

<comp id="1124" class="1005" name="tmp_12_reg_1124">
<pin_list>
<pin id="1125" dir="0" index="0" bw="32" slack="1"/>
<pin id="1126" dir="1" index="1" bw="32" slack="1"/>
</pin_list>
<bind>
<opset="tmp_12 "/>
</bind>
</comp>

<comp id="1132" class="1005" name="base_1_reg_1132">
<pin_list>
<pin id="1133" dir="0" index="0" bw="32" slack="0"/>
<pin id="1134" dir="1" index="1" bw="32" slack="0"/>
</pin_list>
<bind>
<opset="base_1 "/>
</bind>
</comp>

<comp id="1137" class="1005" name="tileSize_reg_1137">
<pin_list>
<pin id="1138" dir="0" index="0" bw="32" slack="1"/>
<pin id="1139" dir="1" index="1" bw="32" slack="1"/>
</pin_list>
<bind>
<opset="tileSize "/>
</bind>
</comp>

</comp_list>

<net_list>
<net id="205"><net_src comp="94" pin="0"/><net_sink comp="202" pin=0"/></net>

<net id="209"><net_src comp="94" pin="0"/><net_sink comp="206" pin=0"/></net>

<net id="213"><net_src comp="94" pin="0"/><net_sink comp="210" pin=0"/></net>

<net id="217"><net_src comp="94" pin="0"/><net_sink comp="214" pin=0"/></net>

<net id="221"><net_src comp="94" pin="0"/><net_sink comp="218" pin=0"/></net>

<net id="225"><net_src comp="94" pin="0"/><net_sink comp="222" pin=0"/></net>

<net id="229"><net_src comp="94" pin="0"/><net_sink comp="226" pin=0"/></net>

<net id="233"><net_src comp="94" pin="0"/><net_sink comp="230" pin=0"/></net>

<net id="237"><net_src comp="94" pin="0"/><net_sink comp="234" pin=0"/></net>

<net id="241"><net_src comp="94" pin="0"/><net_sink comp="238" pin=0"/></net>

<net id="245"><net_src comp="94" pin="0"/><net_sink comp="242" pin=0"/></net>

<net id="249"><net_src comp="94" pin="0"/><net_sink comp="246" pin=0"/></net>

<net id="253"><net_src comp="94" pin="0"/><net_sink comp="250" pin=0"/></net>

<net id="257"><net_src comp="94" pin="0"/><net_sink comp="254" pin=0"/></net>

<net id="261"><net_src comp="94" pin="0"/><net_sink comp="258" pin=0"/></net>

<net id="265"><net_src comp="94" pin="0"/><net_sink comp="262" pin=0"/></net>

<net id="269"><net_src comp="94" pin="0"/><net_sink comp="266" pin=0"/></net>

<net id="273"><net_src comp="94" pin="0"/><net_sink comp="270" pin=0"/></net>

<net id="277"><net_src comp="94" pin="0"/><net_sink comp="274" pin=0"/></net>

<net id="281"><net_src comp="94" pin="0"/><net_sink comp="278" pin=0"/></net>

<net id="285"><net_src comp="94" pin="0"/><net_sink comp="282" pin=0"/></net>

<net id="289"><net_src comp="94" pin="0"/><net_sink comp="286" pin=0"/></net>

<net id="293"><net_src comp="94" pin="0"/><net_sink comp="290" pin=0"/></net>

<net id="297"><net_src comp="94" pin="0"/><net_sink comp="294" pin=0"/></net>

<net id="301"><net_src comp="94" pin="0"/><net_sink comp="298" pin=0"/></net>

<net id="306"><net_src comp="90" pin="0"/><net_sink comp="302" pin=0"/></net>

<net id="307"><net_src comp="30" pin="0"/><net_sink comp="302" pin=1"/></net>

<net id="312"><net_src comp="90" pin="0"/><net_sink comp="308" pin=0"/></net>

<net id="313"><net_src comp="28" pin="0"/><net_sink comp="308" pin=1"/></net>

<net id="318"><net_src comp="90" pin="0"/><net_sink comp="314" pin=0"/></net>

<net id="319"><net_src comp="26" pin="0"/><net_sink comp="314" pin=1"/></net>

<net id="324"><net_src comp="90" pin="0"/><net_sink comp="320" pin=0"/></net>

<net id="325"><net_src comp="24" pin="0"/><net_sink comp="320" pin=1"/></net>

<net id="330"><net_src comp="90" pin="0"/><net_sink comp="326" pin=0"/></net>

<net id="331"><net_src comp="22" pin="0"/><net_sink comp="326" pin=1"/></net>

<net id="336"><net_src comp="90" pin="0"/><net_sink comp="332" pin=0"/></net>

<net id="337"><net_src comp="20" pin="0"/><net_sink comp="332" pin=1"/></net>

<net id="342"><net_src comp="92" pin="0"/><net_sink comp="338" pin=0"/></net>

<net id="343"><net_src comp="18" pin="0"/><net_sink comp="338" pin=1"/></net>

<net id="348"><net_src comp="92" pin="0"/><net_sink comp="344" pin=0"/></net>

<net id="349"><net_src comp="16" pin="0"/><net_sink comp="344" pin=1"/></net>

<net id="354"><net_src comp="92" pin="0"/><net_sink comp="350" pin=0"/></net>

<net id="355"><net_src comp="14" pin="0"/><net_sink comp="350" pin=1"/></net>

<net id="360"><net_src comp="92" pin="0"/><net_sink comp="356" pin=0"/></net>

<net id="361"><net_src comp="12" pin="0"/><net_sink comp="356" pin=1"/></net>

<net id="366"><net_src comp="92" pin="0"/><net_sink comp="362" pin=0"/></net>

<net id="367"><net_src comp="10" pin="0"/><net_sink comp="362" pin=1"/></net>

<net id="373"><net_src comp="124" pin="0"/><net_sink comp="368" pin=0"/></net>

<net id="374"><net_src comp="126" pin="0"/><net_sink comp="368" pin=2"/></net>

<net id="379"><net_src comp="128" pin="0"/><net_sink comp="375" pin=0"/></net>

<net id="385"><net_src comp="170" pin="0"/><net_sink comp="380" pin=1"/></net>

<net id="395"><net_src comp="380" pin="3"/><net_sink comp="386" pin=2"/></net>

<net id="399"><net_src comp="104" pin="0"/><net_sink comp="396" pin=0"/></net>

<net id="406"><net_src comp="396" pin="1"/><net_sink comp="400" pin=0"/></net>

<net id="407"><net_src comp="400" pin="4"/><net_sink comp="396" pin=0"/></net>

<net id="411"><net_src comp="40" pin="0"/><net_sink comp="408" pin=0"/></net>

<net id="418"><net_src comp="408" pin="1"/><net_sink comp="412" pin=2"/></net>

<net id="419"><net_src comp="412" pin="4"/><net_sink comp="408" pin=0"/></net>

<net id="456"><net_src comp="192" pin="0"/><net_sink comp="420" pin=0"/></net>

<net id="457"><net_src comp="6" pin="0"/><net_sink comp="420" pin=1"/></net>

<net id="483"><net_src comp="190" pin="0"/><net_sink comp="458" pin=0"/></net>

<net id="484"><net_src comp="0" pin="0"/><net_sink comp="458" pin=1"/></net>

<net id="485"><net_src comp="2" pin="0"/><net_sink comp="458" pin=2"/></net>

<net id="486"><net_src comp="408" pin="1"/><net_sink comp="458" pin=21"/></net>

<net id="502"><net_src comp="194" pin="0"/><net_sink comp="487" pin=0"/></net>

<net id="503"><net_src comp="8" pin="0"/><net_sink comp="487" pin=1"/></net>

<net id="504"><net_src comp="408" pin="1"/><net_sink comp="487" pin=11"/></net>

<net id="509"><net_src comp="130" pin="0"/><net_sink comp="505" pin=1"/></net>

<net id="513"><net_src comp="375" pin="2"/><net_sink comp="510" pin=0"/></net>

<net id="518"><net_src comp="400" pin="4"/><net_sink comp="514" pin=0"/></net>

<net id="519"><net_src comp="106" pin="0"/><net_sink comp="514" pin=1"/></net>

<net id="524"><net_src comp="400" pin="4"/><net_sink comp="520" pin=0"/></net>

<net id="525"><net_src comp="108" pin="0"/><net_sink comp="520" pin=1"/></net>

<net id="529"><net_src comp="400" pin="4"/><net_sink comp="526" pin=0"/></net>

<net id="534"><net_src comp="526" pin="1"/><net_sink comp="530" pin=0"/></net>

<net id="540"><net_src comp="114" pin="0"/><net_sink comp="535" pin=0"/></net>

<net id="541"><net_src comp="400" pin="4"/><net_sink comp="535" pin=1"/></net>

<net id="542"><net_src comp="116" pin="0"/><net_sink comp="535" pin=2"/></net>

<net id="546"><net_src comp="535" pin="3"/><net_sink comp="543" pin=0"/></net>

<net id="551"><net_src comp="543" pin="1"/><net_sink comp="547" pin=0"/></net>

<net id="558"><net_src comp="118" pin="0"/><net_sink comp="552" pin=0"/></net>

<net id="559"><net_src comp="547" pin="2"/><net_sink comp="552" pin=1"/></net>

<net id="560"><net_src comp="120" pin="0"/><net_sink comp="552" pin=2"/></net>

<net id="561"><net_src comp="122" pin="0"/><net_sink comp="552" pin=3"/></net>

<net id="569"><net_src comp="4" pin="0"/><net_sink comp="565" pin=0"/></net>

<net id="570"><net_src comp="562" pin="1"/><net_sink comp="565" pin=1"/></net>

<net id="571"><net_src comp="565" pin="2"/><net_sink comp="368" pin=1"/></net>

<net id="575"><net_src comp="510" pin="1"/><net_sink comp="572" pin=0"/></net>

<net id="576"><net_src comp="572" pin="1"/><net_sink comp="505" pin=0"/></net>

<net id="580"><net_src comp="510" pin="1"/><net_sink comp="577" pin=0"/></net>

<net id="581"><net_src comp="577" pin="1"/><net_sink comp="505" pin=0"/></net>

<net id="590"><net_src comp="132" pin="0"/><net_sink comp="585" pin=0"/></net>

<net id="591"><net_src comp="582" pin="1"/><net_sink comp="585" pin=1"/></net>

<net id="592"><net_src comp="122" pin="0"/><net_sink comp="585" pin=2"/></net>

<net id="599"><net_src comp="134" pin="0"/><net_sink comp="593" pin=0"/></net>

<net id="600"><net_src comp="582" pin="1"/><net_sink comp="593" pin=1"/></net>

<net id="601"><net_src comp="136" pin="0"/><net_sink comp="593" pin=2"/></net>

<net id="602"><net_src comp="138" pin="0"/><net_sink comp="593" pin=3"/></net>

<net id="606"><net_src comp="582" pin="1"/><net_sink comp="603" pin=0"/></net>

<net id="613"><net_src comp="140" pin="0"/><net_sink comp="607" pin=0"/></net>

<net id="614"><net_src comp="142" pin="0"/><net_sink comp="607" pin=1"/></net>

<net id="615"><net_src comp="603" pin="1"/><net_sink comp="607" pin=2"/></net>

<net id="616"><net_src comp="144" pin="0"/><net_sink comp="607" pin=3"/></net>

<net id="620"><net_src comp="607" pin="4"/><net_sink comp="617" pin=0"/></net>

<net id="624"><net_src comp="593" pin="4"/><net_sink comp="621" pin=0"/></net>

<net id="629"><net_src comp="621" pin="1"/><net_sink comp="625" pin=0"/></net>

<net id="630"><net_src comp="146" pin="0"/><net_sink comp="625" pin=1"/></net>

<net id="636"><net_src comp="148" pin="0"/><net_sink comp="631" pin=0"/></net>

<net id="637"><net_src comp="625" pin="2"/><net_sink comp="631" pin=1"/></net>

<net id="638"><net_src comp="150" pin="0"/><net_sink comp="631" pin=2"/></net>

<net id="643"><net_src comp="152" pin="0"/><net_sink comp="639" pin=0"/></net>

<net id="644"><net_src comp="593" pin="4"/><net_sink comp="639" pin=1"/></net>

<net id="648"><net_src comp="639" pin="2"/><net_sink comp="645" pin=0"/></net>

<net id="654"><net_src comp="631" pin="3"/><net_sink comp="649" pin=0"/></net>

<net id="655"><net_src comp="645" pin="1"/><net_sink comp="649" pin=1"/></net>

<net id="656"><net_src comp="625" pin="2"/><net_sink comp="649" pin=2"/></net>

<net id="660"><net_src comp="649" pin="3"/><net_sink comp="657" pin=0"/></net>

<net id="664"><net_src comp="657" pin="1"/><net_sink comp="661" pin=0"/></net>

<net id="669"><net_src comp="617" pin="1"/><net_sink comp="665" pin=0"/></net>

<net id="670"><net_src comp="661" pin="1"/><net_sink comp="665" pin=1"/></net>

<net id="675"><net_src comp="617" pin="1"/><net_sink comp="671" pin=0"/></net>

<net id="676"><net_src comp="661" pin="1"/><net_sink comp="671" pin=1"/></net>

<net id="682"><net_src comp="154" pin="0"/><net_sink comp="677" pin=0"/></net>

<net id="683"><net_src comp="665" pin="2"/><net_sink comp="677" pin=1"/></net>

<net id="684"><net_src comp="156" pin="0"/><net_sink comp="677" pin=2"/></net>

<net id="688"><net_src comp="677" pin="3"/><net_sink comp="685" pin=0"/></net>

<net id="695"><net_src comp="158" pin="0"/><net_sink comp="689" pin=0"/></net>

<net id="696"><net_src comp="671" pin="2"/><net_sink comp="689" pin=1"/></net>

<net id="697"><net_src comp="156" pin="0"/><net_sink comp="689" pin=2"/></net>

<net id="698"><net_src comp="160" pin="0"/><net_sink comp="689" pin=3"/></net>

<net id="704"><net_src comp="631" pin="3"/><net_sink comp="699" pin=0"/></net>

<net id="705"><net_src comp="685" pin="1"/><net_sink comp="699" pin=1"/></net>

<net id="706"><net_src comp="689" pin="4"/><net_sink comp="699" pin=2"/></net>

<net id="711"><net_src comp="40" pin="0"/><net_sink comp="707" pin=0"/></net>

<net id="717"><net_src comp="707" pin="2"/><net_sink comp="712" pin=1"/></net>

<net id="731"><net_src comp="134" pin="0"/><net_sink comp="725" pin=0"/></net>

<net id="732"><net_src comp="722" pin="1"/><net_sink comp="725" pin=1"/></net>

<net id="733"><net_src comp="136" pin="0"/><net_sink comp="725" pin=2"/></net>

<net id="734"><net_src comp="138" pin="0"/><net_sink comp="725" pin=3"/></net>

<net id="738"><net_src comp="722" pin="1"/><net_sink comp="735" pin=0"/></net>

<net id="745"><net_src comp="140" pin="0"/><net_sink comp="739" pin=0"/></net>

<net id="746"><net_src comp="142" pin="0"/><net_sink comp="739" pin=1"/></net>

<net id="747"><net_src comp="735" pin="1"/><net_sink comp="739" pin=2"/></net>

<net id="748"><net_src comp="144" pin="0"/><net_sink comp="739" pin=3"/></net>

<net id="752"><net_src comp="739" pin="4"/><net_sink comp="749" pin=0"/></net>

<net id="756"><net_src comp="725" pin="4"/><net_sink comp="753" pin=0"/></net>

<net id="761"><net_src comp="753" pin="1"/><net_sink comp="757" pin=0"/></net>

<net id="762"><net_src comp="146" pin="0"/><net_sink comp="757" pin=1"/></net>

<net id="768"><net_src comp="148" pin="0"/><net_sink comp="763" pin=0"/></net>

<net id="769"><net_src comp="757" pin="2"/><net_sink comp="763" pin=1"/></net>

<net id="770"><net_src comp="150" pin="0"/><net_sink comp="763" pin=2"/></net>

<net id="775"><net_src comp="152" pin="0"/><net_sink comp="771" pin=0"/></net>

<net id="776"><net_src comp="725" pin="4"/><net_sink comp="771" pin=1"/></net>

<net id="780"><net_src comp="771" pin="2"/><net_sink comp="777" pin=0"/></net>

<net id="786"><net_src comp="763" pin="3"/><net_sink comp="781" pin=0"/></net>

<net id="787"><net_src comp="777" pin="1"/><net_sink comp="781" pin=1"/></net>

<net id="788"><net_src comp="757" pin="2"/><net_sink comp="781" pin=2"/></net>

<net id="792"><net_src comp="781" pin="3"/><net_sink comp="789" pin=0"/></net>

<net id="796"><net_src comp="789" pin="1"/><net_sink comp="793" pin=0"/></net>

<net id="801"><net_src comp="749" pin="1"/><net_sink comp="797" pin=0"/></net>

<net id="802"><net_src comp="793" pin="1"/><net_sink comp="797" pin=1"/></net>

<net id="807"><net_src comp="749" pin="1"/><net_sink comp="803" pin=0"/></net>

<net id="808"><net_src comp="793" pin="1"/><net_sink comp="803" pin=1"/></net>

<net id="814"><net_src comp="154" pin="0"/><net_sink comp="809" pin=0"/></net>

<net id="815"><net_src comp="797" pin="2"/><net_sink comp="809" pin=1"/></net>

<net id="816"><net_src comp="156" pin="0"/><net_sink comp="809" pin=2"/></net>

<net id="820"><net_src comp="809" pin="3"/><net_sink comp="817" pin=0"/></net>

<net id="827"><net_src comp="158" pin="0"/><net_sink comp="821" pin=0"/></net>

<net id="828"><net_src comp="803" pin="2"/><net_sink comp="821" pin=1"/></net>

<net id="829"><net_src comp="156" pin="0"/><net_sink comp="821" pin=2"/></net>

<net id="830"><net_src comp="160" pin="0"/><net_sink comp="821" pin=3"/></net>

<net id="836"><net_src comp="763" pin="3"/><net_sink comp="831" pin=0"/></net>

<net id="837"><net_src comp="817" pin="1"/><net_sink comp="831" pin=1"/></net>

<net id="838"><net_src comp="821" pin="4"/><net_sink comp="831" pin=2"/></net>

<net id="844"><net_src comp="132" pin="0"/><net_sink comp="839" pin=0"/></net>

<net id="845"><net_src comp="122" pin="0"/><net_sink comp="839" pin=2"/></net>

<net id="850"><net_src comp="40" pin="0"/><net_sink comp="846" pin=0"/></net>

<net id="856"><net_src comp="839" pin="3"/><net_sink comp="851" pin=0"/></net>

<net id="857"><net_src comp="846" pin="2"/><net_sink comp="851" pin=1"/></net>

<net id="862"><net_src comp="851" pin="3"/><net_sink comp="858" pin=1"/></net>

<net id="870"><net_src comp="396" pin="1"/><net_sink comp="867" pin=0"/></net>

<net id="871"><net_src comp="867" pin="1"/><net_sink comp="380" pin=2"/></net>

<net id="877"><net_src comp="172" pin="0"/><net_sink comp="872" pin=0"/></net>

<net id="878"><net_src comp="174" pin="0"/><net_sink comp="872" pin=2"/></net>

<net id="883"><net_src comp="122" pin="0"/><net_sink comp="879" pin=1"/></net>

<net id="889"><net_src comp="172" pin="0"/><net_sink comp="884" pin=0"/></net>

<net id="890"><net_src comp="879" pin="2"/><net_sink comp="884" pin=1"/></net>

<net id="891"><net_src comp="174" pin="0"/><net_sink comp="884" pin=2"/></net>

<net id="896"><net_src comp="176" pin="0"/><net_sink comp="892" pin=0"/></net>

<net id="903"><net_src comp="178" pin="0"/><net_sink comp="897" pin=0"/></net>

<net id="904"><net_src comp="892" pin="2"/><net_sink comp="897" pin=1"/></net>

<net id="905"><net_src comp="180" pin="0"/><net_sink comp="897" pin=2"/></net>

<net id="906"><net_src comp="174" pin="0"/><net_sink comp="897" pin=3"/></net>

<net id="911"><net_src comp="182" pin="0"/><net_sink comp="907" pin=0"/></net>

<net id="912"><net_src comp="897" pin="4"/><net_sink comp="907" pin=1"/></net>

<net id="919"><net_src comp="178" pin="0"/><net_sink comp="913" pin=0"/></net>

<net id="920"><net_src comp="879" pin="2"/><net_sink comp="913" pin=1"/></net>

<net id="921"><net_src comp="180" pin="0"/><net_sink comp="913" pin=2"/></net>

<net id="922"><net_src comp="174" pin="0"/><net_sink comp="913" pin=3"/></net>

<net id="928"><net_src comp="884" pin="3"/><net_sink comp="923" pin=0"/></net>

<net id="929"><net_src comp="907" pin="2"/><net_sink comp="923" pin=1"/></net>

<net id="930"><net_src comp="913" pin="4"/><net_sink comp="923" pin=2"/></net>

<net id="936"><net_src comp="872" pin="3"/><net_sink comp="931" pin=0"/></net>

<net id="937"><net_src comp="182" pin="0"/><net_sink comp="931" pin=1"/></net>

<net id="938"><net_src comp="923" pin="3"/><net_sink comp="931" pin=2"/></net>

<net id="944"><net_src comp="184" pin="0"/><net_sink comp="939" pin=0"/></net>

<net id="945"><net_src comp="931" pin="3"/><net_sink comp="939" pin=1"/></net>

<net id="946"><net_src comp="186" pin="0"/><net_sink comp="939" pin=2"/></net>

<net id="951"><net_src comp="412" pin="4"/><net_sink comp="947" pin=0"/></net>

<net id="956"><net_src comp="412" pin="4"/><net_sink comp="952" pin=0"/></net>

<net id="957"><net_src comp="188" pin="0"/><net_sink comp="952" pin=1"/></net>

<net id="962"><net_src comp="952" pin="2"/><net_sink comp="958" pin=0"/></net>

<net id="967"><net_src comp="412" pin="4"/><net_sink comp="963" pin=1"/></net>

<net id="973"><net_src comp="958" pin="2"/><net_sink comp="968" pin=0"/></net>

<net id="974"><net_src comp="963" pin="2"/><net_sink comp="968" pin=1"/></net>

<net id="975"><net_src comp="188" pin="0"/><net_sink comp="968" pin=2"/></net>

<net id="979"><net_src comp="302" pin="2"/><net_sink comp="976" pin=0"/></net>

<net id="980"><net_src comp="976" pin="1"/><net_sink comp="487" pin=2"/></net>

<net id="984"><net_src comp="308" pin="2"/><net_sink comp="981" pin=0"/></net>

<net id="985"><net_src comp="981" pin="1"/><net_sink comp="420" pin=24"/></net>

<net id="989"><net_src comp="314" pin="2"/><net_sink comp="986" pin=0"/></net>

<net id="990"><net_src comp="986" pin="1"/><net_sink comp="547" pin=1"/></net>

<net id="994"><net_src comp="320" pin="2"/><net_sink comp="991" pin=0"/></net>

<net id="995"><net_src comp="991" pin="1"/><net_sink comp="458" pin=4"/></net>

<net id="999"><net_src comp="326" pin="2"/><net_sink comp="996" pin=0"/></net>

<net id="1000"><net_src comp="996" pin="1"/><net_sink comp="458" pin=3"/></net>

<net id="1004"><net_src comp="332" pin="2"/><net_sink comp="1001" pin=0"/></net>

<net id="1005"><net_src comp="1001" pin="1"/><net_sink comp="420" pin=23"/></net>

<net id="1009"><net_src comp="338" pin="2"/><net_sink comp="1006" pin=0"/></net>

<net id="1010"><net_src comp="1006" pin="1"/><net_sink comp="420" pin=22"/></net>

<net id="1014"><net_src comp="344" pin="2"/><net_sink comp="1011" pin=0"/></net>

<net id="1015"><net_src comp="1011" pin="1"/><net_sink comp="863" pin=1"/></net>

<net id="1016"><net_src comp="1011" pin="1"/><net_sink comp="420" pin=21"/></net>

<net id="1020"><net_src comp="350" pin="2"/><net_sink comp="1017" pin=0"/></net>

<net id="1021"><net_src comp="1017" pin="1"/><net_sink comp="718" pin=1"/></net>

<net id="1022"><net_src comp="1017" pin="1"/><net_sink comp="420" pin=20"/></net>

<net id="1026"><net_src comp="356" pin="2"/><net_sink comp="1023" pin=0"/></net>

<net id="1027"><net_src comp="1023" pin="1"/><net_sink comp="530" pin=1"/></net>

<net id="1028"><net_src comp="1023" pin="1"/><net_sink comp="420" pin=19"/></net>

<net id="1032"><net_src comp="362" pin="2"/><net_sink comp="1029" pin=0"/></net>

<net id="1033"><net_src comp="1029" pin="1"/><net_sink comp="872" pin=1"/></net>

<net id="1034"><net_src comp="1029" pin="1"/><net_sink comp="879" pin=0"/></net>

<net id="1035"><net_src comp="1029" pin="1"/><net_sink comp="892" pin=1"/></net>

<net id="1036"><net_src comp="1029" pin="1"/><net_sink comp="958" pin=1"/></net>

<net id="1037"><net_src comp="1029" pin="1"/><net_sink comp="963" pin=0"/></net>

<net id="1041"><net_src comp="514" pin="2"/><net_sink comp="1038" pin=0"/></net>

<net id="1042"><net_src comp="1038" pin="1"/><net_sink comp="400" pin=2"/></net>

<net id="1046"><net_src comp="520" pin="2"/><net_sink comp="1043" pin=0"/></net>

<net id="1050"><net_src comp="530" pin="2"/><net_sink comp="1047" pin=0"/></net>

<net id="1054"><net_src comp="552" pin="4"/><net_sink comp="1051" pin=0"/></net>

<net id="1055"><net_src comp="1051" pin="1"/><net_sink comp="562" pin=0"/></net>

<net id="1059"><net_src comp="565" pin="2"/><net_sink comp="1056" pin=0"/></net>

<net id="1060"><net_src comp="1056" pin="1"/><net_sink comp="368" pin=1"/></net>

<net id="1061"><net_src comp="1056" pin="1"/><net_sink comp="375" pin=1"/></net>

<net id="1065"><net_src comp="572" pin="1"/><net_sink comp="1062" pin=0"/></net>

<net id="1066"><net_src comp="1062" pin="1"/><net_sink comp="505" pin=0"/></net>

<net id="1070"><net_src comp="577" pin="1"/><net_sink comp="1067" pin=0"/></net>

<net id="1071"><net_src comp="1067" pin="1"/><net_sink comp="505" pin=0"/></net>

<net id="1075"><net_src comp="505" pin="2"/><net_sink comp="1072" pin=0"/></net>

<net id="1076"><net_src comp="1072" pin="1"/><net_sink comp="722" pin=0"/></net>

<net id="1080"><net_src comp="505" pin="2"/><net_sink comp="1077" pin=0"/></net>

<net id="1081"><net_src comp="1077" pin="1"/><net_sink comp="582" pin=0"/></net>

<net id="1085"><net_src comp="585" pin="3"/><net_sink comp="1082" pin=0"/></net>

<net id="1086"><net_src comp="1082" pin="1"/><net_sink comp="712" pin=0"/></net>

<net id="1090"><net_src comp="699" pin="3"/><net_sink comp="1087" pin=0"/></net>

<net id="1091"><net_src comp="1087" pin="1"/><net_sink comp="707" pin=1"/></net>

<net id="1092"><net_src comp="1087" pin="1"/><net_sink comp="712" pin=2"/></net>

<net id="1096"><net_src comp="712" pin="3"/><net_sink comp="1093" pin=0"/></net>

<net id="1097"><net_src comp="1093" pin="1"/><net_sink comp="718" pin=0"/></net>

<net id="1101"><net_src comp="722" pin="1"/><net_sink comp="1098" pin=0"/></net>

<net id="1102"><net_src comp="1098" pin="1"/><net_sink comp="839" pin=1"/></net>

<net id="1106"><net_src comp="831" pin="3"/><net_sink comp="1103" pin=0"/></net>

<net id="1107"><net_src comp="1103" pin="1"/><net_sink comp="846" pin=1"/></net>

<net id="1108"><net_src comp="1103" pin="1"/><net_sink comp="851" pin=2"/></net>

<net id="1112"><net_src comp="718" pin="2"/><net_sink comp="1109" pin=0"/></net>

<net id="1113"><net_src comp="1109" pin="1"/><net_sink comp="858" pin=0"/></net>

<net id="1117"><net_src comp="858" pin="2"/><net_sink comp="1114" pin=0"/></net>

<net id="1118"><net_src comp="1114" pin="1"/><net_sink comp="863" pin=0"/></net>

<net id="1122"><net_src comp="863" pin="2"/><net_sink comp="1119" pin=0"/></net>

<net id="1123"><net_src comp="1119" pin="1"/><net_sink comp="386" pin=4"/></net>

<net id="1127"><net_src comp="939" pin="3"/><net_sink comp="1124" pin=0"/></net>

<net id="1128"><net_src comp="1124" pin="1"/><net_sink comp="947" pin=1"/></net>

<net id="1135"><net_src comp="952" pin="2"/><net_sink comp="1132" pin=0"/></net>

<net id="1136"><net_src comp="1132" pin="1"/><net_sink comp="412" pin=0"/></net>

<net id="1140"><net_src comp="968" pin="3"/><net_sink comp="1137" pin=0"/></net>

<net id="1141"><net_src comp="1137" pin="1"/><net_sink comp="458" pin=22"/></net>

<net id="1142"><net_src comp="1137" pin="1"/><net_sink comp="420" pin=33"/></net>

<net id="1143"><net_src comp="1137" pin="1"/><net_sink comp="487" pin=12"/></net>

</net_list>

</model> 
---------------- Datapath Model END ------------------

* FSMD analyzer results:
  - Output states:
	Port: gmem4 | {34 35 }
 - Input state : 
	Port: likelihood_kernel : gmem0 | {30 31 }
	Port: likelihood_kernel : gmem1 | {30 31 }
	Port: likelihood_kernel : gmem2 | {3 4 5 6 7 8 9 10 11 }
	Port: likelihood_kernel : gmem3 | {32 33 }
	Port: likelihood_kernel : Nparticles | {1 }
	Port: likelihood_kernel : countOnes | {1 }
	Port: likelihood_kernel : IszY | {1 }
	Port: likelihood_kernel : Nfr | {1 }
	Port: likelihood_kernel : k | {1 }
	Port: likelihood_kernel : max_size | {1 }
	Port: likelihood_kernel : arrayX | {1 }
	Port: likelihood_kernel : arrayY | {1 }
	Port: likelihood_kernel : objxy | {1 }
	Port: likelihood_kernel : I | {1 }
	Port: likelihood_kernel : likelihood | {1 }
  - Chain level:
	State 1
		specmemcore_ln210 : 1
		specmemcore_ln212 : 1
		specmemcore_ln213 : 1
		specmemcore_ln214 : 1
	State 2
		add_ln46 : 1
		icmp_ln46 : 1
		br_ln46 : 2
		zext_ln46_1 : 1
		icmp_ln49 : 2
		br_ln49 : 3
		shl_ln : 1
		zext_ln50 : 2
		add_ln50 : 3
		trunc_ln : 4
	State 3
		gmem2_addr : 1
		empty : 2
	State 4
	State 5
	State 6
	State 7
	State 8
	State 9
	State 10
	State 11
		dc : 1
	State 12
		dc_1 : 1
	State 13
	State 14
	State 15
	State 16
	State 17
	State 18
	State 19
	State 20
		p_Result_1 : 1
		tmp_26 : 1
		tmp_27 : 1
		mantissa_1 : 2
		zext_ln15_1 : 3
		zext_ln510_1 : 2
		add_ln510_1 : 3
		isNeg_1 : 4
		sub_ln1311_1 : 2
		sext_ln1311_1 : 3
		ush_1 : 5
		sh_prom_i_i_i_i_i_i32_cast_cast_cast : 6
		sh_prom_i_i_i_i_i_i32_cast_cast_cast_cast : 7
		r_V_2 : 8
		r_V_3 : 8
		tmp_23 : 9
		zext_ln662_1 : 10
		tmp_8 : 9
		val_1 : 11
	State 21
		result_V_7 : 1
	State 22
	State 23
		tmp_24 : 1
		tmp_25 : 1
		mantissa : 2
		zext_ln15 : 3
		zext_ln510 : 2
		add_ln510 : 3
		isNeg : 4
		sub_ln1311 : 2
		sext_ln1311 : 3
		ush : 5
		sh_prom_i_i_i_i_i_i_cast_cast_cast : 6
		sh_prom_i_i_i_i_i_i_cast_cast_cast_cast : 7
		r_V : 8
		r_V_1 : 8
		tmp_17 : 9
		zext_ln662 : 10
		tmp_5 : 9
		val : 11
	State 24
		result_V : 1
		add_ln52 : 2
	State 25
	State 26
	State 27
		buffer_obj_offsets_addr : 1
		store_ln52 : 2
	State 28
		tmp_7 : 1
		p_lshr : 1
		sub_ln225_1 : 2
		tmp_10 : 1
		select_ln225 : 3
		select_ln225_1 : 4
		tmp_12 : 5
	State 29
		icmp_ln225 : 1
		br_ln225 : 2
		base_1 : 1
		icmp_ln230 : 2
		sub_ln231 : 1
		tileSize : 3
	State 30
	State 31
	State 32
	State 33
	State 34
	State 35


============================================================
+ Verbose Summary: Datapath Resource usage 
============================================================

* Functional unit list:
|----------|--------------------------------------------------|---------|---------|---------|---------|
| Operation|                  Functional Unit                 |   DSP   |  Delay  |    FF   |   LUT   |
|----------|--------------------------------------------------|---------|---------|---------|---------|
|          |           grp_compute_likelihood_fu_420          |    11   | 8.96671 |   2959  |   2599  |
|   call   |             grp_load_particles_fu_458            |    0    |  4.257  |   3939  |   727   |
|          |            grp_store_likelihood_fu_487           |    0    |   3.87  |   1277  |   1134  |
|----------|--------------------------------------------------|---------|---------|---------|---------|
|   dadd   |                    grp_fu_505                    |    3    |    0    |   685   |   635   |
|----------|--------------------------------------------------|---------|---------|---------|---------|
|    mul   |                    grp_fu_718                    |    0    |    0    |   165   |    49   |
|          |                    grp_fu_863                    |    0    |    0    |   165   |    49   |
|----------|--------------------------------------------------|---------|---------|---------|---------|
|   lshr   |                   r_V_2_fu_665                   |    0    |    0    |    0    |   161   |
|          |                    r_V_fu_797                    |    0    |    0    |    0    |   161   |
|----------|--------------------------------------------------|---------|---------|---------|---------|
|    shl   |                   r_V_3_fu_671                   |    0    |    0    |    0    |   161   |
|          |                   r_V_1_fu_803                   |    0    |    0    |    0    |   161   |
|----------|--------------------------------------------------|---------|---------|---------|---------|
|          |                  add_ln46_fu_514                 |    0    |    0    |    0    |    14   |
|          |                  add_ln50_fu_547                 |    0    |    0    |    0    |    71   |
|          |                add_ln510_1_fu_625                |    0    |    0    |    0    |    18   |
|    add   |                 add_ln510_fu_757                 |    0    |    0    |    0    |    18   |
|          |                  add_ln52_fu_858                 |    0    |    0    |    0    |    39   |
|          |                 add_ln225_fu_879                 |    0    |    0    |    0    |    39   |
|          |                   base_1_fu_952                  |    0    |    0    |    0    |    39   |
|----------|--------------------------------------------------|---------|---------|---------|---------|
|          |                   ush_1_fu_649                   |    0    |    0    |    0    |    12   |
|          |                   val_1_fu_699                   |    0    |    0    |    0    |    32   |
|          |                 result_V_7_fu_712                |    0    |    0    |    0    |    32   |
|          |                    ush_fu_781                    |    0    |    0    |    0    |    12   |
|  select  |                    val_fu_831                    |    0    |    0    |    0    |    32   |
|          |                  result_V_fu_851                 |    0    |    0    |    0    |    32   |
|          |                select_ln225_fu_923               |    0    |    0    |    0    |    26   |
|          |               select_ln225_1_fu_931              |    0    |    0    |    0    |    26   |
|          |                  tileSize_fu_968                 |    0    |    0    |    0    |    32   |
|----------|--------------------------------------------------|---------|---------|---------|---------|
|          |                sub_ln1311_1_fu_639               |    0    |    0    |    0    |    18   |
|          |                 result_V_6_fu_707                |    0    |    0    |    0    |    39   |
|          |                 sub_ln1311_fu_771                |    0    |    0    |    0    |    18   |
|    sub   |                 result_V_2_fu_846                |    0    |    0    |    0    |    39   |
|          |                 sub_ln225_fu_892                 |    0    |    0    |    0    |    39   |
|          |                sub_ln225_1_fu_907                |    0    |    0    |    0    |    33   |
|          |                 sub_ln231_fu_963                 |    0    |    0    |    0    |    39   |
|----------|--------------------------------------------------|---------|---------|---------|---------|
|          |                 icmp_ln46_fu_520                 |    0    |    0    |    0    |    10   |
|   icmp   |                 icmp_ln49_fu_530                 |    0    |    0    |    0    |    20   |
|          |                 icmp_ln225_fu_947                |    0    |    0    |    0    |    20   |
|          |                 icmp_ln230_fu_958                |    0    |    0    |    0    |    20   |
|----------|--------------------------------------------------|---------|---------|---------|---------|
|          |            likelihood_read_read_fu_302           |    0    |    0    |    0    |    0    |
|          |                I_read_read_fu_308                |    0    |    0    |    0    |    0    |
|          |              objxy_read_read_fu_314              |    0    |    0    |    0    |    0    |
|          |              arrayY_read_read_fu_320             |    0    |    0    |    0    |    0    |
|          |              arrayX_read_read_fu_326             |    0    |    0    |    0    |    0    |
|   read   |             max_size_read_read_fu_332            |    0    |    0    |    0    |    0    |
|          |                k_read_read_fu_338                |    0    |    0    |    0    |    0    |
|          |               Nfr_read_read_fu_344               |    0    |    0    |    0    |    0    |
|          |               IszY_read_read_fu_350              |    0    |    0    |    0    |    0    |
|          |            countOnes_read_read_fu_356            |    0    |    0    |    0    |    0    |
|          |            Nparticles_read_read_fu_362           |    0    |    0    |    0    |    0    |
|          |                  grp_read_fu_375                 |    0    |    0    |    0    |    0    |
|----------|--------------------------------------------------|---------|---------|---------|---------|
|  readreq |                grp_readreq_fu_368                |    0    |    0    |    0    |    0    |
|----------|--------------------------------------------------|---------|---------|---------|---------|
|          |                zext_ln46_1_fu_526                |    0    |    0    |    0    |    0    |
|          |                 zext_ln50_fu_543                 |    0    |    0    |    0    |    0    |
|          |                zext_ln15_1_fu_617                |    0    |    0    |    0    |    0    |
|          |                zext_ln510_1_fu_621               |    0    |    0    |    0    |    0    |
|          | sh_prom_i_i_i_i_i_i32_cast_cast_cast_cast_fu_661 |    0    |    0    |    0    |    0    |
|   zext   |                zext_ln662_1_fu_685               |    0    |    0    |    0    |    0    |
|          |                 zext_ln15_fu_749                 |    0    |    0    |    0    |    0    |
|          |                 zext_ln510_fu_753                |    0    |    0    |    0    |    0    |
|          |  sh_prom_i_i_i_i_i_i_cast_cast_cast_cast_fu_793  |    0    |    0    |    0    |    0    |
|          |                 zext_ln662_fu_817                |    0    |    0    |    0    |    0    |
|          |                 zext_ln46_fu_867                 |    0    |    0    |    0    |    0    |
|----------|--------------------------------------------------|---------|---------|---------|---------|
|          |                   shl_ln_fu_535                  |    0    |    0    |    0    |    0    |
|bitconcatenate|                 mantissa_1_fu_607                |    0    |    0    |    0    |    0    |
|          |                  mantissa_fu_739                 |    0    |    0    |    0    |    0    |
|          |                   tmp_12_fu_939                  |    0    |    0    |    0    |    0    |
|----------|--------------------------------------------------|---------|---------|---------|---------|
|          |                  trunc_ln_fu_552                 |    0    |    0    |    0    |    0    |
|          |                   tmp_26_fu_593                  |    0    |    0    |    0    |    0    |
|          |                   tmp_8_fu_689                   |    0    |    0    |    0    |    0    |
|partselect|                   tmp_24_fu_725                  |    0    |    0    |    0    |    0    |
|          |                   tmp_5_fu_821                   |    0    |    0    |    0    |    0    |
|          |                   p_lshr_fu_897                  |    0    |    0    |    0    |    0    |
|          |                   tmp_10_fu_913                  |    0    |    0    |    0    |    0    |
|----------|--------------------------------------------------|---------|---------|---------|---------|
|          |                 sext_ln50_fu_562                 |    0    |    0    |    0    |    0    |
|          |               sext_ln1311_1_fu_645               |    0    |    0    |    0    |    0    |
|   sext   |    sh_prom_i_i_i_i_i_i32_cast_cast_cast_fu_657   |    0    |    0    |    0    |    0    |
|          |                sext_ln1311_fu_777                |    0    |    0    |    0    |    0    |
|          |     sh_prom_i_i_i_i_i_i_cast_cast_cast_fu_789    |    0    |    0    |    0    |    0    |
|----------|--------------------------------------------------|---------|---------|---------|---------|
|          |                 p_Result_1_fu_585                |    0    |    0    |    0    |    0    |
|          |                  isNeg_1_fu_631                  |    0    |    0    |    0    |    0    |
|          |                   tmp_23_fu_677                  |    0    |    0    |    0    |    0    |
| bitselect|                   isNeg_fu_763                   |    0    |    0    |    0    |    0    |
|          |                   tmp_17_fu_809                  |    0    |    0    |    0    |    0    |
|          |                 p_Result_s_fu_839                |    0    |    0    |    0    |    0    |
|          |                    tmp_fu_872                    |    0    |    0    |    0    |    0    |
|          |                   tmp_7_fu_884                   |    0    |    0    |    0    |    0    |
|----------|--------------------------------------------------|---------|---------|---------|---------|
|   trunc  |                   tmp_27_fu_603                  |    0    |    0    |    0    |    0    |
|          |                   tmp_25_fu_735                  |    0    |    0    |    0    |    0    |
|----------|--------------------------------------------------|---------|---------|---------|---------|
|   Total  |                                                  |    14   | 17.0937 |   9190  |   6606  |
|----------|--------------------------------------------------|---------|---------|---------|---------|

Memories:
+-------------------+--------+--------+--------+
|                   |  BRAM  |   FF   |   LUT  |
+-------------------+--------+--------+--------+
|     buffer_X_0    |    2   |    0   |    0   |
|     buffer_X_1    |    2   |    0   |    0   |
|     buffer_X_2    |    2   |    0   |    0   |
|     buffer_X_3    |    2   |    0   |    0   |
|     buffer_X_4    |    2   |    0   |    0   |
|     buffer_X_5    |    2   |    0   |    0   |
|     buffer_X_6    |    2   |    0   |    0   |
|     buffer_X_7    |    2   |    0   |    0   |
|     buffer_Y_0    |    2   |    0   |    0   |
|     buffer_Y_1    |    2   |    0   |    0   |
|     buffer_Y_2    |    2   |    0   |    0   |
|     buffer_Y_3    |    2   |    0   |    0   |
|     buffer_Y_4    |    2   |    0   |    0   |
|     buffer_Y_5    |    2   |    0   |    0   |
|     buffer_Y_6    |    2   |    0   |    0   |
|     buffer_Y_7    |    2   |    0   |    0   |
|buffer_likelihood_0|    2   |    0   |    0   |
|buffer_likelihood_1|    2   |    0   |    0   |
|buffer_likelihood_2|    2   |    0   |    0   |
|buffer_likelihood_3|    2   |    0   |    0   |
|buffer_likelihood_4|    2   |    0   |    0   |
|buffer_likelihood_5|    2   |    0   |    0   |
|buffer_likelihood_6|    2   |    0   |    0   |
|buffer_likelihood_7|    2   |    0   |    0   |
| buffer_obj_offsets|    1   |    0   |    0   |
+-------------------+--------+--------+--------+
|       Total       |   49   |    0   |    0   |
+-------------------+--------+--------+--------+

* Register list:
+------------------------+--------+
|                        |   FF   |
+------------------------+--------+
|     I_read_reg_981     |   64   |
|   IszY_read_reg_1017   |   32   |
|    Nfr_read_reg_1011   |   32   |
|Nparticles_read_reg_1029|   32   |
|    add_ln46_reg_1038   |    7   |
|    add_ln52_reg_1114   |   32   |
|   arrayX_read_reg_996  |   64   |
|   arrayY_read_reg_991  |   64   |
|     base_1_reg_1132    |   32   |
|      base_reg_408      |   32   |
| bitcast_ln50_1_reg_1067|   64   |
|  bitcast_ln50_reg_1062 |   64   |
| countOnes_read_reg_1023|   32   |
|     data_V_reg_1098    |   64   |
|      dc_1_reg_1077     |   64   |
|       dc_reg_1072      |   64   |
|   gmem2_addr_reg_1056  |   64   |
|        i_reg_396       |    7   |
|   icmp_ln46_reg_1043   |    1   |
|   icmp_ln49_reg_1047   |    1   |
|     k_read_reg_1006    |   32   |
| likelihood_read_reg_976|   64   |
| max_size_read_reg_1001 |   64   |
|   mul_ln52_1_reg_1119  |   32   |
|    mul_ln52_reg_1109   |   32   |
|   objxy_read_reg_986   |   64   |
|   p_Result_1_reg_1082  |    1   |
|         reg_510        |   64   |
|   result_V_7_reg_1093  |   32   |
|    tileSize_reg_1137   |   32   |
|     tmp_12_reg_1124    |   32   |
|    trunc_ln_reg_1051   |   61   |
|     val_1_reg_1087     |   32   |
|      val_reg_1103      |   32   |
+------------------------+--------+
|          Total         |  1390  |
+------------------------+--------+

* Multiplexer (MUX) list: 
|--------------------|------|------|------|--------||---------||---------|
|        Comp        |  Pin | Size |  BW  | S x BW ||  Delay  ||   LUT   |
|--------------------|------|------|------|--------||---------||---------|
| grp_readreq_fu_368 |  p1  |   2  |  64  |   128  ||    9    |
|      i_reg_396     |  p0  |   2  |   7  |   14   ||    9    |
|    base_reg_408    |  p0  |   2  |  32  |   64   ||    9    |
|     grp_fu_505     |  p0  |   4  |  64  |   256  ||    20   |
|--------------------|------|------|------|--------||---------||---------|
|        Total       |      |      |      |   462  || 1.61371 ||    47   |
|--------------------|------|------|------|--------||---------||---------|



* Summary:
+-----------+--------+--------+--------+--------+--------+
|           |  BRAM  |   DSP  |  Delay |   FF   |   LUT  |
+-----------+--------+--------+--------+--------+--------+
|  Function |    -   |   14   |   17   |  9190  |  6606  |
|   Memory  |   49   |    -   |    -   |    0   |    0   |
|Multiplexer|    -   |    -   |    1   |    -   |   47   |
|  Register |    -   |    -   |    -   |  1390  |    -   |
+-----------+--------+--------+--------+--------+--------+
|   Total   |   49   |   14   |   18   |  10580 |  6653  |
+-----------+--------+--------+--------+--------+--------+
