

================================================================
== Vitis HLS Report for 'likelihood_kernel'
================================================================
* Date:           Sun Mar 22 20:49:48 2026

* Version:        2020.2 (Build 3064766 on Wed Nov 18 09:12:47 MST 2020)
* Project:        likelihood_memopt.prj
* Solution:       solution1 (Vivado IP Flow Target)
* Product family: virtexuplus
* Target device:  xcu50-fsvh2104-2-e


================================================================
== Performance Estimates
================================================================
+ Timing: 
    * Summary: 
    +--------+---------+----------+------------+
    |  Clock |  Target | Estimated| Uncertainty|
    +--------+---------+----------+------------+
    |ap_clk  |  3.33 ns|  2.431 ns|     0.90 ns|
    +--------+---------+----------+------------+

+ Latency: 
    * Summary: 
    +---------+---------+----------+----------+-----+-----+---------+
    |  Latency (cycles) |  Latency (absolute) |  Interval | Pipeline|
    |   min   |   max   |    min   |    max   | min | max |   Type  |
    +---------+---------+----------+----------+-----+-----+---------+
    |        ?|        ?|         ?|         ?|    ?|    ?|     none|
    +---------+---------+----------+----------+-----+-----+---------+

    + Detail: 
        * Instance: 
        N/A

        * Loop: 
        +-----------------------------+---------+---------+-----------+-----------+-----------+---------+----------+
        |                             |  Latency (cycles) | Iteration |  Initiation Interval  |   Trip  |          |
        |          Loop Name          |   min   |   max   |  Latency  |  achieved |   target  |  Count  | Pipelined|
        +-----------------------------+---------+---------+-----------+-----------+-----------+---------+----------+
        |- loadObjxy                  |      168|      168|         10|          1|          1|      160|       yes|
        |- Particle_loop              |        ?|        ?|          ?|          -|          -|       32|        no|
        | + computeParticles          |    12288|    12928|  192 ~ 202|          -|          -|       64|        no|
        |  ++ accumulatePoints        |      147|      157|         79|          1|          1|  70 ~ 80|       yes|
        | + storeLikelihoodWide       |        9|        9|          3|          1|          1|        8|       yes|
        | + storeLikelihoodRemainder  |        ?|        ?|          9|          1|          1|        ?|       yes|
        +-----------------------------+---------+---------+-----------+-----------+-----------+---------+----------+

============================================================
+ Verbose Summary: Synthesis Manager
============================================================
InlineROM: 1
ExposeGlobal: 0
============================================================
+ Verbose Summary: CDFG Model
============================================================
IsTopModel: 1
ResetActiveHigh: 1
IsCombinational: 0
IsDatapathOnly: 0
HasWiredReturn: 1
HasMFsm: 0
HasVarLatency: 1
IsPipeline: 0
IsRtlPipelined: 0
IsInstanceOverlapped: 0
IsDontTouch: 0
HasImplIP: 0
IsGatedGlobalClock: 0

+ Individual pipeline summary: 
  * Pipeline-0: initiation interval (II) = 1, depth = 10
  * Pipeline-1: initiation interval (II) = 1, depth = 79
  * Pipeline-2: initiation interval (II) = 1, depth = 3
  * Pipeline-3: initiation interval (II) = 1, depth = 9


============================================================
+ Verbose Summary: Schedule
============================================================
* Number of FSM states : 241
* Pipeline : 4
  Pipeline-0 : II = 1, D = 10, States = { 2 3 4 5 6 7 8 9 10 11 }
  Pipeline-1 : II = 1, D = 79, States = { 112 113 114 115 116 117 118 119 120 121 122 123 124 125 126 127 128 129 130 131 132 133 134 135 136 137 138 139 140 141 142 143 144 145 146 147 148 149 150 151 152 153 154 155 156 157 158 159 160 161 162 163 164 165 166 167 168 169 170 171 172 173 174 175 176 177 178 179 180 181 182 183 184 185 186 187 188 189 190 }
  Pipeline-2 : II = 1, D = 3, States = { 224 225 226 }
  Pipeline-3 : II = 1, D = 9, States = { 232 233 234 235 236 237 238 239 240 }
* Dataflow Pipeline: 0

* FSM state transitions: 
1 --> 2 
2 --> 12 3 
3 --> 4 
4 --> 5 
5 --> 6 
6 --> 7 
7 --> 8 
8 --> 9 
9 --> 10 
10 --> 11 
11 --> 2 
12 --> 13 
13 --> 14 
14 --> 15 
15 --> 16 
16 --> 17 
17 --> 18 
18 --> 19 
19 --> 20 29 
20 --> 21 
21 --> 22 
22 --> 23 
23 --> 24 
24 --> 25 
25 --> 26 
26 --> 27 
27 --> 28 
28 --> 29 
29 --> 30 39 
30 --> 31 
31 --> 32 
32 --> 33 
33 --> 34 
34 --> 35 
35 --> 36 
36 --> 37 
37 --> 38 
38 --> 39 
39 --> 40 49 
40 --> 41 
41 --> 42 
42 --> 43 
43 --> 44 
44 --> 45 
45 --> 46 
46 --> 47 
47 --> 48 
48 --> 49 
49 --> 50 59 
50 --> 51 
51 --> 52 
52 --> 53 
53 --> 54 
54 --> 55 
55 --> 56 
56 --> 57 
57 --> 58 
58 --> 59 
59 --> 60 69 
60 --> 61 
61 --> 62 
62 --> 63 
63 --> 64 
64 --> 65 
65 --> 66 
66 --> 67 
67 --> 68 
68 --> 69 
69 --> 70 79 
70 --> 71 
71 --> 72 
72 --> 73 
73 --> 74 
74 --> 75 
75 --> 76 
76 --> 77 
77 --> 78 
78 --> 79 
79 --> 80 89 
80 --> 81 
81 --> 82 
82 --> 83 
83 --> 84 
84 --> 85 
85 --> 86 
86 --> 87 
87 --> 88 
88 --> 89 
89 --> 90 99 
90 --> 91 
91 --> 92 
92 --> 93 
93 --> 94 
94 --> 95 
95 --> 96 
96 --> 97 
97 --> 98 
98 --> 99 
99 --> 100 
100 --> 101 223 
101 --> 102 
102 --> 103 
103 --> 104 
104 --> 105 
105 --> 106 
106 --> 107 
107 --> 108 
108 --> 109 
109 --> 110 
110 --> 111 
111 --> 112 
112 --> 191 113 
113 --> 114 
114 --> 115 
115 --> 116 
116 --> 117 
117 --> 118 
118 --> 119 
119 --> 120 
120 --> 121 
121 --> 122 
122 --> 123 
123 --> 124 
124 --> 125 
125 --> 126 
126 --> 127 
127 --> 128 
128 --> 129 
129 --> 130 
130 --> 131 
131 --> 132 
132 --> 133 
133 --> 134 
134 --> 135 
135 --> 136 
136 --> 137 
137 --> 138 
138 --> 139 
139 --> 140 
140 --> 141 
141 --> 142 
142 --> 143 
143 --> 144 
144 --> 145 
145 --> 146 
146 --> 147 
147 --> 148 
148 --> 149 
149 --> 150 
150 --> 151 
151 --> 152 
152 --> 153 
153 --> 154 
154 --> 155 
155 --> 156 
156 --> 157 
157 --> 158 
158 --> 159 
159 --> 160 
160 --> 161 
161 --> 162 
162 --> 163 
163 --> 164 
164 --> 165 
165 --> 166 
166 --> 167 
167 --> 168 
168 --> 169 
169 --> 170 
170 --> 171 
171 --> 172 
172 --> 173 
173 --> 174 
174 --> 175 
175 --> 176 
176 --> 177 
177 --> 178 
178 --> 179 
179 --> 180 
180 --> 181 
181 --> 182 
182 --> 183 
183 --> 184 
184 --> 185 
185 --> 186 
186 --> 187 
187 --> 188 
188 --> 189 
189 --> 190 
190 --> 112 
191 --> 192 
192 --> 193 
193 --> 194 
194 --> 195 
195 --> 196 
196 --> 197 
197 --> 198 
198 --> 199 
199 --> 200 
200 --> 201 
201 --> 202 
202 --> 203 
203 --> 204 
204 --> 205 
205 --> 206 
206 --> 207 
207 --> 208 
208 --> 209 
209 --> 210 
210 --> 211 
211 --> 212 
212 --> 213 
213 --> 214 
214 --> 215 
215 --> 216 
216 --> 217 
217 --> 218 
218 --> 219 
219 --> 220 
220 --> 221 
221 --> 222 
222 --> 100 
223 --> 231 224 
224 --> 227 225 
225 --> 226 
226 --> 224 
227 --> 228 
228 --> 229 
229 --> 230 
230 --> 231 
231 --> 232 
232 --> 233 
233 --> 241 234 
234 --> 235 
235 --> 236 
236 --> 237 
237 --> 238 
238 --> 239 
239 --> 240 
240 --> 232 
241 --> 17 

* FSM state operations: 

State 1 <SV = 0> <Delay = 1.00>
ST_1 : Operation 242 [1/1] (0.00ns)   --->   "%spectopmodule_ln0 = spectopmodule void @_ssdm_op_SpecTopModule, void @empty_23"   --->   Operation 242 'spectopmodule' 'spectopmodule_ln0' <Predicate = true> <Delay = 0.00>
ST_1 : Operation 243 [1/1] (0.00ns)   --->   "%specinterface_ln0 = specinterface void @_ssdm_op_SpecInterface, i512 %gmem0, void @empty_12, i32 0, i32 0, void @empty_18, i32 0, i32 0, void @empty_24, void @empty_17, void @empty_18, i32 16, i32 16, i32 16, i32 16, void @empty_18, void @empty_18"   --->   Operation 243 'specinterface' 'specinterface_ln0' <Predicate = true> <Delay = 0.00>
ST_1 : Operation 244 [1/1] (0.00ns)   --->   "%specbitsmap_ln0 = specbitsmap void @_ssdm_op_SpecBitsMap, i512 %gmem0"   --->   Operation 244 'specbitsmap' 'specbitsmap_ln0' <Predicate = true> <Delay = 0.00>
ST_1 : Operation 245 [1/1] (0.00ns)   --->   "%specinterface_ln0 = specinterface void @_ssdm_op_SpecInterface, i512 %gmem1, void @empty_12, i32 0, i32 0, void @empty_18, i32 0, i32 0, void @empty_10, void @empty_17, void @empty_18, i32 16, i32 16, i32 16, i32 16, void @empty_18, void @empty_18"   --->   Operation 245 'specinterface' 'specinterface_ln0' <Predicate = true> <Delay = 0.00>
ST_1 : Operation 246 [1/1] (0.00ns)   --->   "%specbitsmap_ln0 = specbitsmap void @_ssdm_op_SpecBitsMap, i512 %gmem1"   --->   Operation 246 'specbitsmap' 'specbitsmap_ln0' <Predicate = true> <Delay = 0.00>
ST_1 : Operation 247 [1/1] (0.00ns)   --->   "%specinterface_ln0 = specinterface void @_ssdm_op_SpecInterface, i64 %gmem2, void @empty_12, i32 0, i32 0, void @empty_18, i32 0, i32 0, void @empty_25, void @empty_17, void @empty_18, i32 16, i32 16, i32 16, i32 16, void @empty_18, void @empty_18"   --->   Operation 247 'specinterface' 'specinterface_ln0' <Predicate = true> <Delay = 0.00>
ST_1 : Operation 248 [1/1] (0.00ns)   --->   "%specbitsmap_ln0 = specbitsmap void @_ssdm_op_SpecBitsMap, i64 %gmem2"   --->   Operation 248 'specbitsmap' 'specbitsmap_ln0' <Predicate = true> <Delay = 0.00>
ST_1 : Operation 249 [1/1] (0.00ns)   --->   "%specinterface_ln0 = specinterface void @_ssdm_op_SpecInterface, i32 %gmem3, void @empty_12, i32 0, i32 0, void @empty_18, i32 0, i32 0, void @empty_28, void @empty_17, void @empty_18, i32 16, i32 16, i32 16, i32 16, void @empty_18, void @empty_18"   --->   Operation 249 'specinterface' 'specinterface_ln0' <Predicate = true> <Delay = 0.00>
ST_1 : Operation 250 [1/1] (0.00ns)   --->   "%specbitsmap_ln0 = specbitsmap void @_ssdm_op_SpecBitsMap, i32 %gmem3"   --->   Operation 250 'specbitsmap' 'specbitsmap_ln0' <Predicate = true> <Delay = 0.00>
ST_1 : Operation 251 [1/1] (0.00ns)   --->   "%specinterface_ln0 = specinterface void @_ssdm_op_SpecInterface, i512 %gmem4, void @empty_12, i32 0, i32 0, void @empty_18, i32 0, i32 0, void @empty_5, void @empty_17, void @empty_18, i32 16, i32 16, i32 16, i32 16, void @empty_18, void @empty_18"   --->   Operation 251 'specinterface' 'specinterface_ln0' <Predicate = true> <Delay = 0.00>
ST_1 : Operation 252 [1/1] (0.00ns)   --->   "%specbitsmap_ln0 = specbitsmap void @_ssdm_op_SpecBitsMap, i512 %gmem4"   --->   Operation 252 'specbitsmap' 'specbitsmap_ln0' <Predicate = true> <Delay = 0.00>
ST_1 : Operation 253 [1/1] (0.00ns)   --->   "%specbitsmap_ln0 = specbitsmap void @_ssdm_op_SpecBitsMap, i32 %Nparticles"   --->   Operation 253 'specbitsmap' 'specbitsmap_ln0' <Predicate = true> <Delay = 0.00>
ST_1 : Operation 254 [1/1] (0.00ns)   --->   "%specinterface_ln0 = specinterface void @_ssdm_op_SpecInterface, i32 %Nparticles, void @empty_14, i32 0, i32 0, void @empty_18, i32 0, i32 0, void @empty_4, void @empty_3, void @empty_18, i32 0, i32 0, i32 0, i32 0, void @empty_18, void @empty_18"   --->   Operation 254 'specinterface' 'specinterface_ln0' <Predicate = true> <Delay = 0.00>
ST_1 : Operation 255 [1/1] (0.00ns)   --->   "%specinterface_ln0 = specinterface void @_ssdm_op_SpecInterface, i32 %Nparticles, void @empty_2, i32 0, i32 0, void @empty_18, i32 0, i32 0, void @empty_18, void @empty_18, void @empty_18, i32 0, i32 0, i32 0, i32 0, void @empty_18, void @empty_18"   --->   Operation 255 'specinterface' 'specinterface_ln0' <Predicate = true> <Delay = 0.00>
ST_1 : Operation 256 [1/1] (0.00ns)   --->   "%specbitsmap_ln0 = specbitsmap void @_ssdm_op_SpecBitsMap, i32 %countOnes"   --->   Operation 256 'specbitsmap' 'specbitsmap_ln0' <Predicate = true> <Delay = 0.00>
ST_1 : Operation 257 [1/1] (0.00ns)   --->   "%specinterface_ln0 = specinterface void @_ssdm_op_SpecInterface, i32 %countOnes, void @empty_14, i32 0, i32 0, void @empty_18, i32 0, i32 0, void @empty_4, void @empty_1, void @empty_18, i32 0, i32 0, i32 0, i32 0, void @empty_18, void @empty_18"   --->   Operation 257 'specinterface' 'specinterface_ln0' <Predicate = true> <Delay = 0.00>
ST_1 : Operation 258 [1/1] (0.00ns)   --->   "%specinterface_ln0 = specinterface void @_ssdm_op_SpecInterface, i32 %countOnes, void @empty_2, i32 0, i32 0, void @empty_18, i32 0, i32 0, void @empty_18, void @empty_18, void @empty_18, i32 0, i32 0, i32 0, i32 0, void @empty_18, void @empty_18"   --->   Operation 258 'specinterface' 'specinterface_ln0' <Predicate = true> <Delay = 0.00>
ST_1 : Operation 259 [1/1] (0.00ns)   --->   "%specbitsmap_ln0 = specbitsmap void @_ssdm_op_SpecBitsMap, i32 %IszY"   --->   Operation 259 'specbitsmap' 'specbitsmap_ln0' <Predicate = true> <Delay = 0.00>
ST_1 : Operation 260 [1/1] (0.00ns)   --->   "%specinterface_ln0 = specinterface void @_ssdm_op_SpecInterface, i32 %IszY, void @empty_14, i32 0, i32 0, void @empty_18, i32 0, i32 0, void @empty_4, void @empty_0, void @empty_18, i32 0, i32 0, i32 0, i32 0, void @empty_18, void @empty_18"   --->   Operation 260 'specinterface' 'specinterface_ln0' <Predicate = true> <Delay = 0.00>
ST_1 : Operation 261 [1/1] (0.00ns)   --->   "%specinterface_ln0 = specinterface void @_ssdm_op_SpecInterface, i32 %IszY, void @empty_2, i32 0, i32 0, void @empty_18, i32 0, i32 0, void @empty_18, void @empty_18, void @empty_18, i32 0, i32 0, i32 0, i32 0, void @empty_18, void @empty_18"   --->   Operation 261 'specinterface' 'specinterface_ln0' <Predicate = true> <Delay = 0.00>
ST_1 : Operation 262 [1/1] (0.00ns)   --->   "%specbitsmap_ln0 = specbitsmap void @_ssdm_op_SpecBitsMap, i32 %Nfr"   --->   Operation 262 'specbitsmap' 'specbitsmap_ln0' <Predicate = true> <Delay = 0.00>
ST_1 : Operation 263 [1/1] (0.00ns)   --->   "%specinterface_ln0 = specinterface void @_ssdm_op_SpecInterface, i32 %Nfr, void @empty_14, i32 0, i32 0, void @empty_18, i32 0, i32 0, void @empty_4, void @empty, void @empty_18, i32 0, i32 0, i32 0, i32 0, void @empty_18, void @empty_18"   --->   Operation 263 'specinterface' 'specinterface_ln0' <Predicate = true> <Delay = 0.00>
ST_1 : Operation 264 [1/1] (0.00ns)   --->   "%specinterface_ln0 = specinterface void @_ssdm_op_SpecInterface, i32 %Nfr, void @empty_2, i32 0, i32 0, void @empty_18, i32 0, i32 0, void @empty_18, void @empty_18, void @empty_18, i32 0, i32 0, i32 0, i32 0, void @empty_18, void @empty_18"   --->   Operation 264 'specinterface' 'specinterface_ln0' <Predicate = true> <Delay = 0.00>
ST_1 : Operation 265 [1/1] (0.00ns)   --->   "%specbitsmap_ln0 = specbitsmap void @_ssdm_op_SpecBitsMap, i32 %k"   --->   Operation 265 'specbitsmap' 'specbitsmap_ln0' <Predicate = true> <Delay = 0.00>
ST_1 : Operation 266 [1/1] (0.00ns)   --->   "%specinterface_ln0 = specinterface void @_ssdm_op_SpecInterface, i32 %k, void @empty_14, i32 0, i32 0, void @empty_18, i32 0, i32 0, void @empty_4, void @empty_13, void @empty_18, i32 0, i32 0, i32 0, i32 0, void @empty_18, void @empty_18"   --->   Operation 266 'specinterface' 'specinterface_ln0' <Predicate = true> <Delay = 0.00>
ST_1 : Operation 267 [1/1] (0.00ns)   --->   "%specinterface_ln0 = specinterface void @_ssdm_op_SpecInterface, i32 %k, void @empty_2, i32 0, i32 0, void @empty_18, i32 0, i32 0, void @empty_18, void @empty_18, void @empty_18, i32 0, i32 0, i32 0, i32 0, void @empty_18, void @empty_18"   --->   Operation 267 'specinterface' 'specinterface_ln0' <Predicate = true> <Delay = 0.00>
ST_1 : Operation 268 [1/1] (0.00ns)   --->   "%specbitsmap_ln0 = specbitsmap void @_ssdm_op_SpecBitsMap, i64 %max_size"   --->   Operation 268 'specbitsmap' 'specbitsmap_ln0' <Predicate = true> <Delay = 0.00>
ST_1 : Operation 269 [1/1] (0.00ns)   --->   "%specinterface_ln0 = specinterface void @_ssdm_op_SpecInterface, i64 %max_size, void @empty_14, i32 0, i32 0, void @empty_18, i32 0, i32 0, void @empty_4, void @empty_15, void @empty_18, i32 0, i32 0, i32 0, i32 0, void @empty_18, void @empty_18"   --->   Operation 269 'specinterface' 'specinterface_ln0' <Predicate = true> <Delay = 0.00>
ST_1 : Operation 270 [1/1] (0.00ns)   --->   "%specinterface_ln0 = specinterface void @_ssdm_op_SpecInterface, i64 %max_size, void @empty_2, i32 0, i32 0, void @empty_18, i32 0, i32 0, void @empty_18, void @empty_18, void @empty_18, i32 0, i32 0, i32 0, i32 0, void @empty_18, void @empty_18"   --->   Operation 270 'specinterface' 'specinterface_ln0' <Predicate = true> <Delay = 0.00>
ST_1 : Operation 271 [1/1] (0.00ns)   --->   "%specinterface_ln0 = specinterface void @_ssdm_op_SpecInterface, i64 %arrayX, void @empty_14, i32 0, i32 0, void @empty_18, i32 0, i32 0, void @empty_4, void @empty_16, void @empty_18, i32 0, i32 0, i32 0, i32 0, void @empty_18, void @empty_9"   --->   Operation 271 'specinterface' 'specinterface_ln0' <Predicate = true> <Delay = 0.00>
ST_1 : Operation 272 [1/1] (0.00ns)   --->   "%specinterface_ln0 = specinterface void @_ssdm_op_SpecInterface, i64 %arrayX, void @empty_2, i32 0, i32 0, void @empty_18, i32 0, i32 0, void @empty_18, void @empty_18, void @empty_18, i32 0, i32 0, i32 0, i32 0, void @empty_18, void @empty_9"   --->   Operation 272 'specinterface' 'specinterface_ln0' <Predicate = true> <Delay = 0.00>
ST_1 : Operation 273 [1/1] (0.00ns)   --->   "%specinterface_ln0 = specinterface void @_ssdm_op_SpecInterface, i64 %arrayY, void @empty_14, i32 0, i32 0, void @empty_18, i32 0, i32 0, void @empty_4, void @empty_19, void @empty_18, i32 0, i32 0, i32 0, i32 0, void @empty_18, void @empty_9"   --->   Operation 273 'specinterface' 'specinterface_ln0' <Predicate = true> <Delay = 0.00>
ST_1 : Operation 274 [1/1] (0.00ns)   --->   "%specinterface_ln0 = specinterface void @_ssdm_op_SpecInterface, i64 %arrayY, void @empty_2, i32 0, i32 0, void @empty_18, i32 0, i32 0, void @empty_18, void @empty_18, void @empty_18, i32 0, i32 0, i32 0, i32 0, void @empty_18, void @empty_9"   --->   Operation 274 'specinterface' 'specinterface_ln0' <Predicate = true> <Delay = 0.00>
ST_1 : Operation 275 [1/1] (0.00ns)   --->   "%specinterface_ln0 = specinterface void @_ssdm_op_SpecInterface, i64 %objxy, void @empty_14, i32 0, i32 0, void @empty_18, i32 0, i32 0, void @empty_4, void @empty_20, void @empty_18, i32 0, i32 0, i32 0, i32 0, void @empty_18, void @empty_9"   --->   Operation 275 'specinterface' 'specinterface_ln0' <Predicate = true> <Delay = 0.00>
ST_1 : Operation 276 [1/1] (0.00ns)   --->   "%specinterface_ln0 = specinterface void @_ssdm_op_SpecInterface, i64 %objxy, void @empty_2, i32 0, i32 0, void @empty_18, i32 0, i32 0, void @empty_18, void @empty_18, void @empty_18, i32 0, i32 0, i32 0, i32 0, void @empty_18, void @empty_9"   --->   Operation 276 'specinterface' 'specinterface_ln0' <Predicate = true> <Delay = 0.00>
ST_1 : Operation 277 [1/1] (0.00ns)   --->   "%specinterface_ln0 = specinterface void @_ssdm_op_SpecInterface, i64 %I, void @empty_14, i32 0, i32 0, void @empty_18, i32 0, i32 0, void @empty_4, void @empty_21, void @empty_18, i32 0, i32 0, i32 0, i32 0, void @empty_18, void @empty_9"   --->   Operation 277 'specinterface' 'specinterface_ln0' <Predicate = true> <Delay = 0.00>
ST_1 : Operation 278 [1/1] (0.00ns)   --->   "%specinterface_ln0 = specinterface void @_ssdm_op_SpecInterface, i64 %I, void @empty_2, i32 0, i32 0, void @empty_18, i32 0, i32 0, void @empty_18, void @empty_18, void @empty_18, i32 0, i32 0, i32 0, i32 0, void @empty_18, void @empty_9"   --->   Operation 278 'specinterface' 'specinterface_ln0' <Predicate = true> <Delay = 0.00>
ST_1 : Operation 279 [1/1] (0.00ns)   --->   "%specinterface_ln0 = specinterface void @_ssdm_op_SpecInterface, i64 %likelihood, void @empty_14, i32 0, i32 0, void @empty_18, i32 0, i32 0, void @empty_4, void @empty_22, void @empty_18, i32 0, i32 0, i32 0, i32 0, void @empty_18, void @empty_9"   --->   Operation 279 'specinterface' 'specinterface_ln0' <Predicate = true> <Delay = 0.00>
ST_1 : Operation 280 [1/1] (0.00ns)   --->   "%specinterface_ln0 = specinterface void @_ssdm_op_SpecInterface, i64 %likelihood, void @empty_2, i32 0, i32 0, void @empty_18, i32 0, i32 0, void @empty_18, void @empty_18, void @empty_18, i32 0, i32 0, i32 0, i32 0, void @empty_18, void @empty_9"   --->   Operation 280 'specinterface' 'specinterface_ln0' <Predicate = true> <Delay = 0.00>
ST_1 : Operation 281 [1/1] (0.00ns)   --->   "%specinterface_ln0 = specinterface void @_ssdm_op_SpecInterface, i32 0, void @empty_14, i32 0, i32 0, void @empty_18, i32 0, i32 0, void @empty_4, void @empty_18, void @empty_18, i32 0, i32 0, i32 0, i32 0, void @empty_18, void @empty_18"   --->   Operation 281 'specinterface' 'specinterface_ln0' <Predicate = true> <Delay = 0.00>
ST_1 : Operation 282 [1/1] (1.00ns)   --->   "%likelihood_read = read i64 @_ssdm_op_Read.s_axilite.i64, i64 %likelihood"   --->   Operation 282 'read' 'likelihood_read' <Predicate = true> <Delay = 1.00> <CoreInst = "s_axilite">   --->   Core 122 's_axilite' <Latency = 0> <II = 1> <Delay = 1.00> <Adapter> <Opcode : 'read' 'write'>
ST_1 : Operation 283 [1/1] (1.00ns)   --->   "%I_read = read i64 @_ssdm_op_Read.s_axilite.i64, i64 %I"   --->   Operation 283 'read' 'I_read' <Predicate = true> <Delay = 1.00> <CoreInst = "s_axilite">   --->   Core 122 's_axilite' <Latency = 0> <II = 1> <Delay = 1.00> <Adapter> <Opcode : 'read' 'write'>
ST_1 : Operation 284 [1/1] (1.00ns)   --->   "%objxy_read = read i64 @_ssdm_op_Read.s_axilite.i64, i64 %objxy"   --->   Operation 284 'read' 'objxy_read' <Predicate = true> <Delay = 1.00> <CoreInst = "s_axilite">   --->   Core 122 's_axilite' <Latency = 0> <II = 1> <Delay = 1.00> <Adapter> <Opcode : 'read' 'write'>
ST_1 : Operation 285 [1/1] (1.00ns)   --->   "%arrayY_read = read i64 @_ssdm_op_Read.s_axilite.i64, i64 %arrayY"   --->   Operation 285 'read' 'arrayY_read' <Predicate = true> <Delay = 1.00> <CoreInst = "s_axilite">   --->   Core 122 's_axilite' <Latency = 0> <II = 1> <Delay = 1.00> <Adapter> <Opcode : 'read' 'write'>
ST_1 : Operation 286 [1/1] (1.00ns)   --->   "%arrayX_read = read i64 @_ssdm_op_Read.s_axilite.i64, i64 %arrayX"   --->   Operation 286 'read' 'arrayX_read' <Predicate = true> <Delay = 1.00> <CoreInst = "s_axilite">   --->   Core 122 's_axilite' <Latency = 0> <II = 1> <Delay = 1.00> <Adapter> <Opcode : 'read' 'write'>
ST_1 : Operation 287 [1/1] (1.00ns)   --->   "%max_size_read = read i64 @_ssdm_op_Read.s_axilite.i64, i64 %max_size"   --->   Operation 287 'read' 'max_size_read' <Predicate = true> <Delay = 1.00> <CoreInst = "s_axilite">   --->   Core 122 's_axilite' <Latency = 0> <II = 1> <Delay = 1.00> <Adapter> <Opcode : 'read' 'write'>
ST_1 : Operation 288 [1/1] (1.00ns)   --->   "%k_read = read i32 @_ssdm_op_Read.s_axilite.i32, i32 %k"   --->   Operation 288 'read' 'k_read' <Predicate = true> <Delay = 1.00> <CoreInst = "s_axilite">   --->   Core 122 's_axilite' <Latency = 0> <II = 1> <Delay = 1.00> <Adapter> <Opcode : 'read' 'write'>
ST_1 : Operation 289 [1/1] (1.00ns)   --->   "%Nfr_read = read i32 @_ssdm_op_Read.s_axilite.i32, i32 %Nfr"   --->   Operation 289 'read' 'Nfr_read' <Predicate = true> <Delay = 1.00> <CoreInst = "s_axilite">   --->   Core 122 's_axilite' <Latency = 0> <II = 1> <Delay = 1.00> <Adapter> <Opcode : 'read' 'write'>
ST_1 : Operation 290 [1/1] (1.00ns)   --->   "%IszY_read = read i32 @_ssdm_op_Read.s_axilite.i32, i32 %IszY"   --->   Operation 290 'read' 'IszY_read' <Predicate = true> <Delay = 1.00> <CoreInst = "s_axilite">   --->   Core 122 's_axilite' <Latency = 0> <II = 1> <Delay = 1.00> <Adapter> <Opcode : 'read' 'write'>
ST_1 : Operation 291 [1/1] (1.00ns)   --->   "%countOnes_read = read i32 @_ssdm_op_Read.s_axilite.i32, i32 %countOnes"   --->   Operation 291 'read' 'countOnes_read' <Predicate = true> <Delay = 1.00> <CoreInst = "s_axilite">   --->   Core 122 's_axilite' <Latency = 0> <II = 1> <Delay = 1.00> <Adapter> <Opcode : 'read' 'write'>
ST_1 : Operation 292 [1/1] (1.00ns)   --->   "%Nparticles_read = read i32 @_ssdm_op_Read.s_axilite.i32, i32 %Nparticles"   --->   Operation 292 'read' 'Nparticles_read' <Predicate = true> <Delay = 1.00> <CoreInst = "s_axilite">   --->   Core 122 's_axilite' <Latency = 0> <II = 1> <Delay = 1.00> <Adapter> <Opcode : 'read' 'write'>
ST_1 : Operation 293 [1/1] (0.00ns)   --->   "%buffer_objxy_0 = alloca i64 1" [likelihood_kernel.cpp:208]   --->   Operation 293 'alloca' 'buffer_objxy_0' <Predicate = true> <Delay = 0.00> <CoreInst = "RAM_2P_BRAM">   --->   Core 94 'RAM_2P_BRAM' <Latency = 1> <II = 1> <Delay = 1.20> <Storage> <Opcode : 'load' 'store'> <Ports = 2> <Width = 64> <Depth = 40> <RAM>
ST_1 : Operation 294 [1/1] (0.00ns)   --->   "%buffer_objxy_1 = alloca i64 1" [likelihood_kernel.cpp:208]   --->   Operation 294 'alloca' 'buffer_objxy_1' <Predicate = true> <Delay = 0.00> <CoreInst = "RAM_2P_BRAM">   --->   Core 94 'RAM_2P_BRAM' <Latency = 1> <II = 1> <Delay = 1.20> <Storage> <Opcode : 'load' 'store'> <Ports = 2> <Width = 64> <Depth = 40> <RAM>
ST_1 : Operation 295 [1/1] (0.00ns)   --->   "%buffer_objxy_2 = alloca i64 1" [likelihood_kernel.cpp:208]   --->   Operation 295 'alloca' 'buffer_objxy_2' <Predicate = true> <Delay = 0.00> <CoreInst = "RAM_2P_BRAM">   --->   Core 94 'RAM_2P_BRAM' <Latency = 1> <II = 1> <Delay = 1.20> <Storage> <Opcode : 'load' 'store'> <Ports = 2> <Width = 64> <Depth = 40> <RAM>
ST_1 : Operation 296 [1/1] (0.00ns)   --->   "%buffer_objxy_3 = alloca i64 1" [likelihood_kernel.cpp:208]   --->   Operation 296 'alloca' 'buffer_objxy_3' <Predicate = true> <Delay = 0.00> <CoreInst = "RAM_2P_BRAM">   --->   Core 94 'RAM_2P_BRAM' <Latency = 1> <II = 1> <Delay = 1.20> <Storage> <Opcode : 'load' 'store'> <Ports = 2> <Width = 64> <Depth = 40> <RAM>
ST_1 : Operation 297 [1/1] (0.00ns)   --->   "%buffer_X_0 = alloca i64 1" [likelihood_kernel.cpp:209]   --->   Operation 297 'alloca' 'buffer_X_0' <Predicate = true> <Delay = 0.00> <CoreInst = "RAM_2P_BRAM">   --->   Core 94 'RAM_2P_BRAM' <Latency = 1> <II = 1> <Delay = 1.20> <Storage> <Opcode : 'load' 'store'> <Ports = 2> <Width = 64> <Depth = 16> <RAM>
ST_1 : Operation 298 [1/1] (0.00ns)   --->   "%buffer_X_1 = alloca i64 1" [likelihood_kernel.cpp:209]   --->   Operation 298 'alloca' 'buffer_X_1' <Predicate = true> <Delay = 0.00> <CoreInst = "RAM_2P_BRAM">   --->   Core 94 'RAM_2P_BRAM' <Latency = 1> <II = 1> <Delay = 1.20> <Storage> <Opcode : 'load' 'store'> <Ports = 2> <Width = 64> <Depth = 16> <RAM>
ST_1 : Operation 299 [1/1] (0.00ns)   --->   "%buffer_X_2 = alloca i64 1" [likelihood_kernel.cpp:209]   --->   Operation 299 'alloca' 'buffer_X_2' <Predicate = true> <Delay = 0.00> <CoreInst = "RAM_2P_BRAM">   --->   Core 94 'RAM_2P_BRAM' <Latency = 1> <II = 1> <Delay = 1.20> <Storage> <Opcode : 'load' 'store'> <Ports = 2> <Width = 64> <Depth = 16> <RAM>
ST_1 : Operation 300 [1/1] (0.00ns)   --->   "%buffer_X_3 = alloca i64 1" [likelihood_kernel.cpp:209]   --->   Operation 300 'alloca' 'buffer_X_3' <Predicate = true> <Delay = 0.00> <CoreInst = "RAM_2P_BRAM">   --->   Core 94 'RAM_2P_BRAM' <Latency = 1> <II = 1> <Delay = 1.20> <Storage> <Opcode : 'load' 'store'> <Ports = 2> <Width = 64> <Depth = 16> <RAM>
ST_1 : Operation 301 [1/1] (0.00ns)   --->   "%buffer_Y_0 = alloca i64 1" [likelihood_kernel.cpp:210]   --->   Operation 301 'alloca' 'buffer_Y_0' <Predicate = true> <Delay = 0.00> <CoreInst = "RAM_2P_BRAM">   --->   Core 94 'RAM_2P_BRAM' <Latency = 1> <II = 1> <Delay = 1.20> <Storage> <Opcode : 'load' 'store'> <Ports = 2> <Width = 64> <Depth = 16> <RAM>
ST_1 : Operation 302 [1/1] (0.00ns)   --->   "%buffer_Y_1 = alloca i64 1" [likelihood_kernel.cpp:210]   --->   Operation 302 'alloca' 'buffer_Y_1' <Predicate = true> <Delay = 0.00> <CoreInst = "RAM_2P_BRAM">   --->   Core 94 'RAM_2P_BRAM' <Latency = 1> <II = 1> <Delay = 1.20> <Storage> <Opcode : 'load' 'store'> <Ports = 2> <Width = 64> <Depth = 16> <RAM>
ST_1 : Operation 303 [1/1] (0.00ns)   --->   "%buffer_Y_2 = alloca i64 1" [likelihood_kernel.cpp:210]   --->   Operation 303 'alloca' 'buffer_Y_2' <Predicate = true> <Delay = 0.00> <CoreInst = "RAM_2P_BRAM">   --->   Core 94 'RAM_2P_BRAM' <Latency = 1> <II = 1> <Delay = 1.20> <Storage> <Opcode : 'load' 'store'> <Ports = 2> <Width = 64> <Depth = 16> <RAM>
ST_1 : Operation 304 [1/1] (0.00ns)   --->   "%buffer_Y_3 = alloca i64 1" [likelihood_kernel.cpp:210]   --->   Operation 304 'alloca' 'buffer_Y_3' <Predicate = true> <Delay = 0.00> <CoreInst = "RAM_2P_BRAM">   --->   Core 94 'RAM_2P_BRAM' <Latency = 1> <II = 1> <Delay = 1.20> <Storage> <Opcode : 'load' 'store'> <Ports = 2> <Width = 64> <Depth = 16> <RAM>
ST_1 : Operation 305 [1/1] (0.00ns)   --->   "%buffer_likelihood_0 = alloca i64 1" [likelihood_kernel.cpp:211]   --->   Operation 305 'alloca' 'buffer_likelihood_0' <Predicate = true> <Delay = 0.00> <CoreInst = "RAM_2P_BRAM">   --->   Core 94 'RAM_2P_BRAM' <Latency = 1> <II = 1> <Delay = 1.20> <Storage> <Opcode : 'load' 'store'> <Ports = 2> <Width = 64> <Depth = 16> <RAM>
ST_1 : Operation 306 [1/1] (0.00ns)   --->   "%buffer_likelihood_1 = alloca i64 1" [likelihood_kernel.cpp:211]   --->   Operation 306 'alloca' 'buffer_likelihood_1' <Predicate = true> <Delay = 0.00> <CoreInst = "RAM_2P_BRAM">   --->   Core 94 'RAM_2P_BRAM' <Latency = 1> <II = 1> <Delay = 1.20> <Storage> <Opcode : 'load' 'store'> <Ports = 2> <Width = 64> <Depth = 16> <RAM>
ST_1 : Operation 307 [1/1] (0.00ns)   --->   "%buffer_likelihood_2 = alloca i64 1" [likelihood_kernel.cpp:211]   --->   Operation 307 'alloca' 'buffer_likelihood_2' <Predicate = true> <Delay = 0.00> <CoreInst = "RAM_2P_BRAM">   --->   Core 94 'RAM_2P_BRAM' <Latency = 1> <II = 1> <Delay = 1.20> <Storage> <Opcode : 'load' 'store'> <Ports = 2> <Width = 64> <Depth = 16> <RAM>
ST_1 : Operation 308 [1/1] (0.00ns)   --->   "%buffer_likelihood_3 = alloca i64 1" [likelihood_kernel.cpp:211]   --->   Operation 308 'alloca' 'buffer_likelihood_3' <Predicate = true> <Delay = 0.00> <CoreInst = "RAM_2P_BRAM">   --->   Core 94 'RAM_2P_BRAM' <Latency = 1> <II = 1> <Delay = 1.20> <Storage> <Opcode : 'load' 'store'> <Ports = 2> <Width = 64> <Depth = 16> <RAM>
ST_1 : Operation 309 [1/1] (0.00ns)   --->   "%specmemcore_ln211 = specmemcore void @_ssdm_op_SpecMemCore, i64 %buffer_objxy_0, i64 %buffer_objxy_1, i64 %buffer_objxy_2, i64 %buffer_objxy_3, i64 666, i64 22, i64 18446744073709551615" [likelihood_kernel.cpp:211]   --->   Operation 309 'specmemcore' 'specmemcore_ln211' <Predicate = true> <Delay = 0.00>
ST_1 : Operation 310 [1/1] (0.00ns)   --->   "%specmemcore_ln213 = specmemcore void @_ssdm_op_SpecMemCore, i64 %buffer_X_0, i64 %buffer_X_1, i64 %buffer_X_2, i64 %buffer_X_3, i64 666, i64 22, i64 18446744073709551615" [likelihood_kernel.cpp:213]   --->   Operation 310 'specmemcore' 'specmemcore_ln213' <Predicate = true> <Delay = 0.00>
ST_1 : Operation 311 [1/1] (0.00ns)   --->   "%specmemcore_ln214 = specmemcore void @_ssdm_op_SpecMemCore, i64 %buffer_Y_0, i64 %buffer_Y_1, i64 %buffer_Y_2, i64 %buffer_Y_3, i64 666, i64 22, i64 18446744073709551615" [likelihood_kernel.cpp:214]   --->   Operation 311 'specmemcore' 'specmemcore_ln214' <Predicate = true> <Delay = 0.00>
ST_1 : Operation 312 [1/1] (0.00ns)   --->   "%specmemcore_ln215 = specmemcore void @_ssdm_op_SpecMemCore, i64 %buffer_likelihood_0, i64 %buffer_likelihood_1, i64 %buffer_likelihood_2, i64 %buffer_likelihood_3, i64 666, i64 22, i64 18446744073709551615" [likelihood_kernel.cpp:215]   --->   Operation 312 'specmemcore' 'specmemcore_ln215' <Predicate = true> <Delay = 0.00>
ST_1 : Operation 313 [1/1] (0.00ns)   --->   "%empty = shl i32 %countOnes_read, i32 1"   --->   Operation 313 'shl' 'empty' <Predicate = true> <Delay = 0.00>
ST_1 : Operation 314 [1/1] (0.38ns)   --->   "%br_ln43 = br void" [likelihood_kernel.cpp:43]   --->   Operation 314 'br' 'br_ln43' <Predicate = true> <Delay = 0.38>

State 2 <SV = 1> <Delay = 1.14>
ST_2 : Operation 315 [1/1] (0.00ns)   --->   "%i = phi i8 0, void, i8 %add_ln43, void %.split36._crit_edge" [likelihood_kernel.cpp:43]   --->   Operation 315 'phi' 'i' <Predicate = true> <Delay = 0.00>
ST_2 : Operation 316 [1/1] (0.70ns)   --->   "%add_ln43 = add i8 %i, i8 1" [likelihood_kernel.cpp:43]   --->   Operation 316 'add' 'add_ln43' <Predicate = true> <Delay = 0.70> <CoreInst = "Adder">   --->   Core 1 'Adder' <Latency = 0> <II = 1> <Delay = 0.88> <FuncUnit> <Opcode : 'add' 'sub'> <InPorts = 2> <OutPorts = 1>
ST_2 : Operation 317 [1/1] (0.58ns)   --->   "%icmp_ln43 = icmp_eq  i8 %i, i8 160" [likelihood_kernel.cpp:43]   --->   Operation 317 'icmp' 'icmp_ln43' <Predicate = true> <Delay = 0.58> <CoreInst = "Cmp">   --->   Core 9 'Cmp' <Latency = 0> <II = 1> <Delay = 0.82> <FuncUnit> <Opcode : 'icmp'> <InPorts = 2> <OutPorts = 1>
ST_2 : Operation 318 [1/1] (0.00ns)   --->   "%speclooptripcount_ln0 = speclooptripcount void @_ssdm_op_SpecLoopTripCount, i64 160, i64 160, i64 160"   --->   Operation 318 'speclooptripcount' 'speclooptripcount_ln0' <Predicate = true> <Delay = 0.00>
ST_2 : Operation 319 [1/1] (0.00ns)   --->   "%br_ln43 = br i1 %icmp_ln43, void %.split36, void %_Z10load_objxyPKdPdi.exit" [likelihood_kernel.cpp:43]   --->   Operation 319 'br' 'br_ln43' <Predicate = true> <Delay = 0.00>
ST_2 : Operation 320 [1/1] (0.00ns)   --->   "%zext_ln43 = zext i8 %i" [likelihood_kernel.cpp:43]   --->   Operation 320 'zext' 'zext_ln43' <Predicate = (!icmp_ln43)> <Delay = 0.00>
ST_2 : Operation 321 [1/1] (0.00ns)   --->   "%specpipeline_ln43 = specpipeline void @_ssdm_op_SpecPipeline, i32 1, i32 0, i32 0, i32 0, void @empty_18" [likelihood_kernel.cpp:43]   --->   Operation 321 'specpipeline' 'specpipeline_ln43' <Predicate = (!icmp_ln43)> <Delay = 0.00>
ST_2 : Operation 322 [1/1] (0.00ns)   --->   "%specloopname_ln43 = specloopname void @_ssdm_op_SpecLoopName, void @empty_7" [likelihood_kernel.cpp:43]   --->   Operation 322 'specloopname' 'specloopname_ln43' <Predicate = (!icmp_ln43)> <Delay = 0.00>
ST_2 : Operation 323 [1/1] (0.85ns)   --->   "%icmp_ln46 = icmp_slt  i32 %zext_ln43, i32 %empty" [likelihood_kernel.cpp:46]   --->   Operation 323 'icmp' 'icmp_ln46' <Predicate = (!icmp_ln43)> <Delay = 0.85> <CoreInst = "Cmp">   --->   Core 9 'Cmp' <Latency = 0> <II = 1> <Delay = 0.82> <FuncUnit> <Opcode : 'icmp'> <InPorts = 2> <OutPorts = 1>
ST_2 : Operation 324 [1/1] (0.00ns)   --->   "%br_ln46 = br i1 %icmp_ln46, void %.split36._crit_edge, void" [likelihood_kernel.cpp:46]   --->   Operation 324 'br' 'br_ln46' <Predicate = (!icmp_ln43)> <Delay = 0.00>
ST_2 : Operation 325 [1/1] (0.00ns)   --->   "%shl_ln = bitconcatenate i11 @_ssdm_op_BitConcatenate.i11.i8.i3, i8 %i, i3 0" [likelihood_kernel.cpp:47]   --->   Operation 325 'bitconcatenate' 'shl_ln' <Predicate = (!icmp_ln43 & icmp_ln46)> <Delay = 0.00>
ST_2 : Operation 326 [1/1] (0.00ns)   --->   "%zext_ln47 = zext i11 %shl_ln" [likelihood_kernel.cpp:47]   --->   Operation 326 'zext' 'zext_ln47' <Predicate = (!icmp_ln43 & icmp_ln46)> <Delay = 0.00>
ST_2 : Operation 327 [1/1] (1.14ns)   --->   "%add_ln47 = add i64 %zext_ln47, i64 %objxy_read" [likelihood_kernel.cpp:47]   --->   Operation 327 'add' 'add_ln47' <Predicate = (!icmp_ln43 & icmp_ln46)> <Delay = 1.14> <CoreInst = "Adder">   --->   Core 1 'Adder' <Latency = 0> <II = 1> <Delay = 0.88> <FuncUnit> <Opcode : 'add' 'sub'> <InPorts = 2> <OutPorts = 1>
ST_2 : Operation 328 [1/1] (0.00ns)   --->   "%trunc_ln2 = partselect i61 @_ssdm_op_PartSelect.i61.i64.i32.i32, i64 %add_ln47, i32 3, i32 63" [likelihood_kernel.cpp:47]   --->   Operation 328 'partselect' 'trunc_ln2' <Predicate = (!icmp_ln43 & icmp_ln46)> <Delay = 0.00>
ST_2 : Operation 329 [1/1] (0.00ns)   --->   "%trunc_ln47 = trunc i8 %i" [likelihood_kernel.cpp:47]   --->   Operation 329 'trunc' 'trunc_ln47' <Predicate = (!icmp_ln43 & icmp_ln46)> <Delay = 0.00>
ST_2 : Operation 330 [1/1] (0.00ns)   --->   "%lshr_ln47_1 = partselect i6 @_ssdm_op_PartSelect.i6.i8.i32.i32, i8 %i, i32 2, i32 7" [likelihood_kernel.cpp:47]   --->   Operation 330 'partselect' 'lshr_ln47_1' <Predicate = (!icmp_ln43 & icmp_ln46)> <Delay = 0.00>
ST_2 : Operation 331 [1/1] (0.65ns)   --->   "%switch_ln47 = switch i2 %trunc_ln47, void %branch3, i2 0, void %branch0, i2 1, void %branch1, i2 2, void %branch2" [likelihood_kernel.cpp:47]   --->   Operation 331 'switch' 'switch_ln47' <Predicate = (!icmp_ln43 & icmp_ln46)> <Delay = 0.65>
ST_2 : Operation 332 [1/1] (0.00ns)   --->   "%br_ln48 = br void %.split36._crit_edge" [likelihood_kernel.cpp:48]   --->   Operation 332 'br' 'br_ln48' <Predicate = (!icmp_ln43 & icmp_ln46)> <Delay = 0.00>
ST_2 : Operation 333 [1/1] (0.00ns)   --->   "%br_ln0 = br void"   --->   Operation 333 'br' 'br_ln0' <Predicate = (!icmp_ln43)> <Delay = 0.00>

State 3 <SV = 2> <Delay = 2.43>
ST_3 : Operation 334 [1/1] (0.00ns)   --->   "%sext_ln47 = sext i61 %trunc_ln2" [likelihood_kernel.cpp:47]   --->   Operation 334 'sext' 'sext_ln47' <Predicate = (icmp_ln46)> <Delay = 0.00>
ST_3 : Operation 335 [1/1] (0.00ns)   --->   "%gmem2_addr = getelementptr i64 %gmem2, i64 %sext_ln47" [likelihood_kernel.cpp:47]   --->   Operation 335 'getelementptr' 'gmem2_addr' <Predicate = (icmp_ln46)> <Delay = 0.00>
ST_3 : Operation 336 [7/7] (2.43ns)   --->   "%gmem2_load_req = readreq i1 @_ssdm_op_ReadReq.m_axi.i64P1A, i64 %gmem2_addr, i32 1" [likelihood_kernel.cpp:47]   --->   Operation 336 'readreq' 'gmem2_load_req' <Predicate = (icmp_ln46)> <Delay = 2.43> <CoreInst = "m_axi">   --->   Core 121 'm_axi' <Latency = 6> <II = 1> <Delay = 1.00> <Adapter> <Opcode : 'read' 'write' 'readreq' 'writereq' 'writeresp'>

State 4 <SV = 3> <Delay = 2.43>
ST_4 : Operation 337 [6/7] (2.43ns)   --->   "%gmem2_load_req = readreq i1 @_ssdm_op_ReadReq.m_axi.i64P1A, i64 %gmem2_addr, i32 1" [likelihood_kernel.cpp:47]   --->   Operation 337 'readreq' 'gmem2_load_req' <Predicate = (icmp_ln46)> <Delay = 2.43> <CoreInst = "m_axi">   --->   Core 121 'm_axi' <Latency = 6> <II = 1> <Delay = 1.00> <Adapter> <Opcode : 'read' 'write' 'readreq' 'writereq' 'writeresp'>

State 5 <SV = 4> <Delay = 2.43>
ST_5 : Operation 338 [5/7] (2.43ns)   --->   "%gmem2_load_req = readreq i1 @_ssdm_op_ReadReq.m_axi.i64P1A, i64 %gmem2_addr, i32 1" [likelihood_kernel.cpp:47]   --->   Operation 338 'readreq' 'gmem2_load_req' <Predicate = (icmp_ln46)> <Delay = 2.43> <CoreInst = "m_axi">   --->   Core 121 'm_axi' <Latency = 6> <II = 1> <Delay = 1.00> <Adapter> <Opcode : 'read' 'write' 'readreq' 'writereq' 'writeresp'>

State 6 <SV = 5> <Delay = 2.43>
ST_6 : Operation 339 [4/7] (2.43ns)   --->   "%gmem2_load_req = readreq i1 @_ssdm_op_ReadReq.m_axi.i64P1A, i64 %gmem2_addr, i32 1" [likelihood_kernel.cpp:47]   --->   Operation 339 'readreq' 'gmem2_load_req' <Predicate = (icmp_ln46)> <Delay = 2.43> <CoreInst = "m_axi">   --->   Core 121 'm_axi' <Latency = 6> <II = 1> <Delay = 1.00> <Adapter> <Opcode : 'read' 'write' 'readreq' 'writereq' 'writeresp'>

State 7 <SV = 6> <Delay = 2.43>
ST_7 : Operation 340 [3/7] (2.43ns)   --->   "%gmem2_load_req = readreq i1 @_ssdm_op_ReadReq.m_axi.i64P1A, i64 %gmem2_addr, i32 1" [likelihood_kernel.cpp:47]   --->   Operation 340 'readreq' 'gmem2_load_req' <Predicate = (icmp_ln46)> <Delay = 2.43> <CoreInst = "m_axi">   --->   Core 121 'm_axi' <Latency = 6> <II = 1> <Delay = 1.00> <Adapter> <Opcode : 'read' 'write' 'readreq' 'writereq' 'writeresp'>

State 8 <SV = 7> <Delay = 2.43>
ST_8 : Operation 341 [2/7] (2.43ns)   --->   "%gmem2_load_req = readreq i1 @_ssdm_op_ReadReq.m_axi.i64P1A, i64 %gmem2_addr, i32 1" [likelihood_kernel.cpp:47]   --->   Operation 341 'readreq' 'gmem2_load_req' <Predicate = (icmp_ln46)> <Delay = 2.43> <CoreInst = "m_axi">   --->   Core 121 'm_axi' <Latency = 6> <II = 1> <Delay = 1.00> <Adapter> <Opcode : 'read' 'write' 'readreq' 'writereq' 'writeresp'>

State 9 <SV = 8> <Delay = 2.43>
ST_9 : Operation 342 [1/7] (2.43ns)   --->   "%gmem2_load_req = readreq i1 @_ssdm_op_ReadReq.m_axi.i64P1A, i64 %gmem2_addr, i32 1" [likelihood_kernel.cpp:47]   --->   Operation 342 'readreq' 'gmem2_load_req' <Predicate = (icmp_ln46)> <Delay = 2.43> <CoreInst = "m_axi">   --->   Core 121 'm_axi' <Latency = 6> <II = 1> <Delay = 1.00> <Adapter> <Opcode : 'read' 'write' 'readreq' 'writereq' 'writeresp'>

State 10 <SV = 9> <Delay = 2.43>
ST_10 : Operation 343 [1/1] (2.43ns)   --->   "%gmem2_addr_read = read i64 @_ssdm_op_Read.m_axi.i64P1A, i64 %gmem2_addr" [likelihood_kernel.cpp:47]   --->   Operation 343 'read' 'gmem2_addr_read' <Predicate = (icmp_ln46)> <Delay = 2.43> <CoreInst = "m_axi">   --->   Core 121 'm_axi' <Latency = 6> <II = 1> <Delay = 1.00> <Adapter> <Opcode : 'read' 'write' 'readreq' 'writereq' 'writeresp'>
ST_10 : Operation 344 [1/1] (0.00ns)   --->   "%bitcast_ln47 = bitcast i64 %gmem2_addr_read" [likelihood_kernel.cpp:47]   --->   Operation 344 'bitcast' 'bitcast_ln47' <Predicate = (icmp_ln46)> <Delay = 0.00>

State 11 <SV = 10> <Delay = 1.20>
ST_11 : Operation 345 [1/1] (0.00ns)   --->   "%zext_ln47_1 = zext i6 %lshr_ln47_1" [likelihood_kernel.cpp:47]   --->   Operation 345 'zext' 'zext_ln47_1' <Predicate = (icmp_ln46)> <Delay = 0.00>
ST_11 : Operation 346 [1/1] (0.00ns)   --->   "%buffer_objxy_0_addr = getelementptr i64 %buffer_objxy_0, i64 0, i64 %zext_ln47_1" [likelihood_kernel.cpp:47]   --->   Operation 346 'getelementptr' 'buffer_objxy_0_addr' <Predicate = (icmp_ln46)> <Delay = 0.00>
ST_11 : Operation 347 [1/1] (0.00ns)   --->   "%buffer_objxy_1_addr = getelementptr i64 %buffer_objxy_1, i64 0, i64 %zext_ln47_1" [likelihood_kernel.cpp:47]   --->   Operation 347 'getelementptr' 'buffer_objxy_1_addr' <Predicate = (icmp_ln46)> <Delay = 0.00>
ST_11 : Operation 348 [1/1] (0.00ns)   --->   "%buffer_objxy_2_addr = getelementptr i64 %buffer_objxy_2, i64 0, i64 %zext_ln47_1" [likelihood_kernel.cpp:47]   --->   Operation 348 'getelementptr' 'buffer_objxy_2_addr' <Predicate = (icmp_ln46)> <Delay = 0.00>
ST_11 : Operation 349 [1/1] (0.00ns)   --->   "%buffer_objxy_3_addr = getelementptr i64 %buffer_objxy_3, i64 0, i64 %zext_ln47_1" [likelihood_kernel.cpp:47]   --->   Operation 349 'getelementptr' 'buffer_objxy_3_addr' <Predicate = (icmp_ln46)> <Delay = 0.00>
ST_11 : Operation 350 [1/1] (1.20ns)   --->   "%store_ln47 = store i64 %bitcast_ln47, i6 %buffer_objxy_2_addr" [likelihood_kernel.cpp:47]   --->   Operation 350 'store' 'store_ln47' <Predicate = (icmp_ln46 & trunc_ln47 == 2)> <Delay = 1.20> <CoreInst = "RAM_2P_BRAM">   --->   Core 94 'RAM_2P_BRAM' <Latency = 1> <II = 1> <Delay = 1.20> <Storage> <Opcode : 'load' 'store'> <Ports = 2> <Width = 64> <Depth = 40> <RAM>
ST_11 : Operation 351 [1/1] (0.00ns)   --->   "%br_ln47 = br void" [likelihood_kernel.cpp:47]   --->   Operation 351 'br' 'br_ln47' <Predicate = (icmp_ln46 & trunc_ln47 == 2)> <Delay = 0.00>
ST_11 : Operation 352 [1/1] (1.20ns)   --->   "%store_ln47 = store i64 %bitcast_ln47, i6 %buffer_objxy_1_addr" [likelihood_kernel.cpp:47]   --->   Operation 352 'store' 'store_ln47' <Predicate = (icmp_ln46 & trunc_ln47 == 1)> <Delay = 1.20> <CoreInst = "RAM_2P_BRAM">   --->   Core 94 'RAM_2P_BRAM' <Latency = 1> <II = 1> <Delay = 1.20> <Storage> <Opcode : 'load' 'store'> <Ports = 2> <Width = 64> <Depth = 40> <RAM>
ST_11 : Operation 353 [1/1] (0.00ns)   --->   "%br_ln47 = br void" [likelihood_kernel.cpp:47]   --->   Operation 353 'br' 'br_ln47' <Predicate = (icmp_ln46 & trunc_ln47 == 1)> <Delay = 0.00>
ST_11 : Operation 354 [1/1] (1.20ns)   --->   "%store_ln47 = store i64 %bitcast_ln47, i6 %buffer_objxy_0_addr" [likelihood_kernel.cpp:47]   --->   Operation 354 'store' 'store_ln47' <Predicate = (icmp_ln46 & trunc_ln47 == 0)> <Delay = 1.20> <CoreInst = "RAM_2P_BRAM">   --->   Core 94 'RAM_2P_BRAM' <Latency = 1> <II = 1> <Delay = 1.20> <Storage> <Opcode : 'load' 'store'> <Ports = 2> <Width = 64> <Depth = 40> <RAM>
ST_11 : Operation 355 [1/1] (0.00ns)   --->   "%br_ln47 = br void" [likelihood_kernel.cpp:47]   --->   Operation 355 'br' 'br_ln47' <Predicate = (icmp_ln46 & trunc_ln47 == 0)> <Delay = 0.00>
ST_11 : Operation 356 [1/1] (1.20ns)   --->   "%store_ln47 = store i64 %bitcast_ln47, i6 %buffer_objxy_3_addr" [likelihood_kernel.cpp:47]   --->   Operation 356 'store' 'store_ln47' <Predicate = (icmp_ln46 & trunc_ln47 == 3)> <Delay = 1.20> <CoreInst = "RAM_2P_BRAM">   --->   Core 94 'RAM_2P_BRAM' <Latency = 1> <II = 1> <Delay = 1.20> <Storage> <Opcode : 'load' 'store'> <Ports = 2> <Width = 64> <Depth = 40> <RAM>
ST_11 : Operation 357 [1/1] (0.00ns)   --->   "%br_ln47 = br void" [likelihood_kernel.cpp:47]   --->   Operation 357 'br' 'br_ln47' <Predicate = (icmp_ln46 & trunc_ln47 == 3)> <Delay = 0.00>

State 12 <SV = 2> <Delay = 2.21>
ST_12 : Operation 358 [5/5] (2.21ns)   --->   "%conv30_i = sitodp i32 %countOnes_read"   --->   Operation 358 'sitodp' 'conv30_i' <Predicate = true> <Delay = 2.21> <CoreInst = "Int2Double">   --->   Core 66 'Int2Double' <Latency = 4> <II = 1> <Delay = 2.21> <FuncUnit> <Opcode : 'sitodp' 'uitodp'> <InPorts = 1> <OutPorts = 1>

State 13 <SV = 3> <Delay = 2.21>
ST_13 : Operation 359 [4/5] (2.21ns)   --->   "%conv30_i = sitodp i32 %countOnes_read"   --->   Operation 359 'sitodp' 'conv30_i' <Predicate = true> <Delay = 2.21> <CoreInst = "Int2Double">   --->   Core 66 'Int2Double' <Latency = 4> <II = 1> <Delay = 2.21> <FuncUnit> <Opcode : 'sitodp' 'uitodp'> <InPorts = 1> <OutPorts = 1>

State 14 <SV = 4> <Delay = 2.21>
ST_14 : Operation 360 [3/5] (2.21ns)   --->   "%conv30_i = sitodp i32 %countOnes_read"   --->   Operation 360 'sitodp' 'conv30_i' <Predicate = true> <Delay = 2.21> <CoreInst = "Int2Double">   --->   Core 66 'Int2Double' <Latency = 4> <II = 1> <Delay = 2.21> <FuncUnit> <Opcode : 'sitodp' 'uitodp'> <InPorts = 1> <OutPorts = 1>

State 15 <SV = 5> <Delay = 2.21>
ST_15 : Operation 361 [2/5] (2.21ns)   --->   "%conv30_i = sitodp i32 %countOnes_read"   --->   Operation 361 'sitodp' 'conv30_i' <Predicate = true> <Delay = 2.21> <CoreInst = "Int2Double">   --->   Core 66 'Int2Double' <Latency = 4> <II = 1> <Delay = 2.21> <FuncUnit> <Opcode : 'sitodp' 'uitodp'> <InPorts = 1> <OutPorts = 1>

State 16 <SV = 6> <Delay = 2.21>
ST_16 : Operation 362 [1/5] (2.21ns)   --->   "%conv30_i = sitodp i32 %countOnes_read"   --->   Operation 362 'sitodp' 'conv30_i' <Predicate = true> <Delay = 2.21> <CoreInst = "Int2Double">   --->   Core 66 'Int2Double' <Latency = 4> <II = 1> <Delay = 2.21> <FuncUnit> <Opcode : 'sitodp' 'uitodp'> <InPorts = 1> <OutPorts = 1>
ST_16 : Operation 363 [1/1] (0.85ns)   --->   "%icmp_ln227 = icmp_sgt  i32 %Nparticles_read, i32 0" [likelihood_kernel.cpp:227]   --->   Operation 363 'icmp' 'icmp_ln227' <Predicate = true> <Delay = 0.85> <CoreInst = "Cmp">   --->   Core 9 'Cmp' <Latency = 0> <II = 1> <Delay = 0.82> <FuncUnit> <Opcode : 'icmp'> <InPorts = 2> <OutPorts = 1>
ST_16 : Operation 364 [1/1] (0.00ns)   --->   "%br_ln227 = br i1 %icmp_ln227, void %._crit_edge98, void %.lr.ph97" [likelihood_kernel.cpp:227]   --->   Operation 364 'br' 'br_ln227' <Predicate = true> <Delay = 0.00>
ST_16 : Operation 365 [1/1] (0.00ns)   --->   "%trunc_ln227 = trunc i32 %Nparticles_read" [likelihood_kernel.cpp:227]   --->   Operation 365 'trunc' 'trunc_ln227' <Predicate = (icmp_ln227)> <Delay = 0.00>
ST_16 : Operation 366 [1/1] (0.87ns)   --->   "%add_ln227 = add i31 %trunc_ln227, i31 2147483647" [likelihood_kernel.cpp:227]   --->   Operation 366 'add' 'add_ln227' <Predicate = (icmp_ln227)> <Delay = 0.87> <CoreInst = "Adder">   --->   Core 1 'Adder' <Latency = 0> <II = 1> <Delay = 0.88> <FuncUnit> <Opcode : 'add' 'sub'> <InPorts = 2> <OutPorts = 1>
ST_16 : Operation 367 [1/1] (0.00ns)   --->   "%trunc_ln227_1 = partselect i25 @_ssdm_op_PartSelect.i25.i31.i32.i32, i31 %add_ln227, i32 6, i32 30" [likelihood_kernel.cpp:227]   --->   Operation 367 'partselect' 'trunc_ln227_1' <Predicate = (icmp_ln227)> <Delay = 0.00>
ST_16 : Operation 368 [1/1] (0.00ns)   --->   "%zext_ln227 = zext i25 %trunc_ln227_1" [likelihood_kernel.cpp:227]   --->   Operation 368 'zext' 'zext_ln227' <Predicate = (icmp_ln227)> <Delay = 0.00>
ST_16 : Operation 369 [1/1] (0.83ns)   --->   "%add_ln227_1 = add i26 %zext_ln227, i26 1" [likelihood_kernel.cpp:227]   --->   Operation 369 'add' 'add_ln227_1' <Predicate = (icmp_ln227)> <Delay = 0.83> <CoreInst = "Adder">   --->   Core 1 'Adder' <Latency = 0> <II = 1> <Delay = 0.88> <FuncUnit> <Opcode : 'add' 'sub'> <InPorts = 2> <OutPorts = 1>
ST_16 : Operation 370 [1/1] (0.00ns)   --->   "%buffer_X_0_addr = getelementptr i64 %buffer_X_0, i64 0, i64 0" [likelihood_kernel.cpp:83]   --->   Operation 370 'getelementptr' 'buffer_X_0_addr' <Predicate = (icmp_ln227)> <Delay = 0.00>
ST_16 : Operation 371 [1/1] (0.00ns)   --->   "%buffer_Y_0_addr = getelementptr i64 %buffer_Y_0, i64 0, i64 0" [likelihood_kernel.cpp:84]   --->   Operation 371 'getelementptr' 'buffer_Y_0_addr' <Predicate = (icmp_ln227)> <Delay = 0.00>
ST_16 : Operation 372 [1/1] (0.00ns)   --->   "%buffer_X_1_addr = getelementptr i64 %buffer_X_1, i64 0, i64 0" [likelihood_kernel.cpp:83]   --->   Operation 372 'getelementptr' 'buffer_X_1_addr' <Predicate = (icmp_ln227)> <Delay = 0.00>
ST_16 : Operation 373 [1/1] (0.00ns)   --->   "%buffer_Y_1_addr = getelementptr i64 %buffer_Y_1, i64 0, i64 0" [likelihood_kernel.cpp:84]   --->   Operation 373 'getelementptr' 'buffer_Y_1_addr' <Predicate = (icmp_ln227)> <Delay = 0.00>
ST_16 : Operation 374 [1/1] (0.00ns)   --->   "%buffer_X_2_addr = getelementptr i64 %buffer_X_2, i64 0, i64 0" [likelihood_kernel.cpp:83]   --->   Operation 374 'getelementptr' 'buffer_X_2_addr' <Predicate = (icmp_ln227)> <Delay = 0.00>
ST_16 : Operation 375 [1/1] (0.00ns)   --->   "%buffer_Y_2_addr = getelementptr i64 %buffer_Y_2, i64 0, i64 0" [likelihood_kernel.cpp:84]   --->   Operation 375 'getelementptr' 'buffer_Y_2_addr' <Predicate = (icmp_ln227)> <Delay = 0.00>
ST_16 : Operation 376 [1/1] (0.00ns)   --->   "%buffer_X_3_addr = getelementptr i64 %buffer_X_3, i64 0, i64 0" [likelihood_kernel.cpp:83]   --->   Operation 376 'getelementptr' 'buffer_X_3_addr' <Predicate = (icmp_ln227)> <Delay = 0.00>
ST_16 : Operation 377 [1/1] (0.00ns)   --->   "%buffer_Y_3_addr = getelementptr i64 %buffer_Y_3, i64 0, i64 0" [likelihood_kernel.cpp:84]   --->   Operation 377 'getelementptr' 'buffer_Y_3_addr' <Predicate = (icmp_ln227)> <Delay = 0.00>
ST_16 : Operation 378 [1/1] (0.00ns)   --->   "%buffer_X_0_addr_1 = getelementptr i64 %buffer_X_0, i64 0, i64 1" [likelihood_kernel.cpp:83]   --->   Operation 378 'getelementptr' 'buffer_X_0_addr_1' <Predicate = (icmp_ln227)> <Delay = 0.00>
ST_16 : Operation 379 [1/1] (0.00ns)   --->   "%buffer_Y_0_addr_1 = getelementptr i64 %buffer_Y_0, i64 0, i64 1" [likelihood_kernel.cpp:84]   --->   Operation 379 'getelementptr' 'buffer_Y_0_addr_1' <Predicate = (icmp_ln227)> <Delay = 0.00>
ST_16 : Operation 380 [1/1] (0.00ns)   --->   "%buffer_X_1_addr_1 = getelementptr i64 %buffer_X_1, i64 0, i64 1" [likelihood_kernel.cpp:83]   --->   Operation 380 'getelementptr' 'buffer_X_1_addr_1' <Predicate = (icmp_ln227)> <Delay = 0.00>
ST_16 : Operation 381 [1/1] (0.00ns)   --->   "%buffer_Y_1_addr_1 = getelementptr i64 %buffer_Y_1, i64 0, i64 1" [likelihood_kernel.cpp:84]   --->   Operation 381 'getelementptr' 'buffer_Y_1_addr_1' <Predicate = (icmp_ln227)> <Delay = 0.00>
ST_16 : Operation 382 [1/1] (0.00ns)   --->   "%buffer_X_2_addr_1 = getelementptr i64 %buffer_X_2, i64 0, i64 1" [likelihood_kernel.cpp:83]   --->   Operation 382 'getelementptr' 'buffer_X_2_addr_1' <Predicate = (icmp_ln227)> <Delay = 0.00>
ST_16 : Operation 383 [1/1] (0.00ns)   --->   "%buffer_Y_2_addr_1 = getelementptr i64 %buffer_Y_2, i64 0, i64 1" [likelihood_kernel.cpp:84]   --->   Operation 383 'getelementptr' 'buffer_Y_2_addr_1' <Predicate = (icmp_ln227)> <Delay = 0.00>
ST_16 : Operation 384 [1/1] (0.00ns)   --->   "%buffer_X_3_addr_1 = getelementptr i64 %buffer_X_3, i64 0, i64 1" [likelihood_kernel.cpp:83]   --->   Operation 384 'getelementptr' 'buffer_X_3_addr_1' <Predicate = (icmp_ln227)> <Delay = 0.00>
ST_16 : Operation 385 [1/1] (0.00ns)   --->   "%buffer_Y_3_addr_1 = getelementptr i64 %buffer_Y_3, i64 0, i64 1" [likelihood_kernel.cpp:84]   --->   Operation 385 'getelementptr' 'buffer_Y_3_addr_1' <Predicate = (icmp_ln227)> <Delay = 0.00>
ST_16 : Operation 386 [1/1] (0.00ns)   --->   "%buffer_X_0_addr_2 = getelementptr i64 %buffer_X_0, i64 0, i64 2" [likelihood_kernel.cpp:83]   --->   Operation 386 'getelementptr' 'buffer_X_0_addr_2' <Predicate = (icmp_ln227)> <Delay = 0.00>
ST_16 : Operation 387 [1/1] (0.00ns)   --->   "%buffer_Y_0_addr_2 = getelementptr i64 %buffer_Y_0, i64 0, i64 2" [likelihood_kernel.cpp:84]   --->   Operation 387 'getelementptr' 'buffer_Y_0_addr_2' <Predicate = (icmp_ln227)> <Delay = 0.00>
ST_16 : Operation 388 [1/1] (0.00ns)   --->   "%buffer_X_1_addr_2 = getelementptr i64 %buffer_X_1, i64 0, i64 2" [likelihood_kernel.cpp:83]   --->   Operation 388 'getelementptr' 'buffer_X_1_addr_2' <Predicate = (icmp_ln227)> <Delay = 0.00>
ST_16 : Operation 389 [1/1] (0.00ns)   --->   "%buffer_Y_1_addr_2 = getelementptr i64 %buffer_Y_1, i64 0, i64 2" [likelihood_kernel.cpp:84]   --->   Operation 389 'getelementptr' 'buffer_Y_1_addr_2' <Predicate = (icmp_ln227)> <Delay = 0.00>
ST_16 : Operation 390 [1/1] (0.00ns)   --->   "%buffer_X_2_addr_2 = getelementptr i64 %buffer_X_2, i64 0, i64 2" [likelihood_kernel.cpp:83]   --->   Operation 390 'getelementptr' 'buffer_X_2_addr_2' <Predicate = (icmp_ln227)> <Delay = 0.00>
ST_16 : Operation 391 [1/1] (0.00ns)   --->   "%buffer_Y_2_addr_2 = getelementptr i64 %buffer_Y_2, i64 0, i64 2" [likelihood_kernel.cpp:84]   --->   Operation 391 'getelementptr' 'buffer_Y_2_addr_2' <Predicate = (icmp_ln227)> <Delay = 0.00>
ST_16 : Operation 392 [1/1] (0.00ns)   --->   "%buffer_X_3_addr_2 = getelementptr i64 %buffer_X_3, i64 0, i64 2" [likelihood_kernel.cpp:83]   --->   Operation 392 'getelementptr' 'buffer_X_3_addr_2' <Predicate = (icmp_ln227)> <Delay = 0.00>
ST_16 : Operation 393 [1/1] (0.00ns)   --->   "%buffer_Y_3_addr_2 = getelementptr i64 %buffer_Y_3, i64 0, i64 2" [likelihood_kernel.cpp:84]   --->   Operation 393 'getelementptr' 'buffer_Y_3_addr_2' <Predicate = (icmp_ln227)> <Delay = 0.00>
ST_16 : Operation 394 [1/1] (0.00ns)   --->   "%buffer_X_0_addr_3 = getelementptr i64 %buffer_X_0, i64 0, i64 3" [likelihood_kernel.cpp:83]   --->   Operation 394 'getelementptr' 'buffer_X_0_addr_3' <Predicate = (icmp_ln227)> <Delay = 0.00>
ST_16 : Operation 395 [1/1] (0.00ns)   --->   "%buffer_Y_0_addr_3 = getelementptr i64 %buffer_Y_0, i64 0, i64 3" [likelihood_kernel.cpp:84]   --->   Operation 395 'getelementptr' 'buffer_Y_0_addr_3' <Predicate = (icmp_ln227)> <Delay = 0.00>
ST_16 : Operation 396 [1/1] (0.00ns)   --->   "%buffer_X_1_addr_3 = getelementptr i64 %buffer_X_1, i64 0, i64 3" [likelihood_kernel.cpp:83]   --->   Operation 396 'getelementptr' 'buffer_X_1_addr_3' <Predicate = (icmp_ln227)> <Delay = 0.00>
ST_16 : Operation 397 [1/1] (0.00ns)   --->   "%buffer_Y_1_addr_3 = getelementptr i64 %buffer_Y_1, i64 0, i64 3" [likelihood_kernel.cpp:84]   --->   Operation 397 'getelementptr' 'buffer_Y_1_addr_3' <Predicate = (icmp_ln227)> <Delay = 0.00>
ST_16 : Operation 398 [1/1] (0.00ns)   --->   "%buffer_X_2_addr_3 = getelementptr i64 %buffer_X_2, i64 0, i64 3" [likelihood_kernel.cpp:83]   --->   Operation 398 'getelementptr' 'buffer_X_2_addr_3' <Predicate = (icmp_ln227)> <Delay = 0.00>
ST_16 : Operation 399 [1/1] (0.00ns)   --->   "%buffer_Y_2_addr_3 = getelementptr i64 %buffer_Y_2, i64 0, i64 3" [likelihood_kernel.cpp:84]   --->   Operation 399 'getelementptr' 'buffer_Y_2_addr_3' <Predicate = (icmp_ln227)> <Delay = 0.00>
ST_16 : Operation 400 [1/1] (0.00ns)   --->   "%buffer_X_3_addr_3 = getelementptr i64 %buffer_X_3, i64 0, i64 3" [likelihood_kernel.cpp:83]   --->   Operation 400 'getelementptr' 'buffer_X_3_addr_3' <Predicate = (icmp_ln227)> <Delay = 0.00>
ST_16 : Operation 401 [1/1] (0.00ns)   --->   "%buffer_Y_3_addr_3 = getelementptr i64 %buffer_Y_3, i64 0, i64 3" [likelihood_kernel.cpp:84]   --->   Operation 401 'getelementptr' 'buffer_Y_3_addr_3' <Predicate = (icmp_ln227)> <Delay = 0.00>
ST_16 : Operation 402 [1/1] (0.00ns)   --->   "%buffer_X_0_addr_4 = getelementptr i64 %buffer_X_0, i64 0, i64 4" [likelihood_kernel.cpp:83]   --->   Operation 402 'getelementptr' 'buffer_X_0_addr_4' <Predicate = (icmp_ln227)> <Delay = 0.00>
ST_16 : Operation 403 [1/1] (0.00ns)   --->   "%buffer_Y_0_addr_4 = getelementptr i64 %buffer_Y_0, i64 0, i64 4" [likelihood_kernel.cpp:84]   --->   Operation 403 'getelementptr' 'buffer_Y_0_addr_4' <Predicate = (icmp_ln227)> <Delay = 0.00>
ST_16 : Operation 404 [1/1] (0.00ns)   --->   "%buffer_X_1_addr_4 = getelementptr i64 %buffer_X_1, i64 0, i64 4" [likelihood_kernel.cpp:83]   --->   Operation 404 'getelementptr' 'buffer_X_1_addr_4' <Predicate = (icmp_ln227)> <Delay = 0.00>
ST_16 : Operation 405 [1/1] (0.00ns)   --->   "%buffer_Y_1_addr_4 = getelementptr i64 %buffer_Y_1, i64 0, i64 4" [likelihood_kernel.cpp:84]   --->   Operation 405 'getelementptr' 'buffer_Y_1_addr_4' <Predicate = (icmp_ln227)> <Delay = 0.00>
ST_16 : Operation 406 [1/1] (0.00ns)   --->   "%buffer_X_2_addr_4 = getelementptr i64 %buffer_X_2, i64 0, i64 4" [likelihood_kernel.cpp:83]   --->   Operation 406 'getelementptr' 'buffer_X_2_addr_4' <Predicate = (icmp_ln227)> <Delay = 0.00>
ST_16 : Operation 407 [1/1] (0.00ns)   --->   "%buffer_Y_2_addr_4 = getelementptr i64 %buffer_Y_2, i64 0, i64 4" [likelihood_kernel.cpp:84]   --->   Operation 407 'getelementptr' 'buffer_Y_2_addr_4' <Predicate = (icmp_ln227)> <Delay = 0.00>
ST_16 : Operation 408 [1/1] (0.00ns)   --->   "%buffer_X_3_addr_4 = getelementptr i64 %buffer_X_3, i64 0, i64 4" [likelihood_kernel.cpp:83]   --->   Operation 408 'getelementptr' 'buffer_X_3_addr_4' <Predicate = (icmp_ln227)> <Delay = 0.00>
ST_16 : Operation 409 [1/1] (0.00ns)   --->   "%buffer_Y_3_addr_4 = getelementptr i64 %buffer_Y_3, i64 0, i64 4" [likelihood_kernel.cpp:84]   --->   Operation 409 'getelementptr' 'buffer_Y_3_addr_4' <Predicate = (icmp_ln227)> <Delay = 0.00>
ST_16 : Operation 410 [1/1] (0.00ns)   --->   "%buffer_X_0_addr_5 = getelementptr i64 %buffer_X_0, i64 0, i64 5" [likelihood_kernel.cpp:83]   --->   Operation 410 'getelementptr' 'buffer_X_0_addr_5' <Predicate = (icmp_ln227)> <Delay = 0.00>
ST_16 : Operation 411 [1/1] (0.00ns)   --->   "%buffer_Y_0_addr_5 = getelementptr i64 %buffer_Y_0, i64 0, i64 5" [likelihood_kernel.cpp:84]   --->   Operation 411 'getelementptr' 'buffer_Y_0_addr_5' <Predicate = (icmp_ln227)> <Delay = 0.00>
ST_16 : Operation 412 [1/1] (0.00ns)   --->   "%buffer_X_1_addr_5 = getelementptr i64 %buffer_X_1, i64 0, i64 5" [likelihood_kernel.cpp:83]   --->   Operation 412 'getelementptr' 'buffer_X_1_addr_5' <Predicate = (icmp_ln227)> <Delay = 0.00>
ST_16 : Operation 413 [1/1] (0.00ns)   --->   "%buffer_Y_1_addr_5 = getelementptr i64 %buffer_Y_1, i64 0, i64 5" [likelihood_kernel.cpp:84]   --->   Operation 413 'getelementptr' 'buffer_Y_1_addr_5' <Predicate = (icmp_ln227)> <Delay = 0.00>
ST_16 : Operation 414 [1/1] (0.00ns)   --->   "%buffer_X_2_addr_5 = getelementptr i64 %buffer_X_2, i64 0, i64 5" [likelihood_kernel.cpp:83]   --->   Operation 414 'getelementptr' 'buffer_X_2_addr_5' <Predicate = (icmp_ln227)> <Delay = 0.00>
ST_16 : Operation 415 [1/1] (0.00ns)   --->   "%buffer_Y_2_addr_5 = getelementptr i64 %buffer_Y_2, i64 0, i64 5" [likelihood_kernel.cpp:84]   --->   Operation 415 'getelementptr' 'buffer_Y_2_addr_5' <Predicate = (icmp_ln227)> <Delay = 0.00>
ST_16 : Operation 416 [1/1] (0.00ns)   --->   "%buffer_X_3_addr_5 = getelementptr i64 %buffer_X_3, i64 0, i64 5" [likelihood_kernel.cpp:83]   --->   Operation 416 'getelementptr' 'buffer_X_3_addr_5' <Predicate = (icmp_ln227)> <Delay = 0.00>
ST_16 : Operation 417 [1/1] (0.00ns)   --->   "%buffer_Y_3_addr_5 = getelementptr i64 %buffer_Y_3, i64 0, i64 5" [likelihood_kernel.cpp:84]   --->   Operation 417 'getelementptr' 'buffer_Y_3_addr_5' <Predicate = (icmp_ln227)> <Delay = 0.00>
ST_16 : Operation 418 [1/1] (0.00ns)   --->   "%buffer_X_0_addr_6 = getelementptr i64 %buffer_X_0, i64 0, i64 6" [likelihood_kernel.cpp:83]   --->   Operation 418 'getelementptr' 'buffer_X_0_addr_6' <Predicate = (icmp_ln227)> <Delay = 0.00>
ST_16 : Operation 419 [1/1] (0.00ns)   --->   "%buffer_Y_0_addr_6 = getelementptr i64 %buffer_Y_0, i64 0, i64 6" [likelihood_kernel.cpp:84]   --->   Operation 419 'getelementptr' 'buffer_Y_0_addr_6' <Predicate = (icmp_ln227)> <Delay = 0.00>
ST_16 : Operation 420 [1/1] (0.00ns)   --->   "%buffer_X_1_addr_6 = getelementptr i64 %buffer_X_1, i64 0, i64 6" [likelihood_kernel.cpp:83]   --->   Operation 420 'getelementptr' 'buffer_X_1_addr_6' <Predicate = (icmp_ln227)> <Delay = 0.00>
ST_16 : Operation 421 [1/1] (0.00ns)   --->   "%buffer_Y_1_addr_6 = getelementptr i64 %buffer_Y_1, i64 0, i64 6" [likelihood_kernel.cpp:84]   --->   Operation 421 'getelementptr' 'buffer_Y_1_addr_6' <Predicate = (icmp_ln227)> <Delay = 0.00>
ST_16 : Operation 422 [1/1] (0.00ns)   --->   "%buffer_X_2_addr_6 = getelementptr i64 %buffer_X_2, i64 0, i64 6" [likelihood_kernel.cpp:83]   --->   Operation 422 'getelementptr' 'buffer_X_2_addr_6' <Predicate = (icmp_ln227)> <Delay = 0.00>
ST_16 : Operation 423 [1/1] (0.00ns)   --->   "%buffer_Y_2_addr_6 = getelementptr i64 %buffer_Y_2, i64 0, i64 6" [likelihood_kernel.cpp:84]   --->   Operation 423 'getelementptr' 'buffer_Y_2_addr_6' <Predicate = (icmp_ln227)> <Delay = 0.00>
ST_16 : Operation 424 [1/1] (0.00ns)   --->   "%buffer_X_3_addr_6 = getelementptr i64 %buffer_X_3, i64 0, i64 6" [likelihood_kernel.cpp:83]   --->   Operation 424 'getelementptr' 'buffer_X_3_addr_6' <Predicate = (icmp_ln227)> <Delay = 0.00>
ST_16 : Operation 425 [1/1] (0.00ns)   --->   "%buffer_Y_3_addr_6 = getelementptr i64 %buffer_Y_3, i64 0, i64 6" [likelihood_kernel.cpp:84]   --->   Operation 425 'getelementptr' 'buffer_Y_3_addr_6' <Predicate = (icmp_ln227)> <Delay = 0.00>
ST_16 : Operation 426 [1/1] (0.00ns)   --->   "%buffer_X_0_addr_7 = getelementptr i64 %buffer_X_0, i64 0, i64 7" [likelihood_kernel.cpp:83]   --->   Operation 426 'getelementptr' 'buffer_X_0_addr_7' <Predicate = (icmp_ln227)> <Delay = 0.00>
ST_16 : Operation 427 [1/1] (0.00ns)   --->   "%buffer_Y_0_addr_7 = getelementptr i64 %buffer_Y_0, i64 0, i64 7" [likelihood_kernel.cpp:84]   --->   Operation 427 'getelementptr' 'buffer_Y_0_addr_7' <Predicate = (icmp_ln227)> <Delay = 0.00>
ST_16 : Operation 428 [1/1] (0.00ns)   --->   "%buffer_X_1_addr_7 = getelementptr i64 %buffer_X_1, i64 0, i64 7" [likelihood_kernel.cpp:83]   --->   Operation 428 'getelementptr' 'buffer_X_1_addr_7' <Predicate = (icmp_ln227)> <Delay = 0.00>
ST_16 : Operation 429 [1/1] (0.00ns)   --->   "%buffer_Y_1_addr_7 = getelementptr i64 %buffer_Y_1, i64 0, i64 7" [likelihood_kernel.cpp:84]   --->   Operation 429 'getelementptr' 'buffer_Y_1_addr_7' <Predicate = (icmp_ln227)> <Delay = 0.00>
ST_16 : Operation 430 [1/1] (0.00ns)   --->   "%buffer_X_2_addr_7 = getelementptr i64 %buffer_X_2, i64 0, i64 7" [likelihood_kernel.cpp:83]   --->   Operation 430 'getelementptr' 'buffer_X_2_addr_7' <Predicate = (icmp_ln227)> <Delay = 0.00>
ST_16 : Operation 431 [1/1] (0.00ns)   --->   "%buffer_Y_2_addr_7 = getelementptr i64 %buffer_Y_2, i64 0, i64 7" [likelihood_kernel.cpp:84]   --->   Operation 431 'getelementptr' 'buffer_Y_2_addr_7' <Predicate = (icmp_ln227)> <Delay = 0.00>
ST_16 : Operation 432 [1/1] (0.00ns)   --->   "%buffer_X_3_addr_7 = getelementptr i64 %buffer_X_3, i64 0, i64 7" [likelihood_kernel.cpp:83]   --->   Operation 432 'getelementptr' 'buffer_X_3_addr_7' <Predicate = (icmp_ln227)> <Delay = 0.00>
ST_16 : Operation 433 [1/1] (0.00ns)   --->   "%buffer_Y_3_addr_7 = getelementptr i64 %buffer_Y_3, i64 0, i64 7" [likelihood_kernel.cpp:84]   --->   Operation 433 'getelementptr' 'buffer_Y_3_addr_7' <Predicate = (icmp_ln227)> <Delay = 0.00>
ST_16 : Operation 434 [1/1] (0.00ns)   --->   "%buffer_X_0_addr_8 = getelementptr i64 %buffer_X_0, i64 0, i64 8" [likelihood_kernel.cpp:83]   --->   Operation 434 'getelementptr' 'buffer_X_0_addr_8' <Predicate = (icmp_ln227)> <Delay = 0.00>
ST_16 : Operation 435 [1/1] (0.00ns)   --->   "%buffer_Y_0_addr_8 = getelementptr i64 %buffer_Y_0, i64 0, i64 8" [likelihood_kernel.cpp:84]   --->   Operation 435 'getelementptr' 'buffer_Y_0_addr_8' <Predicate = (icmp_ln227)> <Delay = 0.00>
ST_16 : Operation 436 [1/1] (0.00ns)   --->   "%buffer_X_1_addr_8 = getelementptr i64 %buffer_X_1, i64 0, i64 8" [likelihood_kernel.cpp:83]   --->   Operation 436 'getelementptr' 'buffer_X_1_addr_8' <Predicate = (icmp_ln227)> <Delay = 0.00>
ST_16 : Operation 437 [1/1] (0.00ns)   --->   "%buffer_Y_1_addr_8 = getelementptr i64 %buffer_Y_1, i64 0, i64 8" [likelihood_kernel.cpp:84]   --->   Operation 437 'getelementptr' 'buffer_Y_1_addr_8' <Predicate = (icmp_ln227)> <Delay = 0.00>
ST_16 : Operation 438 [1/1] (0.00ns)   --->   "%buffer_X_2_addr_8 = getelementptr i64 %buffer_X_2, i64 0, i64 8" [likelihood_kernel.cpp:83]   --->   Operation 438 'getelementptr' 'buffer_X_2_addr_8' <Predicate = (icmp_ln227)> <Delay = 0.00>
ST_16 : Operation 439 [1/1] (0.00ns)   --->   "%buffer_Y_2_addr_8 = getelementptr i64 %buffer_Y_2, i64 0, i64 8" [likelihood_kernel.cpp:84]   --->   Operation 439 'getelementptr' 'buffer_Y_2_addr_8' <Predicate = (icmp_ln227)> <Delay = 0.00>
ST_16 : Operation 440 [1/1] (0.00ns)   --->   "%buffer_X_3_addr_8 = getelementptr i64 %buffer_X_3, i64 0, i64 8" [likelihood_kernel.cpp:83]   --->   Operation 440 'getelementptr' 'buffer_X_3_addr_8' <Predicate = (icmp_ln227)> <Delay = 0.00>
ST_16 : Operation 441 [1/1] (0.00ns)   --->   "%buffer_Y_3_addr_8 = getelementptr i64 %buffer_Y_3, i64 0, i64 8" [likelihood_kernel.cpp:84]   --->   Operation 441 'getelementptr' 'buffer_Y_3_addr_8' <Predicate = (icmp_ln227)> <Delay = 0.00>
ST_16 : Operation 442 [1/1] (0.00ns)   --->   "%buffer_X_0_addr_9 = getelementptr i64 %buffer_X_0, i64 0, i64 9" [likelihood_kernel.cpp:83]   --->   Operation 442 'getelementptr' 'buffer_X_0_addr_9' <Predicate = (icmp_ln227)> <Delay = 0.00>
ST_16 : Operation 443 [1/1] (0.00ns)   --->   "%buffer_Y_0_addr_9 = getelementptr i64 %buffer_Y_0, i64 0, i64 9" [likelihood_kernel.cpp:84]   --->   Operation 443 'getelementptr' 'buffer_Y_0_addr_9' <Predicate = (icmp_ln227)> <Delay = 0.00>
ST_16 : Operation 444 [1/1] (0.00ns)   --->   "%buffer_X_1_addr_9 = getelementptr i64 %buffer_X_1, i64 0, i64 9" [likelihood_kernel.cpp:83]   --->   Operation 444 'getelementptr' 'buffer_X_1_addr_9' <Predicate = (icmp_ln227)> <Delay = 0.00>
ST_16 : Operation 445 [1/1] (0.00ns)   --->   "%buffer_Y_1_addr_9 = getelementptr i64 %buffer_Y_1, i64 0, i64 9" [likelihood_kernel.cpp:84]   --->   Operation 445 'getelementptr' 'buffer_Y_1_addr_9' <Predicate = (icmp_ln227)> <Delay = 0.00>
ST_16 : Operation 446 [1/1] (0.00ns)   --->   "%buffer_X_2_addr_9 = getelementptr i64 %buffer_X_2, i64 0, i64 9" [likelihood_kernel.cpp:83]   --->   Operation 446 'getelementptr' 'buffer_X_2_addr_9' <Predicate = (icmp_ln227)> <Delay = 0.00>
ST_16 : Operation 447 [1/1] (0.00ns)   --->   "%buffer_Y_2_addr_9 = getelementptr i64 %buffer_Y_2, i64 0, i64 9" [likelihood_kernel.cpp:84]   --->   Operation 447 'getelementptr' 'buffer_Y_2_addr_9' <Predicate = (icmp_ln227)> <Delay = 0.00>
ST_16 : Operation 448 [1/1] (0.00ns)   --->   "%buffer_X_3_addr_9 = getelementptr i64 %buffer_X_3, i64 0, i64 9" [likelihood_kernel.cpp:83]   --->   Operation 448 'getelementptr' 'buffer_X_3_addr_9' <Predicate = (icmp_ln227)> <Delay = 0.00>
ST_16 : Operation 449 [1/1] (0.00ns)   --->   "%buffer_Y_3_addr_9 = getelementptr i64 %buffer_Y_3, i64 0, i64 9" [likelihood_kernel.cpp:84]   --->   Operation 449 'getelementptr' 'buffer_Y_3_addr_9' <Predicate = (icmp_ln227)> <Delay = 0.00>
ST_16 : Operation 450 [1/1] (0.00ns)   --->   "%buffer_X_0_addr_10 = getelementptr i64 %buffer_X_0, i64 0, i64 10" [likelihood_kernel.cpp:83]   --->   Operation 450 'getelementptr' 'buffer_X_0_addr_10' <Predicate = (icmp_ln227)> <Delay = 0.00>
ST_16 : Operation 451 [1/1] (0.00ns)   --->   "%buffer_Y_0_addr_10 = getelementptr i64 %buffer_Y_0, i64 0, i64 10" [likelihood_kernel.cpp:84]   --->   Operation 451 'getelementptr' 'buffer_Y_0_addr_10' <Predicate = (icmp_ln227)> <Delay = 0.00>
ST_16 : Operation 452 [1/1] (0.00ns)   --->   "%buffer_X_1_addr_10 = getelementptr i64 %buffer_X_1, i64 0, i64 10" [likelihood_kernel.cpp:83]   --->   Operation 452 'getelementptr' 'buffer_X_1_addr_10' <Predicate = (icmp_ln227)> <Delay = 0.00>
ST_16 : Operation 453 [1/1] (0.00ns)   --->   "%buffer_Y_1_addr_10 = getelementptr i64 %buffer_Y_1, i64 0, i64 10" [likelihood_kernel.cpp:84]   --->   Operation 453 'getelementptr' 'buffer_Y_1_addr_10' <Predicate = (icmp_ln227)> <Delay = 0.00>
ST_16 : Operation 454 [1/1] (0.00ns)   --->   "%buffer_X_2_addr_10 = getelementptr i64 %buffer_X_2, i64 0, i64 10" [likelihood_kernel.cpp:83]   --->   Operation 454 'getelementptr' 'buffer_X_2_addr_10' <Predicate = (icmp_ln227)> <Delay = 0.00>
ST_16 : Operation 455 [1/1] (0.00ns)   --->   "%buffer_Y_2_addr_10 = getelementptr i64 %buffer_Y_2, i64 0, i64 10" [likelihood_kernel.cpp:84]   --->   Operation 455 'getelementptr' 'buffer_Y_2_addr_10' <Predicate = (icmp_ln227)> <Delay = 0.00>
ST_16 : Operation 456 [1/1] (0.00ns)   --->   "%buffer_X_3_addr_10 = getelementptr i64 %buffer_X_3, i64 0, i64 10" [likelihood_kernel.cpp:83]   --->   Operation 456 'getelementptr' 'buffer_X_3_addr_10' <Predicate = (icmp_ln227)> <Delay = 0.00>
ST_16 : Operation 457 [1/1] (0.00ns)   --->   "%buffer_Y_3_addr_10 = getelementptr i64 %buffer_Y_3, i64 0, i64 10" [likelihood_kernel.cpp:84]   --->   Operation 457 'getelementptr' 'buffer_Y_3_addr_10' <Predicate = (icmp_ln227)> <Delay = 0.00>
ST_16 : Operation 458 [1/1] (0.00ns)   --->   "%buffer_X_0_addr_11 = getelementptr i64 %buffer_X_0, i64 0, i64 11" [likelihood_kernel.cpp:83]   --->   Operation 458 'getelementptr' 'buffer_X_0_addr_11' <Predicate = (icmp_ln227)> <Delay = 0.00>
ST_16 : Operation 459 [1/1] (0.00ns)   --->   "%buffer_Y_0_addr_11 = getelementptr i64 %buffer_Y_0, i64 0, i64 11" [likelihood_kernel.cpp:84]   --->   Operation 459 'getelementptr' 'buffer_Y_0_addr_11' <Predicate = (icmp_ln227)> <Delay = 0.00>
ST_16 : Operation 460 [1/1] (0.00ns)   --->   "%buffer_X_1_addr_11 = getelementptr i64 %buffer_X_1, i64 0, i64 11" [likelihood_kernel.cpp:83]   --->   Operation 460 'getelementptr' 'buffer_X_1_addr_11' <Predicate = (icmp_ln227)> <Delay = 0.00>
ST_16 : Operation 461 [1/1] (0.00ns)   --->   "%buffer_Y_1_addr_11 = getelementptr i64 %buffer_Y_1, i64 0, i64 11" [likelihood_kernel.cpp:84]   --->   Operation 461 'getelementptr' 'buffer_Y_1_addr_11' <Predicate = (icmp_ln227)> <Delay = 0.00>
ST_16 : Operation 462 [1/1] (0.00ns)   --->   "%buffer_X_2_addr_11 = getelementptr i64 %buffer_X_2, i64 0, i64 11" [likelihood_kernel.cpp:83]   --->   Operation 462 'getelementptr' 'buffer_X_2_addr_11' <Predicate = (icmp_ln227)> <Delay = 0.00>
ST_16 : Operation 463 [1/1] (0.00ns)   --->   "%buffer_Y_2_addr_11 = getelementptr i64 %buffer_Y_2, i64 0, i64 11" [likelihood_kernel.cpp:84]   --->   Operation 463 'getelementptr' 'buffer_Y_2_addr_11' <Predicate = (icmp_ln227)> <Delay = 0.00>
ST_16 : Operation 464 [1/1] (0.00ns)   --->   "%buffer_X_3_addr_11 = getelementptr i64 %buffer_X_3, i64 0, i64 11" [likelihood_kernel.cpp:83]   --->   Operation 464 'getelementptr' 'buffer_X_3_addr_11' <Predicate = (icmp_ln227)> <Delay = 0.00>
ST_16 : Operation 465 [1/1] (0.00ns)   --->   "%buffer_Y_3_addr_11 = getelementptr i64 %buffer_Y_3, i64 0, i64 11" [likelihood_kernel.cpp:84]   --->   Operation 465 'getelementptr' 'buffer_Y_3_addr_11' <Predicate = (icmp_ln227)> <Delay = 0.00>
ST_16 : Operation 466 [1/1] (0.00ns)   --->   "%buffer_X_0_addr_12 = getelementptr i64 %buffer_X_0, i64 0, i64 12" [likelihood_kernel.cpp:83]   --->   Operation 466 'getelementptr' 'buffer_X_0_addr_12' <Predicate = (icmp_ln227)> <Delay = 0.00>
ST_16 : Operation 467 [1/1] (0.00ns)   --->   "%buffer_Y_0_addr_12 = getelementptr i64 %buffer_Y_0, i64 0, i64 12" [likelihood_kernel.cpp:84]   --->   Operation 467 'getelementptr' 'buffer_Y_0_addr_12' <Predicate = (icmp_ln227)> <Delay = 0.00>
ST_16 : Operation 468 [1/1] (0.00ns)   --->   "%buffer_X_1_addr_12 = getelementptr i64 %buffer_X_1, i64 0, i64 12" [likelihood_kernel.cpp:83]   --->   Operation 468 'getelementptr' 'buffer_X_1_addr_12' <Predicate = (icmp_ln227)> <Delay = 0.00>
ST_16 : Operation 469 [1/1] (0.00ns)   --->   "%buffer_Y_1_addr_12 = getelementptr i64 %buffer_Y_1, i64 0, i64 12" [likelihood_kernel.cpp:84]   --->   Operation 469 'getelementptr' 'buffer_Y_1_addr_12' <Predicate = (icmp_ln227)> <Delay = 0.00>
ST_16 : Operation 470 [1/1] (0.00ns)   --->   "%buffer_X_2_addr_12 = getelementptr i64 %buffer_X_2, i64 0, i64 12" [likelihood_kernel.cpp:83]   --->   Operation 470 'getelementptr' 'buffer_X_2_addr_12' <Predicate = (icmp_ln227)> <Delay = 0.00>
ST_16 : Operation 471 [1/1] (0.00ns)   --->   "%buffer_Y_2_addr_12 = getelementptr i64 %buffer_Y_2, i64 0, i64 12" [likelihood_kernel.cpp:84]   --->   Operation 471 'getelementptr' 'buffer_Y_2_addr_12' <Predicate = (icmp_ln227)> <Delay = 0.00>
ST_16 : Operation 472 [1/1] (0.00ns)   --->   "%buffer_X_3_addr_12 = getelementptr i64 %buffer_X_3, i64 0, i64 12" [likelihood_kernel.cpp:83]   --->   Operation 472 'getelementptr' 'buffer_X_3_addr_12' <Predicate = (icmp_ln227)> <Delay = 0.00>
ST_16 : Operation 473 [1/1] (0.00ns)   --->   "%buffer_Y_3_addr_12 = getelementptr i64 %buffer_Y_3, i64 0, i64 12" [likelihood_kernel.cpp:84]   --->   Operation 473 'getelementptr' 'buffer_Y_3_addr_12' <Predicate = (icmp_ln227)> <Delay = 0.00>
ST_16 : Operation 474 [1/1] (0.00ns)   --->   "%buffer_X_0_addr_13 = getelementptr i64 %buffer_X_0, i64 0, i64 13" [likelihood_kernel.cpp:83]   --->   Operation 474 'getelementptr' 'buffer_X_0_addr_13' <Predicate = (icmp_ln227)> <Delay = 0.00>
ST_16 : Operation 475 [1/1] (0.00ns)   --->   "%buffer_Y_0_addr_13 = getelementptr i64 %buffer_Y_0, i64 0, i64 13" [likelihood_kernel.cpp:84]   --->   Operation 475 'getelementptr' 'buffer_Y_0_addr_13' <Predicate = (icmp_ln227)> <Delay = 0.00>
ST_16 : Operation 476 [1/1] (0.00ns)   --->   "%buffer_X_1_addr_13 = getelementptr i64 %buffer_X_1, i64 0, i64 13" [likelihood_kernel.cpp:83]   --->   Operation 476 'getelementptr' 'buffer_X_1_addr_13' <Predicate = (icmp_ln227)> <Delay = 0.00>
ST_16 : Operation 477 [1/1] (0.00ns)   --->   "%buffer_Y_1_addr_13 = getelementptr i64 %buffer_Y_1, i64 0, i64 13" [likelihood_kernel.cpp:84]   --->   Operation 477 'getelementptr' 'buffer_Y_1_addr_13' <Predicate = (icmp_ln227)> <Delay = 0.00>
ST_16 : Operation 478 [1/1] (0.00ns)   --->   "%buffer_X_2_addr_13 = getelementptr i64 %buffer_X_2, i64 0, i64 13" [likelihood_kernel.cpp:83]   --->   Operation 478 'getelementptr' 'buffer_X_2_addr_13' <Predicate = (icmp_ln227)> <Delay = 0.00>
ST_16 : Operation 479 [1/1] (0.00ns)   --->   "%buffer_Y_2_addr_13 = getelementptr i64 %buffer_Y_2, i64 0, i64 13" [likelihood_kernel.cpp:84]   --->   Operation 479 'getelementptr' 'buffer_Y_2_addr_13' <Predicate = (icmp_ln227)> <Delay = 0.00>
ST_16 : Operation 480 [1/1] (0.00ns)   --->   "%buffer_X_3_addr_13 = getelementptr i64 %buffer_X_3, i64 0, i64 13" [likelihood_kernel.cpp:83]   --->   Operation 480 'getelementptr' 'buffer_X_3_addr_13' <Predicate = (icmp_ln227)> <Delay = 0.00>
ST_16 : Operation 481 [1/1] (0.00ns)   --->   "%buffer_Y_3_addr_13 = getelementptr i64 %buffer_Y_3, i64 0, i64 13" [likelihood_kernel.cpp:84]   --->   Operation 481 'getelementptr' 'buffer_Y_3_addr_13' <Predicate = (icmp_ln227)> <Delay = 0.00>
ST_16 : Operation 482 [1/1] (0.00ns)   --->   "%buffer_X_0_addr_14 = getelementptr i64 %buffer_X_0, i64 0, i64 14" [likelihood_kernel.cpp:83]   --->   Operation 482 'getelementptr' 'buffer_X_0_addr_14' <Predicate = (icmp_ln227)> <Delay = 0.00>
ST_16 : Operation 483 [1/1] (0.00ns)   --->   "%buffer_Y_0_addr_14 = getelementptr i64 %buffer_Y_0, i64 0, i64 14" [likelihood_kernel.cpp:84]   --->   Operation 483 'getelementptr' 'buffer_Y_0_addr_14' <Predicate = (icmp_ln227)> <Delay = 0.00>
ST_16 : Operation 484 [1/1] (0.00ns)   --->   "%buffer_X_1_addr_14 = getelementptr i64 %buffer_X_1, i64 0, i64 14" [likelihood_kernel.cpp:83]   --->   Operation 484 'getelementptr' 'buffer_X_1_addr_14' <Predicate = (icmp_ln227)> <Delay = 0.00>
ST_16 : Operation 485 [1/1] (0.00ns)   --->   "%buffer_Y_1_addr_14 = getelementptr i64 %buffer_Y_1, i64 0, i64 14" [likelihood_kernel.cpp:84]   --->   Operation 485 'getelementptr' 'buffer_Y_1_addr_14' <Predicate = (icmp_ln227)> <Delay = 0.00>
ST_16 : Operation 486 [1/1] (0.00ns)   --->   "%buffer_X_2_addr_14 = getelementptr i64 %buffer_X_2, i64 0, i64 14" [likelihood_kernel.cpp:83]   --->   Operation 486 'getelementptr' 'buffer_X_2_addr_14' <Predicate = (icmp_ln227)> <Delay = 0.00>
ST_16 : Operation 487 [1/1] (0.00ns)   --->   "%buffer_Y_2_addr_14 = getelementptr i64 %buffer_Y_2, i64 0, i64 14" [likelihood_kernel.cpp:84]   --->   Operation 487 'getelementptr' 'buffer_Y_2_addr_14' <Predicate = (icmp_ln227)> <Delay = 0.00>
ST_16 : Operation 488 [1/1] (0.00ns)   --->   "%buffer_X_3_addr_14 = getelementptr i64 %buffer_X_3, i64 0, i64 14" [likelihood_kernel.cpp:83]   --->   Operation 488 'getelementptr' 'buffer_X_3_addr_14' <Predicate = (icmp_ln227)> <Delay = 0.00>
ST_16 : Operation 489 [1/1] (0.00ns)   --->   "%buffer_Y_3_addr_14 = getelementptr i64 %buffer_Y_3, i64 0, i64 14" [likelihood_kernel.cpp:84]   --->   Operation 489 'getelementptr' 'buffer_Y_3_addr_14' <Predicate = (icmp_ln227)> <Delay = 0.00>
ST_16 : Operation 490 [1/1] (0.00ns)   --->   "%buffer_X_0_addr_15 = getelementptr i64 %buffer_X_0, i64 0, i64 15" [likelihood_kernel.cpp:83]   --->   Operation 490 'getelementptr' 'buffer_X_0_addr_15' <Predicate = (icmp_ln227)> <Delay = 0.00>
ST_16 : Operation 491 [1/1] (0.00ns)   --->   "%buffer_Y_0_addr_15 = getelementptr i64 %buffer_Y_0, i64 0, i64 15" [likelihood_kernel.cpp:84]   --->   Operation 491 'getelementptr' 'buffer_Y_0_addr_15' <Predicate = (icmp_ln227)> <Delay = 0.00>
ST_16 : Operation 492 [1/1] (0.00ns)   --->   "%buffer_X_1_addr_15 = getelementptr i64 %buffer_X_1, i64 0, i64 15" [likelihood_kernel.cpp:83]   --->   Operation 492 'getelementptr' 'buffer_X_1_addr_15' <Predicate = (icmp_ln227)> <Delay = 0.00>
ST_16 : Operation 493 [1/1] (0.00ns)   --->   "%buffer_Y_1_addr_15 = getelementptr i64 %buffer_Y_1, i64 0, i64 15" [likelihood_kernel.cpp:84]   --->   Operation 493 'getelementptr' 'buffer_Y_1_addr_15' <Predicate = (icmp_ln227)> <Delay = 0.00>
ST_16 : Operation 494 [1/1] (0.00ns)   --->   "%buffer_X_2_addr_15 = getelementptr i64 %buffer_X_2, i64 0, i64 15" [likelihood_kernel.cpp:83]   --->   Operation 494 'getelementptr' 'buffer_X_2_addr_15' <Predicate = (icmp_ln227)> <Delay = 0.00>
ST_16 : Operation 495 [1/1] (0.00ns)   --->   "%buffer_Y_2_addr_15 = getelementptr i64 %buffer_Y_2, i64 0, i64 15" [likelihood_kernel.cpp:84]   --->   Operation 495 'getelementptr' 'buffer_Y_2_addr_15' <Predicate = (icmp_ln227)> <Delay = 0.00>
ST_16 : Operation 496 [1/1] (0.00ns)   --->   "%buffer_X_3_addr_15 = getelementptr i64 %buffer_X_3, i64 0, i64 15" [likelihood_kernel.cpp:83]   --->   Operation 496 'getelementptr' 'buffer_X_3_addr_15' <Predicate = (icmp_ln227)> <Delay = 0.00>
ST_16 : Operation 497 [1/1] (0.00ns)   --->   "%buffer_Y_3_addr_15 = getelementptr i64 %buffer_Y_3, i64 0, i64 15" [likelihood_kernel.cpp:84]   --->   Operation 497 'getelementptr' 'buffer_Y_3_addr_15' <Predicate = (icmp_ln227)> <Delay = 0.00>
ST_16 : Operation 498 [1/1] (0.00ns)   --->   "%trunc_ln169 = trunc i64 %likelihood_read" [likelihood_kernel.cpp:169]   --->   Operation 498 'trunc' 'trunc_ln169' <Predicate = (icmp_ln227)> <Delay = 0.00>
ST_16 : Operation 499 [1/1] (0.38ns)   --->   "%br_ln227 = br void" [likelihood_kernel.cpp:227]   --->   Operation 499 'br' 'br_ln227' <Predicate = (icmp_ln227)> <Delay = 0.38>

State 17 <SV = 7> <Delay = 1.96>
ST_17 : Operation 500 [1/1] (0.00ns)   --->   "%indvar = phi i26 0, void %.lr.ph97, i26 %add_ln227_2, void %._Z16store_likelihoodP7ap_uintILi512EEPKdii.exit_crit_edge.loopexit" [likelihood_kernel.cpp:227]   --->   Operation 500 'phi' 'indvar' <Predicate = (icmp_ln227)> <Delay = 0.00>
ST_17 : Operation 501 [1/1] (0.00ns)   --->   "%base = phi i32 0, void %.lr.ph97, i32 %add_ln232, void %._Z16store_likelihoodP7ap_uintILi512EEPKdii.exit_crit_edge.loopexit" [likelihood_kernel.cpp:232]   --->   Operation 501 'phi' 'base' <Predicate = (icmp_ln227)> <Delay = 0.00>
ST_17 : Operation 502 [1/1] (0.84ns)   --->   "%add_ln227_2 = add i26 %indvar, i26 1" [likelihood_kernel.cpp:227]   --->   Operation 502 'add' 'add_ln227_2' <Predicate = (icmp_ln227)> <Delay = 0.84> <CoreInst = "Adder">   --->   Core 1 'Adder' <Latency = 0> <II = 1> <Delay = 0.88> <FuncUnit> <Opcode : 'add' 'sub'> <InPorts = 2> <OutPorts = 1>
ST_17 : Operation 503 [1/1] (0.79ns)   --->   "%icmp_ln227_1 = icmp_eq  i26 %indvar, i26 %add_ln227_1" [likelihood_kernel.cpp:227]   --->   Operation 503 'icmp' 'icmp_ln227_1' <Predicate = (icmp_ln227)> <Delay = 0.79> <CoreInst = "Cmp">   --->   Core 9 'Cmp' <Latency = 0> <II = 1> <Delay = 0.82> <FuncUnit> <Opcode : 'icmp'> <InPorts = 2> <OutPorts = 1>
ST_17 : Operation 504 [1/1] (0.00ns)   --->   "%br_ln227 = br i1 %icmp_ln227_1, void %.split34, void %._crit_edge98.loopexit" [likelihood_kernel.cpp:227]   --->   Operation 504 'br' 'br_ln227' <Predicate = (icmp_ln227)> <Delay = 0.00>
ST_17 : Operation 505 [1/1] (0.00ns)   --->   "%trunc_ln227_2 = trunc i32 %base" [likelihood_kernel.cpp:227]   --->   Operation 505 'trunc' 'trunc_ln227_2' <Predicate = (icmp_ln227 & !icmp_ln227_1)> <Delay = 0.00>
ST_17 : Operation 506 [1/1] (0.88ns)   --->   "%add_ln232 = add i32 %base, i32 64" [likelihood_kernel.cpp:232]   --->   Operation 506 'add' 'add_ln232' <Predicate = (icmp_ln227 & !icmp_ln227_1)> <Delay = 0.88> <CoreInst = "Adder">   --->   Core 1 'Adder' <Latency = 0> <II = 1> <Delay = 0.88> <FuncUnit> <Opcode : 'add' 'sub'> <InPorts = 2> <OutPorts = 1>
ST_17 : Operation 507 [1/1] (0.85ns)   --->   "%icmp_ln232 = icmp_ugt  i32 %add_ln232, i32 %Nparticles_read" [likelihood_kernel.cpp:232]   --->   Operation 507 'icmp' 'icmp_ln232' <Predicate = (icmp_ln227 & !icmp_ln227_1)> <Delay = 0.85> <CoreInst = "Cmp">   --->   Core 9 'Cmp' <Latency = 0> <II = 1> <Delay = 0.82> <FuncUnit> <Opcode : 'icmp'> <InPorts = 2> <OutPorts = 1>
ST_17 : Operation 508 [1/1] (0.00ns)   --->   "%zext_ln233 = zext i31 %trunc_ln227_2" [likelihood_kernel.cpp:233]   --->   Operation 508 'zext' 'zext_ln233' <Predicate = (icmp_ln227 & !icmp_ln227_1)> <Delay = 0.00>
ST_17 : Operation 509 [1/1] (0.88ns)   --->   "%sub_ln232 = sub i32 %Nparticles_read, i32 %zext_ln233" [likelihood_kernel.cpp:232]   --->   Operation 509 'sub' 'sub_ln232' <Predicate = (icmp_ln227 & !icmp_ln227_1)> <Delay = 0.88> <CoreInst = "Adder">   --->   Core 1 'Adder' <Latency = 0> <II = 1> <Delay = 0.88> <FuncUnit> <Opcode : 'add' 'sub'> <InPorts = 2> <OutPorts = 1>
ST_17 : Operation 510 [1/1] (0.22ns)   --->   "%tileSize = select i1 %icmp_ln232, i32 %sub_ln232, i32 64" [likelihood_kernel.cpp:232]   --->   Operation 510 'select' 'tileSize' <Predicate = (icmp_ln227 & !icmp_ln227_1)> <Delay = 0.22> <CoreInst = "Sel">   --->   Core 73 'Sel' <Latency = 0> <II = 1> <Delay = 0.27> <FuncUnit> <Opcode : 'select'> <InPorts = 3> <OutPorts = 1>
ST_17 : Operation 511 [1/1] (0.00ns)   --->   "%tmp_2 = partselect i28 @_ssdm_op_PartSelect.i28.i32.i32.i32, i32 %base, i32 3, i32 30" [likelihood_kernel.cpp:232]   --->   Operation 511 'partselect' 'tmp_2' <Predicate = (icmp_ln227 & !icmp_ln227_1)> <Delay = 0.00>
ST_17 : Operation 512 [1/1] (0.00ns)   --->   "%br_ln0 = br void %._crit_edge98"   --->   Operation 512 'br' 'br_ln0' <Predicate = (icmp_ln227 & icmp_ln227_1)> <Delay = 0.00>
ST_17 : Operation 513 [1/1] (0.00ns)   --->   "%ret_ln242 = ret" [likelihood_kernel.cpp:242]   --->   Operation 513 'ret' 'ret_ln242' <Predicate = (icmp_ln227_1) | (!icmp_ln227)> <Delay = 0.00>

State 18 <SV = 8> <Delay = 0.88>
ST_18 : Operation 514 [1/1] (0.88ns)   --->   "%sub_ln63 = sub i32 4294967289, i32 %tileSize" [likelihood_kernel.cpp:63]   --->   Operation 514 'sub' 'sub_ln63' <Predicate = true> <Delay = 0.88> <CoreInst = "Adder">   --->   Core 1 'Adder' <Latency = 0> <II = 1> <Delay = 0.88> <FuncUnit> <Opcode : 'add' 'sub'> <InPorts = 2> <OutPorts = 1>
ST_18 : Operation 515 [1/1] (0.00ns)   --->   "%trunc_ln63_1 = partselect i29 @_ssdm_op_PartSelect.i29.i32.i32.i32, i32 %sub_ln63, i32 3, i32 31" [likelihood_kernel.cpp:63]   --->   Operation 515 'partselect' 'trunc_ln63_1' <Predicate = true> <Delay = 0.00>

State 19 <SV = 9> <Delay = 1.99>
ST_19 : Operation 516 [1/1] (0.00ns)   --->   "%specpipeline_ln227 = specpipeline void @_ssdm_op_SpecPipeline, i32 1, i32 0, i32 0, i32 0, void @empty_18" [likelihood_kernel.cpp:227]   --->   Operation 516 'specpipeline' 'specpipeline_ln227' <Predicate = true> <Delay = 0.00>
ST_19 : Operation 517 [1/1] (0.00ns)   --->   "%speclooptripcount_ln227 = speclooptripcount void @_ssdm_op_SpecLoopTripCount, i64 32, i64 32, i64 32" [likelihood_kernel.cpp:227]   --->   Operation 517 'speclooptripcount' 'speclooptripcount_ln227' <Predicate = true> <Delay = 0.00>
ST_19 : Operation 518 [1/1] (0.00ns)   --->   "%specloopname_ln227 = specloopname void @_ssdm_op_SpecLoopName, void @empty_6" [likelihood_kernel.cpp:227]   --->   Operation 518 'specloopname' 'specloopname_ln227' <Predicate = true> <Delay = 0.00>
ST_19 : Operation 519 [1/1] (0.88ns)   --->   "%add_ln63 = add i32 %tileSize, i32 7" [likelihood_kernel.cpp:63]   --->   Operation 519 'add' 'add_ln63' <Predicate = true> <Delay = 0.88> <CoreInst = "Adder">   --->   Core 1 'Adder' <Latency = 0> <II = 1> <Delay = 0.88> <FuncUnit> <Opcode : 'add' 'sub'> <InPorts = 2> <OutPorts = 1>
ST_19 : Operation 520 [1/1] (0.00ns)   --->   "%tmp_1 = bitselect i1 @_ssdm_op_BitSelect.i1.i32.i32, i32 %add_ln63, i32 31" [likelihood_kernel.cpp:63]   --->   Operation 520 'bitselect' 'tmp_1' <Predicate = true> <Delay = 0.00>
ST_19 : Operation 521 [1/1] (0.00ns)   --->   "%zext_ln63 = zext i29 %trunc_ln63_1" [likelihood_kernel.cpp:63]   --->   Operation 521 'zext' 'zext_ln63' <Predicate = true> <Delay = 0.00>
ST_19 : Operation 522 [1/1] (0.86ns)   --->   "%sub_ln63_1 = sub i30 0, i30 %zext_ln63" [likelihood_kernel.cpp:63]   --->   Operation 522 'sub' 'sub_ln63_1' <Predicate = true> <Delay = 0.86> <CoreInst = "Adder">   --->   Core 1 'Adder' <Latency = 0> <II = 1> <Delay = 0.88> <FuncUnit> <Opcode : 'add' 'sub'> <InPorts = 2> <OutPorts = 1>
ST_19 : Operation 523 [1/1] (0.00ns)   --->   "%trunc_ln63_2 = partselect i29 @_ssdm_op_PartSelect.i29.i32.i32.i32, i32 %add_ln63, i32 3, i32 31" [likelihood_kernel.cpp:63]   --->   Operation 523 'partselect' 'trunc_ln63_2' <Predicate = true> <Delay = 0.00>
ST_19 : Operation 524 [1/1] (0.00ns)   --->   "%zext_ln63_1 = zext i29 %trunc_ln63_2" [likelihood_kernel.cpp:63]   --->   Operation 524 'zext' 'zext_ln63_1' <Predicate = true> <Delay = 0.00>
ST_19 : Operation 525 [1/1] (0.27ns)   --->   "%num_words = select i1 %tmp_1, i30 %sub_ln63_1, i30 %zext_ln63_1" [likelihood_kernel.cpp:63]   --->   Operation 525 'select' 'num_words' <Predicate = true> <Delay = 0.27> <CoreInst = "Sel">   --->   Core 73 'Sel' <Latency = 0> <II = 1> <Delay = 0.27> <FuncUnit> <Opcode : 'select'> <InPorts = 3> <OutPorts = 1>
ST_19 : Operation 526 [1/1] (0.00ns)   --->   "%sext_ln66 = sext i32 %tileSize" [likelihood_kernel.cpp:66]   --->   Operation 526 'sext' 'sext_ln66' <Predicate = true> <Delay = 0.00>
ST_19 : Operation 527 [1/1] (0.83ns)   --->   "%icmp_ln70 = icmp_sgt  i30 %num_words, i30 0" [likelihood_kernel.cpp:70]   --->   Operation 527 'icmp' 'icmp_ln70' <Predicate = true> <Delay = 0.83> <CoreInst = "Cmp">   --->   Core 9 'Cmp' <Latency = 0> <II = 1> <Delay = 0.82> <FuncUnit> <Opcode : 'icmp'> <InPorts = 2> <OutPorts = 1>
ST_19 : Operation 528 [1/1] (0.00ns)   --->   "%br_ln70 = br i1 %icmp_ln70, void %.split.1, void" [likelihood_kernel.cpp:70]   --->   Operation 528 'br' 'br_ln70' <Predicate = true> <Delay = 0.00>
ST_19 : Operation 529 [1/1] (0.00ns)   --->   "%shl_ln1 = bitconcatenate i34 @_ssdm_op_BitConcatenate.i34.i28.i6, i28 %tmp_2, i6 0" [likelihood_kernel.cpp:71]   --->   Operation 529 'bitconcatenate' 'shl_ln1' <Predicate = (icmp_ln70)> <Delay = 0.00>
ST_19 : Operation 530 [1/1] (0.00ns)   --->   "%zext_ln71 = zext i34 %shl_ln1" [likelihood_kernel.cpp:71]   --->   Operation 530 'zext' 'zext_ln71' <Predicate = (icmp_ln70)> <Delay = 0.00>
ST_19 : Operation 531 [1/1] (1.14ns)   --->   "%add_ln71 = add i64 %zext_ln71, i64 %arrayX_read" [likelihood_kernel.cpp:71]   --->   Operation 531 'add' 'add_ln71' <Predicate = (icmp_ln70)> <Delay = 1.14> <CoreInst = "Adder">   --->   Core 1 'Adder' <Latency = 0> <II = 1> <Delay = 0.88> <FuncUnit> <Opcode : 'add' 'sub'> <InPorts = 2> <OutPorts = 1>
ST_19 : Operation 532 [1/1] (0.00ns)   --->   "%trunc_ln4 = partselect i58 @_ssdm_op_PartSelect.i58.i64.i32.i32, i64 %add_ln71, i32 6, i32 63" [likelihood_kernel.cpp:71]   --->   Operation 532 'partselect' 'trunc_ln4' <Predicate = (icmp_ln70)> <Delay = 0.00>
ST_19 : Operation 533 [1/1] (1.14ns)   --->   "%add_ln72 = add i64 %zext_ln71, i64 %arrayY_read" [likelihood_kernel.cpp:72]   --->   Operation 533 'add' 'add_ln72' <Predicate = (icmp_ln70)> <Delay = 1.14> <CoreInst = "Adder">   --->   Core 1 'Adder' <Latency = 0> <II = 1> <Delay = 0.88> <FuncUnit> <Opcode : 'add' 'sub'> <InPorts = 2> <OutPorts = 1>
ST_19 : Operation 534 [1/1] (0.00ns)   --->   "%trunc_ln5 = partselect i58 @_ssdm_op_PartSelect.i58.i64.i32.i32, i64 %add_ln72, i32 6, i32 63" [likelihood_kernel.cpp:72]   --->   Operation 534 'partselect' 'trunc_ln5' <Predicate = (icmp_ln70)> <Delay = 0.00>

State 20 <SV = 10> <Delay = 2.43>
ST_20 : Operation 535 [1/1] (0.00ns)   --->   "%sext_ln71 = sext i58 %trunc_ln4" [likelihood_kernel.cpp:71]   --->   Operation 535 'sext' 'sext_ln71' <Predicate = true> <Delay = 0.00>
ST_20 : Operation 536 [1/1] (0.00ns)   --->   "%gmem0_addr = getelementptr i512 %gmem0, i64 %sext_ln71" [likelihood_kernel.cpp:71]   --->   Operation 536 'getelementptr' 'gmem0_addr' <Predicate = true> <Delay = 0.00>
ST_20 : Operation 537 [7/7] (2.43ns)   --->   "%gmem0_load_req = readreq i1 @_ssdm_op_ReadReq.m_axi.i512P1A, i512 %gmem0_addr, i32 1" [likelihood_kernel.cpp:71]   --->   Operation 537 'readreq' 'gmem0_load_req' <Predicate = true> <Delay = 2.43> <CoreInst = "m_axi">   --->   Core 121 'm_axi' <Latency = 6> <II = 1> <Delay = 1.00> <Adapter> <Opcode : 'read' 'write' 'readreq' 'writereq' 'writeresp'>
ST_20 : Operation 538 [1/1] (0.00ns)   --->   "%sext_ln72 = sext i58 %trunc_ln5" [likelihood_kernel.cpp:72]   --->   Operation 538 'sext' 'sext_ln72' <Predicate = true> <Delay = 0.00>
ST_20 : Operation 539 [1/1] (0.00ns)   --->   "%gmem1_addr = getelementptr i512 %gmem1, i64 %sext_ln72" [likelihood_kernel.cpp:72]   --->   Operation 539 'getelementptr' 'gmem1_addr' <Predicate = true> <Delay = 0.00>
ST_20 : Operation 540 [7/7] (2.43ns)   --->   "%gmem1_load_req = readreq i1 @_ssdm_op_ReadReq.m_axi.i512P1A, i512 %gmem1_addr, i32 1" [likelihood_kernel.cpp:72]   --->   Operation 540 'readreq' 'gmem1_load_req' <Predicate = true> <Delay = 2.43> <CoreInst = "m_axi">   --->   Core 121 'm_axi' <Latency = 6> <II = 1> <Delay = 1.00> <Adapter> <Opcode : 'read' 'write' 'readreq' 'writereq' 'writeresp'>

State 21 <SV = 11> <Delay = 2.43>
ST_21 : Operation 541 [6/7] (2.43ns)   --->   "%gmem0_load_req = readreq i1 @_ssdm_op_ReadReq.m_axi.i512P1A, i512 %gmem0_addr, i32 1" [likelihood_kernel.cpp:71]   --->   Operation 541 'readreq' 'gmem0_load_req' <Predicate = true> <Delay = 2.43> <CoreInst = "m_axi">   --->   Core 121 'm_axi' <Latency = 6> <II = 1> <Delay = 1.00> <Adapter> <Opcode : 'read' 'write' 'readreq' 'writereq' 'writeresp'>
ST_21 : Operation 542 [6/7] (2.43ns)   --->   "%gmem1_load_req = readreq i1 @_ssdm_op_ReadReq.m_axi.i512P1A, i512 %gmem1_addr, i32 1" [likelihood_kernel.cpp:72]   --->   Operation 542 'readreq' 'gmem1_load_req' <Predicate = true> <Delay = 2.43> <CoreInst = "m_axi">   --->   Core 121 'm_axi' <Latency = 6> <II = 1> <Delay = 1.00> <Adapter> <Opcode : 'read' 'write' 'readreq' 'writereq' 'writeresp'>

State 22 <SV = 12> <Delay = 2.43>
ST_22 : Operation 543 [5/7] (2.43ns)   --->   "%gmem0_load_req = readreq i1 @_ssdm_op_ReadReq.m_axi.i512P1A, i512 %gmem0_addr, i32 1" [likelihood_kernel.cpp:71]   --->   Operation 543 'readreq' 'gmem0_load_req' <Predicate = true> <Delay = 2.43> <CoreInst = "m_axi">   --->   Core 121 'm_axi' <Latency = 6> <II = 1> <Delay = 1.00> <Adapter> <Opcode : 'read' 'write' 'readreq' 'writereq' 'writeresp'>
ST_22 : Operation 544 [5/7] (2.43ns)   --->   "%gmem1_load_req = readreq i1 @_ssdm_op_ReadReq.m_axi.i512P1A, i512 %gmem1_addr, i32 1" [likelihood_kernel.cpp:72]   --->   Operation 544 'readreq' 'gmem1_load_req' <Predicate = true> <Delay = 2.43> <CoreInst = "m_axi">   --->   Core 121 'm_axi' <Latency = 6> <II = 1> <Delay = 1.00> <Adapter> <Opcode : 'read' 'write' 'readreq' 'writereq' 'writeresp'>

State 23 <SV = 13> <Delay = 2.43>
ST_23 : Operation 545 [4/7] (2.43ns)   --->   "%gmem0_load_req = readreq i1 @_ssdm_op_ReadReq.m_axi.i512P1A, i512 %gmem0_addr, i32 1" [likelihood_kernel.cpp:71]   --->   Operation 545 'readreq' 'gmem0_load_req' <Predicate = true> <Delay = 2.43> <CoreInst = "m_axi">   --->   Core 121 'm_axi' <Latency = 6> <II = 1> <Delay = 1.00> <Adapter> <Opcode : 'read' 'write' 'readreq' 'writereq' 'writeresp'>
ST_23 : Operation 546 [4/7] (2.43ns)   --->   "%gmem1_load_req = readreq i1 @_ssdm_op_ReadReq.m_axi.i512P1A, i512 %gmem1_addr, i32 1" [likelihood_kernel.cpp:72]   --->   Operation 546 'readreq' 'gmem1_load_req' <Predicate = true> <Delay = 2.43> <CoreInst = "m_axi">   --->   Core 121 'm_axi' <Latency = 6> <II = 1> <Delay = 1.00> <Adapter> <Opcode : 'read' 'write' 'readreq' 'writereq' 'writeresp'>

State 24 <SV = 14> <Delay = 2.43>
ST_24 : Operation 547 [3/7] (2.43ns)   --->   "%gmem0_load_req = readreq i1 @_ssdm_op_ReadReq.m_axi.i512P1A, i512 %gmem0_addr, i32 1" [likelihood_kernel.cpp:71]   --->   Operation 547 'readreq' 'gmem0_load_req' <Predicate = true> <Delay = 2.43> <CoreInst = "m_axi">   --->   Core 121 'm_axi' <Latency = 6> <II = 1> <Delay = 1.00> <Adapter> <Opcode : 'read' 'write' 'readreq' 'writereq' 'writeresp'>
ST_24 : Operation 548 [3/7] (2.43ns)   --->   "%gmem1_load_req = readreq i1 @_ssdm_op_ReadReq.m_axi.i512P1A, i512 %gmem1_addr, i32 1" [likelihood_kernel.cpp:72]   --->   Operation 548 'readreq' 'gmem1_load_req' <Predicate = true> <Delay = 2.43> <CoreInst = "m_axi">   --->   Core 121 'm_axi' <Latency = 6> <II = 1> <Delay = 1.00> <Adapter> <Opcode : 'read' 'write' 'readreq' 'writereq' 'writeresp'>

State 25 <SV = 15> <Delay = 2.43>
ST_25 : Operation 549 [2/7] (2.43ns)   --->   "%gmem0_load_req = readreq i1 @_ssdm_op_ReadReq.m_axi.i512P1A, i512 %gmem0_addr, i32 1" [likelihood_kernel.cpp:71]   --->   Operation 549 'readreq' 'gmem0_load_req' <Predicate = true> <Delay = 2.43> <CoreInst = "m_axi">   --->   Core 121 'm_axi' <Latency = 6> <II = 1> <Delay = 1.00> <Adapter> <Opcode : 'read' 'write' 'readreq' 'writereq' 'writeresp'>
ST_25 : Operation 550 [2/7] (2.43ns)   --->   "%gmem1_load_req = readreq i1 @_ssdm_op_ReadReq.m_axi.i512P1A, i512 %gmem1_addr, i32 1" [likelihood_kernel.cpp:72]   --->   Operation 550 'readreq' 'gmem1_load_req' <Predicate = true> <Delay = 2.43> <CoreInst = "m_axi">   --->   Core 121 'm_axi' <Latency = 6> <II = 1> <Delay = 1.00> <Adapter> <Opcode : 'read' 'write' 'readreq' 'writereq' 'writeresp'>

State 26 <SV = 16> <Delay = 2.43>
ST_26 : Operation 551 [1/7] (2.43ns)   --->   "%gmem0_load_req = readreq i1 @_ssdm_op_ReadReq.m_axi.i512P1A, i512 %gmem0_addr, i32 1" [likelihood_kernel.cpp:71]   --->   Operation 551 'readreq' 'gmem0_load_req' <Predicate = true> <Delay = 2.43> <CoreInst = "m_axi">   --->   Core 121 'm_axi' <Latency = 6> <II = 1> <Delay = 1.00> <Adapter> <Opcode : 'read' 'write' 'readreq' 'writereq' 'writeresp'>
ST_26 : Operation 552 [1/7] (2.43ns)   --->   "%gmem1_load_req = readreq i1 @_ssdm_op_ReadReq.m_axi.i512P1A, i512 %gmem1_addr, i32 1" [likelihood_kernel.cpp:72]   --->   Operation 552 'readreq' 'gmem1_load_req' <Predicate = true> <Delay = 2.43> <CoreInst = "m_axi">   --->   Core 121 'm_axi' <Latency = 6> <II = 1> <Delay = 1.00> <Adapter> <Opcode : 'read' 'write' 'readreq' 'writereq' 'writeresp'>

State 27 <SV = 17> <Delay = 2.43>
ST_27 : Operation 553 [1/1] (2.43ns)   --->   "%gmem0_addr_read = read i512 @_ssdm_op_Read.m_axi.i512P1A, i512 %gmem0_addr" [likelihood_kernel.cpp:71]   --->   Operation 553 'read' 'gmem0_addr_read' <Predicate = true> <Delay = 2.43> <CoreInst = "m_axi">   --->   Core 121 'm_axi' <Latency = 6> <II = 1> <Delay = 1.00> <Adapter> <Opcode : 'read' 'write' 'readreq' 'writereq' 'writeresp'>
ST_27 : Operation 554 [1/1] (2.43ns)   --->   "%gmem1_addr_read = read i512 @_ssdm_op_Read.m_axi.i512P1A, i512 %gmem1_addr" [likelihood_kernel.cpp:72]   --->   Operation 554 'read' 'gmem1_addr_read' <Predicate = true> <Delay = 2.43> <CoreInst = "m_axi">   --->   Core 121 'm_axi' <Latency = 6> <II = 1> <Delay = 1.00> <Adapter> <Opcode : 'read' 'write' 'readreq' 'writereq' 'writeresp'>
ST_27 : Operation 555 [1/1] (0.85ns)   --->   "%icmp_ln79 = icmp_sgt  i32 %tileSize, i32 0" [likelihood_kernel.cpp:79]   --->   Operation 555 'icmp' 'icmp_ln79' <Predicate = true> <Delay = 0.85> <CoreInst = "Cmp">   --->   Core 9 'Cmp' <Latency = 0> <II = 1> <Delay = 0.82> <FuncUnit> <Opcode : 'icmp'> <InPorts = 2> <OutPorts = 1>
ST_27 : Operation 556 [1/1] (0.00ns)   --->   "%br_ln79 = br i1 %icmp_ln79, void %._crit_edge.0, void" [likelihood_kernel.cpp:79]   --->   Operation 556 'br' 'br_ln79' <Predicate = true> <Delay = 0.00>

State 28 <SV = 18> <Delay = 2.05>
ST_28 : Operation 557 [1/1] (0.00ns)   --->   "%trunc_ln708 = trunc i512 %gmem0_addr_read"   --->   Operation 557 'trunc' 'trunc_ln708' <Predicate = (icmp_ln79)> <Delay = 0.00>
ST_28 : Operation 558 [1/1] (0.00ns)   --->   "%trunc_ln708_1 = trunc i512 %gmem1_addr_read"   --->   Operation 558 'trunc' 'trunc_ln708_1' <Predicate = (icmp_ln79)> <Delay = 0.00>
ST_28 : Operation 559 [1/1] (0.00ns)   --->   "%bitcast_ln24 = bitcast i64 %trunc_ln708" [likelihood_kernel.cpp:24]   --->   Operation 559 'bitcast' 'bitcast_ln24' <Predicate = (icmp_ln79)> <Delay = 0.00>
ST_28 : Operation 560 [1/1] (1.20ns)   --->   "%store_ln83 = store i64 %bitcast_ln24, i4 %buffer_X_0_addr" [likelihood_kernel.cpp:83]   --->   Operation 560 'store' 'store_ln83' <Predicate = (icmp_ln79)> <Delay = 1.20> <CoreInst = "RAM_2P_BRAM">   --->   Core 94 'RAM_2P_BRAM' <Latency = 1> <II = 1> <Delay = 1.20> <Storage> <Opcode : 'load' 'store'> <Ports = 2> <Width = 64> <Depth = 16> <RAM>
ST_28 : Operation 561 [1/1] (0.00ns)   --->   "%bitcast_ln24_1 = bitcast i64 %trunc_ln708_1" [likelihood_kernel.cpp:24]   --->   Operation 561 'bitcast' 'bitcast_ln24_1' <Predicate = (icmp_ln79)> <Delay = 0.00>
ST_28 : Operation 562 [1/1] (1.20ns)   --->   "%store_ln84 = store i64 %bitcast_ln24_1, i4 %buffer_Y_0_addr" [likelihood_kernel.cpp:84]   --->   Operation 562 'store' 'store_ln84' <Predicate = (icmp_ln79)> <Delay = 1.20> <CoreInst = "RAM_2P_BRAM">   --->   Core 94 'RAM_2P_BRAM' <Latency = 1> <II = 1> <Delay = 1.20> <Storage> <Opcode : 'load' 'store'> <Ports = 2> <Width = 64> <Depth = 16> <RAM>
ST_28 : Operation 563 [1/1] (0.00ns)   --->   "%br_ln85 = br void %._crit_edge.0" [likelihood_kernel.cpp:85]   --->   Operation 563 'br' 'br_ln85' <Predicate = (icmp_ln79)> <Delay = 0.00>
ST_28 : Operation 564 [1/1] (0.00ns)   --->   "%tmp_3 = partselect i31 @_ssdm_op_PartSelect.i31.i32.i32.i32, i32 %tileSize, i32 1, i32 31" [likelihood_kernel.cpp:79]   --->   Operation 564 'partselect' 'tmp_3' <Predicate = true> <Delay = 0.00>
ST_28 : Operation 565 [1/1] (0.84ns)   --->   "%icmp_ln79_1 = icmp_sgt  i31 %tmp_3, i31 0" [likelihood_kernel.cpp:79]   --->   Operation 565 'icmp' 'icmp_ln79_1' <Predicate = true> <Delay = 0.84> <CoreInst = "Cmp">   --->   Core 9 'Cmp' <Latency = 0> <II = 1> <Delay = 0.82> <FuncUnit> <Opcode : 'icmp'> <InPorts = 2> <OutPorts = 1>
ST_28 : Operation 566 [1/1] (0.00ns)   --->   "%br_ln79 = br i1 %icmp_ln79_1, void %._crit_edge2.0, void" [likelihood_kernel.cpp:79]   --->   Operation 566 'br' 'br_ln79' <Predicate = true> <Delay = 0.00>
ST_28 : Operation 567 [1/1] (0.00ns)   --->   "%p_Result_s = partselect i64 @_ssdm_op_PartSelect.i64.i512.i32.i32, i512 %gmem0_addr_read, i32 64, i32 127"   --->   Operation 567 'partselect' 'p_Result_s' <Predicate = (icmp_ln79_1)> <Delay = 0.00>
ST_28 : Operation 568 [1/1] (0.00ns)   --->   "%p_Result_8 = partselect i64 @_ssdm_op_PartSelect.i64.i512.i32.i32, i512 %gmem1_addr_read, i32 64, i32 127"   --->   Operation 568 'partselect' 'p_Result_8' <Predicate = (icmp_ln79_1)> <Delay = 0.00>
ST_28 : Operation 569 [1/1] (0.00ns)   --->   "%bitcast_ln24_2 = bitcast i64 %p_Result_s" [likelihood_kernel.cpp:24]   --->   Operation 569 'bitcast' 'bitcast_ln24_2' <Predicate = (icmp_ln79_1)> <Delay = 0.00>
ST_28 : Operation 570 [1/1] (1.20ns)   --->   "%store_ln83 = store i64 %bitcast_ln24_2, i4 %buffer_X_1_addr" [likelihood_kernel.cpp:83]   --->   Operation 570 'store' 'store_ln83' <Predicate = (icmp_ln79_1)> <Delay = 1.20> <CoreInst = "RAM_2P_BRAM">   --->   Core 94 'RAM_2P_BRAM' <Latency = 1> <II = 1> <Delay = 1.20> <Storage> <Opcode : 'load' 'store'> <Ports = 2> <Width = 64> <Depth = 16> <RAM>
ST_28 : Operation 571 [1/1] (0.00ns)   --->   "%bitcast_ln24_3 = bitcast i64 %p_Result_8" [likelihood_kernel.cpp:24]   --->   Operation 571 'bitcast' 'bitcast_ln24_3' <Predicate = (icmp_ln79_1)> <Delay = 0.00>
ST_28 : Operation 572 [1/1] (1.20ns)   --->   "%store_ln84 = store i64 %bitcast_ln24_3, i4 %buffer_Y_1_addr" [likelihood_kernel.cpp:84]   --->   Operation 572 'store' 'store_ln84' <Predicate = (icmp_ln79_1)> <Delay = 1.20> <CoreInst = "RAM_2P_BRAM">   --->   Core 94 'RAM_2P_BRAM' <Latency = 1> <II = 1> <Delay = 1.20> <Storage> <Opcode : 'load' 'store'> <Ports = 2> <Width = 64> <Depth = 16> <RAM>
ST_28 : Operation 573 [1/1] (0.00ns)   --->   "%br_ln85 = br void %._crit_edge2.0" [likelihood_kernel.cpp:85]   --->   Operation 573 'br' 'br_ln85' <Predicate = (icmp_ln79_1)> <Delay = 0.00>
ST_28 : Operation 574 [1/1] (0.85ns)   --->   "%icmp_ln79_2 = icmp_sgt  i32 %tileSize, i32 2" [likelihood_kernel.cpp:79]   --->   Operation 574 'icmp' 'icmp_ln79_2' <Predicate = true> <Delay = 0.85> <CoreInst = "Cmp">   --->   Core 9 'Cmp' <Latency = 0> <II = 1> <Delay = 0.82> <FuncUnit> <Opcode : 'icmp'> <InPorts = 2> <OutPorts = 1>
ST_28 : Operation 575 [1/1] (0.00ns)   --->   "%br_ln79 = br i1 %icmp_ln79_2, void %._crit_edge3.0, void" [likelihood_kernel.cpp:79]   --->   Operation 575 'br' 'br_ln79' <Predicate = true> <Delay = 0.00>
ST_28 : Operation 576 [1/1] (0.00ns)   --->   "%p_Result_1 = partselect i64 @_ssdm_op_PartSelect.i64.i512.i32.i32, i512 %gmem0_addr_read, i32 128, i32 191"   --->   Operation 576 'partselect' 'p_Result_1' <Predicate = (icmp_ln79_2)> <Delay = 0.00>
ST_28 : Operation 577 [1/1] (0.00ns)   --->   "%p_Result_2 = partselect i64 @_ssdm_op_PartSelect.i64.i512.i32.i32, i512 %gmem1_addr_read, i32 128, i32 191"   --->   Operation 577 'partselect' 'p_Result_2' <Predicate = (icmp_ln79_2)> <Delay = 0.00>
ST_28 : Operation 578 [1/1] (0.00ns)   --->   "%bitcast_ln24_4 = bitcast i64 %p_Result_1" [likelihood_kernel.cpp:24]   --->   Operation 578 'bitcast' 'bitcast_ln24_4' <Predicate = (icmp_ln79_2)> <Delay = 0.00>
ST_28 : Operation 579 [1/1] (1.20ns)   --->   "%store_ln83 = store i64 %bitcast_ln24_4, i4 %buffer_X_2_addr" [likelihood_kernel.cpp:83]   --->   Operation 579 'store' 'store_ln83' <Predicate = (icmp_ln79_2)> <Delay = 1.20> <CoreInst = "RAM_2P_BRAM">   --->   Core 94 'RAM_2P_BRAM' <Latency = 1> <II = 1> <Delay = 1.20> <Storage> <Opcode : 'load' 'store'> <Ports = 2> <Width = 64> <Depth = 16> <RAM>
ST_28 : Operation 580 [1/1] (0.00ns)   --->   "%bitcast_ln24_5 = bitcast i64 %p_Result_2" [likelihood_kernel.cpp:24]   --->   Operation 580 'bitcast' 'bitcast_ln24_5' <Predicate = (icmp_ln79_2)> <Delay = 0.00>
ST_28 : Operation 581 [1/1] (1.20ns)   --->   "%store_ln84 = store i64 %bitcast_ln24_5, i4 %buffer_Y_2_addr" [likelihood_kernel.cpp:84]   --->   Operation 581 'store' 'store_ln84' <Predicate = (icmp_ln79_2)> <Delay = 1.20> <CoreInst = "RAM_2P_BRAM">   --->   Core 94 'RAM_2P_BRAM' <Latency = 1> <II = 1> <Delay = 1.20> <Storage> <Opcode : 'load' 'store'> <Ports = 2> <Width = 64> <Depth = 16> <RAM>
ST_28 : Operation 582 [1/1] (0.00ns)   --->   "%br_ln85 = br void %._crit_edge3.0" [likelihood_kernel.cpp:85]   --->   Operation 582 'br' 'br_ln85' <Predicate = (icmp_ln79_2)> <Delay = 0.00>
ST_28 : Operation 583 [1/1] (0.00ns)   --->   "%tmp_4 = partselect i30 @_ssdm_op_PartSelect.i30.i32.i32.i32, i32 %tileSize, i32 2, i32 31" [likelihood_kernel.cpp:79]   --->   Operation 583 'partselect' 'tmp_4' <Predicate = true> <Delay = 0.00>
ST_28 : Operation 584 [1/1] (0.83ns)   --->   "%icmp_ln79_3 = icmp_sgt  i30 %tmp_4, i30 0" [likelihood_kernel.cpp:79]   --->   Operation 584 'icmp' 'icmp_ln79_3' <Predicate = true> <Delay = 0.83> <CoreInst = "Cmp">   --->   Core 9 'Cmp' <Latency = 0> <II = 1> <Delay = 0.82> <FuncUnit> <Opcode : 'icmp'> <InPorts = 2> <OutPorts = 1>
ST_28 : Operation 585 [1/1] (0.00ns)   --->   "%br_ln79 = br i1 %icmp_ln79_3, void %._crit_edge4.0, void" [likelihood_kernel.cpp:79]   --->   Operation 585 'br' 'br_ln79' <Predicate = true> <Delay = 0.00>
ST_28 : Operation 586 [1/1] (0.00ns)   --->   "%p_Result_3 = partselect i64 @_ssdm_op_PartSelect.i64.i512.i32.i32, i512 %gmem0_addr_read, i32 192, i32 255"   --->   Operation 586 'partselect' 'p_Result_3' <Predicate = (icmp_ln79_3)> <Delay = 0.00>
ST_28 : Operation 587 [1/1] (0.00ns)   --->   "%p_Result_4 = partselect i64 @_ssdm_op_PartSelect.i64.i512.i32.i32, i512 %gmem1_addr_read, i32 192, i32 255"   --->   Operation 587 'partselect' 'p_Result_4' <Predicate = (icmp_ln79_3)> <Delay = 0.00>
ST_28 : Operation 588 [1/1] (0.00ns)   --->   "%bitcast_ln24_6 = bitcast i64 %p_Result_3" [likelihood_kernel.cpp:24]   --->   Operation 588 'bitcast' 'bitcast_ln24_6' <Predicate = (icmp_ln79_3)> <Delay = 0.00>
ST_28 : Operation 589 [1/1] (1.20ns)   --->   "%store_ln83 = store i64 %bitcast_ln24_6, i4 %buffer_X_3_addr" [likelihood_kernel.cpp:83]   --->   Operation 589 'store' 'store_ln83' <Predicate = (icmp_ln79_3)> <Delay = 1.20> <CoreInst = "RAM_2P_BRAM">   --->   Core 94 'RAM_2P_BRAM' <Latency = 1> <II = 1> <Delay = 1.20> <Storage> <Opcode : 'load' 'store'> <Ports = 2> <Width = 64> <Depth = 16> <RAM>
ST_28 : Operation 590 [1/1] (0.00ns)   --->   "%bitcast_ln24_7 = bitcast i64 %p_Result_4" [likelihood_kernel.cpp:24]   --->   Operation 590 'bitcast' 'bitcast_ln24_7' <Predicate = (icmp_ln79_3)> <Delay = 0.00>
ST_28 : Operation 591 [1/1] (1.20ns)   --->   "%store_ln84 = store i64 %bitcast_ln24_7, i4 %buffer_Y_3_addr" [likelihood_kernel.cpp:84]   --->   Operation 591 'store' 'store_ln84' <Predicate = (icmp_ln79_3)> <Delay = 1.20> <CoreInst = "RAM_2P_BRAM">   --->   Core 94 'RAM_2P_BRAM' <Latency = 1> <II = 1> <Delay = 1.20> <Storage> <Opcode : 'load' 'store'> <Ports = 2> <Width = 64> <Depth = 16> <RAM>
ST_28 : Operation 592 [1/1] (0.00ns)   --->   "%br_ln85 = br void %._crit_edge4.0" [likelihood_kernel.cpp:85]   --->   Operation 592 'br' 'br_ln85' <Predicate = (icmp_ln79_3)> <Delay = 0.00>
ST_28 : Operation 593 [1/1] (0.85ns)   --->   "%icmp_ln79_4 = icmp_sgt  i32 %tileSize, i32 4" [likelihood_kernel.cpp:79]   --->   Operation 593 'icmp' 'icmp_ln79_4' <Predicate = true> <Delay = 0.85> <CoreInst = "Cmp">   --->   Core 9 'Cmp' <Latency = 0> <II = 1> <Delay = 0.82> <FuncUnit> <Opcode : 'icmp'> <InPorts = 2> <OutPorts = 1>
ST_28 : Operation 594 [1/1] (0.00ns)   --->   "%br_ln79 = br i1 %icmp_ln79_4, void %._crit_edge5.0, void" [likelihood_kernel.cpp:79]   --->   Operation 594 'br' 'br_ln79' <Predicate = true> <Delay = 0.00>

State 29 <SV = 19> <Delay = 2.05>
ST_29 : Operation 595 [1/1] (0.00ns)   --->   "%p_Result_5 = partselect i64 @_ssdm_op_PartSelect.i64.i512.i32.i32, i512 %gmem0_addr_read, i32 256, i32 319"   --->   Operation 595 'partselect' 'p_Result_5' <Predicate = (icmp_ln70 & icmp_ln79_4)> <Delay = 0.00>
ST_29 : Operation 596 [1/1] (0.00ns)   --->   "%p_Result_6 = partselect i64 @_ssdm_op_PartSelect.i64.i512.i32.i32, i512 %gmem1_addr_read, i32 256, i32 319"   --->   Operation 596 'partselect' 'p_Result_6' <Predicate = (icmp_ln70 & icmp_ln79_4)> <Delay = 0.00>
ST_29 : Operation 597 [1/1] (0.00ns)   --->   "%bitcast_ln24_8 = bitcast i64 %p_Result_5" [likelihood_kernel.cpp:24]   --->   Operation 597 'bitcast' 'bitcast_ln24_8' <Predicate = (icmp_ln70 & icmp_ln79_4)> <Delay = 0.00>
ST_29 : Operation 598 [1/1] (1.20ns)   --->   "%store_ln83 = store i64 %bitcast_ln24_8, i4 %buffer_X_0_addr_1" [likelihood_kernel.cpp:83]   --->   Operation 598 'store' 'store_ln83' <Predicate = (icmp_ln70 & icmp_ln79_4)> <Delay = 1.20> <CoreInst = "RAM_2P_BRAM">   --->   Core 94 'RAM_2P_BRAM' <Latency = 1> <II = 1> <Delay = 1.20> <Storage> <Opcode : 'load' 'store'> <Ports = 2> <Width = 64> <Depth = 16> <RAM>
ST_29 : Operation 599 [1/1] (0.00ns)   --->   "%bitcast_ln24_9 = bitcast i64 %p_Result_6" [likelihood_kernel.cpp:24]   --->   Operation 599 'bitcast' 'bitcast_ln24_9' <Predicate = (icmp_ln70 & icmp_ln79_4)> <Delay = 0.00>
ST_29 : Operation 600 [1/1] (1.20ns)   --->   "%store_ln84 = store i64 %bitcast_ln24_9, i4 %buffer_Y_0_addr_1" [likelihood_kernel.cpp:84]   --->   Operation 600 'store' 'store_ln84' <Predicate = (icmp_ln70 & icmp_ln79_4)> <Delay = 1.20> <CoreInst = "RAM_2P_BRAM">   --->   Core 94 'RAM_2P_BRAM' <Latency = 1> <II = 1> <Delay = 1.20> <Storage> <Opcode : 'load' 'store'> <Ports = 2> <Width = 64> <Depth = 16> <RAM>
ST_29 : Operation 601 [1/1] (0.00ns)   --->   "%br_ln85 = br void %._crit_edge5.0" [likelihood_kernel.cpp:85]   --->   Operation 601 'br' 'br_ln85' <Predicate = (icmp_ln70 & icmp_ln79_4)> <Delay = 0.00>
ST_29 : Operation 602 [1/1] (0.85ns)   --->   "%icmp_ln79_5 = icmp_sgt  i32 %tileSize, i32 5" [likelihood_kernel.cpp:79]   --->   Operation 602 'icmp' 'icmp_ln79_5' <Predicate = (icmp_ln70)> <Delay = 0.85> <CoreInst = "Cmp">   --->   Core 9 'Cmp' <Latency = 0> <II = 1> <Delay = 0.82> <FuncUnit> <Opcode : 'icmp'> <InPorts = 2> <OutPorts = 1>
ST_29 : Operation 603 [1/1] (0.00ns)   --->   "%br_ln79 = br i1 %icmp_ln79_5, void %._crit_edge6.0, void" [likelihood_kernel.cpp:79]   --->   Operation 603 'br' 'br_ln79' <Predicate = (icmp_ln70)> <Delay = 0.00>
ST_29 : Operation 604 [1/1] (0.00ns)   --->   "%p_Result_7 = partselect i64 @_ssdm_op_PartSelect.i64.i512.i32.i32, i512 %gmem0_addr_read, i32 320, i32 383"   --->   Operation 604 'partselect' 'p_Result_7' <Predicate = (icmp_ln70 & icmp_ln79_5)> <Delay = 0.00>
ST_29 : Operation 605 [1/1] (0.00ns)   --->   "%p_Result_9 = partselect i64 @_ssdm_op_PartSelect.i64.i512.i32.i32, i512 %gmem1_addr_read, i32 320, i32 383"   --->   Operation 605 'partselect' 'p_Result_9' <Predicate = (icmp_ln70 & icmp_ln79_5)> <Delay = 0.00>
ST_29 : Operation 606 [1/1] (0.00ns)   --->   "%bitcast_ln24_10 = bitcast i64 %p_Result_7" [likelihood_kernel.cpp:24]   --->   Operation 606 'bitcast' 'bitcast_ln24_10' <Predicate = (icmp_ln70 & icmp_ln79_5)> <Delay = 0.00>
ST_29 : Operation 607 [1/1] (1.20ns)   --->   "%store_ln83 = store i64 %bitcast_ln24_10, i4 %buffer_X_1_addr_1" [likelihood_kernel.cpp:83]   --->   Operation 607 'store' 'store_ln83' <Predicate = (icmp_ln70 & icmp_ln79_5)> <Delay = 1.20> <CoreInst = "RAM_2P_BRAM">   --->   Core 94 'RAM_2P_BRAM' <Latency = 1> <II = 1> <Delay = 1.20> <Storage> <Opcode : 'load' 'store'> <Ports = 2> <Width = 64> <Depth = 16> <RAM>
ST_29 : Operation 608 [1/1] (0.00ns)   --->   "%bitcast_ln24_11 = bitcast i64 %p_Result_9" [likelihood_kernel.cpp:24]   --->   Operation 608 'bitcast' 'bitcast_ln24_11' <Predicate = (icmp_ln70 & icmp_ln79_5)> <Delay = 0.00>
ST_29 : Operation 609 [1/1] (1.20ns)   --->   "%store_ln84 = store i64 %bitcast_ln24_11, i4 %buffer_Y_1_addr_1" [likelihood_kernel.cpp:84]   --->   Operation 609 'store' 'store_ln84' <Predicate = (icmp_ln70 & icmp_ln79_5)> <Delay = 1.20> <CoreInst = "RAM_2P_BRAM">   --->   Core 94 'RAM_2P_BRAM' <Latency = 1> <II = 1> <Delay = 1.20> <Storage> <Opcode : 'load' 'store'> <Ports = 2> <Width = 64> <Depth = 16> <RAM>
ST_29 : Operation 610 [1/1] (0.00ns)   --->   "%br_ln85 = br void %._crit_edge6.0" [likelihood_kernel.cpp:85]   --->   Operation 610 'br' 'br_ln85' <Predicate = (icmp_ln70 & icmp_ln79_5)> <Delay = 0.00>
ST_29 : Operation 611 [1/1] (0.85ns)   --->   "%icmp_ln79_6 = icmp_sgt  i32 %tileSize, i32 6" [likelihood_kernel.cpp:79]   --->   Operation 611 'icmp' 'icmp_ln79_6' <Predicate = (icmp_ln70)> <Delay = 0.85> <CoreInst = "Cmp">   --->   Core 9 'Cmp' <Latency = 0> <II = 1> <Delay = 0.82> <FuncUnit> <Opcode : 'icmp'> <InPorts = 2> <OutPorts = 1>
ST_29 : Operation 612 [1/1] (0.00ns)   --->   "%br_ln79 = br i1 %icmp_ln79_6, void %._crit_edge7.0, void" [likelihood_kernel.cpp:79]   --->   Operation 612 'br' 'br_ln79' <Predicate = (icmp_ln70)> <Delay = 0.00>
ST_29 : Operation 613 [1/1] (0.00ns)   --->   "%p_Result_10 = partselect i64 @_ssdm_op_PartSelect.i64.i512.i32.i32, i512 %gmem0_addr_read, i32 384, i32 447"   --->   Operation 613 'partselect' 'p_Result_10' <Predicate = (icmp_ln70 & icmp_ln79_6)> <Delay = 0.00>
ST_29 : Operation 614 [1/1] (0.00ns)   --->   "%p_Result_11 = partselect i64 @_ssdm_op_PartSelect.i64.i512.i32.i32, i512 %gmem1_addr_read, i32 384, i32 447"   --->   Operation 614 'partselect' 'p_Result_11' <Predicate = (icmp_ln70 & icmp_ln79_6)> <Delay = 0.00>
ST_29 : Operation 615 [1/1] (0.00ns)   --->   "%bitcast_ln24_12 = bitcast i64 %p_Result_10" [likelihood_kernel.cpp:24]   --->   Operation 615 'bitcast' 'bitcast_ln24_12' <Predicate = (icmp_ln70 & icmp_ln79_6)> <Delay = 0.00>
ST_29 : Operation 616 [1/1] (1.20ns)   --->   "%store_ln83 = store i64 %bitcast_ln24_12, i4 %buffer_X_2_addr_1" [likelihood_kernel.cpp:83]   --->   Operation 616 'store' 'store_ln83' <Predicate = (icmp_ln70 & icmp_ln79_6)> <Delay = 1.20> <CoreInst = "RAM_2P_BRAM">   --->   Core 94 'RAM_2P_BRAM' <Latency = 1> <II = 1> <Delay = 1.20> <Storage> <Opcode : 'load' 'store'> <Ports = 2> <Width = 64> <Depth = 16> <RAM>
ST_29 : Operation 617 [1/1] (0.00ns)   --->   "%bitcast_ln24_13 = bitcast i64 %p_Result_11" [likelihood_kernel.cpp:24]   --->   Operation 617 'bitcast' 'bitcast_ln24_13' <Predicate = (icmp_ln70 & icmp_ln79_6)> <Delay = 0.00>
ST_29 : Operation 618 [1/1] (1.20ns)   --->   "%store_ln84 = store i64 %bitcast_ln24_13, i4 %buffer_Y_2_addr_1" [likelihood_kernel.cpp:84]   --->   Operation 618 'store' 'store_ln84' <Predicate = (icmp_ln70 & icmp_ln79_6)> <Delay = 1.20> <CoreInst = "RAM_2P_BRAM">   --->   Core 94 'RAM_2P_BRAM' <Latency = 1> <II = 1> <Delay = 1.20> <Storage> <Opcode : 'load' 'store'> <Ports = 2> <Width = 64> <Depth = 16> <RAM>
ST_29 : Operation 619 [1/1] (0.00ns)   --->   "%br_ln85 = br void %._crit_edge7.0" [likelihood_kernel.cpp:85]   --->   Operation 619 'br' 'br_ln85' <Predicate = (icmp_ln70 & icmp_ln79_6)> <Delay = 0.00>
ST_29 : Operation 620 [1/1] (0.00ns)   --->   "%tmp_5 = partselect i29 @_ssdm_op_PartSelect.i29.i32.i32.i32, i32 %tileSize, i32 3, i32 31" [likelihood_kernel.cpp:79]   --->   Operation 620 'partselect' 'tmp_5' <Predicate = (icmp_ln70)> <Delay = 0.00>
ST_29 : Operation 621 [1/1] (0.82ns)   --->   "%icmp_ln79_7 = icmp_sgt  i29 %tmp_5, i29 0" [likelihood_kernel.cpp:79]   --->   Operation 621 'icmp' 'icmp_ln79_7' <Predicate = (icmp_ln70)> <Delay = 0.82> <CoreInst = "Cmp">   --->   Core 9 'Cmp' <Latency = 0> <II = 1> <Delay = 0.82> <FuncUnit> <Opcode : 'icmp'> <InPorts = 2> <OutPorts = 1>
ST_29 : Operation 622 [1/1] (0.00ns)   --->   "%br_ln79 = br i1 %icmp_ln79_7, void %.split.1, void" [likelihood_kernel.cpp:79]   --->   Operation 622 'br' 'br_ln79' <Predicate = (icmp_ln70)> <Delay = 0.00>
ST_29 : Operation 623 [1/1] (0.00ns)   --->   "%p_Result_12 = partselect i64 @_ssdm_op_PartSelect.i64.i512.i32.i32, i512 %gmem0_addr_read, i32 448, i32 511"   --->   Operation 623 'partselect' 'p_Result_12' <Predicate = (icmp_ln70 & icmp_ln79_7)> <Delay = 0.00>
ST_29 : Operation 624 [1/1] (0.00ns)   --->   "%p_Result_13 = partselect i64 @_ssdm_op_PartSelect.i64.i512.i32.i32, i512 %gmem1_addr_read, i32 448, i32 511"   --->   Operation 624 'partselect' 'p_Result_13' <Predicate = (icmp_ln70 & icmp_ln79_7)> <Delay = 0.00>
ST_29 : Operation 625 [1/1] (0.00ns)   --->   "%bitcast_ln24_14 = bitcast i64 %p_Result_12" [likelihood_kernel.cpp:24]   --->   Operation 625 'bitcast' 'bitcast_ln24_14' <Predicate = (icmp_ln70 & icmp_ln79_7)> <Delay = 0.00>
ST_29 : Operation 626 [1/1] (1.20ns)   --->   "%store_ln83 = store i64 %bitcast_ln24_14, i4 %buffer_X_3_addr_1" [likelihood_kernel.cpp:83]   --->   Operation 626 'store' 'store_ln83' <Predicate = (icmp_ln70 & icmp_ln79_7)> <Delay = 1.20> <CoreInst = "RAM_2P_BRAM">   --->   Core 94 'RAM_2P_BRAM' <Latency = 1> <II = 1> <Delay = 1.20> <Storage> <Opcode : 'load' 'store'> <Ports = 2> <Width = 64> <Depth = 16> <RAM>
ST_29 : Operation 627 [1/1] (0.00ns)   --->   "%bitcast_ln24_15 = bitcast i64 %p_Result_13" [likelihood_kernel.cpp:24]   --->   Operation 627 'bitcast' 'bitcast_ln24_15' <Predicate = (icmp_ln70 & icmp_ln79_7)> <Delay = 0.00>
ST_29 : Operation 628 [1/1] (1.20ns)   --->   "%store_ln84 = store i64 %bitcast_ln24_15, i4 %buffer_Y_3_addr_1" [likelihood_kernel.cpp:84]   --->   Operation 628 'store' 'store_ln84' <Predicate = (icmp_ln70 & icmp_ln79_7)> <Delay = 1.20> <CoreInst = "RAM_2P_BRAM">   --->   Core 94 'RAM_2P_BRAM' <Latency = 1> <II = 1> <Delay = 1.20> <Storage> <Opcode : 'load' 'store'> <Ports = 2> <Width = 64> <Depth = 16> <RAM>
ST_29 : Operation 629 [1/1] (0.00ns)   --->   "%br_ln85 = br void %.split.1" [likelihood_kernel.cpp:85]   --->   Operation 629 'br' 'br_ln85' <Predicate = (icmp_ln70 & icmp_ln79_7)> <Delay = 0.00>
ST_29 : Operation 630 [1/1] (0.00ns)   --->   "%tmp_6 = partselect i29 @_ssdm_op_PartSelect.i29.i30.i32.i32, i30 %num_words, i32 1, i32 29" [likelihood_kernel.cpp:70]   --->   Operation 630 'partselect' 'tmp_6' <Predicate = true> <Delay = 0.00>
ST_29 : Operation 631 [1/1] (0.82ns)   --->   "%icmp_ln70_1 = icmp_sgt  i29 %tmp_6, i29 0" [likelihood_kernel.cpp:70]   --->   Operation 631 'icmp' 'icmp_ln70_1' <Predicate = true> <Delay = 0.82> <CoreInst = "Cmp">   --->   Core 9 'Cmp' <Latency = 0> <II = 1> <Delay = 0.82> <FuncUnit> <Opcode : 'icmp'> <InPorts = 2> <OutPorts = 1>
ST_29 : Operation 632 [1/1] (0.00ns)   --->   "%br_ln70 = br i1 %icmp_ln70_1, void %.split.2, void" [likelihood_kernel.cpp:70]   --->   Operation 632 'br' 'br_ln70' <Predicate = true> <Delay = 0.00>
ST_29 : Operation 633 [1/1] (0.00ns)   --->   "%or_ln71 = or i28 %tmp_2, i28 1" [likelihood_kernel.cpp:71]   --->   Operation 633 'or' 'or_ln71' <Predicate = (icmp_ln70_1)> <Delay = 0.00>
ST_29 : Operation 634 [1/1] (0.00ns)   --->   "%shl_ln71_1 = bitconcatenate i34 @_ssdm_op_BitConcatenate.i34.i28.i6, i28 %or_ln71, i6 0" [likelihood_kernel.cpp:71]   --->   Operation 634 'bitconcatenate' 'shl_ln71_1' <Predicate = (icmp_ln70_1)> <Delay = 0.00>
ST_29 : Operation 635 [1/1] (0.00ns)   --->   "%zext_ln71_1 = zext i34 %shl_ln71_1" [likelihood_kernel.cpp:71]   --->   Operation 635 'zext' 'zext_ln71_1' <Predicate = (icmp_ln70_1)> <Delay = 0.00>
ST_29 : Operation 636 [1/1] (1.14ns)   --->   "%add_ln71_1 = add i64 %zext_ln71_1, i64 %arrayX_read" [likelihood_kernel.cpp:71]   --->   Operation 636 'add' 'add_ln71_1' <Predicate = (icmp_ln70_1)> <Delay = 1.14> <CoreInst = "Adder">   --->   Core 1 'Adder' <Latency = 0> <II = 1> <Delay = 0.88> <FuncUnit> <Opcode : 'add' 'sub'> <InPorts = 2> <OutPorts = 1>
ST_29 : Operation 637 [1/1] (0.00ns)   --->   "%trunc_ln71_2 = partselect i58 @_ssdm_op_PartSelect.i58.i64.i32.i32, i64 %add_ln71_1, i32 6, i32 63" [likelihood_kernel.cpp:71]   --->   Operation 637 'partselect' 'trunc_ln71_2' <Predicate = (icmp_ln70_1)> <Delay = 0.00>
ST_29 : Operation 638 [1/1] (1.14ns)   --->   "%add_ln72_1 = add i64 %zext_ln71_1, i64 %arrayY_read" [likelihood_kernel.cpp:72]   --->   Operation 638 'add' 'add_ln72_1' <Predicate = (icmp_ln70_1)> <Delay = 1.14> <CoreInst = "Adder">   --->   Core 1 'Adder' <Latency = 0> <II = 1> <Delay = 0.88> <FuncUnit> <Opcode : 'add' 'sub'> <InPorts = 2> <OutPorts = 1>
ST_29 : Operation 639 [1/1] (0.00ns)   --->   "%trunc_ln72_1 = partselect i58 @_ssdm_op_PartSelect.i58.i64.i32.i32, i64 %add_ln72_1, i32 6, i32 63" [likelihood_kernel.cpp:72]   --->   Operation 639 'partselect' 'trunc_ln72_1' <Predicate = (icmp_ln70_1)> <Delay = 0.00>

State 30 <SV = 20> <Delay = 2.43>
ST_30 : Operation 640 [1/1] (0.00ns)   --->   "%sext_ln71_1 = sext i58 %trunc_ln71_2" [likelihood_kernel.cpp:71]   --->   Operation 640 'sext' 'sext_ln71_1' <Predicate = true> <Delay = 0.00>
ST_30 : Operation 641 [1/1] (0.00ns)   --->   "%gmem0_addr_1 = getelementptr i512 %gmem0, i64 %sext_ln71_1" [likelihood_kernel.cpp:71]   --->   Operation 641 'getelementptr' 'gmem0_addr_1' <Predicate = true> <Delay = 0.00>
ST_30 : Operation 642 [7/7] (2.43ns)   --->   "%gmem0_load_1_req = readreq i1 @_ssdm_op_ReadReq.m_axi.i512P1A, i512 %gmem0_addr_1, i32 1" [likelihood_kernel.cpp:71]   --->   Operation 642 'readreq' 'gmem0_load_1_req' <Predicate = true> <Delay = 2.43> <CoreInst = "m_axi">   --->   Core 121 'm_axi' <Latency = 6> <II = 1> <Delay = 1.00> <Adapter> <Opcode : 'read' 'write' 'readreq' 'writereq' 'writeresp'>
ST_30 : Operation 643 [1/1] (0.00ns)   --->   "%sext_ln72_1 = sext i58 %trunc_ln72_1" [likelihood_kernel.cpp:72]   --->   Operation 643 'sext' 'sext_ln72_1' <Predicate = true> <Delay = 0.00>
ST_30 : Operation 644 [1/1] (0.00ns)   --->   "%gmem1_addr_1 = getelementptr i512 %gmem1, i64 %sext_ln72_1" [likelihood_kernel.cpp:72]   --->   Operation 644 'getelementptr' 'gmem1_addr_1' <Predicate = true> <Delay = 0.00>
ST_30 : Operation 645 [7/7] (2.43ns)   --->   "%gmem1_load_1_req = readreq i1 @_ssdm_op_ReadReq.m_axi.i512P1A, i512 %gmem1_addr_1, i32 1" [likelihood_kernel.cpp:72]   --->   Operation 645 'readreq' 'gmem1_load_1_req' <Predicate = true> <Delay = 2.43> <CoreInst = "m_axi">   --->   Core 121 'm_axi' <Latency = 6> <II = 1> <Delay = 1.00> <Adapter> <Opcode : 'read' 'write' 'readreq' 'writereq' 'writeresp'>

State 31 <SV = 21> <Delay = 2.43>
ST_31 : Operation 646 [6/7] (2.43ns)   --->   "%gmem0_load_1_req = readreq i1 @_ssdm_op_ReadReq.m_axi.i512P1A, i512 %gmem0_addr_1, i32 1" [likelihood_kernel.cpp:71]   --->   Operation 646 'readreq' 'gmem0_load_1_req' <Predicate = true> <Delay = 2.43> <CoreInst = "m_axi">   --->   Core 121 'm_axi' <Latency = 6> <II = 1> <Delay = 1.00> <Adapter> <Opcode : 'read' 'write' 'readreq' 'writereq' 'writeresp'>
ST_31 : Operation 647 [6/7] (2.43ns)   --->   "%gmem1_load_1_req = readreq i1 @_ssdm_op_ReadReq.m_axi.i512P1A, i512 %gmem1_addr_1, i32 1" [likelihood_kernel.cpp:72]   --->   Operation 647 'readreq' 'gmem1_load_1_req' <Predicate = true> <Delay = 2.43> <CoreInst = "m_axi">   --->   Core 121 'm_axi' <Latency = 6> <II = 1> <Delay = 1.00> <Adapter> <Opcode : 'read' 'write' 'readreq' 'writereq' 'writeresp'>

State 32 <SV = 22> <Delay = 2.43>
ST_32 : Operation 648 [5/7] (2.43ns)   --->   "%gmem0_load_1_req = readreq i1 @_ssdm_op_ReadReq.m_axi.i512P1A, i512 %gmem0_addr_1, i32 1" [likelihood_kernel.cpp:71]   --->   Operation 648 'readreq' 'gmem0_load_1_req' <Predicate = true> <Delay = 2.43> <CoreInst = "m_axi">   --->   Core 121 'm_axi' <Latency = 6> <II = 1> <Delay = 1.00> <Adapter> <Opcode : 'read' 'write' 'readreq' 'writereq' 'writeresp'>
ST_32 : Operation 649 [5/7] (2.43ns)   --->   "%gmem1_load_1_req = readreq i1 @_ssdm_op_ReadReq.m_axi.i512P1A, i512 %gmem1_addr_1, i32 1" [likelihood_kernel.cpp:72]   --->   Operation 649 'readreq' 'gmem1_load_1_req' <Predicate = true> <Delay = 2.43> <CoreInst = "m_axi">   --->   Core 121 'm_axi' <Latency = 6> <II = 1> <Delay = 1.00> <Adapter> <Opcode : 'read' 'write' 'readreq' 'writereq' 'writeresp'>

State 33 <SV = 23> <Delay = 2.43>
ST_33 : Operation 650 [4/7] (2.43ns)   --->   "%gmem0_load_1_req = readreq i1 @_ssdm_op_ReadReq.m_axi.i512P1A, i512 %gmem0_addr_1, i32 1" [likelihood_kernel.cpp:71]   --->   Operation 650 'readreq' 'gmem0_load_1_req' <Predicate = true> <Delay = 2.43> <CoreInst = "m_axi">   --->   Core 121 'm_axi' <Latency = 6> <II = 1> <Delay = 1.00> <Adapter> <Opcode : 'read' 'write' 'readreq' 'writereq' 'writeresp'>
ST_33 : Operation 651 [4/7] (2.43ns)   --->   "%gmem1_load_1_req = readreq i1 @_ssdm_op_ReadReq.m_axi.i512P1A, i512 %gmem1_addr_1, i32 1" [likelihood_kernel.cpp:72]   --->   Operation 651 'readreq' 'gmem1_load_1_req' <Predicate = true> <Delay = 2.43> <CoreInst = "m_axi">   --->   Core 121 'm_axi' <Latency = 6> <II = 1> <Delay = 1.00> <Adapter> <Opcode : 'read' 'write' 'readreq' 'writereq' 'writeresp'>

State 34 <SV = 24> <Delay = 2.43>
ST_34 : Operation 652 [3/7] (2.43ns)   --->   "%gmem0_load_1_req = readreq i1 @_ssdm_op_ReadReq.m_axi.i512P1A, i512 %gmem0_addr_1, i32 1" [likelihood_kernel.cpp:71]   --->   Operation 652 'readreq' 'gmem0_load_1_req' <Predicate = true> <Delay = 2.43> <CoreInst = "m_axi">   --->   Core 121 'm_axi' <Latency = 6> <II = 1> <Delay = 1.00> <Adapter> <Opcode : 'read' 'write' 'readreq' 'writereq' 'writeresp'>
ST_34 : Operation 653 [3/7] (2.43ns)   --->   "%gmem1_load_1_req = readreq i1 @_ssdm_op_ReadReq.m_axi.i512P1A, i512 %gmem1_addr_1, i32 1" [likelihood_kernel.cpp:72]   --->   Operation 653 'readreq' 'gmem1_load_1_req' <Predicate = true> <Delay = 2.43> <CoreInst = "m_axi">   --->   Core 121 'm_axi' <Latency = 6> <II = 1> <Delay = 1.00> <Adapter> <Opcode : 'read' 'write' 'readreq' 'writereq' 'writeresp'>

State 35 <SV = 25> <Delay = 2.43>
ST_35 : Operation 654 [2/7] (2.43ns)   --->   "%gmem0_load_1_req = readreq i1 @_ssdm_op_ReadReq.m_axi.i512P1A, i512 %gmem0_addr_1, i32 1" [likelihood_kernel.cpp:71]   --->   Operation 654 'readreq' 'gmem0_load_1_req' <Predicate = true> <Delay = 2.43> <CoreInst = "m_axi">   --->   Core 121 'm_axi' <Latency = 6> <II = 1> <Delay = 1.00> <Adapter> <Opcode : 'read' 'write' 'readreq' 'writereq' 'writeresp'>
ST_35 : Operation 655 [2/7] (2.43ns)   --->   "%gmem1_load_1_req = readreq i1 @_ssdm_op_ReadReq.m_axi.i512P1A, i512 %gmem1_addr_1, i32 1" [likelihood_kernel.cpp:72]   --->   Operation 655 'readreq' 'gmem1_load_1_req' <Predicate = true> <Delay = 2.43> <CoreInst = "m_axi">   --->   Core 121 'm_axi' <Latency = 6> <II = 1> <Delay = 1.00> <Adapter> <Opcode : 'read' 'write' 'readreq' 'writereq' 'writeresp'>

State 36 <SV = 26> <Delay = 2.43>
ST_36 : Operation 656 [1/7] (2.43ns)   --->   "%gmem0_load_1_req = readreq i1 @_ssdm_op_ReadReq.m_axi.i512P1A, i512 %gmem0_addr_1, i32 1" [likelihood_kernel.cpp:71]   --->   Operation 656 'readreq' 'gmem0_load_1_req' <Predicate = true> <Delay = 2.43> <CoreInst = "m_axi">   --->   Core 121 'm_axi' <Latency = 6> <II = 1> <Delay = 1.00> <Adapter> <Opcode : 'read' 'write' 'readreq' 'writereq' 'writeresp'>
ST_36 : Operation 657 [1/7] (2.43ns)   --->   "%gmem1_load_1_req = readreq i1 @_ssdm_op_ReadReq.m_axi.i512P1A, i512 %gmem1_addr_1, i32 1" [likelihood_kernel.cpp:72]   --->   Operation 657 'readreq' 'gmem1_load_1_req' <Predicate = true> <Delay = 2.43> <CoreInst = "m_axi">   --->   Core 121 'm_axi' <Latency = 6> <II = 1> <Delay = 1.00> <Adapter> <Opcode : 'read' 'write' 'readreq' 'writereq' 'writeresp'>

State 37 <SV = 27> <Delay = 2.43>
ST_37 : Operation 658 [1/1] (2.43ns)   --->   "%gmem0_addr_1_read = read i512 @_ssdm_op_Read.m_axi.i512P1A, i512 %gmem0_addr_1" [likelihood_kernel.cpp:71]   --->   Operation 658 'read' 'gmem0_addr_1_read' <Predicate = true> <Delay = 2.43> <CoreInst = "m_axi">   --->   Core 121 'm_axi' <Latency = 6> <II = 1> <Delay = 1.00> <Adapter> <Opcode : 'read' 'write' 'readreq' 'writereq' 'writeresp'>
ST_37 : Operation 659 [1/1] (2.43ns)   --->   "%gmem1_addr_1_read = read i512 @_ssdm_op_Read.m_axi.i512P1A, i512 %gmem1_addr_1" [likelihood_kernel.cpp:72]   --->   Operation 659 'read' 'gmem1_addr_1_read' <Predicate = true> <Delay = 2.43> <CoreInst = "m_axi">   --->   Core 121 'm_axi' <Latency = 6> <II = 1> <Delay = 1.00> <Adapter> <Opcode : 'read' 'write' 'readreq' 'writereq' 'writeresp'>
ST_37 : Operation 660 [1/1] (0.85ns)   --->   "%icmp_ln79_8 = icmp_sgt  i32 %tileSize, i32 8" [likelihood_kernel.cpp:79]   --->   Operation 660 'icmp' 'icmp_ln79_8' <Predicate = true> <Delay = 0.85> <CoreInst = "Cmp">   --->   Core 9 'Cmp' <Latency = 0> <II = 1> <Delay = 0.82> <FuncUnit> <Opcode : 'icmp'> <InPorts = 2> <OutPorts = 1>
ST_37 : Operation 661 [1/1] (0.00ns)   --->   "%br_ln79 = br i1 %icmp_ln79_8, void %._crit_edge.1, void" [likelihood_kernel.cpp:79]   --->   Operation 661 'br' 'br_ln79' <Predicate = true> <Delay = 0.00>

State 38 <SV = 28> <Delay = 2.05>
ST_38 : Operation 662 [1/1] (0.00ns)   --->   "%trunc_ln708_2 = trunc i512 %gmem0_addr_1_read"   --->   Operation 662 'trunc' 'trunc_ln708_2' <Predicate = (icmp_ln79_8)> <Delay = 0.00>
ST_38 : Operation 663 [1/1] (0.00ns)   --->   "%trunc_ln708_3 = trunc i512 %gmem1_addr_1_read"   --->   Operation 663 'trunc' 'trunc_ln708_3' <Predicate = (icmp_ln79_8)> <Delay = 0.00>
ST_38 : Operation 664 [1/1] (0.00ns)   --->   "%bitcast_ln24_16 = bitcast i64 %trunc_ln708_2" [likelihood_kernel.cpp:24]   --->   Operation 664 'bitcast' 'bitcast_ln24_16' <Predicate = (icmp_ln79_8)> <Delay = 0.00>
ST_38 : Operation 665 [1/1] (1.20ns)   --->   "%store_ln83 = store i64 %bitcast_ln24_16, i4 %buffer_X_0_addr_2" [likelihood_kernel.cpp:83]   --->   Operation 665 'store' 'store_ln83' <Predicate = (icmp_ln79_8)> <Delay = 1.20> <CoreInst = "RAM_2P_BRAM">   --->   Core 94 'RAM_2P_BRAM' <Latency = 1> <II = 1> <Delay = 1.20> <Storage> <Opcode : 'load' 'store'> <Ports = 2> <Width = 64> <Depth = 16> <RAM>
ST_38 : Operation 666 [1/1] (0.00ns)   --->   "%bitcast_ln24_17 = bitcast i64 %trunc_ln708_3" [likelihood_kernel.cpp:24]   --->   Operation 666 'bitcast' 'bitcast_ln24_17' <Predicate = (icmp_ln79_8)> <Delay = 0.00>
ST_38 : Operation 667 [1/1] (1.20ns)   --->   "%store_ln84 = store i64 %bitcast_ln24_17, i4 %buffer_Y_0_addr_2" [likelihood_kernel.cpp:84]   --->   Operation 667 'store' 'store_ln84' <Predicate = (icmp_ln79_8)> <Delay = 1.20> <CoreInst = "RAM_2P_BRAM">   --->   Core 94 'RAM_2P_BRAM' <Latency = 1> <II = 1> <Delay = 1.20> <Storage> <Opcode : 'load' 'store'> <Ports = 2> <Width = 64> <Depth = 16> <RAM>
ST_38 : Operation 668 [1/1] (0.00ns)   --->   "%br_ln85 = br void %._crit_edge.1" [likelihood_kernel.cpp:85]   --->   Operation 668 'br' 'br_ln85' <Predicate = (icmp_ln79_8)> <Delay = 0.00>
ST_38 : Operation 669 [1/1] (0.85ns)   --->   "%icmp_ln79_9 = icmp_sgt  i32 %tileSize, i32 9" [likelihood_kernel.cpp:79]   --->   Operation 669 'icmp' 'icmp_ln79_9' <Predicate = true> <Delay = 0.85> <CoreInst = "Cmp">   --->   Core 9 'Cmp' <Latency = 0> <II = 1> <Delay = 0.82> <FuncUnit> <Opcode : 'icmp'> <InPorts = 2> <OutPorts = 1>
ST_38 : Operation 670 [1/1] (0.00ns)   --->   "%br_ln79 = br i1 %icmp_ln79_9, void %._crit_edge2.1, void" [likelihood_kernel.cpp:79]   --->   Operation 670 'br' 'br_ln79' <Predicate = true> <Delay = 0.00>
ST_38 : Operation 671 [1/1] (0.00ns)   --->   "%p_Result_10_1 = partselect i64 @_ssdm_op_PartSelect.i64.i512.i32.i32, i512 %gmem0_addr_1_read, i32 64, i32 127"   --->   Operation 671 'partselect' 'p_Result_10_1' <Predicate = (icmp_ln79_9)> <Delay = 0.00>
ST_38 : Operation 672 [1/1] (0.00ns)   --->   "%p_Result_11_1 = partselect i64 @_ssdm_op_PartSelect.i64.i512.i32.i32, i512 %gmem1_addr_1_read, i32 64, i32 127"   --->   Operation 672 'partselect' 'p_Result_11_1' <Predicate = (icmp_ln79_9)> <Delay = 0.00>
ST_38 : Operation 673 [1/1] (0.00ns)   --->   "%bitcast_ln24_18 = bitcast i64 %p_Result_10_1" [likelihood_kernel.cpp:24]   --->   Operation 673 'bitcast' 'bitcast_ln24_18' <Predicate = (icmp_ln79_9)> <Delay = 0.00>
ST_38 : Operation 674 [1/1] (1.20ns)   --->   "%store_ln83 = store i64 %bitcast_ln24_18, i4 %buffer_X_1_addr_2" [likelihood_kernel.cpp:83]   --->   Operation 674 'store' 'store_ln83' <Predicate = (icmp_ln79_9)> <Delay = 1.20> <CoreInst = "RAM_2P_BRAM">   --->   Core 94 'RAM_2P_BRAM' <Latency = 1> <II = 1> <Delay = 1.20> <Storage> <Opcode : 'load' 'store'> <Ports = 2> <Width = 64> <Depth = 16> <RAM>
ST_38 : Operation 675 [1/1] (0.00ns)   --->   "%bitcast_ln24_19 = bitcast i64 %p_Result_11_1" [likelihood_kernel.cpp:24]   --->   Operation 675 'bitcast' 'bitcast_ln24_19' <Predicate = (icmp_ln79_9)> <Delay = 0.00>
ST_38 : Operation 676 [1/1] (1.20ns)   --->   "%store_ln84 = store i64 %bitcast_ln24_19, i4 %buffer_Y_1_addr_2" [likelihood_kernel.cpp:84]   --->   Operation 676 'store' 'store_ln84' <Predicate = (icmp_ln79_9)> <Delay = 1.20> <CoreInst = "RAM_2P_BRAM">   --->   Core 94 'RAM_2P_BRAM' <Latency = 1> <II = 1> <Delay = 1.20> <Storage> <Opcode : 'load' 'store'> <Ports = 2> <Width = 64> <Depth = 16> <RAM>
ST_38 : Operation 677 [1/1] (0.00ns)   --->   "%br_ln85 = br void %._crit_edge2.1" [likelihood_kernel.cpp:85]   --->   Operation 677 'br' 'br_ln85' <Predicate = (icmp_ln79_9)> <Delay = 0.00>
ST_38 : Operation 678 [1/1] (0.85ns)   --->   "%icmp_ln79_10 = icmp_sgt  i32 %tileSize, i32 10" [likelihood_kernel.cpp:79]   --->   Operation 678 'icmp' 'icmp_ln79_10' <Predicate = true> <Delay = 0.85> <CoreInst = "Cmp">   --->   Core 9 'Cmp' <Latency = 0> <II = 1> <Delay = 0.82> <FuncUnit> <Opcode : 'icmp'> <InPorts = 2> <OutPorts = 1>
ST_38 : Operation 679 [1/1] (0.00ns)   --->   "%br_ln79 = br i1 %icmp_ln79_10, void %._crit_edge3.1, void" [likelihood_kernel.cpp:79]   --->   Operation 679 'br' 'br_ln79' <Predicate = true> <Delay = 0.00>
ST_38 : Operation 680 [1/1] (0.00ns)   --->   "%p_Result_12_1 = partselect i64 @_ssdm_op_PartSelect.i64.i512.i32.i32, i512 %gmem0_addr_1_read, i32 128, i32 191"   --->   Operation 680 'partselect' 'p_Result_12_1' <Predicate = (icmp_ln79_10)> <Delay = 0.00>
ST_38 : Operation 681 [1/1] (0.00ns)   --->   "%p_Result_13_1 = partselect i64 @_ssdm_op_PartSelect.i64.i512.i32.i32, i512 %gmem1_addr_1_read, i32 128, i32 191"   --->   Operation 681 'partselect' 'p_Result_13_1' <Predicate = (icmp_ln79_10)> <Delay = 0.00>
ST_38 : Operation 682 [1/1] (0.00ns)   --->   "%bitcast_ln24_20 = bitcast i64 %p_Result_12_1" [likelihood_kernel.cpp:24]   --->   Operation 682 'bitcast' 'bitcast_ln24_20' <Predicate = (icmp_ln79_10)> <Delay = 0.00>
ST_38 : Operation 683 [1/1] (1.20ns)   --->   "%store_ln83 = store i64 %bitcast_ln24_20, i4 %buffer_X_2_addr_2" [likelihood_kernel.cpp:83]   --->   Operation 683 'store' 'store_ln83' <Predicate = (icmp_ln79_10)> <Delay = 1.20> <CoreInst = "RAM_2P_BRAM">   --->   Core 94 'RAM_2P_BRAM' <Latency = 1> <II = 1> <Delay = 1.20> <Storage> <Opcode : 'load' 'store'> <Ports = 2> <Width = 64> <Depth = 16> <RAM>
ST_38 : Operation 684 [1/1] (0.00ns)   --->   "%bitcast_ln24_21 = bitcast i64 %p_Result_13_1" [likelihood_kernel.cpp:24]   --->   Operation 684 'bitcast' 'bitcast_ln24_21' <Predicate = (icmp_ln79_10)> <Delay = 0.00>
ST_38 : Operation 685 [1/1] (1.20ns)   --->   "%store_ln84 = store i64 %bitcast_ln24_21, i4 %buffer_Y_2_addr_2" [likelihood_kernel.cpp:84]   --->   Operation 685 'store' 'store_ln84' <Predicate = (icmp_ln79_10)> <Delay = 1.20> <CoreInst = "RAM_2P_BRAM">   --->   Core 94 'RAM_2P_BRAM' <Latency = 1> <II = 1> <Delay = 1.20> <Storage> <Opcode : 'load' 'store'> <Ports = 2> <Width = 64> <Depth = 16> <RAM>
ST_38 : Operation 686 [1/1] (0.00ns)   --->   "%br_ln85 = br void %._crit_edge3.1" [likelihood_kernel.cpp:85]   --->   Operation 686 'br' 'br_ln85' <Predicate = (icmp_ln79_10)> <Delay = 0.00>
ST_38 : Operation 687 [1/1] (0.85ns)   --->   "%icmp_ln79_11 = icmp_sgt  i32 %tileSize, i32 11" [likelihood_kernel.cpp:79]   --->   Operation 687 'icmp' 'icmp_ln79_11' <Predicate = true> <Delay = 0.85> <CoreInst = "Cmp">   --->   Core 9 'Cmp' <Latency = 0> <II = 1> <Delay = 0.82> <FuncUnit> <Opcode : 'icmp'> <InPorts = 2> <OutPorts = 1>
ST_38 : Operation 688 [1/1] (0.00ns)   --->   "%br_ln79 = br i1 %icmp_ln79_11, void %._crit_edge4.1, void" [likelihood_kernel.cpp:79]   --->   Operation 688 'br' 'br_ln79' <Predicate = true> <Delay = 0.00>
ST_38 : Operation 689 [1/1] (0.00ns)   --->   "%p_Result_22_1 = partselect i64 @_ssdm_op_PartSelect.i64.i512.i32.i32, i512 %gmem0_addr_1_read, i32 192, i32 255"   --->   Operation 689 'partselect' 'p_Result_22_1' <Predicate = (icmp_ln79_11)> <Delay = 0.00>
ST_38 : Operation 690 [1/1] (0.00ns)   --->   "%p_Result_23_1 = partselect i64 @_ssdm_op_PartSelect.i64.i512.i32.i32, i512 %gmem1_addr_1_read, i32 192, i32 255"   --->   Operation 690 'partselect' 'p_Result_23_1' <Predicate = (icmp_ln79_11)> <Delay = 0.00>
ST_38 : Operation 691 [1/1] (0.00ns)   --->   "%bitcast_ln24_22 = bitcast i64 %p_Result_22_1" [likelihood_kernel.cpp:24]   --->   Operation 691 'bitcast' 'bitcast_ln24_22' <Predicate = (icmp_ln79_11)> <Delay = 0.00>
ST_38 : Operation 692 [1/1] (1.20ns)   --->   "%store_ln83 = store i64 %bitcast_ln24_22, i4 %buffer_X_3_addr_2" [likelihood_kernel.cpp:83]   --->   Operation 692 'store' 'store_ln83' <Predicate = (icmp_ln79_11)> <Delay = 1.20> <CoreInst = "RAM_2P_BRAM">   --->   Core 94 'RAM_2P_BRAM' <Latency = 1> <II = 1> <Delay = 1.20> <Storage> <Opcode : 'load' 'store'> <Ports = 2> <Width = 64> <Depth = 16> <RAM>
ST_38 : Operation 693 [1/1] (0.00ns)   --->   "%bitcast_ln24_23 = bitcast i64 %p_Result_23_1" [likelihood_kernel.cpp:24]   --->   Operation 693 'bitcast' 'bitcast_ln24_23' <Predicate = (icmp_ln79_11)> <Delay = 0.00>
ST_38 : Operation 694 [1/1] (1.20ns)   --->   "%store_ln84 = store i64 %bitcast_ln24_23, i4 %buffer_Y_3_addr_2" [likelihood_kernel.cpp:84]   --->   Operation 694 'store' 'store_ln84' <Predicate = (icmp_ln79_11)> <Delay = 1.20> <CoreInst = "RAM_2P_BRAM">   --->   Core 94 'RAM_2P_BRAM' <Latency = 1> <II = 1> <Delay = 1.20> <Storage> <Opcode : 'load' 'store'> <Ports = 2> <Width = 64> <Depth = 16> <RAM>
ST_38 : Operation 695 [1/1] (0.00ns)   --->   "%br_ln85 = br void %._crit_edge4.1" [likelihood_kernel.cpp:85]   --->   Operation 695 'br' 'br_ln85' <Predicate = (icmp_ln79_11)> <Delay = 0.00>
ST_38 : Operation 696 [1/1] (0.85ns)   --->   "%icmp_ln79_12 = icmp_sgt  i32 %tileSize, i32 12" [likelihood_kernel.cpp:79]   --->   Operation 696 'icmp' 'icmp_ln79_12' <Predicate = true> <Delay = 0.85> <CoreInst = "Cmp">   --->   Core 9 'Cmp' <Latency = 0> <II = 1> <Delay = 0.82> <FuncUnit> <Opcode : 'icmp'> <InPorts = 2> <OutPorts = 1>
ST_38 : Operation 697 [1/1] (0.00ns)   --->   "%br_ln79 = br i1 %icmp_ln79_12, void %._crit_edge5.1, void" [likelihood_kernel.cpp:79]   --->   Operation 697 'br' 'br_ln79' <Predicate = true> <Delay = 0.00>

State 39 <SV = 29> <Delay = 2.05>
ST_39 : Operation 698 [1/1] (0.00ns)   --->   "%p_Result_24_1 = partselect i64 @_ssdm_op_PartSelect.i64.i512.i32.i32, i512 %gmem0_addr_1_read, i32 256, i32 319"   --->   Operation 698 'partselect' 'p_Result_24_1' <Predicate = (icmp_ln70_1 & icmp_ln79_12)> <Delay = 0.00>
ST_39 : Operation 699 [1/1] (0.00ns)   --->   "%p_Result_25_1 = partselect i64 @_ssdm_op_PartSelect.i64.i512.i32.i32, i512 %gmem1_addr_1_read, i32 256, i32 319"   --->   Operation 699 'partselect' 'p_Result_25_1' <Predicate = (icmp_ln70_1 & icmp_ln79_12)> <Delay = 0.00>
ST_39 : Operation 700 [1/1] (0.00ns)   --->   "%bitcast_ln24_24 = bitcast i64 %p_Result_24_1" [likelihood_kernel.cpp:24]   --->   Operation 700 'bitcast' 'bitcast_ln24_24' <Predicate = (icmp_ln70_1 & icmp_ln79_12)> <Delay = 0.00>
ST_39 : Operation 701 [1/1] (1.20ns)   --->   "%store_ln83 = store i64 %bitcast_ln24_24, i4 %buffer_X_0_addr_3" [likelihood_kernel.cpp:83]   --->   Operation 701 'store' 'store_ln83' <Predicate = (icmp_ln70_1 & icmp_ln79_12)> <Delay = 1.20> <CoreInst = "RAM_2P_BRAM">   --->   Core 94 'RAM_2P_BRAM' <Latency = 1> <II = 1> <Delay = 1.20> <Storage> <Opcode : 'load' 'store'> <Ports = 2> <Width = 64> <Depth = 16> <RAM>
ST_39 : Operation 702 [1/1] (0.00ns)   --->   "%bitcast_ln24_25 = bitcast i64 %p_Result_25_1" [likelihood_kernel.cpp:24]   --->   Operation 702 'bitcast' 'bitcast_ln24_25' <Predicate = (icmp_ln70_1 & icmp_ln79_12)> <Delay = 0.00>
ST_39 : Operation 703 [1/1] (1.20ns)   --->   "%store_ln84 = store i64 %bitcast_ln24_25, i4 %buffer_Y_0_addr_3" [likelihood_kernel.cpp:84]   --->   Operation 703 'store' 'store_ln84' <Predicate = (icmp_ln70_1 & icmp_ln79_12)> <Delay = 1.20> <CoreInst = "RAM_2P_BRAM">   --->   Core 94 'RAM_2P_BRAM' <Latency = 1> <II = 1> <Delay = 1.20> <Storage> <Opcode : 'load' 'store'> <Ports = 2> <Width = 64> <Depth = 16> <RAM>
ST_39 : Operation 704 [1/1] (0.00ns)   --->   "%br_ln85 = br void %._crit_edge5.1" [likelihood_kernel.cpp:85]   --->   Operation 704 'br' 'br_ln85' <Predicate = (icmp_ln70_1 & icmp_ln79_12)> <Delay = 0.00>
ST_39 : Operation 705 [1/1] (0.85ns)   --->   "%icmp_ln79_13 = icmp_sgt  i32 %tileSize, i32 13" [likelihood_kernel.cpp:79]   --->   Operation 705 'icmp' 'icmp_ln79_13' <Predicate = (icmp_ln70_1)> <Delay = 0.85> <CoreInst = "Cmp">   --->   Core 9 'Cmp' <Latency = 0> <II = 1> <Delay = 0.82> <FuncUnit> <Opcode : 'icmp'> <InPorts = 2> <OutPorts = 1>
ST_39 : Operation 706 [1/1] (0.00ns)   --->   "%br_ln79 = br i1 %icmp_ln79_13, void %._crit_edge6.1, void" [likelihood_kernel.cpp:79]   --->   Operation 706 'br' 'br_ln79' <Predicate = (icmp_ln70_1)> <Delay = 0.00>
ST_39 : Operation 707 [1/1] (0.00ns)   --->   "%p_Result_26_1 = partselect i64 @_ssdm_op_PartSelect.i64.i512.i32.i32, i512 %gmem0_addr_1_read, i32 320, i32 383"   --->   Operation 707 'partselect' 'p_Result_26_1' <Predicate = (icmp_ln70_1 & icmp_ln79_13)> <Delay = 0.00>
ST_39 : Operation 708 [1/1] (0.00ns)   --->   "%p_Result_27_1 = partselect i64 @_ssdm_op_PartSelect.i64.i512.i32.i32, i512 %gmem1_addr_1_read, i32 320, i32 383"   --->   Operation 708 'partselect' 'p_Result_27_1' <Predicate = (icmp_ln70_1 & icmp_ln79_13)> <Delay = 0.00>
ST_39 : Operation 709 [1/1] (0.00ns)   --->   "%bitcast_ln24_26 = bitcast i64 %p_Result_26_1" [likelihood_kernel.cpp:24]   --->   Operation 709 'bitcast' 'bitcast_ln24_26' <Predicate = (icmp_ln70_1 & icmp_ln79_13)> <Delay = 0.00>
ST_39 : Operation 710 [1/1] (1.20ns)   --->   "%store_ln83 = store i64 %bitcast_ln24_26, i4 %buffer_X_1_addr_3" [likelihood_kernel.cpp:83]   --->   Operation 710 'store' 'store_ln83' <Predicate = (icmp_ln70_1 & icmp_ln79_13)> <Delay = 1.20> <CoreInst = "RAM_2P_BRAM">   --->   Core 94 'RAM_2P_BRAM' <Latency = 1> <II = 1> <Delay = 1.20> <Storage> <Opcode : 'load' 'store'> <Ports = 2> <Width = 64> <Depth = 16> <RAM>
ST_39 : Operation 711 [1/1] (0.00ns)   --->   "%bitcast_ln24_27 = bitcast i64 %p_Result_27_1" [likelihood_kernel.cpp:24]   --->   Operation 711 'bitcast' 'bitcast_ln24_27' <Predicate = (icmp_ln70_1 & icmp_ln79_13)> <Delay = 0.00>
ST_39 : Operation 712 [1/1] (1.20ns)   --->   "%store_ln84 = store i64 %bitcast_ln24_27, i4 %buffer_Y_1_addr_3" [likelihood_kernel.cpp:84]   --->   Operation 712 'store' 'store_ln84' <Predicate = (icmp_ln70_1 & icmp_ln79_13)> <Delay = 1.20> <CoreInst = "RAM_2P_BRAM">   --->   Core 94 'RAM_2P_BRAM' <Latency = 1> <II = 1> <Delay = 1.20> <Storage> <Opcode : 'load' 'store'> <Ports = 2> <Width = 64> <Depth = 16> <RAM>
ST_39 : Operation 713 [1/1] (0.00ns)   --->   "%br_ln85 = br void %._crit_edge6.1" [likelihood_kernel.cpp:85]   --->   Operation 713 'br' 'br_ln85' <Predicate = (icmp_ln70_1 & icmp_ln79_13)> <Delay = 0.00>
ST_39 : Operation 714 [1/1] (0.85ns)   --->   "%icmp_ln79_14 = icmp_sgt  i32 %tileSize, i32 14" [likelihood_kernel.cpp:79]   --->   Operation 714 'icmp' 'icmp_ln79_14' <Predicate = (icmp_ln70_1)> <Delay = 0.85> <CoreInst = "Cmp">   --->   Core 9 'Cmp' <Latency = 0> <II = 1> <Delay = 0.82> <FuncUnit> <Opcode : 'icmp'> <InPorts = 2> <OutPorts = 1>
ST_39 : Operation 715 [1/1] (0.00ns)   --->   "%br_ln79 = br i1 %icmp_ln79_14, void %._crit_edge7.1, void" [likelihood_kernel.cpp:79]   --->   Operation 715 'br' 'br_ln79' <Predicate = (icmp_ln70_1)> <Delay = 0.00>
ST_39 : Operation 716 [1/1] (0.00ns)   --->   "%p_Result_28_1 = partselect i64 @_ssdm_op_PartSelect.i64.i512.i32.i32, i512 %gmem0_addr_1_read, i32 384, i32 447"   --->   Operation 716 'partselect' 'p_Result_28_1' <Predicate = (icmp_ln70_1 & icmp_ln79_14)> <Delay = 0.00>
ST_39 : Operation 717 [1/1] (0.00ns)   --->   "%p_Result_29_1 = partselect i64 @_ssdm_op_PartSelect.i64.i512.i32.i32, i512 %gmem1_addr_1_read, i32 384, i32 447"   --->   Operation 717 'partselect' 'p_Result_29_1' <Predicate = (icmp_ln70_1 & icmp_ln79_14)> <Delay = 0.00>
ST_39 : Operation 718 [1/1] (0.00ns)   --->   "%bitcast_ln24_28 = bitcast i64 %p_Result_28_1" [likelihood_kernel.cpp:24]   --->   Operation 718 'bitcast' 'bitcast_ln24_28' <Predicate = (icmp_ln70_1 & icmp_ln79_14)> <Delay = 0.00>
ST_39 : Operation 719 [1/1] (1.20ns)   --->   "%store_ln83 = store i64 %bitcast_ln24_28, i4 %buffer_X_2_addr_3" [likelihood_kernel.cpp:83]   --->   Operation 719 'store' 'store_ln83' <Predicate = (icmp_ln70_1 & icmp_ln79_14)> <Delay = 1.20> <CoreInst = "RAM_2P_BRAM">   --->   Core 94 'RAM_2P_BRAM' <Latency = 1> <II = 1> <Delay = 1.20> <Storage> <Opcode : 'load' 'store'> <Ports = 2> <Width = 64> <Depth = 16> <RAM>
ST_39 : Operation 720 [1/1] (0.00ns)   --->   "%bitcast_ln24_29 = bitcast i64 %p_Result_29_1" [likelihood_kernel.cpp:24]   --->   Operation 720 'bitcast' 'bitcast_ln24_29' <Predicate = (icmp_ln70_1 & icmp_ln79_14)> <Delay = 0.00>
ST_39 : Operation 721 [1/1] (1.20ns)   --->   "%store_ln84 = store i64 %bitcast_ln24_29, i4 %buffer_Y_2_addr_3" [likelihood_kernel.cpp:84]   --->   Operation 721 'store' 'store_ln84' <Predicate = (icmp_ln70_1 & icmp_ln79_14)> <Delay = 1.20> <CoreInst = "RAM_2P_BRAM">   --->   Core 94 'RAM_2P_BRAM' <Latency = 1> <II = 1> <Delay = 1.20> <Storage> <Opcode : 'load' 'store'> <Ports = 2> <Width = 64> <Depth = 16> <RAM>
ST_39 : Operation 722 [1/1] (0.00ns)   --->   "%br_ln85 = br void %._crit_edge7.1" [likelihood_kernel.cpp:85]   --->   Operation 722 'br' 'br_ln85' <Predicate = (icmp_ln70_1 & icmp_ln79_14)> <Delay = 0.00>
ST_39 : Operation 723 [1/1] (0.00ns)   --->   "%tmp_7 = partselect i28 @_ssdm_op_PartSelect.i28.i32.i32.i32, i32 %tileSize, i32 4, i32 31" [likelihood_kernel.cpp:79]   --->   Operation 723 'partselect' 'tmp_7' <Predicate = (icmp_ln70_1)> <Delay = 0.00>
ST_39 : Operation 724 [1/1] (0.81ns)   --->   "%icmp_ln79_15 = icmp_sgt  i28 %tmp_7, i28 0" [likelihood_kernel.cpp:79]   --->   Operation 724 'icmp' 'icmp_ln79_15' <Predicate = (icmp_ln70_1)> <Delay = 0.81> <CoreInst = "Cmp">   --->   Core 9 'Cmp' <Latency = 0> <II = 1> <Delay = 0.82> <FuncUnit> <Opcode : 'icmp'> <InPorts = 2> <OutPorts = 1>
ST_39 : Operation 725 [1/1] (0.00ns)   --->   "%br_ln79 = br i1 %icmp_ln79_15, void %.split.2, void" [likelihood_kernel.cpp:79]   --->   Operation 725 'br' 'br_ln79' <Predicate = (icmp_ln70_1)> <Delay = 0.00>
ST_39 : Operation 726 [1/1] (0.00ns)   --->   "%p_Result_30_1 = partselect i64 @_ssdm_op_PartSelect.i64.i512.i32.i32, i512 %gmem0_addr_1_read, i32 448, i32 511"   --->   Operation 726 'partselect' 'p_Result_30_1' <Predicate = (icmp_ln70_1 & icmp_ln79_15)> <Delay = 0.00>
ST_39 : Operation 727 [1/1] (0.00ns)   --->   "%p_Result_31_1 = partselect i64 @_ssdm_op_PartSelect.i64.i512.i32.i32, i512 %gmem1_addr_1_read, i32 448, i32 511"   --->   Operation 727 'partselect' 'p_Result_31_1' <Predicate = (icmp_ln70_1 & icmp_ln79_15)> <Delay = 0.00>
ST_39 : Operation 728 [1/1] (0.00ns)   --->   "%bitcast_ln24_30 = bitcast i64 %p_Result_30_1" [likelihood_kernel.cpp:24]   --->   Operation 728 'bitcast' 'bitcast_ln24_30' <Predicate = (icmp_ln70_1 & icmp_ln79_15)> <Delay = 0.00>
ST_39 : Operation 729 [1/1] (1.20ns)   --->   "%store_ln83 = store i64 %bitcast_ln24_30, i4 %buffer_X_3_addr_3" [likelihood_kernel.cpp:83]   --->   Operation 729 'store' 'store_ln83' <Predicate = (icmp_ln70_1 & icmp_ln79_15)> <Delay = 1.20> <CoreInst = "RAM_2P_BRAM">   --->   Core 94 'RAM_2P_BRAM' <Latency = 1> <II = 1> <Delay = 1.20> <Storage> <Opcode : 'load' 'store'> <Ports = 2> <Width = 64> <Depth = 16> <RAM>
ST_39 : Operation 730 [1/1] (0.00ns)   --->   "%bitcast_ln24_31 = bitcast i64 %p_Result_31_1" [likelihood_kernel.cpp:24]   --->   Operation 730 'bitcast' 'bitcast_ln24_31' <Predicate = (icmp_ln70_1 & icmp_ln79_15)> <Delay = 0.00>
ST_39 : Operation 731 [1/1] (1.20ns)   --->   "%store_ln84 = store i64 %bitcast_ln24_31, i4 %buffer_Y_3_addr_3" [likelihood_kernel.cpp:84]   --->   Operation 731 'store' 'store_ln84' <Predicate = (icmp_ln70_1 & icmp_ln79_15)> <Delay = 1.20> <CoreInst = "RAM_2P_BRAM">   --->   Core 94 'RAM_2P_BRAM' <Latency = 1> <II = 1> <Delay = 1.20> <Storage> <Opcode : 'load' 'store'> <Ports = 2> <Width = 64> <Depth = 16> <RAM>
ST_39 : Operation 732 [1/1] (0.00ns)   --->   "%br_ln85 = br void %.split.2" [likelihood_kernel.cpp:85]   --->   Operation 732 'br' 'br_ln85' <Predicate = (icmp_ln70_1 & icmp_ln79_15)> <Delay = 0.00>
ST_39 : Operation 733 [1/1] (0.83ns)   --->   "%icmp_ln70_2 = icmp_sgt  i30 %num_words, i30 2" [likelihood_kernel.cpp:70]   --->   Operation 733 'icmp' 'icmp_ln70_2' <Predicate = true> <Delay = 0.83> <CoreInst = "Cmp">   --->   Core 9 'Cmp' <Latency = 0> <II = 1> <Delay = 0.82> <FuncUnit> <Opcode : 'icmp'> <InPorts = 2> <OutPorts = 1>
ST_39 : Operation 734 [1/1] (0.00ns)   --->   "%br_ln70 = br i1 %icmp_ln70_2, void %.split.3, void" [likelihood_kernel.cpp:70]   --->   Operation 734 'br' 'br_ln70' <Predicate = true> <Delay = 0.00>
ST_39 : Operation 735 [1/1] (0.00ns)   --->   "%or_ln71_1 = or i28 %tmp_2, i28 2" [likelihood_kernel.cpp:71]   --->   Operation 735 'or' 'or_ln71_1' <Predicate = (icmp_ln70_2)> <Delay = 0.00>
ST_39 : Operation 736 [1/1] (0.00ns)   --->   "%shl_ln71_2 = bitconcatenate i34 @_ssdm_op_BitConcatenate.i34.i28.i6, i28 %or_ln71_1, i6 0" [likelihood_kernel.cpp:71]   --->   Operation 736 'bitconcatenate' 'shl_ln71_2' <Predicate = (icmp_ln70_2)> <Delay = 0.00>
ST_39 : Operation 737 [1/1] (0.00ns)   --->   "%zext_ln71_2 = zext i34 %shl_ln71_2" [likelihood_kernel.cpp:71]   --->   Operation 737 'zext' 'zext_ln71_2' <Predicate = (icmp_ln70_2)> <Delay = 0.00>
ST_39 : Operation 738 [1/1] (1.14ns)   --->   "%add_ln71_2 = add i64 %zext_ln71_2, i64 %arrayX_read" [likelihood_kernel.cpp:71]   --->   Operation 738 'add' 'add_ln71_2' <Predicate = (icmp_ln70_2)> <Delay = 1.14> <CoreInst = "Adder">   --->   Core 1 'Adder' <Latency = 0> <II = 1> <Delay = 0.88> <FuncUnit> <Opcode : 'add' 'sub'> <InPorts = 2> <OutPorts = 1>
ST_39 : Operation 739 [1/1] (0.00ns)   --->   "%trunc_ln71_4 = partselect i58 @_ssdm_op_PartSelect.i58.i64.i32.i32, i64 %add_ln71_2, i32 6, i32 63" [likelihood_kernel.cpp:71]   --->   Operation 739 'partselect' 'trunc_ln71_4' <Predicate = (icmp_ln70_2)> <Delay = 0.00>
ST_39 : Operation 740 [1/1] (1.14ns)   --->   "%add_ln72_2 = add i64 %zext_ln71_2, i64 %arrayY_read" [likelihood_kernel.cpp:72]   --->   Operation 740 'add' 'add_ln72_2' <Predicate = (icmp_ln70_2)> <Delay = 1.14> <CoreInst = "Adder">   --->   Core 1 'Adder' <Latency = 0> <II = 1> <Delay = 0.88> <FuncUnit> <Opcode : 'add' 'sub'> <InPorts = 2> <OutPorts = 1>
ST_39 : Operation 741 [1/1] (0.00ns)   --->   "%trunc_ln72_2 = partselect i58 @_ssdm_op_PartSelect.i58.i64.i32.i32, i64 %add_ln72_2, i32 6, i32 63" [likelihood_kernel.cpp:72]   --->   Operation 741 'partselect' 'trunc_ln72_2' <Predicate = (icmp_ln70_2)> <Delay = 0.00>

State 40 <SV = 30> <Delay = 2.43>
ST_40 : Operation 742 [1/1] (0.00ns)   --->   "%sext_ln71_2 = sext i58 %trunc_ln71_4" [likelihood_kernel.cpp:71]   --->   Operation 742 'sext' 'sext_ln71_2' <Predicate = true> <Delay = 0.00>
ST_40 : Operation 743 [1/1] (0.00ns)   --->   "%gmem0_addr_2 = getelementptr i512 %gmem0, i64 %sext_ln71_2" [likelihood_kernel.cpp:71]   --->   Operation 743 'getelementptr' 'gmem0_addr_2' <Predicate = true> <Delay = 0.00>
ST_40 : Operation 744 [7/7] (2.43ns)   --->   "%gmem0_load_2_req = readreq i1 @_ssdm_op_ReadReq.m_axi.i512P1A, i512 %gmem0_addr_2, i32 1" [likelihood_kernel.cpp:71]   --->   Operation 744 'readreq' 'gmem0_load_2_req' <Predicate = true> <Delay = 2.43> <CoreInst = "m_axi">   --->   Core 121 'm_axi' <Latency = 6> <II = 1> <Delay = 1.00> <Adapter> <Opcode : 'read' 'write' 'readreq' 'writereq' 'writeresp'>
ST_40 : Operation 745 [1/1] (0.00ns)   --->   "%sext_ln72_2 = sext i58 %trunc_ln72_2" [likelihood_kernel.cpp:72]   --->   Operation 745 'sext' 'sext_ln72_2' <Predicate = true> <Delay = 0.00>
ST_40 : Operation 746 [1/1] (0.00ns)   --->   "%gmem1_addr_2 = getelementptr i512 %gmem1, i64 %sext_ln72_2" [likelihood_kernel.cpp:72]   --->   Operation 746 'getelementptr' 'gmem1_addr_2' <Predicate = true> <Delay = 0.00>
ST_40 : Operation 747 [7/7] (2.43ns)   --->   "%gmem1_load_2_req = readreq i1 @_ssdm_op_ReadReq.m_axi.i512P1A, i512 %gmem1_addr_2, i32 1" [likelihood_kernel.cpp:72]   --->   Operation 747 'readreq' 'gmem1_load_2_req' <Predicate = true> <Delay = 2.43> <CoreInst = "m_axi">   --->   Core 121 'm_axi' <Latency = 6> <II = 1> <Delay = 1.00> <Adapter> <Opcode : 'read' 'write' 'readreq' 'writereq' 'writeresp'>

State 41 <SV = 31> <Delay = 2.43>
ST_41 : Operation 748 [6/7] (2.43ns)   --->   "%gmem0_load_2_req = readreq i1 @_ssdm_op_ReadReq.m_axi.i512P1A, i512 %gmem0_addr_2, i32 1" [likelihood_kernel.cpp:71]   --->   Operation 748 'readreq' 'gmem0_load_2_req' <Predicate = true> <Delay = 2.43> <CoreInst = "m_axi">   --->   Core 121 'm_axi' <Latency = 6> <II = 1> <Delay = 1.00> <Adapter> <Opcode : 'read' 'write' 'readreq' 'writereq' 'writeresp'>
ST_41 : Operation 749 [6/7] (2.43ns)   --->   "%gmem1_load_2_req = readreq i1 @_ssdm_op_ReadReq.m_axi.i512P1A, i512 %gmem1_addr_2, i32 1" [likelihood_kernel.cpp:72]   --->   Operation 749 'readreq' 'gmem1_load_2_req' <Predicate = true> <Delay = 2.43> <CoreInst = "m_axi">   --->   Core 121 'm_axi' <Latency = 6> <II = 1> <Delay = 1.00> <Adapter> <Opcode : 'read' 'write' 'readreq' 'writereq' 'writeresp'>

State 42 <SV = 32> <Delay = 2.43>
ST_42 : Operation 750 [5/7] (2.43ns)   --->   "%gmem0_load_2_req = readreq i1 @_ssdm_op_ReadReq.m_axi.i512P1A, i512 %gmem0_addr_2, i32 1" [likelihood_kernel.cpp:71]   --->   Operation 750 'readreq' 'gmem0_load_2_req' <Predicate = true> <Delay = 2.43> <CoreInst = "m_axi">   --->   Core 121 'm_axi' <Latency = 6> <II = 1> <Delay = 1.00> <Adapter> <Opcode : 'read' 'write' 'readreq' 'writereq' 'writeresp'>
ST_42 : Operation 751 [5/7] (2.43ns)   --->   "%gmem1_load_2_req = readreq i1 @_ssdm_op_ReadReq.m_axi.i512P1A, i512 %gmem1_addr_2, i32 1" [likelihood_kernel.cpp:72]   --->   Operation 751 'readreq' 'gmem1_load_2_req' <Predicate = true> <Delay = 2.43> <CoreInst = "m_axi">   --->   Core 121 'm_axi' <Latency = 6> <II = 1> <Delay = 1.00> <Adapter> <Opcode : 'read' 'write' 'readreq' 'writereq' 'writeresp'>

State 43 <SV = 33> <Delay = 2.43>
ST_43 : Operation 752 [4/7] (2.43ns)   --->   "%gmem0_load_2_req = readreq i1 @_ssdm_op_ReadReq.m_axi.i512P1A, i512 %gmem0_addr_2, i32 1" [likelihood_kernel.cpp:71]   --->   Operation 752 'readreq' 'gmem0_load_2_req' <Predicate = true> <Delay = 2.43> <CoreInst = "m_axi">   --->   Core 121 'm_axi' <Latency = 6> <II = 1> <Delay = 1.00> <Adapter> <Opcode : 'read' 'write' 'readreq' 'writereq' 'writeresp'>
ST_43 : Operation 753 [4/7] (2.43ns)   --->   "%gmem1_load_2_req = readreq i1 @_ssdm_op_ReadReq.m_axi.i512P1A, i512 %gmem1_addr_2, i32 1" [likelihood_kernel.cpp:72]   --->   Operation 753 'readreq' 'gmem1_load_2_req' <Predicate = true> <Delay = 2.43> <CoreInst = "m_axi">   --->   Core 121 'm_axi' <Latency = 6> <II = 1> <Delay = 1.00> <Adapter> <Opcode : 'read' 'write' 'readreq' 'writereq' 'writeresp'>

State 44 <SV = 34> <Delay = 2.43>
ST_44 : Operation 754 [3/7] (2.43ns)   --->   "%gmem0_load_2_req = readreq i1 @_ssdm_op_ReadReq.m_axi.i512P1A, i512 %gmem0_addr_2, i32 1" [likelihood_kernel.cpp:71]   --->   Operation 754 'readreq' 'gmem0_load_2_req' <Predicate = true> <Delay = 2.43> <CoreInst = "m_axi">   --->   Core 121 'm_axi' <Latency = 6> <II = 1> <Delay = 1.00> <Adapter> <Opcode : 'read' 'write' 'readreq' 'writereq' 'writeresp'>
ST_44 : Operation 755 [3/7] (2.43ns)   --->   "%gmem1_load_2_req = readreq i1 @_ssdm_op_ReadReq.m_axi.i512P1A, i512 %gmem1_addr_2, i32 1" [likelihood_kernel.cpp:72]   --->   Operation 755 'readreq' 'gmem1_load_2_req' <Predicate = true> <Delay = 2.43> <CoreInst = "m_axi">   --->   Core 121 'm_axi' <Latency = 6> <II = 1> <Delay = 1.00> <Adapter> <Opcode : 'read' 'write' 'readreq' 'writereq' 'writeresp'>

State 45 <SV = 35> <Delay = 2.43>
ST_45 : Operation 756 [2/7] (2.43ns)   --->   "%gmem0_load_2_req = readreq i1 @_ssdm_op_ReadReq.m_axi.i512P1A, i512 %gmem0_addr_2, i32 1" [likelihood_kernel.cpp:71]   --->   Operation 756 'readreq' 'gmem0_load_2_req' <Predicate = true> <Delay = 2.43> <CoreInst = "m_axi">   --->   Core 121 'm_axi' <Latency = 6> <II = 1> <Delay = 1.00> <Adapter> <Opcode : 'read' 'write' 'readreq' 'writereq' 'writeresp'>
ST_45 : Operation 757 [2/7] (2.43ns)   --->   "%gmem1_load_2_req = readreq i1 @_ssdm_op_ReadReq.m_axi.i512P1A, i512 %gmem1_addr_2, i32 1" [likelihood_kernel.cpp:72]   --->   Operation 757 'readreq' 'gmem1_load_2_req' <Predicate = true> <Delay = 2.43> <CoreInst = "m_axi">   --->   Core 121 'm_axi' <Latency = 6> <II = 1> <Delay = 1.00> <Adapter> <Opcode : 'read' 'write' 'readreq' 'writereq' 'writeresp'>

State 46 <SV = 36> <Delay = 2.43>
ST_46 : Operation 758 [1/7] (2.43ns)   --->   "%gmem0_load_2_req = readreq i1 @_ssdm_op_ReadReq.m_axi.i512P1A, i512 %gmem0_addr_2, i32 1" [likelihood_kernel.cpp:71]   --->   Operation 758 'readreq' 'gmem0_load_2_req' <Predicate = true> <Delay = 2.43> <CoreInst = "m_axi">   --->   Core 121 'm_axi' <Latency = 6> <II = 1> <Delay = 1.00> <Adapter> <Opcode : 'read' 'write' 'readreq' 'writereq' 'writeresp'>
ST_46 : Operation 759 [1/7] (2.43ns)   --->   "%gmem1_load_2_req = readreq i1 @_ssdm_op_ReadReq.m_axi.i512P1A, i512 %gmem1_addr_2, i32 1" [likelihood_kernel.cpp:72]   --->   Operation 759 'readreq' 'gmem1_load_2_req' <Predicate = true> <Delay = 2.43> <CoreInst = "m_axi">   --->   Core 121 'm_axi' <Latency = 6> <II = 1> <Delay = 1.00> <Adapter> <Opcode : 'read' 'write' 'readreq' 'writereq' 'writeresp'>

State 47 <SV = 37> <Delay = 2.43>
ST_47 : Operation 760 [1/1] (2.43ns)   --->   "%gmem0_addr_2_read = read i512 @_ssdm_op_Read.m_axi.i512P1A, i512 %gmem0_addr_2" [likelihood_kernel.cpp:71]   --->   Operation 760 'read' 'gmem0_addr_2_read' <Predicate = true> <Delay = 2.43> <CoreInst = "m_axi">   --->   Core 121 'm_axi' <Latency = 6> <II = 1> <Delay = 1.00> <Adapter> <Opcode : 'read' 'write' 'readreq' 'writereq' 'writeresp'>
ST_47 : Operation 761 [1/1] (2.43ns)   --->   "%gmem1_addr_2_read = read i512 @_ssdm_op_Read.m_axi.i512P1A, i512 %gmem1_addr_2" [likelihood_kernel.cpp:72]   --->   Operation 761 'read' 'gmem1_addr_2_read' <Predicate = true> <Delay = 2.43> <CoreInst = "m_axi">   --->   Core 121 'm_axi' <Latency = 6> <II = 1> <Delay = 1.00> <Adapter> <Opcode : 'read' 'write' 'readreq' 'writereq' 'writeresp'>
ST_47 : Operation 762 [1/1] (0.85ns)   --->   "%icmp_ln79_16 = icmp_sgt  i32 %tileSize, i32 16" [likelihood_kernel.cpp:79]   --->   Operation 762 'icmp' 'icmp_ln79_16' <Predicate = true> <Delay = 0.85> <CoreInst = "Cmp">   --->   Core 9 'Cmp' <Latency = 0> <II = 1> <Delay = 0.82> <FuncUnit> <Opcode : 'icmp'> <InPorts = 2> <OutPorts = 1>
ST_47 : Operation 763 [1/1] (0.00ns)   --->   "%br_ln79 = br i1 %icmp_ln79_16, void %._crit_edge.2, void" [likelihood_kernel.cpp:79]   --->   Operation 763 'br' 'br_ln79' <Predicate = true> <Delay = 0.00>

State 48 <SV = 38> <Delay = 2.05>
ST_48 : Operation 764 [1/1] (0.00ns)   --->   "%trunc_ln708_4 = trunc i512 %gmem0_addr_2_read"   --->   Operation 764 'trunc' 'trunc_ln708_4' <Predicate = (icmp_ln79_16)> <Delay = 0.00>
ST_48 : Operation 765 [1/1] (0.00ns)   --->   "%trunc_ln708_5 = trunc i512 %gmem1_addr_2_read"   --->   Operation 765 'trunc' 'trunc_ln708_5' <Predicate = (icmp_ln79_16)> <Delay = 0.00>
ST_48 : Operation 766 [1/1] (0.00ns)   --->   "%bitcast_ln24_32 = bitcast i64 %trunc_ln708_4" [likelihood_kernel.cpp:24]   --->   Operation 766 'bitcast' 'bitcast_ln24_32' <Predicate = (icmp_ln79_16)> <Delay = 0.00>
ST_48 : Operation 767 [1/1] (1.20ns)   --->   "%store_ln83 = store i64 %bitcast_ln24_32, i4 %buffer_X_0_addr_4" [likelihood_kernel.cpp:83]   --->   Operation 767 'store' 'store_ln83' <Predicate = (icmp_ln79_16)> <Delay = 1.20> <CoreInst = "RAM_2P_BRAM">   --->   Core 94 'RAM_2P_BRAM' <Latency = 1> <II = 1> <Delay = 1.20> <Storage> <Opcode : 'load' 'store'> <Ports = 2> <Width = 64> <Depth = 16> <RAM>
ST_48 : Operation 768 [1/1] (0.00ns)   --->   "%bitcast_ln24_33 = bitcast i64 %trunc_ln708_5" [likelihood_kernel.cpp:24]   --->   Operation 768 'bitcast' 'bitcast_ln24_33' <Predicate = (icmp_ln79_16)> <Delay = 0.00>
ST_48 : Operation 769 [1/1] (1.20ns)   --->   "%store_ln84 = store i64 %bitcast_ln24_33, i4 %buffer_Y_0_addr_4" [likelihood_kernel.cpp:84]   --->   Operation 769 'store' 'store_ln84' <Predicate = (icmp_ln79_16)> <Delay = 1.20> <CoreInst = "RAM_2P_BRAM">   --->   Core 94 'RAM_2P_BRAM' <Latency = 1> <II = 1> <Delay = 1.20> <Storage> <Opcode : 'load' 'store'> <Ports = 2> <Width = 64> <Depth = 16> <RAM>
ST_48 : Operation 770 [1/1] (0.00ns)   --->   "%br_ln85 = br void %._crit_edge.2" [likelihood_kernel.cpp:85]   --->   Operation 770 'br' 'br_ln85' <Predicate = (icmp_ln79_16)> <Delay = 0.00>
ST_48 : Operation 771 [1/1] (0.85ns)   --->   "%icmp_ln79_17 = icmp_sgt  i32 %tileSize, i32 17" [likelihood_kernel.cpp:79]   --->   Operation 771 'icmp' 'icmp_ln79_17' <Predicate = true> <Delay = 0.85> <CoreInst = "Cmp">   --->   Core 9 'Cmp' <Latency = 0> <II = 1> <Delay = 0.82> <FuncUnit> <Opcode : 'icmp'> <InPorts = 2> <OutPorts = 1>
ST_48 : Operation 772 [1/1] (0.00ns)   --->   "%br_ln79 = br i1 %icmp_ln79_17, void %._crit_edge2.2, void" [likelihood_kernel.cpp:79]   --->   Operation 772 'br' 'br_ln79' <Predicate = true> <Delay = 0.00>
ST_48 : Operation 773 [1/1] (0.00ns)   --->   "%p_Result_10_2 = partselect i64 @_ssdm_op_PartSelect.i64.i512.i32.i32, i512 %gmem0_addr_2_read, i32 64, i32 127"   --->   Operation 773 'partselect' 'p_Result_10_2' <Predicate = (icmp_ln79_17)> <Delay = 0.00>
ST_48 : Operation 774 [1/1] (0.00ns)   --->   "%p_Result_11_2 = partselect i64 @_ssdm_op_PartSelect.i64.i512.i32.i32, i512 %gmem1_addr_2_read, i32 64, i32 127"   --->   Operation 774 'partselect' 'p_Result_11_2' <Predicate = (icmp_ln79_17)> <Delay = 0.00>
ST_48 : Operation 775 [1/1] (0.00ns)   --->   "%bitcast_ln24_34 = bitcast i64 %p_Result_10_2" [likelihood_kernel.cpp:24]   --->   Operation 775 'bitcast' 'bitcast_ln24_34' <Predicate = (icmp_ln79_17)> <Delay = 0.00>
ST_48 : Operation 776 [1/1] (1.20ns)   --->   "%store_ln83 = store i64 %bitcast_ln24_34, i4 %buffer_X_1_addr_4" [likelihood_kernel.cpp:83]   --->   Operation 776 'store' 'store_ln83' <Predicate = (icmp_ln79_17)> <Delay = 1.20> <CoreInst = "RAM_2P_BRAM">   --->   Core 94 'RAM_2P_BRAM' <Latency = 1> <II = 1> <Delay = 1.20> <Storage> <Opcode : 'load' 'store'> <Ports = 2> <Width = 64> <Depth = 16> <RAM>
ST_48 : Operation 777 [1/1] (0.00ns)   --->   "%bitcast_ln24_35 = bitcast i64 %p_Result_11_2" [likelihood_kernel.cpp:24]   --->   Operation 777 'bitcast' 'bitcast_ln24_35' <Predicate = (icmp_ln79_17)> <Delay = 0.00>
ST_48 : Operation 778 [1/1] (1.20ns)   --->   "%store_ln84 = store i64 %bitcast_ln24_35, i4 %buffer_Y_1_addr_4" [likelihood_kernel.cpp:84]   --->   Operation 778 'store' 'store_ln84' <Predicate = (icmp_ln79_17)> <Delay = 1.20> <CoreInst = "RAM_2P_BRAM">   --->   Core 94 'RAM_2P_BRAM' <Latency = 1> <II = 1> <Delay = 1.20> <Storage> <Opcode : 'load' 'store'> <Ports = 2> <Width = 64> <Depth = 16> <RAM>
ST_48 : Operation 779 [1/1] (0.00ns)   --->   "%br_ln85 = br void %._crit_edge2.2" [likelihood_kernel.cpp:85]   --->   Operation 779 'br' 'br_ln85' <Predicate = (icmp_ln79_17)> <Delay = 0.00>
ST_48 : Operation 780 [1/1] (0.85ns)   --->   "%icmp_ln79_18 = icmp_sgt  i32 %tileSize, i32 18" [likelihood_kernel.cpp:79]   --->   Operation 780 'icmp' 'icmp_ln79_18' <Predicate = true> <Delay = 0.85> <CoreInst = "Cmp">   --->   Core 9 'Cmp' <Latency = 0> <II = 1> <Delay = 0.82> <FuncUnit> <Opcode : 'icmp'> <InPorts = 2> <OutPorts = 1>
ST_48 : Operation 781 [1/1] (0.00ns)   --->   "%br_ln79 = br i1 %icmp_ln79_18, void %._crit_edge3.2, void" [likelihood_kernel.cpp:79]   --->   Operation 781 'br' 'br_ln79' <Predicate = true> <Delay = 0.00>
ST_48 : Operation 782 [1/1] (0.00ns)   --->   "%p_Result_12_2 = partselect i64 @_ssdm_op_PartSelect.i64.i512.i32.i32, i512 %gmem0_addr_2_read, i32 128, i32 191"   --->   Operation 782 'partselect' 'p_Result_12_2' <Predicate = (icmp_ln79_18)> <Delay = 0.00>
ST_48 : Operation 783 [1/1] (0.00ns)   --->   "%p_Result_13_2 = partselect i64 @_ssdm_op_PartSelect.i64.i512.i32.i32, i512 %gmem1_addr_2_read, i32 128, i32 191"   --->   Operation 783 'partselect' 'p_Result_13_2' <Predicate = (icmp_ln79_18)> <Delay = 0.00>
ST_48 : Operation 784 [1/1] (0.00ns)   --->   "%bitcast_ln24_36 = bitcast i64 %p_Result_12_2" [likelihood_kernel.cpp:24]   --->   Operation 784 'bitcast' 'bitcast_ln24_36' <Predicate = (icmp_ln79_18)> <Delay = 0.00>
ST_48 : Operation 785 [1/1] (1.20ns)   --->   "%store_ln83 = store i64 %bitcast_ln24_36, i4 %buffer_X_2_addr_4" [likelihood_kernel.cpp:83]   --->   Operation 785 'store' 'store_ln83' <Predicate = (icmp_ln79_18)> <Delay = 1.20> <CoreInst = "RAM_2P_BRAM">   --->   Core 94 'RAM_2P_BRAM' <Latency = 1> <II = 1> <Delay = 1.20> <Storage> <Opcode : 'load' 'store'> <Ports = 2> <Width = 64> <Depth = 16> <RAM>
ST_48 : Operation 786 [1/1] (0.00ns)   --->   "%bitcast_ln24_37 = bitcast i64 %p_Result_13_2" [likelihood_kernel.cpp:24]   --->   Operation 786 'bitcast' 'bitcast_ln24_37' <Predicate = (icmp_ln79_18)> <Delay = 0.00>
ST_48 : Operation 787 [1/1] (1.20ns)   --->   "%store_ln84 = store i64 %bitcast_ln24_37, i4 %buffer_Y_2_addr_4" [likelihood_kernel.cpp:84]   --->   Operation 787 'store' 'store_ln84' <Predicate = (icmp_ln79_18)> <Delay = 1.20> <CoreInst = "RAM_2P_BRAM">   --->   Core 94 'RAM_2P_BRAM' <Latency = 1> <II = 1> <Delay = 1.20> <Storage> <Opcode : 'load' 'store'> <Ports = 2> <Width = 64> <Depth = 16> <RAM>
ST_48 : Operation 788 [1/1] (0.00ns)   --->   "%br_ln85 = br void %._crit_edge3.2" [likelihood_kernel.cpp:85]   --->   Operation 788 'br' 'br_ln85' <Predicate = (icmp_ln79_18)> <Delay = 0.00>
ST_48 : Operation 789 [1/1] (0.85ns)   --->   "%icmp_ln79_19 = icmp_sgt  i32 %tileSize, i32 19" [likelihood_kernel.cpp:79]   --->   Operation 789 'icmp' 'icmp_ln79_19' <Predicate = true> <Delay = 0.85> <CoreInst = "Cmp">   --->   Core 9 'Cmp' <Latency = 0> <II = 1> <Delay = 0.82> <FuncUnit> <Opcode : 'icmp'> <InPorts = 2> <OutPorts = 1>
ST_48 : Operation 790 [1/1] (0.00ns)   --->   "%br_ln79 = br i1 %icmp_ln79_19, void %._crit_edge4.2, void" [likelihood_kernel.cpp:79]   --->   Operation 790 'br' 'br_ln79' <Predicate = true> <Delay = 0.00>
ST_48 : Operation 791 [1/1] (0.00ns)   --->   "%p_Result_22_2 = partselect i64 @_ssdm_op_PartSelect.i64.i512.i32.i32, i512 %gmem0_addr_2_read, i32 192, i32 255"   --->   Operation 791 'partselect' 'p_Result_22_2' <Predicate = (icmp_ln79_19)> <Delay = 0.00>
ST_48 : Operation 792 [1/1] (0.00ns)   --->   "%p_Result_23_2 = partselect i64 @_ssdm_op_PartSelect.i64.i512.i32.i32, i512 %gmem1_addr_2_read, i32 192, i32 255"   --->   Operation 792 'partselect' 'p_Result_23_2' <Predicate = (icmp_ln79_19)> <Delay = 0.00>
ST_48 : Operation 793 [1/1] (0.00ns)   --->   "%bitcast_ln24_38 = bitcast i64 %p_Result_22_2" [likelihood_kernel.cpp:24]   --->   Operation 793 'bitcast' 'bitcast_ln24_38' <Predicate = (icmp_ln79_19)> <Delay = 0.00>
ST_48 : Operation 794 [1/1] (1.20ns)   --->   "%store_ln83 = store i64 %bitcast_ln24_38, i4 %buffer_X_3_addr_4" [likelihood_kernel.cpp:83]   --->   Operation 794 'store' 'store_ln83' <Predicate = (icmp_ln79_19)> <Delay = 1.20> <CoreInst = "RAM_2P_BRAM">   --->   Core 94 'RAM_2P_BRAM' <Latency = 1> <II = 1> <Delay = 1.20> <Storage> <Opcode : 'load' 'store'> <Ports = 2> <Width = 64> <Depth = 16> <RAM>
ST_48 : Operation 795 [1/1] (0.00ns)   --->   "%bitcast_ln24_39 = bitcast i64 %p_Result_23_2" [likelihood_kernel.cpp:24]   --->   Operation 795 'bitcast' 'bitcast_ln24_39' <Predicate = (icmp_ln79_19)> <Delay = 0.00>
ST_48 : Operation 796 [1/1] (1.20ns)   --->   "%store_ln84 = store i64 %bitcast_ln24_39, i4 %buffer_Y_3_addr_4" [likelihood_kernel.cpp:84]   --->   Operation 796 'store' 'store_ln84' <Predicate = (icmp_ln79_19)> <Delay = 1.20> <CoreInst = "RAM_2P_BRAM">   --->   Core 94 'RAM_2P_BRAM' <Latency = 1> <II = 1> <Delay = 1.20> <Storage> <Opcode : 'load' 'store'> <Ports = 2> <Width = 64> <Depth = 16> <RAM>
ST_48 : Operation 797 [1/1] (0.00ns)   --->   "%br_ln85 = br void %._crit_edge4.2" [likelihood_kernel.cpp:85]   --->   Operation 797 'br' 'br_ln85' <Predicate = (icmp_ln79_19)> <Delay = 0.00>
ST_48 : Operation 798 [1/1] (0.85ns)   --->   "%icmp_ln79_20 = icmp_sgt  i32 %tileSize, i32 20" [likelihood_kernel.cpp:79]   --->   Operation 798 'icmp' 'icmp_ln79_20' <Predicate = true> <Delay = 0.85> <CoreInst = "Cmp">   --->   Core 9 'Cmp' <Latency = 0> <II = 1> <Delay = 0.82> <FuncUnit> <Opcode : 'icmp'> <InPorts = 2> <OutPorts = 1>
ST_48 : Operation 799 [1/1] (0.00ns)   --->   "%br_ln79 = br i1 %icmp_ln79_20, void %._crit_edge5.2, void" [likelihood_kernel.cpp:79]   --->   Operation 799 'br' 'br_ln79' <Predicate = true> <Delay = 0.00>

State 49 <SV = 39> <Delay = 2.05>
ST_49 : Operation 800 [1/1] (0.00ns)   --->   "%p_Result_24_2 = partselect i64 @_ssdm_op_PartSelect.i64.i512.i32.i32, i512 %gmem0_addr_2_read, i32 256, i32 319"   --->   Operation 800 'partselect' 'p_Result_24_2' <Predicate = (icmp_ln70_2 & icmp_ln79_20)> <Delay = 0.00>
ST_49 : Operation 801 [1/1] (0.00ns)   --->   "%p_Result_25_2 = partselect i64 @_ssdm_op_PartSelect.i64.i512.i32.i32, i512 %gmem1_addr_2_read, i32 256, i32 319"   --->   Operation 801 'partselect' 'p_Result_25_2' <Predicate = (icmp_ln70_2 & icmp_ln79_20)> <Delay = 0.00>
ST_49 : Operation 802 [1/1] (0.00ns)   --->   "%bitcast_ln24_40 = bitcast i64 %p_Result_24_2" [likelihood_kernel.cpp:24]   --->   Operation 802 'bitcast' 'bitcast_ln24_40' <Predicate = (icmp_ln70_2 & icmp_ln79_20)> <Delay = 0.00>
ST_49 : Operation 803 [1/1] (1.20ns)   --->   "%store_ln83 = store i64 %bitcast_ln24_40, i4 %buffer_X_0_addr_5" [likelihood_kernel.cpp:83]   --->   Operation 803 'store' 'store_ln83' <Predicate = (icmp_ln70_2 & icmp_ln79_20)> <Delay = 1.20> <CoreInst = "RAM_2P_BRAM">   --->   Core 94 'RAM_2P_BRAM' <Latency = 1> <II = 1> <Delay = 1.20> <Storage> <Opcode : 'load' 'store'> <Ports = 2> <Width = 64> <Depth = 16> <RAM>
ST_49 : Operation 804 [1/1] (0.00ns)   --->   "%bitcast_ln24_41 = bitcast i64 %p_Result_25_2" [likelihood_kernel.cpp:24]   --->   Operation 804 'bitcast' 'bitcast_ln24_41' <Predicate = (icmp_ln70_2 & icmp_ln79_20)> <Delay = 0.00>
ST_49 : Operation 805 [1/1] (1.20ns)   --->   "%store_ln84 = store i64 %bitcast_ln24_41, i4 %buffer_Y_0_addr_5" [likelihood_kernel.cpp:84]   --->   Operation 805 'store' 'store_ln84' <Predicate = (icmp_ln70_2 & icmp_ln79_20)> <Delay = 1.20> <CoreInst = "RAM_2P_BRAM">   --->   Core 94 'RAM_2P_BRAM' <Latency = 1> <II = 1> <Delay = 1.20> <Storage> <Opcode : 'load' 'store'> <Ports = 2> <Width = 64> <Depth = 16> <RAM>
ST_49 : Operation 806 [1/1] (0.00ns)   --->   "%br_ln85 = br void %._crit_edge5.2" [likelihood_kernel.cpp:85]   --->   Operation 806 'br' 'br_ln85' <Predicate = (icmp_ln70_2 & icmp_ln79_20)> <Delay = 0.00>
ST_49 : Operation 807 [1/1] (0.85ns)   --->   "%icmp_ln79_21 = icmp_sgt  i32 %tileSize, i32 21" [likelihood_kernel.cpp:79]   --->   Operation 807 'icmp' 'icmp_ln79_21' <Predicate = (icmp_ln70_2)> <Delay = 0.85> <CoreInst = "Cmp">   --->   Core 9 'Cmp' <Latency = 0> <II = 1> <Delay = 0.82> <FuncUnit> <Opcode : 'icmp'> <InPorts = 2> <OutPorts = 1>
ST_49 : Operation 808 [1/1] (0.00ns)   --->   "%br_ln79 = br i1 %icmp_ln79_21, void %._crit_edge6.2, void" [likelihood_kernel.cpp:79]   --->   Operation 808 'br' 'br_ln79' <Predicate = (icmp_ln70_2)> <Delay = 0.00>
ST_49 : Operation 809 [1/1] (0.00ns)   --->   "%p_Result_26_2 = partselect i64 @_ssdm_op_PartSelect.i64.i512.i32.i32, i512 %gmem0_addr_2_read, i32 320, i32 383"   --->   Operation 809 'partselect' 'p_Result_26_2' <Predicate = (icmp_ln70_2 & icmp_ln79_21)> <Delay = 0.00>
ST_49 : Operation 810 [1/1] (0.00ns)   --->   "%p_Result_27_2 = partselect i64 @_ssdm_op_PartSelect.i64.i512.i32.i32, i512 %gmem1_addr_2_read, i32 320, i32 383"   --->   Operation 810 'partselect' 'p_Result_27_2' <Predicate = (icmp_ln70_2 & icmp_ln79_21)> <Delay = 0.00>
ST_49 : Operation 811 [1/1] (0.00ns)   --->   "%bitcast_ln24_42 = bitcast i64 %p_Result_26_2" [likelihood_kernel.cpp:24]   --->   Operation 811 'bitcast' 'bitcast_ln24_42' <Predicate = (icmp_ln70_2 & icmp_ln79_21)> <Delay = 0.00>
ST_49 : Operation 812 [1/1] (1.20ns)   --->   "%store_ln83 = store i64 %bitcast_ln24_42, i4 %buffer_X_1_addr_5" [likelihood_kernel.cpp:83]   --->   Operation 812 'store' 'store_ln83' <Predicate = (icmp_ln70_2 & icmp_ln79_21)> <Delay = 1.20> <CoreInst = "RAM_2P_BRAM">   --->   Core 94 'RAM_2P_BRAM' <Latency = 1> <II = 1> <Delay = 1.20> <Storage> <Opcode : 'load' 'store'> <Ports = 2> <Width = 64> <Depth = 16> <RAM>
ST_49 : Operation 813 [1/1] (0.00ns)   --->   "%bitcast_ln24_43 = bitcast i64 %p_Result_27_2" [likelihood_kernel.cpp:24]   --->   Operation 813 'bitcast' 'bitcast_ln24_43' <Predicate = (icmp_ln70_2 & icmp_ln79_21)> <Delay = 0.00>
ST_49 : Operation 814 [1/1] (1.20ns)   --->   "%store_ln84 = store i64 %bitcast_ln24_43, i4 %buffer_Y_1_addr_5" [likelihood_kernel.cpp:84]   --->   Operation 814 'store' 'store_ln84' <Predicate = (icmp_ln70_2 & icmp_ln79_21)> <Delay = 1.20> <CoreInst = "RAM_2P_BRAM">   --->   Core 94 'RAM_2P_BRAM' <Latency = 1> <II = 1> <Delay = 1.20> <Storage> <Opcode : 'load' 'store'> <Ports = 2> <Width = 64> <Depth = 16> <RAM>
ST_49 : Operation 815 [1/1] (0.00ns)   --->   "%br_ln85 = br void %._crit_edge6.2" [likelihood_kernel.cpp:85]   --->   Operation 815 'br' 'br_ln85' <Predicate = (icmp_ln70_2 & icmp_ln79_21)> <Delay = 0.00>
ST_49 : Operation 816 [1/1] (0.85ns)   --->   "%icmp_ln79_22 = icmp_sgt  i32 %tileSize, i32 22" [likelihood_kernel.cpp:79]   --->   Operation 816 'icmp' 'icmp_ln79_22' <Predicate = (icmp_ln70_2)> <Delay = 0.85> <CoreInst = "Cmp">   --->   Core 9 'Cmp' <Latency = 0> <II = 1> <Delay = 0.82> <FuncUnit> <Opcode : 'icmp'> <InPorts = 2> <OutPorts = 1>
ST_49 : Operation 817 [1/1] (0.00ns)   --->   "%br_ln79 = br i1 %icmp_ln79_22, void %._crit_edge7.2, void" [likelihood_kernel.cpp:79]   --->   Operation 817 'br' 'br_ln79' <Predicate = (icmp_ln70_2)> <Delay = 0.00>
ST_49 : Operation 818 [1/1] (0.00ns)   --->   "%p_Result_28_2 = partselect i64 @_ssdm_op_PartSelect.i64.i512.i32.i32, i512 %gmem0_addr_2_read, i32 384, i32 447"   --->   Operation 818 'partselect' 'p_Result_28_2' <Predicate = (icmp_ln70_2 & icmp_ln79_22)> <Delay = 0.00>
ST_49 : Operation 819 [1/1] (0.00ns)   --->   "%p_Result_29_2 = partselect i64 @_ssdm_op_PartSelect.i64.i512.i32.i32, i512 %gmem1_addr_2_read, i32 384, i32 447"   --->   Operation 819 'partselect' 'p_Result_29_2' <Predicate = (icmp_ln70_2 & icmp_ln79_22)> <Delay = 0.00>
ST_49 : Operation 820 [1/1] (0.00ns)   --->   "%bitcast_ln24_44 = bitcast i64 %p_Result_28_2" [likelihood_kernel.cpp:24]   --->   Operation 820 'bitcast' 'bitcast_ln24_44' <Predicate = (icmp_ln70_2 & icmp_ln79_22)> <Delay = 0.00>
ST_49 : Operation 821 [1/1] (1.20ns)   --->   "%store_ln83 = store i64 %bitcast_ln24_44, i4 %buffer_X_2_addr_5" [likelihood_kernel.cpp:83]   --->   Operation 821 'store' 'store_ln83' <Predicate = (icmp_ln70_2 & icmp_ln79_22)> <Delay = 1.20> <CoreInst = "RAM_2P_BRAM">   --->   Core 94 'RAM_2P_BRAM' <Latency = 1> <II = 1> <Delay = 1.20> <Storage> <Opcode : 'load' 'store'> <Ports = 2> <Width = 64> <Depth = 16> <RAM>
ST_49 : Operation 822 [1/1] (0.00ns)   --->   "%bitcast_ln24_45 = bitcast i64 %p_Result_29_2" [likelihood_kernel.cpp:24]   --->   Operation 822 'bitcast' 'bitcast_ln24_45' <Predicate = (icmp_ln70_2 & icmp_ln79_22)> <Delay = 0.00>
ST_49 : Operation 823 [1/1] (1.20ns)   --->   "%store_ln84 = store i64 %bitcast_ln24_45, i4 %buffer_Y_2_addr_5" [likelihood_kernel.cpp:84]   --->   Operation 823 'store' 'store_ln84' <Predicate = (icmp_ln70_2 & icmp_ln79_22)> <Delay = 1.20> <CoreInst = "RAM_2P_BRAM">   --->   Core 94 'RAM_2P_BRAM' <Latency = 1> <II = 1> <Delay = 1.20> <Storage> <Opcode : 'load' 'store'> <Ports = 2> <Width = 64> <Depth = 16> <RAM>
ST_49 : Operation 824 [1/1] (0.00ns)   --->   "%br_ln85 = br void %._crit_edge7.2" [likelihood_kernel.cpp:85]   --->   Operation 824 'br' 'br_ln85' <Predicate = (icmp_ln70_2 & icmp_ln79_22)> <Delay = 0.00>
ST_49 : Operation 825 [1/1] (0.85ns)   --->   "%icmp_ln79_23 = icmp_sgt  i32 %tileSize, i32 23" [likelihood_kernel.cpp:79]   --->   Operation 825 'icmp' 'icmp_ln79_23' <Predicate = (icmp_ln70_2)> <Delay = 0.85> <CoreInst = "Cmp">   --->   Core 9 'Cmp' <Latency = 0> <II = 1> <Delay = 0.82> <FuncUnit> <Opcode : 'icmp'> <InPorts = 2> <OutPorts = 1>
ST_49 : Operation 826 [1/1] (0.00ns)   --->   "%br_ln79 = br i1 %icmp_ln79_23, void %.split.3, void" [likelihood_kernel.cpp:79]   --->   Operation 826 'br' 'br_ln79' <Predicate = (icmp_ln70_2)> <Delay = 0.00>
ST_49 : Operation 827 [1/1] (0.00ns)   --->   "%p_Result_30_2 = partselect i64 @_ssdm_op_PartSelect.i64.i512.i32.i32, i512 %gmem0_addr_2_read, i32 448, i32 511"   --->   Operation 827 'partselect' 'p_Result_30_2' <Predicate = (icmp_ln70_2 & icmp_ln79_23)> <Delay = 0.00>
ST_49 : Operation 828 [1/1] (0.00ns)   --->   "%p_Result_31_2 = partselect i64 @_ssdm_op_PartSelect.i64.i512.i32.i32, i512 %gmem1_addr_2_read, i32 448, i32 511"   --->   Operation 828 'partselect' 'p_Result_31_2' <Predicate = (icmp_ln70_2 & icmp_ln79_23)> <Delay = 0.00>
ST_49 : Operation 829 [1/1] (0.00ns)   --->   "%bitcast_ln24_46 = bitcast i64 %p_Result_30_2" [likelihood_kernel.cpp:24]   --->   Operation 829 'bitcast' 'bitcast_ln24_46' <Predicate = (icmp_ln70_2 & icmp_ln79_23)> <Delay = 0.00>
ST_49 : Operation 830 [1/1] (1.20ns)   --->   "%store_ln83 = store i64 %bitcast_ln24_46, i4 %buffer_X_3_addr_5" [likelihood_kernel.cpp:83]   --->   Operation 830 'store' 'store_ln83' <Predicate = (icmp_ln70_2 & icmp_ln79_23)> <Delay = 1.20> <CoreInst = "RAM_2P_BRAM">   --->   Core 94 'RAM_2P_BRAM' <Latency = 1> <II = 1> <Delay = 1.20> <Storage> <Opcode : 'load' 'store'> <Ports = 2> <Width = 64> <Depth = 16> <RAM>
ST_49 : Operation 831 [1/1] (0.00ns)   --->   "%bitcast_ln24_47 = bitcast i64 %p_Result_31_2" [likelihood_kernel.cpp:24]   --->   Operation 831 'bitcast' 'bitcast_ln24_47' <Predicate = (icmp_ln70_2 & icmp_ln79_23)> <Delay = 0.00>
ST_49 : Operation 832 [1/1] (1.20ns)   --->   "%store_ln84 = store i64 %bitcast_ln24_47, i4 %buffer_Y_3_addr_5" [likelihood_kernel.cpp:84]   --->   Operation 832 'store' 'store_ln84' <Predicate = (icmp_ln70_2 & icmp_ln79_23)> <Delay = 1.20> <CoreInst = "RAM_2P_BRAM">   --->   Core 94 'RAM_2P_BRAM' <Latency = 1> <II = 1> <Delay = 1.20> <Storage> <Opcode : 'load' 'store'> <Ports = 2> <Width = 64> <Depth = 16> <RAM>
ST_49 : Operation 833 [1/1] (0.00ns)   --->   "%br_ln85 = br void %.split.3" [likelihood_kernel.cpp:85]   --->   Operation 833 'br' 'br_ln85' <Predicate = (icmp_ln70_2 & icmp_ln79_23)> <Delay = 0.00>
ST_49 : Operation 834 [1/1] (0.00ns)   --->   "%tmp_8 = partselect i28 @_ssdm_op_PartSelect.i28.i30.i32.i32, i30 %num_words, i32 2, i32 29" [likelihood_kernel.cpp:70]   --->   Operation 834 'partselect' 'tmp_8' <Predicate = true> <Delay = 0.00>
ST_49 : Operation 835 [1/1] (0.81ns)   --->   "%icmp_ln70_3 = icmp_sgt  i28 %tmp_8, i28 0" [likelihood_kernel.cpp:70]   --->   Operation 835 'icmp' 'icmp_ln70_3' <Predicate = true> <Delay = 0.81> <CoreInst = "Cmp">   --->   Core 9 'Cmp' <Latency = 0> <II = 1> <Delay = 0.82> <FuncUnit> <Opcode : 'icmp'> <InPorts = 2> <OutPorts = 1>
ST_49 : Operation 836 [1/1] (0.00ns)   --->   "%br_ln70 = br i1 %icmp_ln70_3, void %.split.4, void" [likelihood_kernel.cpp:70]   --->   Operation 836 'br' 'br_ln70' <Predicate = true> <Delay = 0.00>
ST_49 : Operation 837 [1/1] (0.00ns)   --->   "%or_ln71_2 = or i28 %tmp_2, i28 3" [likelihood_kernel.cpp:71]   --->   Operation 837 'or' 'or_ln71_2' <Predicate = (icmp_ln70_3)> <Delay = 0.00>
ST_49 : Operation 838 [1/1] (0.00ns)   --->   "%shl_ln71_3 = bitconcatenate i34 @_ssdm_op_BitConcatenate.i34.i28.i6, i28 %or_ln71_2, i6 0" [likelihood_kernel.cpp:71]   --->   Operation 838 'bitconcatenate' 'shl_ln71_3' <Predicate = (icmp_ln70_3)> <Delay = 0.00>
ST_49 : Operation 839 [1/1] (0.00ns)   --->   "%zext_ln71_3 = zext i34 %shl_ln71_3" [likelihood_kernel.cpp:71]   --->   Operation 839 'zext' 'zext_ln71_3' <Predicate = (icmp_ln70_3)> <Delay = 0.00>
ST_49 : Operation 840 [1/1] (1.14ns)   --->   "%add_ln71_3 = add i64 %zext_ln71_3, i64 %arrayX_read" [likelihood_kernel.cpp:71]   --->   Operation 840 'add' 'add_ln71_3' <Predicate = (icmp_ln70_3)> <Delay = 1.14> <CoreInst = "Adder">   --->   Core 1 'Adder' <Latency = 0> <II = 1> <Delay = 0.88> <FuncUnit> <Opcode : 'add' 'sub'> <InPorts = 2> <OutPorts = 1>
ST_49 : Operation 841 [1/1] (0.00ns)   --->   "%trunc_ln71_6 = partselect i58 @_ssdm_op_PartSelect.i58.i64.i32.i32, i64 %add_ln71_3, i32 6, i32 63" [likelihood_kernel.cpp:71]   --->   Operation 841 'partselect' 'trunc_ln71_6' <Predicate = (icmp_ln70_3)> <Delay = 0.00>
ST_49 : Operation 842 [1/1] (1.14ns)   --->   "%add_ln72_3 = add i64 %zext_ln71_3, i64 %arrayY_read" [likelihood_kernel.cpp:72]   --->   Operation 842 'add' 'add_ln72_3' <Predicate = (icmp_ln70_3)> <Delay = 1.14> <CoreInst = "Adder">   --->   Core 1 'Adder' <Latency = 0> <II = 1> <Delay = 0.88> <FuncUnit> <Opcode : 'add' 'sub'> <InPorts = 2> <OutPorts = 1>
ST_49 : Operation 843 [1/1] (0.00ns)   --->   "%trunc_ln72_3 = partselect i58 @_ssdm_op_PartSelect.i58.i64.i32.i32, i64 %add_ln72_3, i32 6, i32 63" [likelihood_kernel.cpp:72]   --->   Operation 843 'partselect' 'trunc_ln72_3' <Predicate = (icmp_ln70_3)> <Delay = 0.00>

State 50 <SV = 40> <Delay = 2.43>
ST_50 : Operation 844 [1/1] (0.00ns)   --->   "%sext_ln71_3 = sext i58 %trunc_ln71_6" [likelihood_kernel.cpp:71]   --->   Operation 844 'sext' 'sext_ln71_3' <Predicate = true> <Delay = 0.00>
ST_50 : Operation 845 [1/1] (0.00ns)   --->   "%gmem0_addr_3 = getelementptr i512 %gmem0, i64 %sext_ln71_3" [likelihood_kernel.cpp:71]   --->   Operation 845 'getelementptr' 'gmem0_addr_3' <Predicate = true> <Delay = 0.00>
ST_50 : Operation 846 [7/7] (2.43ns)   --->   "%gmem0_load_3_req = readreq i1 @_ssdm_op_ReadReq.m_axi.i512P1A, i512 %gmem0_addr_3, i32 1" [likelihood_kernel.cpp:71]   --->   Operation 846 'readreq' 'gmem0_load_3_req' <Predicate = true> <Delay = 2.43> <CoreInst = "m_axi">   --->   Core 121 'm_axi' <Latency = 6> <II = 1> <Delay = 1.00> <Adapter> <Opcode : 'read' 'write' 'readreq' 'writereq' 'writeresp'>
ST_50 : Operation 847 [1/1] (0.00ns)   --->   "%sext_ln72_3 = sext i58 %trunc_ln72_3" [likelihood_kernel.cpp:72]   --->   Operation 847 'sext' 'sext_ln72_3' <Predicate = true> <Delay = 0.00>
ST_50 : Operation 848 [1/1] (0.00ns)   --->   "%gmem1_addr_3 = getelementptr i512 %gmem1, i64 %sext_ln72_3" [likelihood_kernel.cpp:72]   --->   Operation 848 'getelementptr' 'gmem1_addr_3' <Predicate = true> <Delay = 0.00>
ST_50 : Operation 849 [7/7] (2.43ns)   --->   "%gmem1_load_3_req = readreq i1 @_ssdm_op_ReadReq.m_axi.i512P1A, i512 %gmem1_addr_3, i32 1" [likelihood_kernel.cpp:72]   --->   Operation 849 'readreq' 'gmem1_load_3_req' <Predicate = true> <Delay = 2.43> <CoreInst = "m_axi">   --->   Core 121 'm_axi' <Latency = 6> <II = 1> <Delay = 1.00> <Adapter> <Opcode : 'read' 'write' 'readreq' 'writereq' 'writeresp'>

State 51 <SV = 41> <Delay = 2.43>
ST_51 : Operation 850 [6/7] (2.43ns)   --->   "%gmem0_load_3_req = readreq i1 @_ssdm_op_ReadReq.m_axi.i512P1A, i512 %gmem0_addr_3, i32 1" [likelihood_kernel.cpp:71]   --->   Operation 850 'readreq' 'gmem0_load_3_req' <Predicate = true> <Delay = 2.43> <CoreInst = "m_axi">   --->   Core 121 'm_axi' <Latency = 6> <II = 1> <Delay = 1.00> <Adapter> <Opcode : 'read' 'write' 'readreq' 'writereq' 'writeresp'>
ST_51 : Operation 851 [6/7] (2.43ns)   --->   "%gmem1_load_3_req = readreq i1 @_ssdm_op_ReadReq.m_axi.i512P1A, i512 %gmem1_addr_3, i32 1" [likelihood_kernel.cpp:72]   --->   Operation 851 'readreq' 'gmem1_load_3_req' <Predicate = true> <Delay = 2.43> <CoreInst = "m_axi">   --->   Core 121 'm_axi' <Latency = 6> <II = 1> <Delay = 1.00> <Adapter> <Opcode : 'read' 'write' 'readreq' 'writereq' 'writeresp'>

State 52 <SV = 42> <Delay = 2.43>
ST_52 : Operation 852 [5/7] (2.43ns)   --->   "%gmem0_load_3_req = readreq i1 @_ssdm_op_ReadReq.m_axi.i512P1A, i512 %gmem0_addr_3, i32 1" [likelihood_kernel.cpp:71]   --->   Operation 852 'readreq' 'gmem0_load_3_req' <Predicate = true> <Delay = 2.43> <CoreInst = "m_axi">   --->   Core 121 'm_axi' <Latency = 6> <II = 1> <Delay = 1.00> <Adapter> <Opcode : 'read' 'write' 'readreq' 'writereq' 'writeresp'>
ST_52 : Operation 853 [5/7] (2.43ns)   --->   "%gmem1_load_3_req = readreq i1 @_ssdm_op_ReadReq.m_axi.i512P1A, i512 %gmem1_addr_3, i32 1" [likelihood_kernel.cpp:72]   --->   Operation 853 'readreq' 'gmem1_load_3_req' <Predicate = true> <Delay = 2.43> <CoreInst = "m_axi">   --->   Core 121 'm_axi' <Latency = 6> <II = 1> <Delay = 1.00> <Adapter> <Opcode : 'read' 'write' 'readreq' 'writereq' 'writeresp'>

State 53 <SV = 43> <Delay = 2.43>
ST_53 : Operation 854 [4/7] (2.43ns)   --->   "%gmem0_load_3_req = readreq i1 @_ssdm_op_ReadReq.m_axi.i512P1A, i512 %gmem0_addr_3, i32 1" [likelihood_kernel.cpp:71]   --->   Operation 854 'readreq' 'gmem0_load_3_req' <Predicate = true> <Delay = 2.43> <CoreInst = "m_axi">   --->   Core 121 'm_axi' <Latency = 6> <II = 1> <Delay = 1.00> <Adapter> <Opcode : 'read' 'write' 'readreq' 'writereq' 'writeresp'>
ST_53 : Operation 855 [4/7] (2.43ns)   --->   "%gmem1_load_3_req = readreq i1 @_ssdm_op_ReadReq.m_axi.i512P1A, i512 %gmem1_addr_3, i32 1" [likelihood_kernel.cpp:72]   --->   Operation 855 'readreq' 'gmem1_load_3_req' <Predicate = true> <Delay = 2.43> <CoreInst = "m_axi">   --->   Core 121 'm_axi' <Latency = 6> <II = 1> <Delay = 1.00> <Adapter> <Opcode : 'read' 'write' 'readreq' 'writereq' 'writeresp'>

State 54 <SV = 44> <Delay = 2.43>
ST_54 : Operation 856 [3/7] (2.43ns)   --->   "%gmem0_load_3_req = readreq i1 @_ssdm_op_ReadReq.m_axi.i512P1A, i512 %gmem0_addr_3, i32 1" [likelihood_kernel.cpp:71]   --->   Operation 856 'readreq' 'gmem0_load_3_req' <Predicate = true> <Delay = 2.43> <CoreInst = "m_axi">   --->   Core 121 'm_axi' <Latency = 6> <II = 1> <Delay = 1.00> <Adapter> <Opcode : 'read' 'write' 'readreq' 'writereq' 'writeresp'>
ST_54 : Operation 857 [3/7] (2.43ns)   --->   "%gmem1_load_3_req = readreq i1 @_ssdm_op_ReadReq.m_axi.i512P1A, i512 %gmem1_addr_3, i32 1" [likelihood_kernel.cpp:72]   --->   Operation 857 'readreq' 'gmem1_load_3_req' <Predicate = true> <Delay = 2.43> <CoreInst = "m_axi">   --->   Core 121 'm_axi' <Latency = 6> <II = 1> <Delay = 1.00> <Adapter> <Opcode : 'read' 'write' 'readreq' 'writereq' 'writeresp'>

State 55 <SV = 45> <Delay = 2.43>
ST_55 : Operation 858 [2/7] (2.43ns)   --->   "%gmem0_load_3_req = readreq i1 @_ssdm_op_ReadReq.m_axi.i512P1A, i512 %gmem0_addr_3, i32 1" [likelihood_kernel.cpp:71]   --->   Operation 858 'readreq' 'gmem0_load_3_req' <Predicate = true> <Delay = 2.43> <CoreInst = "m_axi">   --->   Core 121 'm_axi' <Latency = 6> <II = 1> <Delay = 1.00> <Adapter> <Opcode : 'read' 'write' 'readreq' 'writereq' 'writeresp'>
ST_55 : Operation 859 [2/7] (2.43ns)   --->   "%gmem1_load_3_req = readreq i1 @_ssdm_op_ReadReq.m_axi.i512P1A, i512 %gmem1_addr_3, i32 1" [likelihood_kernel.cpp:72]   --->   Operation 859 'readreq' 'gmem1_load_3_req' <Predicate = true> <Delay = 2.43> <CoreInst = "m_axi">   --->   Core 121 'm_axi' <Latency = 6> <II = 1> <Delay = 1.00> <Adapter> <Opcode : 'read' 'write' 'readreq' 'writereq' 'writeresp'>

State 56 <SV = 46> <Delay = 2.43>
ST_56 : Operation 860 [1/7] (2.43ns)   --->   "%gmem0_load_3_req = readreq i1 @_ssdm_op_ReadReq.m_axi.i512P1A, i512 %gmem0_addr_3, i32 1" [likelihood_kernel.cpp:71]   --->   Operation 860 'readreq' 'gmem0_load_3_req' <Predicate = true> <Delay = 2.43> <CoreInst = "m_axi">   --->   Core 121 'm_axi' <Latency = 6> <II = 1> <Delay = 1.00> <Adapter> <Opcode : 'read' 'write' 'readreq' 'writereq' 'writeresp'>
ST_56 : Operation 861 [1/7] (2.43ns)   --->   "%gmem1_load_3_req = readreq i1 @_ssdm_op_ReadReq.m_axi.i512P1A, i512 %gmem1_addr_3, i32 1" [likelihood_kernel.cpp:72]   --->   Operation 861 'readreq' 'gmem1_load_3_req' <Predicate = true> <Delay = 2.43> <CoreInst = "m_axi">   --->   Core 121 'm_axi' <Latency = 6> <II = 1> <Delay = 1.00> <Adapter> <Opcode : 'read' 'write' 'readreq' 'writereq' 'writeresp'>

State 57 <SV = 47> <Delay = 2.43>
ST_57 : Operation 862 [1/1] (2.43ns)   --->   "%gmem0_addr_3_read = read i512 @_ssdm_op_Read.m_axi.i512P1A, i512 %gmem0_addr_3" [likelihood_kernel.cpp:71]   --->   Operation 862 'read' 'gmem0_addr_3_read' <Predicate = true> <Delay = 2.43> <CoreInst = "m_axi">   --->   Core 121 'm_axi' <Latency = 6> <II = 1> <Delay = 1.00> <Adapter> <Opcode : 'read' 'write' 'readreq' 'writereq' 'writeresp'>
ST_57 : Operation 863 [1/1] (2.43ns)   --->   "%gmem1_addr_3_read = read i512 @_ssdm_op_Read.m_axi.i512P1A, i512 %gmem1_addr_3" [likelihood_kernel.cpp:72]   --->   Operation 863 'read' 'gmem1_addr_3_read' <Predicate = true> <Delay = 2.43> <CoreInst = "m_axi">   --->   Core 121 'm_axi' <Latency = 6> <II = 1> <Delay = 1.00> <Adapter> <Opcode : 'read' 'write' 'readreq' 'writereq' 'writeresp'>
ST_57 : Operation 864 [1/1] (0.85ns)   --->   "%icmp_ln79_24 = icmp_sgt  i32 %tileSize, i32 24" [likelihood_kernel.cpp:79]   --->   Operation 864 'icmp' 'icmp_ln79_24' <Predicate = true> <Delay = 0.85> <CoreInst = "Cmp">   --->   Core 9 'Cmp' <Latency = 0> <II = 1> <Delay = 0.82> <FuncUnit> <Opcode : 'icmp'> <InPorts = 2> <OutPorts = 1>
ST_57 : Operation 865 [1/1] (0.00ns)   --->   "%br_ln79 = br i1 %icmp_ln79_24, void %._crit_edge.3, void" [likelihood_kernel.cpp:79]   --->   Operation 865 'br' 'br_ln79' <Predicate = true> <Delay = 0.00>

State 58 <SV = 48> <Delay = 2.05>
ST_58 : Operation 866 [1/1] (0.00ns)   --->   "%trunc_ln708_6 = trunc i512 %gmem0_addr_3_read"   --->   Operation 866 'trunc' 'trunc_ln708_6' <Predicate = (icmp_ln79_24)> <Delay = 0.00>
ST_58 : Operation 867 [1/1] (0.00ns)   --->   "%trunc_ln708_7 = trunc i512 %gmem1_addr_3_read"   --->   Operation 867 'trunc' 'trunc_ln708_7' <Predicate = (icmp_ln79_24)> <Delay = 0.00>
ST_58 : Operation 868 [1/1] (0.00ns)   --->   "%bitcast_ln24_48 = bitcast i64 %trunc_ln708_6" [likelihood_kernel.cpp:24]   --->   Operation 868 'bitcast' 'bitcast_ln24_48' <Predicate = (icmp_ln79_24)> <Delay = 0.00>
ST_58 : Operation 869 [1/1] (1.20ns)   --->   "%store_ln83 = store i64 %bitcast_ln24_48, i4 %buffer_X_0_addr_6" [likelihood_kernel.cpp:83]   --->   Operation 869 'store' 'store_ln83' <Predicate = (icmp_ln79_24)> <Delay = 1.20> <CoreInst = "RAM_2P_BRAM">   --->   Core 94 'RAM_2P_BRAM' <Latency = 1> <II = 1> <Delay = 1.20> <Storage> <Opcode : 'load' 'store'> <Ports = 2> <Width = 64> <Depth = 16> <RAM>
ST_58 : Operation 870 [1/1] (0.00ns)   --->   "%bitcast_ln24_49 = bitcast i64 %trunc_ln708_7" [likelihood_kernel.cpp:24]   --->   Operation 870 'bitcast' 'bitcast_ln24_49' <Predicate = (icmp_ln79_24)> <Delay = 0.00>
ST_58 : Operation 871 [1/1] (1.20ns)   --->   "%store_ln84 = store i64 %bitcast_ln24_49, i4 %buffer_Y_0_addr_6" [likelihood_kernel.cpp:84]   --->   Operation 871 'store' 'store_ln84' <Predicate = (icmp_ln79_24)> <Delay = 1.20> <CoreInst = "RAM_2P_BRAM">   --->   Core 94 'RAM_2P_BRAM' <Latency = 1> <II = 1> <Delay = 1.20> <Storage> <Opcode : 'load' 'store'> <Ports = 2> <Width = 64> <Depth = 16> <RAM>
ST_58 : Operation 872 [1/1] (0.00ns)   --->   "%br_ln85 = br void %._crit_edge.3" [likelihood_kernel.cpp:85]   --->   Operation 872 'br' 'br_ln85' <Predicate = (icmp_ln79_24)> <Delay = 0.00>
ST_58 : Operation 873 [1/1] (0.85ns)   --->   "%icmp_ln79_25 = icmp_sgt  i32 %tileSize, i32 25" [likelihood_kernel.cpp:79]   --->   Operation 873 'icmp' 'icmp_ln79_25' <Predicate = true> <Delay = 0.85> <CoreInst = "Cmp">   --->   Core 9 'Cmp' <Latency = 0> <II = 1> <Delay = 0.82> <FuncUnit> <Opcode : 'icmp'> <InPorts = 2> <OutPorts = 1>
ST_58 : Operation 874 [1/1] (0.00ns)   --->   "%br_ln79 = br i1 %icmp_ln79_25, void %._crit_edge2.3, void" [likelihood_kernel.cpp:79]   --->   Operation 874 'br' 'br_ln79' <Predicate = true> <Delay = 0.00>
ST_58 : Operation 875 [1/1] (0.00ns)   --->   "%p_Result_10_3 = partselect i64 @_ssdm_op_PartSelect.i64.i512.i32.i32, i512 %gmem0_addr_3_read, i32 64, i32 127"   --->   Operation 875 'partselect' 'p_Result_10_3' <Predicate = (icmp_ln79_25)> <Delay = 0.00>
ST_58 : Operation 876 [1/1] (0.00ns)   --->   "%p_Result_11_3 = partselect i64 @_ssdm_op_PartSelect.i64.i512.i32.i32, i512 %gmem1_addr_3_read, i32 64, i32 127"   --->   Operation 876 'partselect' 'p_Result_11_3' <Predicate = (icmp_ln79_25)> <Delay = 0.00>
ST_58 : Operation 877 [1/1] (0.00ns)   --->   "%bitcast_ln24_50 = bitcast i64 %p_Result_10_3" [likelihood_kernel.cpp:24]   --->   Operation 877 'bitcast' 'bitcast_ln24_50' <Predicate = (icmp_ln79_25)> <Delay = 0.00>
ST_58 : Operation 878 [1/1] (1.20ns)   --->   "%store_ln83 = store i64 %bitcast_ln24_50, i4 %buffer_X_1_addr_6" [likelihood_kernel.cpp:83]   --->   Operation 878 'store' 'store_ln83' <Predicate = (icmp_ln79_25)> <Delay = 1.20> <CoreInst = "RAM_2P_BRAM">   --->   Core 94 'RAM_2P_BRAM' <Latency = 1> <II = 1> <Delay = 1.20> <Storage> <Opcode : 'load' 'store'> <Ports = 2> <Width = 64> <Depth = 16> <RAM>
ST_58 : Operation 879 [1/1] (0.00ns)   --->   "%bitcast_ln24_51 = bitcast i64 %p_Result_11_3" [likelihood_kernel.cpp:24]   --->   Operation 879 'bitcast' 'bitcast_ln24_51' <Predicate = (icmp_ln79_25)> <Delay = 0.00>
ST_58 : Operation 880 [1/1] (1.20ns)   --->   "%store_ln84 = store i64 %bitcast_ln24_51, i4 %buffer_Y_1_addr_6" [likelihood_kernel.cpp:84]   --->   Operation 880 'store' 'store_ln84' <Predicate = (icmp_ln79_25)> <Delay = 1.20> <CoreInst = "RAM_2P_BRAM">   --->   Core 94 'RAM_2P_BRAM' <Latency = 1> <II = 1> <Delay = 1.20> <Storage> <Opcode : 'load' 'store'> <Ports = 2> <Width = 64> <Depth = 16> <RAM>
ST_58 : Operation 881 [1/1] (0.00ns)   --->   "%br_ln85 = br void %._crit_edge2.3" [likelihood_kernel.cpp:85]   --->   Operation 881 'br' 'br_ln85' <Predicate = (icmp_ln79_25)> <Delay = 0.00>
ST_58 : Operation 882 [1/1] (0.85ns)   --->   "%icmp_ln79_26 = icmp_sgt  i32 %tileSize, i32 26" [likelihood_kernel.cpp:79]   --->   Operation 882 'icmp' 'icmp_ln79_26' <Predicate = true> <Delay = 0.85> <CoreInst = "Cmp">   --->   Core 9 'Cmp' <Latency = 0> <II = 1> <Delay = 0.82> <FuncUnit> <Opcode : 'icmp'> <InPorts = 2> <OutPorts = 1>
ST_58 : Operation 883 [1/1] (0.00ns)   --->   "%br_ln79 = br i1 %icmp_ln79_26, void %._crit_edge3.3, void" [likelihood_kernel.cpp:79]   --->   Operation 883 'br' 'br_ln79' <Predicate = true> <Delay = 0.00>
ST_58 : Operation 884 [1/1] (0.00ns)   --->   "%p_Result_12_3 = partselect i64 @_ssdm_op_PartSelect.i64.i512.i32.i32, i512 %gmem0_addr_3_read, i32 128, i32 191"   --->   Operation 884 'partselect' 'p_Result_12_3' <Predicate = (icmp_ln79_26)> <Delay = 0.00>
ST_58 : Operation 885 [1/1] (0.00ns)   --->   "%p_Result_13_3 = partselect i64 @_ssdm_op_PartSelect.i64.i512.i32.i32, i512 %gmem1_addr_3_read, i32 128, i32 191"   --->   Operation 885 'partselect' 'p_Result_13_3' <Predicate = (icmp_ln79_26)> <Delay = 0.00>
ST_58 : Operation 886 [1/1] (0.00ns)   --->   "%bitcast_ln24_52 = bitcast i64 %p_Result_12_3" [likelihood_kernel.cpp:24]   --->   Operation 886 'bitcast' 'bitcast_ln24_52' <Predicate = (icmp_ln79_26)> <Delay = 0.00>
ST_58 : Operation 887 [1/1] (1.20ns)   --->   "%store_ln83 = store i64 %bitcast_ln24_52, i4 %buffer_X_2_addr_6" [likelihood_kernel.cpp:83]   --->   Operation 887 'store' 'store_ln83' <Predicate = (icmp_ln79_26)> <Delay = 1.20> <CoreInst = "RAM_2P_BRAM">   --->   Core 94 'RAM_2P_BRAM' <Latency = 1> <II = 1> <Delay = 1.20> <Storage> <Opcode : 'load' 'store'> <Ports = 2> <Width = 64> <Depth = 16> <RAM>
ST_58 : Operation 888 [1/1] (0.00ns)   --->   "%bitcast_ln24_53 = bitcast i64 %p_Result_13_3" [likelihood_kernel.cpp:24]   --->   Operation 888 'bitcast' 'bitcast_ln24_53' <Predicate = (icmp_ln79_26)> <Delay = 0.00>
ST_58 : Operation 889 [1/1] (1.20ns)   --->   "%store_ln84 = store i64 %bitcast_ln24_53, i4 %buffer_Y_2_addr_6" [likelihood_kernel.cpp:84]   --->   Operation 889 'store' 'store_ln84' <Predicate = (icmp_ln79_26)> <Delay = 1.20> <CoreInst = "RAM_2P_BRAM">   --->   Core 94 'RAM_2P_BRAM' <Latency = 1> <II = 1> <Delay = 1.20> <Storage> <Opcode : 'load' 'store'> <Ports = 2> <Width = 64> <Depth = 16> <RAM>
ST_58 : Operation 890 [1/1] (0.00ns)   --->   "%br_ln85 = br void %._crit_edge3.3" [likelihood_kernel.cpp:85]   --->   Operation 890 'br' 'br_ln85' <Predicate = (icmp_ln79_26)> <Delay = 0.00>
ST_58 : Operation 891 [1/1] (0.85ns)   --->   "%icmp_ln79_27 = icmp_sgt  i32 %tileSize, i32 27" [likelihood_kernel.cpp:79]   --->   Operation 891 'icmp' 'icmp_ln79_27' <Predicate = true> <Delay = 0.85> <CoreInst = "Cmp">   --->   Core 9 'Cmp' <Latency = 0> <II = 1> <Delay = 0.82> <FuncUnit> <Opcode : 'icmp'> <InPorts = 2> <OutPorts = 1>
ST_58 : Operation 892 [1/1] (0.00ns)   --->   "%br_ln79 = br i1 %icmp_ln79_27, void %._crit_edge4.3, void" [likelihood_kernel.cpp:79]   --->   Operation 892 'br' 'br_ln79' <Predicate = true> <Delay = 0.00>
ST_58 : Operation 893 [1/1] (0.00ns)   --->   "%p_Result_22_3 = partselect i64 @_ssdm_op_PartSelect.i64.i512.i32.i32, i512 %gmem0_addr_3_read, i32 192, i32 255"   --->   Operation 893 'partselect' 'p_Result_22_3' <Predicate = (icmp_ln79_27)> <Delay = 0.00>
ST_58 : Operation 894 [1/1] (0.00ns)   --->   "%p_Result_23_3 = partselect i64 @_ssdm_op_PartSelect.i64.i512.i32.i32, i512 %gmem1_addr_3_read, i32 192, i32 255"   --->   Operation 894 'partselect' 'p_Result_23_3' <Predicate = (icmp_ln79_27)> <Delay = 0.00>
ST_58 : Operation 895 [1/1] (0.00ns)   --->   "%bitcast_ln24_54 = bitcast i64 %p_Result_22_3" [likelihood_kernel.cpp:24]   --->   Operation 895 'bitcast' 'bitcast_ln24_54' <Predicate = (icmp_ln79_27)> <Delay = 0.00>
ST_58 : Operation 896 [1/1] (1.20ns)   --->   "%store_ln83 = store i64 %bitcast_ln24_54, i4 %buffer_X_3_addr_6" [likelihood_kernel.cpp:83]   --->   Operation 896 'store' 'store_ln83' <Predicate = (icmp_ln79_27)> <Delay = 1.20> <CoreInst = "RAM_2P_BRAM">   --->   Core 94 'RAM_2P_BRAM' <Latency = 1> <II = 1> <Delay = 1.20> <Storage> <Opcode : 'load' 'store'> <Ports = 2> <Width = 64> <Depth = 16> <RAM>
ST_58 : Operation 897 [1/1] (0.00ns)   --->   "%bitcast_ln24_55 = bitcast i64 %p_Result_23_3" [likelihood_kernel.cpp:24]   --->   Operation 897 'bitcast' 'bitcast_ln24_55' <Predicate = (icmp_ln79_27)> <Delay = 0.00>
ST_58 : Operation 898 [1/1] (1.20ns)   --->   "%store_ln84 = store i64 %bitcast_ln24_55, i4 %buffer_Y_3_addr_6" [likelihood_kernel.cpp:84]   --->   Operation 898 'store' 'store_ln84' <Predicate = (icmp_ln79_27)> <Delay = 1.20> <CoreInst = "RAM_2P_BRAM">   --->   Core 94 'RAM_2P_BRAM' <Latency = 1> <II = 1> <Delay = 1.20> <Storage> <Opcode : 'load' 'store'> <Ports = 2> <Width = 64> <Depth = 16> <RAM>
ST_58 : Operation 899 [1/1] (0.00ns)   --->   "%br_ln85 = br void %._crit_edge4.3" [likelihood_kernel.cpp:85]   --->   Operation 899 'br' 'br_ln85' <Predicate = (icmp_ln79_27)> <Delay = 0.00>
ST_58 : Operation 900 [1/1] (0.85ns)   --->   "%icmp_ln79_28 = icmp_sgt  i32 %tileSize, i32 28" [likelihood_kernel.cpp:79]   --->   Operation 900 'icmp' 'icmp_ln79_28' <Predicate = true> <Delay = 0.85> <CoreInst = "Cmp">   --->   Core 9 'Cmp' <Latency = 0> <II = 1> <Delay = 0.82> <FuncUnit> <Opcode : 'icmp'> <InPorts = 2> <OutPorts = 1>
ST_58 : Operation 901 [1/1] (0.00ns)   --->   "%br_ln79 = br i1 %icmp_ln79_28, void %._crit_edge5.3, void" [likelihood_kernel.cpp:79]   --->   Operation 901 'br' 'br_ln79' <Predicate = true> <Delay = 0.00>

State 59 <SV = 49> <Delay = 2.05>
ST_59 : Operation 902 [1/1] (0.00ns)   --->   "%p_Result_24_3 = partselect i64 @_ssdm_op_PartSelect.i64.i512.i32.i32, i512 %gmem0_addr_3_read, i32 256, i32 319"   --->   Operation 902 'partselect' 'p_Result_24_3' <Predicate = (icmp_ln70_3 & icmp_ln79_28)> <Delay = 0.00>
ST_59 : Operation 903 [1/1] (0.00ns)   --->   "%p_Result_25_3 = partselect i64 @_ssdm_op_PartSelect.i64.i512.i32.i32, i512 %gmem1_addr_3_read, i32 256, i32 319"   --->   Operation 903 'partselect' 'p_Result_25_3' <Predicate = (icmp_ln70_3 & icmp_ln79_28)> <Delay = 0.00>
ST_59 : Operation 904 [1/1] (0.00ns)   --->   "%bitcast_ln24_56 = bitcast i64 %p_Result_24_3" [likelihood_kernel.cpp:24]   --->   Operation 904 'bitcast' 'bitcast_ln24_56' <Predicate = (icmp_ln70_3 & icmp_ln79_28)> <Delay = 0.00>
ST_59 : Operation 905 [1/1] (1.20ns)   --->   "%store_ln83 = store i64 %bitcast_ln24_56, i4 %buffer_X_0_addr_7" [likelihood_kernel.cpp:83]   --->   Operation 905 'store' 'store_ln83' <Predicate = (icmp_ln70_3 & icmp_ln79_28)> <Delay = 1.20> <CoreInst = "RAM_2P_BRAM">   --->   Core 94 'RAM_2P_BRAM' <Latency = 1> <II = 1> <Delay = 1.20> <Storage> <Opcode : 'load' 'store'> <Ports = 2> <Width = 64> <Depth = 16> <RAM>
ST_59 : Operation 906 [1/1] (0.00ns)   --->   "%bitcast_ln24_57 = bitcast i64 %p_Result_25_3" [likelihood_kernel.cpp:24]   --->   Operation 906 'bitcast' 'bitcast_ln24_57' <Predicate = (icmp_ln70_3 & icmp_ln79_28)> <Delay = 0.00>
ST_59 : Operation 907 [1/1] (1.20ns)   --->   "%store_ln84 = store i64 %bitcast_ln24_57, i4 %buffer_Y_0_addr_7" [likelihood_kernel.cpp:84]   --->   Operation 907 'store' 'store_ln84' <Predicate = (icmp_ln70_3 & icmp_ln79_28)> <Delay = 1.20> <CoreInst = "RAM_2P_BRAM">   --->   Core 94 'RAM_2P_BRAM' <Latency = 1> <II = 1> <Delay = 1.20> <Storage> <Opcode : 'load' 'store'> <Ports = 2> <Width = 64> <Depth = 16> <RAM>
ST_59 : Operation 908 [1/1] (0.00ns)   --->   "%br_ln85 = br void %._crit_edge5.3" [likelihood_kernel.cpp:85]   --->   Operation 908 'br' 'br_ln85' <Predicate = (icmp_ln70_3 & icmp_ln79_28)> <Delay = 0.00>
ST_59 : Operation 909 [1/1] (0.85ns)   --->   "%icmp_ln79_29 = icmp_sgt  i32 %tileSize, i32 29" [likelihood_kernel.cpp:79]   --->   Operation 909 'icmp' 'icmp_ln79_29' <Predicate = (icmp_ln70_3)> <Delay = 0.85> <CoreInst = "Cmp">   --->   Core 9 'Cmp' <Latency = 0> <II = 1> <Delay = 0.82> <FuncUnit> <Opcode : 'icmp'> <InPorts = 2> <OutPorts = 1>
ST_59 : Operation 910 [1/1] (0.00ns)   --->   "%br_ln79 = br i1 %icmp_ln79_29, void %._crit_edge6.3, void" [likelihood_kernel.cpp:79]   --->   Operation 910 'br' 'br_ln79' <Predicate = (icmp_ln70_3)> <Delay = 0.00>
ST_59 : Operation 911 [1/1] (0.00ns)   --->   "%p_Result_26_3 = partselect i64 @_ssdm_op_PartSelect.i64.i512.i32.i32, i512 %gmem0_addr_3_read, i32 320, i32 383"   --->   Operation 911 'partselect' 'p_Result_26_3' <Predicate = (icmp_ln70_3 & icmp_ln79_29)> <Delay = 0.00>
ST_59 : Operation 912 [1/1] (0.00ns)   --->   "%p_Result_27_3 = partselect i64 @_ssdm_op_PartSelect.i64.i512.i32.i32, i512 %gmem1_addr_3_read, i32 320, i32 383"   --->   Operation 912 'partselect' 'p_Result_27_3' <Predicate = (icmp_ln70_3 & icmp_ln79_29)> <Delay = 0.00>
ST_59 : Operation 913 [1/1] (0.00ns)   --->   "%bitcast_ln24_58 = bitcast i64 %p_Result_26_3" [likelihood_kernel.cpp:24]   --->   Operation 913 'bitcast' 'bitcast_ln24_58' <Predicate = (icmp_ln70_3 & icmp_ln79_29)> <Delay = 0.00>
ST_59 : Operation 914 [1/1] (1.20ns)   --->   "%store_ln83 = store i64 %bitcast_ln24_58, i4 %buffer_X_1_addr_7" [likelihood_kernel.cpp:83]   --->   Operation 914 'store' 'store_ln83' <Predicate = (icmp_ln70_3 & icmp_ln79_29)> <Delay = 1.20> <CoreInst = "RAM_2P_BRAM">   --->   Core 94 'RAM_2P_BRAM' <Latency = 1> <II = 1> <Delay = 1.20> <Storage> <Opcode : 'load' 'store'> <Ports = 2> <Width = 64> <Depth = 16> <RAM>
ST_59 : Operation 915 [1/1] (0.00ns)   --->   "%bitcast_ln24_59 = bitcast i64 %p_Result_27_3" [likelihood_kernel.cpp:24]   --->   Operation 915 'bitcast' 'bitcast_ln24_59' <Predicate = (icmp_ln70_3 & icmp_ln79_29)> <Delay = 0.00>
ST_59 : Operation 916 [1/1] (1.20ns)   --->   "%store_ln84 = store i64 %bitcast_ln24_59, i4 %buffer_Y_1_addr_7" [likelihood_kernel.cpp:84]   --->   Operation 916 'store' 'store_ln84' <Predicate = (icmp_ln70_3 & icmp_ln79_29)> <Delay = 1.20> <CoreInst = "RAM_2P_BRAM">   --->   Core 94 'RAM_2P_BRAM' <Latency = 1> <II = 1> <Delay = 1.20> <Storage> <Opcode : 'load' 'store'> <Ports = 2> <Width = 64> <Depth = 16> <RAM>
ST_59 : Operation 917 [1/1] (0.00ns)   --->   "%br_ln85 = br void %._crit_edge6.3" [likelihood_kernel.cpp:85]   --->   Operation 917 'br' 'br_ln85' <Predicate = (icmp_ln70_3 & icmp_ln79_29)> <Delay = 0.00>
ST_59 : Operation 918 [1/1] (0.85ns)   --->   "%icmp_ln79_30 = icmp_sgt  i32 %tileSize, i32 30" [likelihood_kernel.cpp:79]   --->   Operation 918 'icmp' 'icmp_ln79_30' <Predicate = (icmp_ln70_3)> <Delay = 0.85> <CoreInst = "Cmp">   --->   Core 9 'Cmp' <Latency = 0> <II = 1> <Delay = 0.82> <FuncUnit> <Opcode : 'icmp'> <InPorts = 2> <OutPorts = 1>
ST_59 : Operation 919 [1/1] (0.00ns)   --->   "%br_ln79 = br i1 %icmp_ln79_30, void %._crit_edge7.3, void" [likelihood_kernel.cpp:79]   --->   Operation 919 'br' 'br_ln79' <Predicate = (icmp_ln70_3)> <Delay = 0.00>
ST_59 : Operation 920 [1/1] (0.00ns)   --->   "%p_Result_28_3 = partselect i64 @_ssdm_op_PartSelect.i64.i512.i32.i32, i512 %gmem0_addr_3_read, i32 384, i32 447"   --->   Operation 920 'partselect' 'p_Result_28_3' <Predicate = (icmp_ln70_3 & icmp_ln79_30)> <Delay = 0.00>
ST_59 : Operation 921 [1/1] (0.00ns)   --->   "%p_Result_29_3 = partselect i64 @_ssdm_op_PartSelect.i64.i512.i32.i32, i512 %gmem1_addr_3_read, i32 384, i32 447"   --->   Operation 921 'partselect' 'p_Result_29_3' <Predicate = (icmp_ln70_3 & icmp_ln79_30)> <Delay = 0.00>
ST_59 : Operation 922 [1/1] (0.00ns)   --->   "%bitcast_ln24_60 = bitcast i64 %p_Result_28_3" [likelihood_kernel.cpp:24]   --->   Operation 922 'bitcast' 'bitcast_ln24_60' <Predicate = (icmp_ln70_3 & icmp_ln79_30)> <Delay = 0.00>
ST_59 : Operation 923 [1/1] (1.20ns)   --->   "%store_ln83 = store i64 %bitcast_ln24_60, i4 %buffer_X_2_addr_7" [likelihood_kernel.cpp:83]   --->   Operation 923 'store' 'store_ln83' <Predicate = (icmp_ln70_3 & icmp_ln79_30)> <Delay = 1.20> <CoreInst = "RAM_2P_BRAM">   --->   Core 94 'RAM_2P_BRAM' <Latency = 1> <II = 1> <Delay = 1.20> <Storage> <Opcode : 'load' 'store'> <Ports = 2> <Width = 64> <Depth = 16> <RAM>
ST_59 : Operation 924 [1/1] (0.00ns)   --->   "%bitcast_ln24_61 = bitcast i64 %p_Result_29_3" [likelihood_kernel.cpp:24]   --->   Operation 924 'bitcast' 'bitcast_ln24_61' <Predicate = (icmp_ln70_3 & icmp_ln79_30)> <Delay = 0.00>
ST_59 : Operation 925 [1/1] (1.20ns)   --->   "%store_ln84 = store i64 %bitcast_ln24_61, i4 %buffer_Y_2_addr_7" [likelihood_kernel.cpp:84]   --->   Operation 925 'store' 'store_ln84' <Predicate = (icmp_ln70_3 & icmp_ln79_30)> <Delay = 1.20> <CoreInst = "RAM_2P_BRAM">   --->   Core 94 'RAM_2P_BRAM' <Latency = 1> <II = 1> <Delay = 1.20> <Storage> <Opcode : 'load' 'store'> <Ports = 2> <Width = 64> <Depth = 16> <RAM>
ST_59 : Operation 926 [1/1] (0.00ns)   --->   "%br_ln85 = br void %._crit_edge7.3" [likelihood_kernel.cpp:85]   --->   Operation 926 'br' 'br_ln85' <Predicate = (icmp_ln70_3 & icmp_ln79_30)> <Delay = 0.00>
ST_59 : Operation 927 [1/1] (0.00ns)   --->   "%tmp_10 = partselect i27 @_ssdm_op_PartSelect.i27.i32.i32.i32, i32 %tileSize, i32 5, i32 31" [likelihood_kernel.cpp:79]   --->   Operation 927 'partselect' 'tmp_10' <Predicate = (icmp_ln70_3)> <Delay = 0.00>
ST_59 : Operation 928 [1/1] (0.80ns)   --->   "%icmp_ln79_31 = icmp_sgt  i27 %tmp_10, i27 0" [likelihood_kernel.cpp:79]   --->   Operation 928 'icmp' 'icmp_ln79_31' <Predicate = (icmp_ln70_3)> <Delay = 0.80> <CoreInst = "Cmp">   --->   Core 9 'Cmp' <Latency = 0> <II = 1> <Delay = 0.82> <FuncUnit> <Opcode : 'icmp'> <InPorts = 2> <OutPorts = 1>
ST_59 : Operation 929 [1/1] (0.00ns)   --->   "%br_ln79 = br i1 %icmp_ln79_31, void %.split.4, void" [likelihood_kernel.cpp:79]   --->   Operation 929 'br' 'br_ln79' <Predicate = (icmp_ln70_3)> <Delay = 0.00>
ST_59 : Operation 930 [1/1] (0.00ns)   --->   "%p_Result_30_3 = partselect i64 @_ssdm_op_PartSelect.i64.i512.i32.i32, i512 %gmem0_addr_3_read, i32 448, i32 511"   --->   Operation 930 'partselect' 'p_Result_30_3' <Predicate = (icmp_ln70_3 & icmp_ln79_31)> <Delay = 0.00>
ST_59 : Operation 931 [1/1] (0.00ns)   --->   "%p_Result_31_3 = partselect i64 @_ssdm_op_PartSelect.i64.i512.i32.i32, i512 %gmem1_addr_3_read, i32 448, i32 511"   --->   Operation 931 'partselect' 'p_Result_31_3' <Predicate = (icmp_ln70_3 & icmp_ln79_31)> <Delay = 0.00>
ST_59 : Operation 932 [1/1] (0.00ns)   --->   "%bitcast_ln24_62 = bitcast i64 %p_Result_30_3" [likelihood_kernel.cpp:24]   --->   Operation 932 'bitcast' 'bitcast_ln24_62' <Predicate = (icmp_ln70_3 & icmp_ln79_31)> <Delay = 0.00>
ST_59 : Operation 933 [1/1] (1.20ns)   --->   "%store_ln83 = store i64 %bitcast_ln24_62, i4 %buffer_X_3_addr_7" [likelihood_kernel.cpp:83]   --->   Operation 933 'store' 'store_ln83' <Predicate = (icmp_ln70_3 & icmp_ln79_31)> <Delay = 1.20> <CoreInst = "RAM_2P_BRAM">   --->   Core 94 'RAM_2P_BRAM' <Latency = 1> <II = 1> <Delay = 1.20> <Storage> <Opcode : 'load' 'store'> <Ports = 2> <Width = 64> <Depth = 16> <RAM>
ST_59 : Operation 934 [1/1] (0.00ns)   --->   "%bitcast_ln24_63 = bitcast i64 %p_Result_31_3" [likelihood_kernel.cpp:24]   --->   Operation 934 'bitcast' 'bitcast_ln24_63' <Predicate = (icmp_ln70_3 & icmp_ln79_31)> <Delay = 0.00>
ST_59 : Operation 935 [1/1] (1.20ns)   --->   "%store_ln84 = store i64 %bitcast_ln24_63, i4 %buffer_Y_3_addr_7" [likelihood_kernel.cpp:84]   --->   Operation 935 'store' 'store_ln84' <Predicate = (icmp_ln70_3 & icmp_ln79_31)> <Delay = 1.20> <CoreInst = "RAM_2P_BRAM">   --->   Core 94 'RAM_2P_BRAM' <Latency = 1> <II = 1> <Delay = 1.20> <Storage> <Opcode : 'load' 'store'> <Ports = 2> <Width = 64> <Depth = 16> <RAM>
ST_59 : Operation 936 [1/1] (0.00ns)   --->   "%br_ln85 = br void %.split.4" [likelihood_kernel.cpp:85]   --->   Operation 936 'br' 'br_ln85' <Predicate = (icmp_ln70_3 & icmp_ln79_31)> <Delay = 0.00>
ST_59 : Operation 937 [1/1] (0.83ns)   --->   "%icmp_ln70_4 = icmp_sgt  i30 %num_words, i30 4" [likelihood_kernel.cpp:70]   --->   Operation 937 'icmp' 'icmp_ln70_4' <Predicate = true> <Delay = 0.83> <CoreInst = "Cmp">   --->   Core 9 'Cmp' <Latency = 0> <II = 1> <Delay = 0.82> <FuncUnit> <Opcode : 'icmp'> <InPorts = 2> <OutPorts = 1>
ST_59 : Operation 938 [1/1] (0.00ns)   --->   "%br_ln70 = br i1 %icmp_ln70_4, void %.split.5, void" [likelihood_kernel.cpp:70]   --->   Operation 938 'br' 'br_ln70' <Predicate = true> <Delay = 0.00>
ST_59 : Operation 939 [1/1] (0.00ns)   --->   "%or_ln71_3 = or i28 %tmp_2, i28 4" [likelihood_kernel.cpp:71]   --->   Operation 939 'or' 'or_ln71_3' <Predicate = (icmp_ln70_4)> <Delay = 0.00>
ST_59 : Operation 940 [1/1] (0.00ns)   --->   "%shl_ln71_4 = bitconcatenate i34 @_ssdm_op_BitConcatenate.i34.i28.i6, i28 %or_ln71_3, i6 0" [likelihood_kernel.cpp:71]   --->   Operation 940 'bitconcatenate' 'shl_ln71_4' <Predicate = (icmp_ln70_4)> <Delay = 0.00>
ST_59 : Operation 941 [1/1] (0.00ns)   --->   "%zext_ln71_4 = zext i34 %shl_ln71_4" [likelihood_kernel.cpp:71]   --->   Operation 941 'zext' 'zext_ln71_4' <Predicate = (icmp_ln70_4)> <Delay = 0.00>
ST_59 : Operation 942 [1/1] (1.14ns)   --->   "%add_ln71_4 = add i64 %zext_ln71_4, i64 %arrayX_read" [likelihood_kernel.cpp:71]   --->   Operation 942 'add' 'add_ln71_4' <Predicate = (icmp_ln70_4)> <Delay = 1.14> <CoreInst = "Adder">   --->   Core 1 'Adder' <Latency = 0> <II = 1> <Delay = 0.88> <FuncUnit> <Opcode : 'add' 'sub'> <InPorts = 2> <OutPorts = 1>
ST_59 : Operation 943 [1/1] (0.00ns)   --->   "%trunc_ln71_8 = partselect i58 @_ssdm_op_PartSelect.i58.i64.i32.i32, i64 %add_ln71_4, i32 6, i32 63" [likelihood_kernel.cpp:71]   --->   Operation 943 'partselect' 'trunc_ln71_8' <Predicate = (icmp_ln70_4)> <Delay = 0.00>
ST_59 : Operation 944 [1/1] (1.14ns)   --->   "%add_ln72_4 = add i64 %zext_ln71_4, i64 %arrayY_read" [likelihood_kernel.cpp:72]   --->   Operation 944 'add' 'add_ln72_4' <Predicate = (icmp_ln70_4)> <Delay = 1.14> <CoreInst = "Adder">   --->   Core 1 'Adder' <Latency = 0> <II = 1> <Delay = 0.88> <FuncUnit> <Opcode : 'add' 'sub'> <InPorts = 2> <OutPorts = 1>
ST_59 : Operation 945 [1/1] (0.00ns)   --->   "%trunc_ln72_4 = partselect i58 @_ssdm_op_PartSelect.i58.i64.i32.i32, i64 %add_ln72_4, i32 6, i32 63" [likelihood_kernel.cpp:72]   --->   Operation 945 'partselect' 'trunc_ln72_4' <Predicate = (icmp_ln70_4)> <Delay = 0.00>

State 60 <SV = 50> <Delay = 2.43>
ST_60 : Operation 946 [1/1] (0.00ns)   --->   "%sext_ln71_4 = sext i58 %trunc_ln71_8" [likelihood_kernel.cpp:71]   --->   Operation 946 'sext' 'sext_ln71_4' <Predicate = true> <Delay = 0.00>
ST_60 : Operation 947 [1/1] (0.00ns)   --->   "%gmem0_addr_4 = getelementptr i512 %gmem0, i64 %sext_ln71_4" [likelihood_kernel.cpp:71]   --->   Operation 947 'getelementptr' 'gmem0_addr_4' <Predicate = true> <Delay = 0.00>
ST_60 : Operation 948 [7/7] (2.43ns)   --->   "%gmem0_load_4_req = readreq i1 @_ssdm_op_ReadReq.m_axi.i512P1A, i512 %gmem0_addr_4, i32 1" [likelihood_kernel.cpp:71]   --->   Operation 948 'readreq' 'gmem0_load_4_req' <Predicate = true> <Delay = 2.43> <CoreInst = "m_axi">   --->   Core 121 'm_axi' <Latency = 6> <II = 1> <Delay = 1.00> <Adapter> <Opcode : 'read' 'write' 'readreq' 'writereq' 'writeresp'>
ST_60 : Operation 949 [1/1] (0.00ns)   --->   "%sext_ln72_4 = sext i58 %trunc_ln72_4" [likelihood_kernel.cpp:72]   --->   Operation 949 'sext' 'sext_ln72_4' <Predicate = true> <Delay = 0.00>
ST_60 : Operation 950 [1/1] (0.00ns)   --->   "%gmem1_addr_4 = getelementptr i512 %gmem1, i64 %sext_ln72_4" [likelihood_kernel.cpp:72]   --->   Operation 950 'getelementptr' 'gmem1_addr_4' <Predicate = true> <Delay = 0.00>
ST_60 : Operation 951 [7/7] (2.43ns)   --->   "%gmem1_load_4_req = readreq i1 @_ssdm_op_ReadReq.m_axi.i512P1A, i512 %gmem1_addr_4, i32 1" [likelihood_kernel.cpp:72]   --->   Operation 951 'readreq' 'gmem1_load_4_req' <Predicate = true> <Delay = 2.43> <CoreInst = "m_axi">   --->   Core 121 'm_axi' <Latency = 6> <II = 1> <Delay = 1.00> <Adapter> <Opcode : 'read' 'write' 'readreq' 'writereq' 'writeresp'>

State 61 <SV = 51> <Delay = 2.43>
ST_61 : Operation 952 [6/7] (2.43ns)   --->   "%gmem0_load_4_req = readreq i1 @_ssdm_op_ReadReq.m_axi.i512P1A, i512 %gmem0_addr_4, i32 1" [likelihood_kernel.cpp:71]   --->   Operation 952 'readreq' 'gmem0_load_4_req' <Predicate = true> <Delay = 2.43> <CoreInst = "m_axi">   --->   Core 121 'm_axi' <Latency = 6> <II = 1> <Delay = 1.00> <Adapter> <Opcode : 'read' 'write' 'readreq' 'writereq' 'writeresp'>
ST_61 : Operation 953 [6/7] (2.43ns)   --->   "%gmem1_load_4_req = readreq i1 @_ssdm_op_ReadReq.m_axi.i512P1A, i512 %gmem1_addr_4, i32 1" [likelihood_kernel.cpp:72]   --->   Operation 953 'readreq' 'gmem1_load_4_req' <Predicate = true> <Delay = 2.43> <CoreInst = "m_axi">   --->   Core 121 'm_axi' <Latency = 6> <II = 1> <Delay = 1.00> <Adapter> <Opcode : 'read' 'write' 'readreq' 'writereq' 'writeresp'>

State 62 <SV = 52> <Delay = 2.43>
ST_62 : Operation 954 [5/7] (2.43ns)   --->   "%gmem0_load_4_req = readreq i1 @_ssdm_op_ReadReq.m_axi.i512P1A, i512 %gmem0_addr_4, i32 1" [likelihood_kernel.cpp:71]   --->   Operation 954 'readreq' 'gmem0_load_4_req' <Predicate = true> <Delay = 2.43> <CoreInst = "m_axi">   --->   Core 121 'm_axi' <Latency = 6> <II = 1> <Delay = 1.00> <Adapter> <Opcode : 'read' 'write' 'readreq' 'writereq' 'writeresp'>
ST_62 : Operation 955 [5/7] (2.43ns)   --->   "%gmem1_load_4_req = readreq i1 @_ssdm_op_ReadReq.m_axi.i512P1A, i512 %gmem1_addr_4, i32 1" [likelihood_kernel.cpp:72]   --->   Operation 955 'readreq' 'gmem1_load_4_req' <Predicate = true> <Delay = 2.43> <CoreInst = "m_axi">   --->   Core 121 'm_axi' <Latency = 6> <II = 1> <Delay = 1.00> <Adapter> <Opcode : 'read' 'write' 'readreq' 'writereq' 'writeresp'>

State 63 <SV = 53> <Delay = 2.43>
ST_63 : Operation 956 [4/7] (2.43ns)   --->   "%gmem0_load_4_req = readreq i1 @_ssdm_op_ReadReq.m_axi.i512P1A, i512 %gmem0_addr_4, i32 1" [likelihood_kernel.cpp:71]   --->   Operation 956 'readreq' 'gmem0_load_4_req' <Predicate = true> <Delay = 2.43> <CoreInst = "m_axi">   --->   Core 121 'm_axi' <Latency = 6> <II = 1> <Delay = 1.00> <Adapter> <Opcode : 'read' 'write' 'readreq' 'writereq' 'writeresp'>
ST_63 : Operation 957 [4/7] (2.43ns)   --->   "%gmem1_load_4_req = readreq i1 @_ssdm_op_ReadReq.m_axi.i512P1A, i512 %gmem1_addr_4, i32 1" [likelihood_kernel.cpp:72]   --->   Operation 957 'readreq' 'gmem1_load_4_req' <Predicate = true> <Delay = 2.43> <CoreInst = "m_axi">   --->   Core 121 'm_axi' <Latency = 6> <II = 1> <Delay = 1.00> <Adapter> <Opcode : 'read' 'write' 'readreq' 'writereq' 'writeresp'>

State 64 <SV = 54> <Delay = 2.43>
ST_64 : Operation 958 [3/7] (2.43ns)   --->   "%gmem0_load_4_req = readreq i1 @_ssdm_op_ReadReq.m_axi.i512P1A, i512 %gmem0_addr_4, i32 1" [likelihood_kernel.cpp:71]   --->   Operation 958 'readreq' 'gmem0_load_4_req' <Predicate = true> <Delay = 2.43> <CoreInst = "m_axi">   --->   Core 121 'm_axi' <Latency = 6> <II = 1> <Delay = 1.00> <Adapter> <Opcode : 'read' 'write' 'readreq' 'writereq' 'writeresp'>
ST_64 : Operation 959 [3/7] (2.43ns)   --->   "%gmem1_load_4_req = readreq i1 @_ssdm_op_ReadReq.m_axi.i512P1A, i512 %gmem1_addr_4, i32 1" [likelihood_kernel.cpp:72]   --->   Operation 959 'readreq' 'gmem1_load_4_req' <Predicate = true> <Delay = 2.43> <CoreInst = "m_axi">   --->   Core 121 'm_axi' <Latency = 6> <II = 1> <Delay = 1.00> <Adapter> <Opcode : 'read' 'write' 'readreq' 'writereq' 'writeresp'>

State 65 <SV = 55> <Delay = 2.43>
ST_65 : Operation 960 [2/7] (2.43ns)   --->   "%gmem0_load_4_req = readreq i1 @_ssdm_op_ReadReq.m_axi.i512P1A, i512 %gmem0_addr_4, i32 1" [likelihood_kernel.cpp:71]   --->   Operation 960 'readreq' 'gmem0_load_4_req' <Predicate = true> <Delay = 2.43> <CoreInst = "m_axi">   --->   Core 121 'm_axi' <Latency = 6> <II = 1> <Delay = 1.00> <Adapter> <Opcode : 'read' 'write' 'readreq' 'writereq' 'writeresp'>
ST_65 : Operation 961 [2/7] (2.43ns)   --->   "%gmem1_load_4_req = readreq i1 @_ssdm_op_ReadReq.m_axi.i512P1A, i512 %gmem1_addr_4, i32 1" [likelihood_kernel.cpp:72]   --->   Operation 961 'readreq' 'gmem1_load_4_req' <Predicate = true> <Delay = 2.43> <CoreInst = "m_axi">   --->   Core 121 'm_axi' <Latency = 6> <II = 1> <Delay = 1.00> <Adapter> <Opcode : 'read' 'write' 'readreq' 'writereq' 'writeresp'>

State 66 <SV = 56> <Delay = 2.43>
ST_66 : Operation 962 [1/7] (2.43ns)   --->   "%gmem0_load_4_req = readreq i1 @_ssdm_op_ReadReq.m_axi.i512P1A, i512 %gmem0_addr_4, i32 1" [likelihood_kernel.cpp:71]   --->   Operation 962 'readreq' 'gmem0_load_4_req' <Predicate = true> <Delay = 2.43> <CoreInst = "m_axi">   --->   Core 121 'm_axi' <Latency = 6> <II = 1> <Delay = 1.00> <Adapter> <Opcode : 'read' 'write' 'readreq' 'writereq' 'writeresp'>
ST_66 : Operation 963 [1/7] (2.43ns)   --->   "%gmem1_load_4_req = readreq i1 @_ssdm_op_ReadReq.m_axi.i512P1A, i512 %gmem1_addr_4, i32 1" [likelihood_kernel.cpp:72]   --->   Operation 963 'readreq' 'gmem1_load_4_req' <Predicate = true> <Delay = 2.43> <CoreInst = "m_axi">   --->   Core 121 'm_axi' <Latency = 6> <II = 1> <Delay = 1.00> <Adapter> <Opcode : 'read' 'write' 'readreq' 'writereq' 'writeresp'>

State 67 <SV = 57> <Delay = 2.43>
ST_67 : Operation 964 [1/1] (2.43ns)   --->   "%gmem0_addr_4_read = read i512 @_ssdm_op_Read.m_axi.i512P1A, i512 %gmem0_addr_4" [likelihood_kernel.cpp:71]   --->   Operation 964 'read' 'gmem0_addr_4_read' <Predicate = true> <Delay = 2.43> <CoreInst = "m_axi">   --->   Core 121 'm_axi' <Latency = 6> <II = 1> <Delay = 1.00> <Adapter> <Opcode : 'read' 'write' 'readreq' 'writereq' 'writeresp'>
ST_67 : Operation 965 [1/1] (2.43ns)   --->   "%gmem1_addr_4_read = read i512 @_ssdm_op_Read.m_axi.i512P1A, i512 %gmem1_addr_4" [likelihood_kernel.cpp:72]   --->   Operation 965 'read' 'gmem1_addr_4_read' <Predicate = true> <Delay = 2.43> <CoreInst = "m_axi">   --->   Core 121 'm_axi' <Latency = 6> <II = 1> <Delay = 1.00> <Adapter> <Opcode : 'read' 'write' 'readreq' 'writereq' 'writeresp'>
ST_67 : Operation 966 [1/1] (0.85ns)   --->   "%icmp_ln79_32 = icmp_sgt  i32 %tileSize, i32 32" [likelihood_kernel.cpp:79]   --->   Operation 966 'icmp' 'icmp_ln79_32' <Predicate = true> <Delay = 0.85> <CoreInst = "Cmp">   --->   Core 9 'Cmp' <Latency = 0> <II = 1> <Delay = 0.82> <FuncUnit> <Opcode : 'icmp'> <InPorts = 2> <OutPorts = 1>
ST_67 : Operation 967 [1/1] (0.00ns)   --->   "%br_ln79 = br i1 %icmp_ln79_32, void %._crit_edge.4, void" [likelihood_kernel.cpp:79]   --->   Operation 967 'br' 'br_ln79' <Predicate = true> <Delay = 0.00>

State 68 <SV = 58> <Delay = 2.05>
ST_68 : Operation 968 [1/1] (0.00ns)   --->   "%trunc_ln708_8 = trunc i512 %gmem0_addr_4_read"   --->   Operation 968 'trunc' 'trunc_ln708_8' <Predicate = (icmp_ln79_32)> <Delay = 0.00>
ST_68 : Operation 969 [1/1] (0.00ns)   --->   "%trunc_ln708_9 = trunc i512 %gmem1_addr_4_read"   --->   Operation 969 'trunc' 'trunc_ln708_9' <Predicate = (icmp_ln79_32)> <Delay = 0.00>
ST_68 : Operation 970 [1/1] (0.00ns)   --->   "%bitcast_ln24_64 = bitcast i64 %trunc_ln708_8" [likelihood_kernel.cpp:24]   --->   Operation 970 'bitcast' 'bitcast_ln24_64' <Predicate = (icmp_ln79_32)> <Delay = 0.00>
ST_68 : Operation 971 [1/1] (1.20ns)   --->   "%store_ln83 = store i64 %bitcast_ln24_64, i4 %buffer_X_0_addr_8" [likelihood_kernel.cpp:83]   --->   Operation 971 'store' 'store_ln83' <Predicate = (icmp_ln79_32)> <Delay = 1.20> <CoreInst = "RAM_2P_BRAM">   --->   Core 94 'RAM_2P_BRAM' <Latency = 1> <II = 1> <Delay = 1.20> <Storage> <Opcode : 'load' 'store'> <Ports = 2> <Width = 64> <Depth = 16> <RAM>
ST_68 : Operation 972 [1/1] (0.00ns)   --->   "%bitcast_ln24_65 = bitcast i64 %trunc_ln708_9" [likelihood_kernel.cpp:24]   --->   Operation 972 'bitcast' 'bitcast_ln24_65' <Predicate = (icmp_ln79_32)> <Delay = 0.00>
ST_68 : Operation 973 [1/1] (1.20ns)   --->   "%store_ln84 = store i64 %bitcast_ln24_65, i4 %buffer_Y_0_addr_8" [likelihood_kernel.cpp:84]   --->   Operation 973 'store' 'store_ln84' <Predicate = (icmp_ln79_32)> <Delay = 1.20> <CoreInst = "RAM_2P_BRAM">   --->   Core 94 'RAM_2P_BRAM' <Latency = 1> <II = 1> <Delay = 1.20> <Storage> <Opcode : 'load' 'store'> <Ports = 2> <Width = 64> <Depth = 16> <RAM>
ST_68 : Operation 974 [1/1] (0.00ns)   --->   "%br_ln85 = br void %._crit_edge.4" [likelihood_kernel.cpp:85]   --->   Operation 974 'br' 'br_ln85' <Predicate = (icmp_ln79_32)> <Delay = 0.00>
ST_68 : Operation 975 [1/1] (0.85ns)   --->   "%icmp_ln79_33 = icmp_sgt  i32 %tileSize, i32 33" [likelihood_kernel.cpp:79]   --->   Operation 975 'icmp' 'icmp_ln79_33' <Predicate = true> <Delay = 0.85> <CoreInst = "Cmp">   --->   Core 9 'Cmp' <Latency = 0> <II = 1> <Delay = 0.82> <FuncUnit> <Opcode : 'icmp'> <InPorts = 2> <OutPorts = 1>
ST_68 : Operation 976 [1/1] (0.00ns)   --->   "%br_ln79 = br i1 %icmp_ln79_33, void %._crit_edge2.4, void" [likelihood_kernel.cpp:79]   --->   Operation 976 'br' 'br_ln79' <Predicate = true> <Delay = 0.00>
ST_68 : Operation 977 [1/1] (0.00ns)   --->   "%p_Result_10_4 = partselect i64 @_ssdm_op_PartSelect.i64.i512.i32.i32, i512 %gmem0_addr_4_read, i32 64, i32 127"   --->   Operation 977 'partselect' 'p_Result_10_4' <Predicate = (icmp_ln79_33)> <Delay = 0.00>
ST_68 : Operation 978 [1/1] (0.00ns)   --->   "%p_Result_11_4 = partselect i64 @_ssdm_op_PartSelect.i64.i512.i32.i32, i512 %gmem1_addr_4_read, i32 64, i32 127"   --->   Operation 978 'partselect' 'p_Result_11_4' <Predicate = (icmp_ln79_33)> <Delay = 0.00>
ST_68 : Operation 979 [1/1] (0.00ns)   --->   "%bitcast_ln24_66 = bitcast i64 %p_Result_10_4" [likelihood_kernel.cpp:24]   --->   Operation 979 'bitcast' 'bitcast_ln24_66' <Predicate = (icmp_ln79_33)> <Delay = 0.00>
ST_68 : Operation 980 [1/1] (1.20ns)   --->   "%store_ln83 = store i64 %bitcast_ln24_66, i4 %buffer_X_1_addr_8" [likelihood_kernel.cpp:83]   --->   Operation 980 'store' 'store_ln83' <Predicate = (icmp_ln79_33)> <Delay = 1.20> <CoreInst = "RAM_2P_BRAM">   --->   Core 94 'RAM_2P_BRAM' <Latency = 1> <II = 1> <Delay = 1.20> <Storage> <Opcode : 'load' 'store'> <Ports = 2> <Width = 64> <Depth = 16> <RAM>
ST_68 : Operation 981 [1/1] (0.00ns)   --->   "%bitcast_ln24_67 = bitcast i64 %p_Result_11_4" [likelihood_kernel.cpp:24]   --->   Operation 981 'bitcast' 'bitcast_ln24_67' <Predicate = (icmp_ln79_33)> <Delay = 0.00>
ST_68 : Operation 982 [1/1] (1.20ns)   --->   "%store_ln84 = store i64 %bitcast_ln24_67, i4 %buffer_Y_1_addr_8" [likelihood_kernel.cpp:84]   --->   Operation 982 'store' 'store_ln84' <Predicate = (icmp_ln79_33)> <Delay = 1.20> <CoreInst = "RAM_2P_BRAM">   --->   Core 94 'RAM_2P_BRAM' <Latency = 1> <II = 1> <Delay = 1.20> <Storage> <Opcode : 'load' 'store'> <Ports = 2> <Width = 64> <Depth = 16> <RAM>
ST_68 : Operation 983 [1/1] (0.00ns)   --->   "%br_ln85 = br void %._crit_edge2.4" [likelihood_kernel.cpp:85]   --->   Operation 983 'br' 'br_ln85' <Predicate = (icmp_ln79_33)> <Delay = 0.00>
ST_68 : Operation 984 [1/1] (0.85ns)   --->   "%icmp_ln79_34 = icmp_sgt  i32 %tileSize, i32 34" [likelihood_kernel.cpp:79]   --->   Operation 984 'icmp' 'icmp_ln79_34' <Predicate = true> <Delay = 0.85> <CoreInst = "Cmp">   --->   Core 9 'Cmp' <Latency = 0> <II = 1> <Delay = 0.82> <FuncUnit> <Opcode : 'icmp'> <InPorts = 2> <OutPorts = 1>
ST_68 : Operation 985 [1/1] (0.00ns)   --->   "%br_ln79 = br i1 %icmp_ln79_34, void %._crit_edge3.4, void" [likelihood_kernel.cpp:79]   --->   Operation 985 'br' 'br_ln79' <Predicate = true> <Delay = 0.00>
ST_68 : Operation 986 [1/1] (0.00ns)   --->   "%p_Result_12_4 = partselect i64 @_ssdm_op_PartSelect.i64.i512.i32.i32, i512 %gmem0_addr_4_read, i32 128, i32 191"   --->   Operation 986 'partselect' 'p_Result_12_4' <Predicate = (icmp_ln79_34)> <Delay = 0.00>
ST_68 : Operation 987 [1/1] (0.00ns)   --->   "%p_Result_13_4 = partselect i64 @_ssdm_op_PartSelect.i64.i512.i32.i32, i512 %gmem1_addr_4_read, i32 128, i32 191"   --->   Operation 987 'partselect' 'p_Result_13_4' <Predicate = (icmp_ln79_34)> <Delay = 0.00>
ST_68 : Operation 988 [1/1] (0.00ns)   --->   "%bitcast_ln24_68 = bitcast i64 %p_Result_12_4" [likelihood_kernel.cpp:24]   --->   Operation 988 'bitcast' 'bitcast_ln24_68' <Predicate = (icmp_ln79_34)> <Delay = 0.00>
ST_68 : Operation 989 [1/1] (1.20ns)   --->   "%store_ln83 = store i64 %bitcast_ln24_68, i4 %buffer_X_2_addr_8" [likelihood_kernel.cpp:83]   --->   Operation 989 'store' 'store_ln83' <Predicate = (icmp_ln79_34)> <Delay = 1.20> <CoreInst = "RAM_2P_BRAM">   --->   Core 94 'RAM_2P_BRAM' <Latency = 1> <II = 1> <Delay = 1.20> <Storage> <Opcode : 'load' 'store'> <Ports = 2> <Width = 64> <Depth = 16> <RAM>
ST_68 : Operation 990 [1/1] (0.00ns)   --->   "%bitcast_ln24_69 = bitcast i64 %p_Result_13_4" [likelihood_kernel.cpp:24]   --->   Operation 990 'bitcast' 'bitcast_ln24_69' <Predicate = (icmp_ln79_34)> <Delay = 0.00>
ST_68 : Operation 991 [1/1] (1.20ns)   --->   "%store_ln84 = store i64 %bitcast_ln24_69, i4 %buffer_Y_2_addr_8" [likelihood_kernel.cpp:84]   --->   Operation 991 'store' 'store_ln84' <Predicate = (icmp_ln79_34)> <Delay = 1.20> <CoreInst = "RAM_2P_BRAM">   --->   Core 94 'RAM_2P_BRAM' <Latency = 1> <II = 1> <Delay = 1.20> <Storage> <Opcode : 'load' 'store'> <Ports = 2> <Width = 64> <Depth = 16> <RAM>
ST_68 : Operation 992 [1/1] (0.00ns)   --->   "%br_ln85 = br void %._crit_edge3.4" [likelihood_kernel.cpp:85]   --->   Operation 992 'br' 'br_ln85' <Predicate = (icmp_ln79_34)> <Delay = 0.00>
ST_68 : Operation 993 [1/1] (0.85ns)   --->   "%icmp_ln79_35 = icmp_sgt  i32 %tileSize, i32 35" [likelihood_kernel.cpp:79]   --->   Operation 993 'icmp' 'icmp_ln79_35' <Predicate = true> <Delay = 0.85> <CoreInst = "Cmp">   --->   Core 9 'Cmp' <Latency = 0> <II = 1> <Delay = 0.82> <FuncUnit> <Opcode : 'icmp'> <InPorts = 2> <OutPorts = 1>
ST_68 : Operation 994 [1/1] (0.00ns)   --->   "%br_ln79 = br i1 %icmp_ln79_35, void %._crit_edge4.4, void" [likelihood_kernel.cpp:79]   --->   Operation 994 'br' 'br_ln79' <Predicate = true> <Delay = 0.00>
ST_68 : Operation 995 [1/1] (0.00ns)   --->   "%p_Result_22_4 = partselect i64 @_ssdm_op_PartSelect.i64.i512.i32.i32, i512 %gmem0_addr_4_read, i32 192, i32 255"   --->   Operation 995 'partselect' 'p_Result_22_4' <Predicate = (icmp_ln79_35)> <Delay = 0.00>
ST_68 : Operation 996 [1/1] (0.00ns)   --->   "%p_Result_23_4 = partselect i64 @_ssdm_op_PartSelect.i64.i512.i32.i32, i512 %gmem1_addr_4_read, i32 192, i32 255"   --->   Operation 996 'partselect' 'p_Result_23_4' <Predicate = (icmp_ln79_35)> <Delay = 0.00>
ST_68 : Operation 997 [1/1] (0.00ns)   --->   "%bitcast_ln24_70 = bitcast i64 %p_Result_22_4" [likelihood_kernel.cpp:24]   --->   Operation 997 'bitcast' 'bitcast_ln24_70' <Predicate = (icmp_ln79_35)> <Delay = 0.00>
ST_68 : Operation 998 [1/1] (1.20ns)   --->   "%store_ln83 = store i64 %bitcast_ln24_70, i4 %buffer_X_3_addr_8" [likelihood_kernel.cpp:83]   --->   Operation 998 'store' 'store_ln83' <Predicate = (icmp_ln79_35)> <Delay = 1.20> <CoreInst = "RAM_2P_BRAM">   --->   Core 94 'RAM_2P_BRAM' <Latency = 1> <II = 1> <Delay = 1.20> <Storage> <Opcode : 'load' 'store'> <Ports = 2> <Width = 64> <Depth = 16> <RAM>
ST_68 : Operation 999 [1/1] (0.00ns)   --->   "%bitcast_ln24_71 = bitcast i64 %p_Result_23_4" [likelihood_kernel.cpp:24]   --->   Operation 999 'bitcast' 'bitcast_ln24_71' <Predicate = (icmp_ln79_35)> <Delay = 0.00>
ST_68 : Operation 1000 [1/1] (1.20ns)   --->   "%store_ln84 = store i64 %bitcast_ln24_71, i4 %buffer_Y_3_addr_8" [likelihood_kernel.cpp:84]   --->   Operation 1000 'store' 'store_ln84' <Predicate = (icmp_ln79_35)> <Delay = 1.20> <CoreInst = "RAM_2P_BRAM">   --->   Core 94 'RAM_2P_BRAM' <Latency = 1> <II = 1> <Delay = 1.20> <Storage> <Opcode : 'load' 'store'> <Ports = 2> <Width = 64> <Depth = 16> <RAM>
ST_68 : Operation 1001 [1/1] (0.00ns)   --->   "%br_ln85 = br void %._crit_edge4.4" [likelihood_kernel.cpp:85]   --->   Operation 1001 'br' 'br_ln85' <Predicate = (icmp_ln79_35)> <Delay = 0.00>
ST_68 : Operation 1002 [1/1] (0.85ns)   --->   "%icmp_ln79_36 = icmp_sgt  i32 %tileSize, i32 36" [likelihood_kernel.cpp:79]   --->   Operation 1002 'icmp' 'icmp_ln79_36' <Predicate = true> <Delay = 0.85> <CoreInst = "Cmp">   --->   Core 9 'Cmp' <Latency = 0> <II = 1> <Delay = 0.82> <FuncUnit> <Opcode : 'icmp'> <InPorts = 2> <OutPorts = 1>
ST_68 : Operation 1003 [1/1] (0.00ns)   --->   "%br_ln79 = br i1 %icmp_ln79_36, void %._crit_edge5.4, void" [likelihood_kernel.cpp:79]   --->   Operation 1003 'br' 'br_ln79' <Predicate = true> <Delay = 0.00>

State 69 <SV = 59> <Delay = 2.05>
ST_69 : Operation 1004 [1/1] (0.00ns)   --->   "%p_Result_24_4 = partselect i64 @_ssdm_op_PartSelect.i64.i512.i32.i32, i512 %gmem0_addr_4_read, i32 256, i32 319"   --->   Operation 1004 'partselect' 'p_Result_24_4' <Predicate = (icmp_ln70_4 & icmp_ln79_36)> <Delay = 0.00>
ST_69 : Operation 1005 [1/1] (0.00ns)   --->   "%p_Result_25_4 = partselect i64 @_ssdm_op_PartSelect.i64.i512.i32.i32, i512 %gmem1_addr_4_read, i32 256, i32 319"   --->   Operation 1005 'partselect' 'p_Result_25_4' <Predicate = (icmp_ln70_4 & icmp_ln79_36)> <Delay = 0.00>
ST_69 : Operation 1006 [1/1] (0.00ns)   --->   "%bitcast_ln24_72 = bitcast i64 %p_Result_24_4" [likelihood_kernel.cpp:24]   --->   Operation 1006 'bitcast' 'bitcast_ln24_72' <Predicate = (icmp_ln70_4 & icmp_ln79_36)> <Delay = 0.00>
ST_69 : Operation 1007 [1/1] (1.20ns)   --->   "%store_ln83 = store i64 %bitcast_ln24_72, i4 %buffer_X_0_addr_9" [likelihood_kernel.cpp:83]   --->   Operation 1007 'store' 'store_ln83' <Predicate = (icmp_ln70_4 & icmp_ln79_36)> <Delay = 1.20> <CoreInst = "RAM_2P_BRAM">   --->   Core 94 'RAM_2P_BRAM' <Latency = 1> <II = 1> <Delay = 1.20> <Storage> <Opcode : 'load' 'store'> <Ports = 2> <Width = 64> <Depth = 16> <RAM>
ST_69 : Operation 1008 [1/1] (0.00ns)   --->   "%bitcast_ln24_73 = bitcast i64 %p_Result_25_4" [likelihood_kernel.cpp:24]   --->   Operation 1008 'bitcast' 'bitcast_ln24_73' <Predicate = (icmp_ln70_4 & icmp_ln79_36)> <Delay = 0.00>
ST_69 : Operation 1009 [1/1] (1.20ns)   --->   "%store_ln84 = store i64 %bitcast_ln24_73, i4 %buffer_Y_0_addr_9" [likelihood_kernel.cpp:84]   --->   Operation 1009 'store' 'store_ln84' <Predicate = (icmp_ln70_4 & icmp_ln79_36)> <Delay = 1.20> <CoreInst = "RAM_2P_BRAM">   --->   Core 94 'RAM_2P_BRAM' <Latency = 1> <II = 1> <Delay = 1.20> <Storage> <Opcode : 'load' 'store'> <Ports = 2> <Width = 64> <Depth = 16> <RAM>
ST_69 : Operation 1010 [1/1] (0.00ns)   --->   "%br_ln85 = br void %._crit_edge5.4" [likelihood_kernel.cpp:85]   --->   Operation 1010 'br' 'br_ln85' <Predicate = (icmp_ln70_4 & icmp_ln79_36)> <Delay = 0.00>
ST_69 : Operation 1011 [1/1] (0.85ns)   --->   "%icmp_ln79_37 = icmp_sgt  i32 %tileSize, i32 37" [likelihood_kernel.cpp:79]   --->   Operation 1011 'icmp' 'icmp_ln79_37' <Predicate = (icmp_ln70_4)> <Delay = 0.85> <CoreInst = "Cmp">   --->   Core 9 'Cmp' <Latency = 0> <II = 1> <Delay = 0.82> <FuncUnit> <Opcode : 'icmp'> <InPorts = 2> <OutPorts = 1>
ST_69 : Operation 1012 [1/1] (0.00ns)   --->   "%br_ln79 = br i1 %icmp_ln79_37, void %._crit_edge6.4, void" [likelihood_kernel.cpp:79]   --->   Operation 1012 'br' 'br_ln79' <Predicate = (icmp_ln70_4)> <Delay = 0.00>
ST_69 : Operation 1013 [1/1] (0.00ns)   --->   "%p_Result_26_4 = partselect i64 @_ssdm_op_PartSelect.i64.i512.i32.i32, i512 %gmem0_addr_4_read, i32 320, i32 383"   --->   Operation 1013 'partselect' 'p_Result_26_4' <Predicate = (icmp_ln70_4 & icmp_ln79_37)> <Delay = 0.00>
ST_69 : Operation 1014 [1/1] (0.00ns)   --->   "%p_Result_27_4 = partselect i64 @_ssdm_op_PartSelect.i64.i512.i32.i32, i512 %gmem1_addr_4_read, i32 320, i32 383"   --->   Operation 1014 'partselect' 'p_Result_27_4' <Predicate = (icmp_ln70_4 & icmp_ln79_37)> <Delay = 0.00>
ST_69 : Operation 1015 [1/1] (0.00ns)   --->   "%bitcast_ln24_74 = bitcast i64 %p_Result_26_4" [likelihood_kernel.cpp:24]   --->   Operation 1015 'bitcast' 'bitcast_ln24_74' <Predicate = (icmp_ln70_4 & icmp_ln79_37)> <Delay = 0.00>
ST_69 : Operation 1016 [1/1] (1.20ns)   --->   "%store_ln83 = store i64 %bitcast_ln24_74, i4 %buffer_X_1_addr_9" [likelihood_kernel.cpp:83]   --->   Operation 1016 'store' 'store_ln83' <Predicate = (icmp_ln70_4 & icmp_ln79_37)> <Delay = 1.20> <CoreInst = "RAM_2P_BRAM">   --->   Core 94 'RAM_2P_BRAM' <Latency = 1> <II = 1> <Delay = 1.20> <Storage> <Opcode : 'load' 'store'> <Ports = 2> <Width = 64> <Depth = 16> <RAM>
ST_69 : Operation 1017 [1/1] (0.00ns)   --->   "%bitcast_ln24_75 = bitcast i64 %p_Result_27_4" [likelihood_kernel.cpp:24]   --->   Operation 1017 'bitcast' 'bitcast_ln24_75' <Predicate = (icmp_ln70_4 & icmp_ln79_37)> <Delay = 0.00>
ST_69 : Operation 1018 [1/1] (1.20ns)   --->   "%store_ln84 = store i64 %bitcast_ln24_75, i4 %buffer_Y_1_addr_9" [likelihood_kernel.cpp:84]   --->   Operation 1018 'store' 'store_ln84' <Predicate = (icmp_ln70_4 & icmp_ln79_37)> <Delay = 1.20> <CoreInst = "RAM_2P_BRAM">   --->   Core 94 'RAM_2P_BRAM' <Latency = 1> <II = 1> <Delay = 1.20> <Storage> <Opcode : 'load' 'store'> <Ports = 2> <Width = 64> <Depth = 16> <RAM>
ST_69 : Operation 1019 [1/1] (0.00ns)   --->   "%br_ln85 = br void %._crit_edge6.4" [likelihood_kernel.cpp:85]   --->   Operation 1019 'br' 'br_ln85' <Predicate = (icmp_ln70_4 & icmp_ln79_37)> <Delay = 0.00>
ST_69 : Operation 1020 [1/1] (0.85ns)   --->   "%icmp_ln79_38 = icmp_sgt  i32 %tileSize, i32 38" [likelihood_kernel.cpp:79]   --->   Operation 1020 'icmp' 'icmp_ln79_38' <Predicate = (icmp_ln70_4)> <Delay = 0.85> <CoreInst = "Cmp">   --->   Core 9 'Cmp' <Latency = 0> <II = 1> <Delay = 0.82> <FuncUnit> <Opcode : 'icmp'> <InPorts = 2> <OutPorts = 1>
ST_69 : Operation 1021 [1/1] (0.00ns)   --->   "%br_ln79 = br i1 %icmp_ln79_38, void %._crit_edge7.4, void" [likelihood_kernel.cpp:79]   --->   Operation 1021 'br' 'br_ln79' <Predicate = (icmp_ln70_4)> <Delay = 0.00>
ST_69 : Operation 1022 [1/1] (0.00ns)   --->   "%p_Result_28_4 = partselect i64 @_ssdm_op_PartSelect.i64.i512.i32.i32, i512 %gmem0_addr_4_read, i32 384, i32 447"   --->   Operation 1022 'partselect' 'p_Result_28_4' <Predicate = (icmp_ln70_4 & icmp_ln79_38)> <Delay = 0.00>
ST_69 : Operation 1023 [1/1] (0.00ns)   --->   "%p_Result_29_4 = partselect i64 @_ssdm_op_PartSelect.i64.i512.i32.i32, i512 %gmem1_addr_4_read, i32 384, i32 447"   --->   Operation 1023 'partselect' 'p_Result_29_4' <Predicate = (icmp_ln70_4 & icmp_ln79_38)> <Delay = 0.00>
ST_69 : Operation 1024 [1/1] (0.00ns)   --->   "%bitcast_ln24_76 = bitcast i64 %p_Result_28_4" [likelihood_kernel.cpp:24]   --->   Operation 1024 'bitcast' 'bitcast_ln24_76' <Predicate = (icmp_ln70_4 & icmp_ln79_38)> <Delay = 0.00>
ST_69 : Operation 1025 [1/1] (1.20ns)   --->   "%store_ln83 = store i64 %bitcast_ln24_76, i4 %buffer_X_2_addr_9" [likelihood_kernel.cpp:83]   --->   Operation 1025 'store' 'store_ln83' <Predicate = (icmp_ln70_4 & icmp_ln79_38)> <Delay = 1.20> <CoreInst = "RAM_2P_BRAM">   --->   Core 94 'RAM_2P_BRAM' <Latency = 1> <II = 1> <Delay = 1.20> <Storage> <Opcode : 'load' 'store'> <Ports = 2> <Width = 64> <Depth = 16> <RAM>
ST_69 : Operation 1026 [1/1] (0.00ns)   --->   "%bitcast_ln24_77 = bitcast i64 %p_Result_29_4" [likelihood_kernel.cpp:24]   --->   Operation 1026 'bitcast' 'bitcast_ln24_77' <Predicate = (icmp_ln70_4 & icmp_ln79_38)> <Delay = 0.00>
ST_69 : Operation 1027 [1/1] (1.20ns)   --->   "%store_ln84 = store i64 %bitcast_ln24_77, i4 %buffer_Y_2_addr_9" [likelihood_kernel.cpp:84]   --->   Operation 1027 'store' 'store_ln84' <Predicate = (icmp_ln70_4 & icmp_ln79_38)> <Delay = 1.20> <CoreInst = "RAM_2P_BRAM">   --->   Core 94 'RAM_2P_BRAM' <Latency = 1> <II = 1> <Delay = 1.20> <Storage> <Opcode : 'load' 'store'> <Ports = 2> <Width = 64> <Depth = 16> <RAM>
ST_69 : Operation 1028 [1/1] (0.00ns)   --->   "%br_ln85 = br void %._crit_edge7.4" [likelihood_kernel.cpp:85]   --->   Operation 1028 'br' 'br_ln85' <Predicate = (icmp_ln70_4 & icmp_ln79_38)> <Delay = 0.00>
ST_69 : Operation 1029 [1/1] (0.85ns)   --->   "%icmp_ln79_39 = icmp_sgt  i32 %tileSize, i32 39" [likelihood_kernel.cpp:79]   --->   Operation 1029 'icmp' 'icmp_ln79_39' <Predicate = (icmp_ln70_4)> <Delay = 0.85> <CoreInst = "Cmp">   --->   Core 9 'Cmp' <Latency = 0> <II = 1> <Delay = 0.82> <FuncUnit> <Opcode : 'icmp'> <InPorts = 2> <OutPorts = 1>
ST_69 : Operation 1030 [1/1] (0.00ns)   --->   "%br_ln79 = br i1 %icmp_ln79_39, void %.split.5, void" [likelihood_kernel.cpp:79]   --->   Operation 1030 'br' 'br_ln79' <Predicate = (icmp_ln70_4)> <Delay = 0.00>
ST_69 : Operation 1031 [1/1] (0.00ns)   --->   "%p_Result_30_4 = partselect i64 @_ssdm_op_PartSelect.i64.i512.i32.i32, i512 %gmem0_addr_4_read, i32 448, i32 511"   --->   Operation 1031 'partselect' 'p_Result_30_4' <Predicate = (icmp_ln70_4 & icmp_ln79_39)> <Delay = 0.00>
ST_69 : Operation 1032 [1/1] (0.00ns)   --->   "%p_Result_31_4 = partselect i64 @_ssdm_op_PartSelect.i64.i512.i32.i32, i512 %gmem1_addr_4_read, i32 448, i32 511"   --->   Operation 1032 'partselect' 'p_Result_31_4' <Predicate = (icmp_ln70_4 & icmp_ln79_39)> <Delay = 0.00>
ST_69 : Operation 1033 [1/1] (0.00ns)   --->   "%bitcast_ln24_78 = bitcast i64 %p_Result_30_4" [likelihood_kernel.cpp:24]   --->   Operation 1033 'bitcast' 'bitcast_ln24_78' <Predicate = (icmp_ln70_4 & icmp_ln79_39)> <Delay = 0.00>
ST_69 : Operation 1034 [1/1] (1.20ns)   --->   "%store_ln83 = store i64 %bitcast_ln24_78, i4 %buffer_X_3_addr_9" [likelihood_kernel.cpp:83]   --->   Operation 1034 'store' 'store_ln83' <Predicate = (icmp_ln70_4 & icmp_ln79_39)> <Delay = 1.20> <CoreInst = "RAM_2P_BRAM">   --->   Core 94 'RAM_2P_BRAM' <Latency = 1> <II = 1> <Delay = 1.20> <Storage> <Opcode : 'load' 'store'> <Ports = 2> <Width = 64> <Depth = 16> <RAM>
ST_69 : Operation 1035 [1/1] (0.00ns)   --->   "%bitcast_ln24_79 = bitcast i64 %p_Result_31_4" [likelihood_kernel.cpp:24]   --->   Operation 1035 'bitcast' 'bitcast_ln24_79' <Predicate = (icmp_ln70_4 & icmp_ln79_39)> <Delay = 0.00>
ST_69 : Operation 1036 [1/1] (1.20ns)   --->   "%store_ln84 = store i64 %bitcast_ln24_79, i4 %buffer_Y_3_addr_9" [likelihood_kernel.cpp:84]   --->   Operation 1036 'store' 'store_ln84' <Predicate = (icmp_ln70_4 & icmp_ln79_39)> <Delay = 1.20> <CoreInst = "RAM_2P_BRAM">   --->   Core 94 'RAM_2P_BRAM' <Latency = 1> <II = 1> <Delay = 1.20> <Storage> <Opcode : 'load' 'store'> <Ports = 2> <Width = 64> <Depth = 16> <RAM>
ST_69 : Operation 1037 [1/1] (0.00ns)   --->   "%br_ln85 = br void %.split.5" [likelihood_kernel.cpp:85]   --->   Operation 1037 'br' 'br_ln85' <Predicate = (icmp_ln70_4 & icmp_ln79_39)> <Delay = 0.00>
ST_69 : Operation 1038 [1/1] (0.83ns)   --->   "%icmp_ln70_5 = icmp_sgt  i30 %num_words, i30 5" [likelihood_kernel.cpp:70]   --->   Operation 1038 'icmp' 'icmp_ln70_5' <Predicate = true> <Delay = 0.83> <CoreInst = "Cmp">   --->   Core 9 'Cmp' <Latency = 0> <II = 1> <Delay = 0.82> <FuncUnit> <Opcode : 'icmp'> <InPorts = 2> <OutPorts = 1>
ST_69 : Operation 1039 [1/1] (0.00ns)   --->   "%br_ln70 = br i1 %icmp_ln70_5, void %.split.6, void" [likelihood_kernel.cpp:70]   --->   Operation 1039 'br' 'br_ln70' <Predicate = true> <Delay = 0.00>
ST_69 : Operation 1040 [1/1] (0.00ns)   --->   "%or_ln71_4 = or i28 %tmp_2, i28 5" [likelihood_kernel.cpp:71]   --->   Operation 1040 'or' 'or_ln71_4' <Predicate = (icmp_ln70_5)> <Delay = 0.00>
ST_69 : Operation 1041 [1/1] (0.00ns)   --->   "%shl_ln71_5 = bitconcatenate i34 @_ssdm_op_BitConcatenate.i34.i28.i6, i28 %or_ln71_4, i6 0" [likelihood_kernel.cpp:71]   --->   Operation 1041 'bitconcatenate' 'shl_ln71_5' <Predicate = (icmp_ln70_5)> <Delay = 0.00>
ST_69 : Operation 1042 [1/1] (0.00ns)   --->   "%zext_ln71_5 = zext i34 %shl_ln71_5" [likelihood_kernel.cpp:71]   --->   Operation 1042 'zext' 'zext_ln71_5' <Predicate = (icmp_ln70_5)> <Delay = 0.00>
ST_69 : Operation 1043 [1/1] (1.14ns)   --->   "%add_ln71_5 = add i64 %zext_ln71_5, i64 %arrayX_read" [likelihood_kernel.cpp:71]   --->   Operation 1043 'add' 'add_ln71_5' <Predicate = (icmp_ln70_5)> <Delay = 1.14> <CoreInst = "Adder">   --->   Core 1 'Adder' <Latency = 0> <II = 1> <Delay = 0.88> <FuncUnit> <Opcode : 'add' 'sub'> <InPorts = 2> <OutPorts = 1>
ST_69 : Operation 1044 [1/1] (0.00ns)   --->   "%trunc_ln71_s = partselect i58 @_ssdm_op_PartSelect.i58.i64.i32.i32, i64 %add_ln71_5, i32 6, i32 63" [likelihood_kernel.cpp:71]   --->   Operation 1044 'partselect' 'trunc_ln71_s' <Predicate = (icmp_ln70_5)> <Delay = 0.00>
ST_69 : Operation 1045 [1/1] (1.14ns)   --->   "%add_ln72_5 = add i64 %zext_ln71_5, i64 %arrayY_read" [likelihood_kernel.cpp:72]   --->   Operation 1045 'add' 'add_ln72_5' <Predicate = (icmp_ln70_5)> <Delay = 1.14> <CoreInst = "Adder">   --->   Core 1 'Adder' <Latency = 0> <II = 1> <Delay = 0.88> <FuncUnit> <Opcode : 'add' 'sub'> <InPorts = 2> <OutPorts = 1>
ST_69 : Operation 1046 [1/1] (0.00ns)   --->   "%trunc_ln72_5 = partselect i58 @_ssdm_op_PartSelect.i58.i64.i32.i32, i64 %add_ln72_5, i32 6, i32 63" [likelihood_kernel.cpp:72]   --->   Operation 1046 'partselect' 'trunc_ln72_5' <Predicate = (icmp_ln70_5)> <Delay = 0.00>

State 70 <SV = 60> <Delay = 2.43>
ST_70 : Operation 1047 [1/1] (0.00ns)   --->   "%sext_ln71_5 = sext i58 %trunc_ln71_s" [likelihood_kernel.cpp:71]   --->   Operation 1047 'sext' 'sext_ln71_5' <Predicate = true> <Delay = 0.00>
ST_70 : Operation 1048 [1/1] (0.00ns)   --->   "%gmem0_addr_5 = getelementptr i512 %gmem0, i64 %sext_ln71_5" [likelihood_kernel.cpp:71]   --->   Operation 1048 'getelementptr' 'gmem0_addr_5' <Predicate = true> <Delay = 0.00>
ST_70 : Operation 1049 [7/7] (2.43ns)   --->   "%gmem0_load_5_req = readreq i1 @_ssdm_op_ReadReq.m_axi.i512P1A, i512 %gmem0_addr_5, i32 1" [likelihood_kernel.cpp:71]   --->   Operation 1049 'readreq' 'gmem0_load_5_req' <Predicate = true> <Delay = 2.43> <CoreInst = "m_axi">   --->   Core 121 'm_axi' <Latency = 6> <II = 1> <Delay = 1.00> <Adapter> <Opcode : 'read' 'write' 'readreq' 'writereq' 'writeresp'>
ST_70 : Operation 1050 [1/1] (0.00ns)   --->   "%sext_ln72_5 = sext i58 %trunc_ln72_5" [likelihood_kernel.cpp:72]   --->   Operation 1050 'sext' 'sext_ln72_5' <Predicate = true> <Delay = 0.00>
ST_70 : Operation 1051 [1/1] (0.00ns)   --->   "%gmem1_addr_5 = getelementptr i512 %gmem1, i64 %sext_ln72_5" [likelihood_kernel.cpp:72]   --->   Operation 1051 'getelementptr' 'gmem1_addr_5' <Predicate = true> <Delay = 0.00>
ST_70 : Operation 1052 [7/7] (2.43ns)   --->   "%gmem1_load_5_req = readreq i1 @_ssdm_op_ReadReq.m_axi.i512P1A, i512 %gmem1_addr_5, i32 1" [likelihood_kernel.cpp:72]   --->   Operation 1052 'readreq' 'gmem1_load_5_req' <Predicate = true> <Delay = 2.43> <CoreInst = "m_axi">   --->   Core 121 'm_axi' <Latency = 6> <II = 1> <Delay = 1.00> <Adapter> <Opcode : 'read' 'write' 'readreq' 'writereq' 'writeresp'>

State 71 <SV = 61> <Delay = 2.43>
ST_71 : Operation 1053 [6/7] (2.43ns)   --->   "%gmem0_load_5_req = readreq i1 @_ssdm_op_ReadReq.m_axi.i512P1A, i512 %gmem0_addr_5, i32 1" [likelihood_kernel.cpp:71]   --->   Operation 1053 'readreq' 'gmem0_load_5_req' <Predicate = true> <Delay = 2.43> <CoreInst = "m_axi">   --->   Core 121 'm_axi' <Latency = 6> <II = 1> <Delay = 1.00> <Adapter> <Opcode : 'read' 'write' 'readreq' 'writereq' 'writeresp'>
ST_71 : Operation 1054 [6/7] (2.43ns)   --->   "%gmem1_load_5_req = readreq i1 @_ssdm_op_ReadReq.m_axi.i512P1A, i512 %gmem1_addr_5, i32 1" [likelihood_kernel.cpp:72]   --->   Operation 1054 'readreq' 'gmem1_load_5_req' <Predicate = true> <Delay = 2.43> <CoreInst = "m_axi">   --->   Core 121 'm_axi' <Latency = 6> <II = 1> <Delay = 1.00> <Adapter> <Opcode : 'read' 'write' 'readreq' 'writereq' 'writeresp'>

State 72 <SV = 62> <Delay = 2.43>
ST_72 : Operation 1055 [5/7] (2.43ns)   --->   "%gmem0_load_5_req = readreq i1 @_ssdm_op_ReadReq.m_axi.i512P1A, i512 %gmem0_addr_5, i32 1" [likelihood_kernel.cpp:71]   --->   Operation 1055 'readreq' 'gmem0_load_5_req' <Predicate = true> <Delay = 2.43> <CoreInst = "m_axi">   --->   Core 121 'm_axi' <Latency = 6> <II = 1> <Delay = 1.00> <Adapter> <Opcode : 'read' 'write' 'readreq' 'writereq' 'writeresp'>
ST_72 : Operation 1056 [5/7] (2.43ns)   --->   "%gmem1_load_5_req = readreq i1 @_ssdm_op_ReadReq.m_axi.i512P1A, i512 %gmem1_addr_5, i32 1" [likelihood_kernel.cpp:72]   --->   Operation 1056 'readreq' 'gmem1_load_5_req' <Predicate = true> <Delay = 2.43> <CoreInst = "m_axi">   --->   Core 121 'm_axi' <Latency = 6> <II = 1> <Delay = 1.00> <Adapter> <Opcode : 'read' 'write' 'readreq' 'writereq' 'writeresp'>

State 73 <SV = 63> <Delay = 2.43>
ST_73 : Operation 1057 [4/7] (2.43ns)   --->   "%gmem0_load_5_req = readreq i1 @_ssdm_op_ReadReq.m_axi.i512P1A, i512 %gmem0_addr_5, i32 1" [likelihood_kernel.cpp:71]   --->   Operation 1057 'readreq' 'gmem0_load_5_req' <Predicate = true> <Delay = 2.43> <CoreInst = "m_axi">   --->   Core 121 'm_axi' <Latency = 6> <II = 1> <Delay = 1.00> <Adapter> <Opcode : 'read' 'write' 'readreq' 'writereq' 'writeresp'>
ST_73 : Operation 1058 [4/7] (2.43ns)   --->   "%gmem1_load_5_req = readreq i1 @_ssdm_op_ReadReq.m_axi.i512P1A, i512 %gmem1_addr_5, i32 1" [likelihood_kernel.cpp:72]   --->   Operation 1058 'readreq' 'gmem1_load_5_req' <Predicate = true> <Delay = 2.43> <CoreInst = "m_axi">   --->   Core 121 'm_axi' <Latency = 6> <II = 1> <Delay = 1.00> <Adapter> <Opcode : 'read' 'write' 'readreq' 'writereq' 'writeresp'>

State 74 <SV = 64> <Delay = 2.43>
ST_74 : Operation 1059 [3/7] (2.43ns)   --->   "%gmem0_load_5_req = readreq i1 @_ssdm_op_ReadReq.m_axi.i512P1A, i512 %gmem0_addr_5, i32 1" [likelihood_kernel.cpp:71]   --->   Operation 1059 'readreq' 'gmem0_load_5_req' <Predicate = true> <Delay = 2.43> <CoreInst = "m_axi">   --->   Core 121 'm_axi' <Latency = 6> <II = 1> <Delay = 1.00> <Adapter> <Opcode : 'read' 'write' 'readreq' 'writereq' 'writeresp'>
ST_74 : Operation 1060 [3/7] (2.43ns)   --->   "%gmem1_load_5_req = readreq i1 @_ssdm_op_ReadReq.m_axi.i512P1A, i512 %gmem1_addr_5, i32 1" [likelihood_kernel.cpp:72]   --->   Operation 1060 'readreq' 'gmem1_load_5_req' <Predicate = true> <Delay = 2.43> <CoreInst = "m_axi">   --->   Core 121 'm_axi' <Latency = 6> <II = 1> <Delay = 1.00> <Adapter> <Opcode : 'read' 'write' 'readreq' 'writereq' 'writeresp'>

State 75 <SV = 65> <Delay = 2.43>
ST_75 : Operation 1061 [2/7] (2.43ns)   --->   "%gmem0_load_5_req = readreq i1 @_ssdm_op_ReadReq.m_axi.i512P1A, i512 %gmem0_addr_5, i32 1" [likelihood_kernel.cpp:71]   --->   Operation 1061 'readreq' 'gmem0_load_5_req' <Predicate = true> <Delay = 2.43> <CoreInst = "m_axi">   --->   Core 121 'm_axi' <Latency = 6> <II = 1> <Delay = 1.00> <Adapter> <Opcode : 'read' 'write' 'readreq' 'writereq' 'writeresp'>
ST_75 : Operation 1062 [2/7] (2.43ns)   --->   "%gmem1_load_5_req = readreq i1 @_ssdm_op_ReadReq.m_axi.i512P1A, i512 %gmem1_addr_5, i32 1" [likelihood_kernel.cpp:72]   --->   Operation 1062 'readreq' 'gmem1_load_5_req' <Predicate = true> <Delay = 2.43> <CoreInst = "m_axi">   --->   Core 121 'm_axi' <Latency = 6> <II = 1> <Delay = 1.00> <Adapter> <Opcode : 'read' 'write' 'readreq' 'writereq' 'writeresp'>

State 76 <SV = 66> <Delay = 2.43>
ST_76 : Operation 1063 [1/7] (2.43ns)   --->   "%gmem0_load_5_req = readreq i1 @_ssdm_op_ReadReq.m_axi.i512P1A, i512 %gmem0_addr_5, i32 1" [likelihood_kernel.cpp:71]   --->   Operation 1063 'readreq' 'gmem0_load_5_req' <Predicate = true> <Delay = 2.43> <CoreInst = "m_axi">   --->   Core 121 'm_axi' <Latency = 6> <II = 1> <Delay = 1.00> <Adapter> <Opcode : 'read' 'write' 'readreq' 'writereq' 'writeresp'>
ST_76 : Operation 1064 [1/7] (2.43ns)   --->   "%gmem1_load_5_req = readreq i1 @_ssdm_op_ReadReq.m_axi.i512P1A, i512 %gmem1_addr_5, i32 1" [likelihood_kernel.cpp:72]   --->   Operation 1064 'readreq' 'gmem1_load_5_req' <Predicate = true> <Delay = 2.43> <CoreInst = "m_axi">   --->   Core 121 'm_axi' <Latency = 6> <II = 1> <Delay = 1.00> <Adapter> <Opcode : 'read' 'write' 'readreq' 'writereq' 'writeresp'>

State 77 <SV = 67> <Delay = 2.43>
ST_77 : Operation 1065 [1/1] (2.43ns)   --->   "%gmem0_addr_5_read = read i512 @_ssdm_op_Read.m_axi.i512P1A, i512 %gmem0_addr_5" [likelihood_kernel.cpp:71]   --->   Operation 1065 'read' 'gmem0_addr_5_read' <Predicate = true> <Delay = 2.43> <CoreInst = "m_axi">   --->   Core 121 'm_axi' <Latency = 6> <II = 1> <Delay = 1.00> <Adapter> <Opcode : 'read' 'write' 'readreq' 'writereq' 'writeresp'>
ST_77 : Operation 1066 [1/1] (2.43ns)   --->   "%gmem1_addr_5_read = read i512 @_ssdm_op_Read.m_axi.i512P1A, i512 %gmem1_addr_5" [likelihood_kernel.cpp:72]   --->   Operation 1066 'read' 'gmem1_addr_5_read' <Predicate = true> <Delay = 2.43> <CoreInst = "m_axi">   --->   Core 121 'm_axi' <Latency = 6> <II = 1> <Delay = 1.00> <Adapter> <Opcode : 'read' 'write' 'readreq' 'writereq' 'writeresp'>
ST_77 : Operation 1067 [1/1] (0.85ns)   --->   "%icmp_ln79_40 = icmp_sgt  i32 %tileSize, i32 40" [likelihood_kernel.cpp:79]   --->   Operation 1067 'icmp' 'icmp_ln79_40' <Predicate = true> <Delay = 0.85> <CoreInst = "Cmp">   --->   Core 9 'Cmp' <Latency = 0> <II = 1> <Delay = 0.82> <FuncUnit> <Opcode : 'icmp'> <InPorts = 2> <OutPorts = 1>
ST_77 : Operation 1068 [1/1] (0.00ns)   --->   "%br_ln79 = br i1 %icmp_ln79_40, void %._crit_edge.5, void" [likelihood_kernel.cpp:79]   --->   Operation 1068 'br' 'br_ln79' <Predicate = true> <Delay = 0.00>

State 78 <SV = 68> <Delay = 2.05>
ST_78 : Operation 1069 [1/1] (0.00ns)   --->   "%trunc_ln708_10 = trunc i512 %gmem0_addr_5_read"   --->   Operation 1069 'trunc' 'trunc_ln708_10' <Predicate = (icmp_ln79_40)> <Delay = 0.00>
ST_78 : Operation 1070 [1/1] (0.00ns)   --->   "%trunc_ln708_11 = trunc i512 %gmem1_addr_5_read"   --->   Operation 1070 'trunc' 'trunc_ln708_11' <Predicate = (icmp_ln79_40)> <Delay = 0.00>
ST_78 : Operation 1071 [1/1] (0.00ns)   --->   "%bitcast_ln24_80 = bitcast i64 %trunc_ln708_10" [likelihood_kernel.cpp:24]   --->   Operation 1071 'bitcast' 'bitcast_ln24_80' <Predicate = (icmp_ln79_40)> <Delay = 0.00>
ST_78 : Operation 1072 [1/1] (1.20ns)   --->   "%store_ln83 = store i64 %bitcast_ln24_80, i4 %buffer_X_0_addr_10" [likelihood_kernel.cpp:83]   --->   Operation 1072 'store' 'store_ln83' <Predicate = (icmp_ln79_40)> <Delay = 1.20> <CoreInst = "RAM_2P_BRAM">   --->   Core 94 'RAM_2P_BRAM' <Latency = 1> <II = 1> <Delay = 1.20> <Storage> <Opcode : 'load' 'store'> <Ports = 2> <Width = 64> <Depth = 16> <RAM>
ST_78 : Operation 1073 [1/1] (0.00ns)   --->   "%bitcast_ln24_81 = bitcast i64 %trunc_ln708_11" [likelihood_kernel.cpp:24]   --->   Operation 1073 'bitcast' 'bitcast_ln24_81' <Predicate = (icmp_ln79_40)> <Delay = 0.00>
ST_78 : Operation 1074 [1/1] (1.20ns)   --->   "%store_ln84 = store i64 %bitcast_ln24_81, i4 %buffer_Y_0_addr_10" [likelihood_kernel.cpp:84]   --->   Operation 1074 'store' 'store_ln84' <Predicate = (icmp_ln79_40)> <Delay = 1.20> <CoreInst = "RAM_2P_BRAM">   --->   Core 94 'RAM_2P_BRAM' <Latency = 1> <II = 1> <Delay = 1.20> <Storage> <Opcode : 'load' 'store'> <Ports = 2> <Width = 64> <Depth = 16> <RAM>
ST_78 : Operation 1075 [1/1] (0.00ns)   --->   "%br_ln85 = br void %._crit_edge.5" [likelihood_kernel.cpp:85]   --->   Operation 1075 'br' 'br_ln85' <Predicate = (icmp_ln79_40)> <Delay = 0.00>
ST_78 : Operation 1076 [1/1] (0.85ns)   --->   "%icmp_ln79_41 = icmp_sgt  i32 %tileSize, i32 41" [likelihood_kernel.cpp:79]   --->   Operation 1076 'icmp' 'icmp_ln79_41' <Predicate = true> <Delay = 0.85> <CoreInst = "Cmp">   --->   Core 9 'Cmp' <Latency = 0> <II = 1> <Delay = 0.82> <FuncUnit> <Opcode : 'icmp'> <InPorts = 2> <OutPorts = 1>
ST_78 : Operation 1077 [1/1] (0.00ns)   --->   "%br_ln79 = br i1 %icmp_ln79_41, void %._crit_edge2.5, void" [likelihood_kernel.cpp:79]   --->   Operation 1077 'br' 'br_ln79' <Predicate = true> <Delay = 0.00>
ST_78 : Operation 1078 [1/1] (0.00ns)   --->   "%p_Result_10_5 = partselect i64 @_ssdm_op_PartSelect.i64.i512.i32.i32, i512 %gmem0_addr_5_read, i32 64, i32 127"   --->   Operation 1078 'partselect' 'p_Result_10_5' <Predicate = (icmp_ln79_41)> <Delay = 0.00>
ST_78 : Operation 1079 [1/1] (0.00ns)   --->   "%p_Result_11_5 = partselect i64 @_ssdm_op_PartSelect.i64.i512.i32.i32, i512 %gmem1_addr_5_read, i32 64, i32 127"   --->   Operation 1079 'partselect' 'p_Result_11_5' <Predicate = (icmp_ln79_41)> <Delay = 0.00>
ST_78 : Operation 1080 [1/1] (0.00ns)   --->   "%bitcast_ln24_82 = bitcast i64 %p_Result_10_5" [likelihood_kernel.cpp:24]   --->   Operation 1080 'bitcast' 'bitcast_ln24_82' <Predicate = (icmp_ln79_41)> <Delay = 0.00>
ST_78 : Operation 1081 [1/1] (1.20ns)   --->   "%store_ln83 = store i64 %bitcast_ln24_82, i4 %buffer_X_1_addr_10" [likelihood_kernel.cpp:83]   --->   Operation 1081 'store' 'store_ln83' <Predicate = (icmp_ln79_41)> <Delay = 1.20> <CoreInst = "RAM_2P_BRAM">   --->   Core 94 'RAM_2P_BRAM' <Latency = 1> <II = 1> <Delay = 1.20> <Storage> <Opcode : 'load' 'store'> <Ports = 2> <Width = 64> <Depth = 16> <RAM>
ST_78 : Operation 1082 [1/1] (0.00ns)   --->   "%bitcast_ln24_83 = bitcast i64 %p_Result_11_5" [likelihood_kernel.cpp:24]   --->   Operation 1082 'bitcast' 'bitcast_ln24_83' <Predicate = (icmp_ln79_41)> <Delay = 0.00>
ST_78 : Operation 1083 [1/1] (1.20ns)   --->   "%store_ln84 = store i64 %bitcast_ln24_83, i4 %buffer_Y_1_addr_10" [likelihood_kernel.cpp:84]   --->   Operation 1083 'store' 'store_ln84' <Predicate = (icmp_ln79_41)> <Delay = 1.20> <CoreInst = "RAM_2P_BRAM">   --->   Core 94 'RAM_2P_BRAM' <Latency = 1> <II = 1> <Delay = 1.20> <Storage> <Opcode : 'load' 'store'> <Ports = 2> <Width = 64> <Depth = 16> <RAM>
ST_78 : Operation 1084 [1/1] (0.00ns)   --->   "%br_ln85 = br void %._crit_edge2.5" [likelihood_kernel.cpp:85]   --->   Operation 1084 'br' 'br_ln85' <Predicate = (icmp_ln79_41)> <Delay = 0.00>
ST_78 : Operation 1085 [1/1] (0.85ns)   --->   "%icmp_ln79_42 = icmp_sgt  i32 %tileSize, i32 42" [likelihood_kernel.cpp:79]   --->   Operation 1085 'icmp' 'icmp_ln79_42' <Predicate = true> <Delay = 0.85> <CoreInst = "Cmp">   --->   Core 9 'Cmp' <Latency = 0> <II = 1> <Delay = 0.82> <FuncUnit> <Opcode : 'icmp'> <InPorts = 2> <OutPorts = 1>
ST_78 : Operation 1086 [1/1] (0.00ns)   --->   "%br_ln79 = br i1 %icmp_ln79_42, void %._crit_edge3.5, void" [likelihood_kernel.cpp:79]   --->   Operation 1086 'br' 'br_ln79' <Predicate = true> <Delay = 0.00>
ST_78 : Operation 1087 [1/1] (0.00ns)   --->   "%p_Result_12_5 = partselect i64 @_ssdm_op_PartSelect.i64.i512.i32.i32, i512 %gmem0_addr_5_read, i32 128, i32 191"   --->   Operation 1087 'partselect' 'p_Result_12_5' <Predicate = (icmp_ln79_42)> <Delay = 0.00>
ST_78 : Operation 1088 [1/1] (0.00ns)   --->   "%p_Result_13_5 = partselect i64 @_ssdm_op_PartSelect.i64.i512.i32.i32, i512 %gmem1_addr_5_read, i32 128, i32 191"   --->   Operation 1088 'partselect' 'p_Result_13_5' <Predicate = (icmp_ln79_42)> <Delay = 0.00>
ST_78 : Operation 1089 [1/1] (0.00ns)   --->   "%bitcast_ln24_84 = bitcast i64 %p_Result_12_5" [likelihood_kernel.cpp:24]   --->   Operation 1089 'bitcast' 'bitcast_ln24_84' <Predicate = (icmp_ln79_42)> <Delay = 0.00>
ST_78 : Operation 1090 [1/1] (1.20ns)   --->   "%store_ln83 = store i64 %bitcast_ln24_84, i4 %buffer_X_2_addr_10" [likelihood_kernel.cpp:83]   --->   Operation 1090 'store' 'store_ln83' <Predicate = (icmp_ln79_42)> <Delay = 1.20> <CoreInst = "RAM_2P_BRAM">   --->   Core 94 'RAM_2P_BRAM' <Latency = 1> <II = 1> <Delay = 1.20> <Storage> <Opcode : 'load' 'store'> <Ports = 2> <Width = 64> <Depth = 16> <RAM>
ST_78 : Operation 1091 [1/1] (0.00ns)   --->   "%bitcast_ln24_85 = bitcast i64 %p_Result_13_5" [likelihood_kernel.cpp:24]   --->   Operation 1091 'bitcast' 'bitcast_ln24_85' <Predicate = (icmp_ln79_42)> <Delay = 0.00>
ST_78 : Operation 1092 [1/1] (1.20ns)   --->   "%store_ln84 = store i64 %bitcast_ln24_85, i4 %buffer_Y_2_addr_10" [likelihood_kernel.cpp:84]   --->   Operation 1092 'store' 'store_ln84' <Predicate = (icmp_ln79_42)> <Delay = 1.20> <CoreInst = "RAM_2P_BRAM">   --->   Core 94 'RAM_2P_BRAM' <Latency = 1> <II = 1> <Delay = 1.20> <Storage> <Opcode : 'load' 'store'> <Ports = 2> <Width = 64> <Depth = 16> <RAM>
ST_78 : Operation 1093 [1/1] (0.00ns)   --->   "%br_ln85 = br void %._crit_edge3.5" [likelihood_kernel.cpp:85]   --->   Operation 1093 'br' 'br_ln85' <Predicate = (icmp_ln79_42)> <Delay = 0.00>
ST_78 : Operation 1094 [1/1] (0.85ns)   --->   "%icmp_ln79_43 = icmp_sgt  i32 %tileSize, i32 43" [likelihood_kernel.cpp:79]   --->   Operation 1094 'icmp' 'icmp_ln79_43' <Predicate = true> <Delay = 0.85> <CoreInst = "Cmp">   --->   Core 9 'Cmp' <Latency = 0> <II = 1> <Delay = 0.82> <FuncUnit> <Opcode : 'icmp'> <InPorts = 2> <OutPorts = 1>
ST_78 : Operation 1095 [1/1] (0.00ns)   --->   "%br_ln79 = br i1 %icmp_ln79_43, void %._crit_edge4.5, void" [likelihood_kernel.cpp:79]   --->   Operation 1095 'br' 'br_ln79' <Predicate = true> <Delay = 0.00>
ST_78 : Operation 1096 [1/1] (0.00ns)   --->   "%p_Result_22_5 = partselect i64 @_ssdm_op_PartSelect.i64.i512.i32.i32, i512 %gmem0_addr_5_read, i32 192, i32 255"   --->   Operation 1096 'partselect' 'p_Result_22_5' <Predicate = (icmp_ln79_43)> <Delay = 0.00>
ST_78 : Operation 1097 [1/1] (0.00ns)   --->   "%p_Result_23_5 = partselect i64 @_ssdm_op_PartSelect.i64.i512.i32.i32, i512 %gmem1_addr_5_read, i32 192, i32 255"   --->   Operation 1097 'partselect' 'p_Result_23_5' <Predicate = (icmp_ln79_43)> <Delay = 0.00>
ST_78 : Operation 1098 [1/1] (0.00ns)   --->   "%bitcast_ln24_86 = bitcast i64 %p_Result_22_5" [likelihood_kernel.cpp:24]   --->   Operation 1098 'bitcast' 'bitcast_ln24_86' <Predicate = (icmp_ln79_43)> <Delay = 0.00>
ST_78 : Operation 1099 [1/1] (1.20ns)   --->   "%store_ln83 = store i64 %bitcast_ln24_86, i4 %buffer_X_3_addr_10" [likelihood_kernel.cpp:83]   --->   Operation 1099 'store' 'store_ln83' <Predicate = (icmp_ln79_43)> <Delay = 1.20> <CoreInst = "RAM_2P_BRAM">   --->   Core 94 'RAM_2P_BRAM' <Latency = 1> <II = 1> <Delay = 1.20> <Storage> <Opcode : 'load' 'store'> <Ports = 2> <Width = 64> <Depth = 16> <RAM>
ST_78 : Operation 1100 [1/1] (0.00ns)   --->   "%bitcast_ln24_87 = bitcast i64 %p_Result_23_5" [likelihood_kernel.cpp:24]   --->   Operation 1100 'bitcast' 'bitcast_ln24_87' <Predicate = (icmp_ln79_43)> <Delay = 0.00>
ST_78 : Operation 1101 [1/1] (1.20ns)   --->   "%store_ln84 = store i64 %bitcast_ln24_87, i4 %buffer_Y_3_addr_10" [likelihood_kernel.cpp:84]   --->   Operation 1101 'store' 'store_ln84' <Predicate = (icmp_ln79_43)> <Delay = 1.20> <CoreInst = "RAM_2P_BRAM">   --->   Core 94 'RAM_2P_BRAM' <Latency = 1> <II = 1> <Delay = 1.20> <Storage> <Opcode : 'load' 'store'> <Ports = 2> <Width = 64> <Depth = 16> <RAM>
ST_78 : Operation 1102 [1/1] (0.00ns)   --->   "%br_ln85 = br void %._crit_edge4.5" [likelihood_kernel.cpp:85]   --->   Operation 1102 'br' 'br_ln85' <Predicate = (icmp_ln79_43)> <Delay = 0.00>
ST_78 : Operation 1103 [1/1] (0.85ns)   --->   "%icmp_ln79_44 = icmp_sgt  i32 %tileSize, i32 44" [likelihood_kernel.cpp:79]   --->   Operation 1103 'icmp' 'icmp_ln79_44' <Predicate = true> <Delay = 0.85> <CoreInst = "Cmp">   --->   Core 9 'Cmp' <Latency = 0> <II = 1> <Delay = 0.82> <FuncUnit> <Opcode : 'icmp'> <InPorts = 2> <OutPorts = 1>
ST_78 : Operation 1104 [1/1] (0.00ns)   --->   "%br_ln79 = br i1 %icmp_ln79_44, void %._crit_edge5.5, void" [likelihood_kernel.cpp:79]   --->   Operation 1104 'br' 'br_ln79' <Predicate = true> <Delay = 0.00>

State 79 <SV = 69> <Delay = 2.05>
ST_79 : Operation 1105 [1/1] (0.00ns)   --->   "%p_Result_24_5 = partselect i64 @_ssdm_op_PartSelect.i64.i512.i32.i32, i512 %gmem0_addr_5_read, i32 256, i32 319"   --->   Operation 1105 'partselect' 'p_Result_24_5' <Predicate = (icmp_ln70_5 & icmp_ln79_44)> <Delay = 0.00>
ST_79 : Operation 1106 [1/1] (0.00ns)   --->   "%p_Result_25_5 = partselect i64 @_ssdm_op_PartSelect.i64.i512.i32.i32, i512 %gmem1_addr_5_read, i32 256, i32 319"   --->   Operation 1106 'partselect' 'p_Result_25_5' <Predicate = (icmp_ln70_5 & icmp_ln79_44)> <Delay = 0.00>
ST_79 : Operation 1107 [1/1] (0.00ns)   --->   "%bitcast_ln24_88 = bitcast i64 %p_Result_24_5" [likelihood_kernel.cpp:24]   --->   Operation 1107 'bitcast' 'bitcast_ln24_88' <Predicate = (icmp_ln70_5 & icmp_ln79_44)> <Delay = 0.00>
ST_79 : Operation 1108 [1/1] (1.20ns)   --->   "%store_ln83 = store i64 %bitcast_ln24_88, i4 %buffer_X_0_addr_11" [likelihood_kernel.cpp:83]   --->   Operation 1108 'store' 'store_ln83' <Predicate = (icmp_ln70_5 & icmp_ln79_44)> <Delay = 1.20> <CoreInst = "RAM_2P_BRAM">   --->   Core 94 'RAM_2P_BRAM' <Latency = 1> <II = 1> <Delay = 1.20> <Storage> <Opcode : 'load' 'store'> <Ports = 2> <Width = 64> <Depth = 16> <RAM>
ST_79 : Operation 1109 [1/1] (0.00ns)   --->   "%bitcast_ln24_89 = bitcast i64 %p_Result_25_5" [likelihood_kernel.cpp:24]   --->   Operation 1109 'bitcast' 'bitcast_ln24_89' <Predicate = (icmp_ln70_5 & icmp_ln79_44)> <Delay = 0.00>
ST_79 : Operation 1110 [1/1] (1.20ns)   --->   "%store_ln84 = store i64 %bitcast_ln24_89, i4 %buffer_Y_0_addr_11" [likelihood_kernel.cpp:84]   --->   Operation 1110 'store' 'store_ln84' <Predicate = (icmp_ln70_5 & icmp_ln79_44)> <Delay = 1.20> <CoreInst = "RAM_2P_BRAM">   --->   Core 94 'RAM_2P_BRAM' <Latency = 1> <II = 1> <Delay = 1.20> <Storage> <Opcode : 'load' 'store'> <Ports = 2> <Width = 64> <Depth = 16> <RAM>
ST_79 : Operation 1111 [1/1] (0.00ns)   --->   "%br_ln85 = br void %._crit_edge5.5" [likelihood_kernel.cpp:85]   --->   Operation 1111 'br' 'br_ln85' <Predicate = (icmp_ln70_5 & icmp_ln79_44)> <Delay = 0.00>
ST_79 : Operation 1112 [1/1] (0.85ns)   --->   "%icmp_ln79_45 = icmp_sgt  i32 %tileSize, i32 45" [likelihood_kernel.cpp:79]   --->   Operation 1112 'icmp' 'icmp_ln79_45' <Predicate = (icmp_ln70_5)> <Delay = 0.85> <CoreInst = "Cmp">   --->   Core 9 'Cmp' <Latency = 0> <II = 1> <Delay = 0.82> <FuncUnit> <Opcode : 'icmp'> <InPorts = 2> <OutPorts = 1>
ST_79 : Operation 1113 [1/1] (0.00ns)   --->   "%br_ln79 = br i1 %icmp_ln79_45, void %._crit_edge6.5, void" [likelihood_kernel.cpp:79]   --->   Operation 1113 'br' 'br_ln79' <Predicate = (icmp_ln70_5)> <Delay = 0.00>
ST_79 : Operation 1114 [1/1] (0.00ns)   --->   "%p_Result_26_5 = partselect i64 @_ssdm_op_PartSelect.i64.i512.i32.i32, i512 %gmem0_addr_5_read, i32 320, i32 383"   --->   Operation 1114 'partselect' 'p_Result_26_5' <Predicate = (icmp_ln70_5 & icmp_ln79_45)> <Delay = 0.00>
ST_79 : Operation 1115 [1/1] (0.00ns)   --->   "%p_Result_27_5 = partselect i64 @_ssdm_op_PartSelect.i64.i512.i32.i32, i512 %gmem1_addr_5_read, i32 320, i32 383"   --->   Operation 1115 'partselect' 'p_Result_27_5' <Predicate = (icmp_ln70_5 & icmp_ln79_45)> <Delay = 0.00>
ST_79 : Operation 1116 [1/1] (0.00ns)   --->   "%bitcast_ln24_90 = bitcast i64 %p_Result_26_5" [likelihood_kernel.cpp:24]   --->   Operation 1116 'bitcast' 'bitcast_ln24_90' <Predicate = (icmp_ln70_5 & icmp_ln79_45)> <Delay = 0.00>
ST_79 : Operation 1117 [1/1] (1.20ns)   --->   "%store_ln83 = store i64 %bitcast_ln24_90, i4 %buffer_X_1_addr_11" [likelihood_kernel.cpp:83]   --->   Operation 1117 'store' 'store_ln83' <Predicate = (icmp_ln70_5 & icmp_ln79_45)> <Delay = 1.20> <CoreInst = "RAM_2P_BRAM">   --->   Core 94 'RAM_2P_BRAM' <Latency = 1> <II = 1> <Delay = 1.20> <Storage> <Opcode : 'load' 'store'> <Ports = 2> <Width = 64> <Depth = 16> <RAM>
ST_79 : Operation 1118 [1/1] (0.00ns)   --->   "%bitcast_ln24_91 = bitcast i64 %p_Result_27_5" [likelihood_kernel.cpp:24]   --->   Operation 1118 'bitcast' 'bitcast_ln24_91' <Predicate = (icmp_ln70_5 & icmp_ln79_45)> <Delay = 0.00>
ST_79 : Operation 1119 [1/1] (1.20ns)   --->   "%store_ln84 = store i64 %bitcast_ln24_91, i4 %buffer_Y_1_addr_11" [likelihood_kernel.cpp:84]   --->   Operation 1119 'store' 'store_ln84' <Predicate = (icmp_ln70_5 & icmp_ln79_45)> <Delay = 1.20> <CoreInst = "RAM_2P_BRAM">   --->   Core 94 'RAM_2P_BRAM' <Latency = 1> <II = 1> <Delay = 1.20> <Storage> <Opcode : 'load' 'store'> <Ports = 2> <Width = 64> <Depth = 16> <RAM>
ST_79 : Operation 1120 [1/1] (0.00ns)   --->   "%br_ln85 = br void %._crit_edge6.5" [likelihood_kernel.cpp:85]   --->   Operation 1120 'br' 'br_ln85' <Predicate = (icmp_ln70_5 & icmp_ln79_45)> <Delay = 0.00>
ST_79 : Operation 1121 [1/1] (0.85ns)   --->   "%icmp_ln79_46 = icmp_sgt  i32 %tileSize, i32 46" [likelihood_kernel.cpp:79]   --->   Operation 1121 'icmp' 'icmp_ln79_46' <Predicate = (icmp_ln70_5)> <Delay = 0.85> <CoreInst = "Cmp">   --->   Core 9 'Cmp' <Latency = 0> <II = 1> <Delay = 0.82> <FuncUnit> <Opcode : 'icmp'> <InPorts = 2> <OutPorts = 1>
ST_79 : Operation 1122 [1/1] (0.00ns)   --->   "%br_ln79 = br i1 %icmp_ln79_46, void %._crit_edge7.5, void" [likelihood_kernel.cpp:79]   --->   Operation 1122 'br' 'br_ln79' <Predicate = (icmp_ln70_5)> <Delay = 0.00>
ST_79 : Operation 1123 [1/1] (0.00ns)   --->   "%p_Result_28_5 = partselect i64 @_ssdm_op_PartSelect.i64.i512.i32.i32, i512 %gmem0_addr_5_read, i32 384, i32 447"   --->   Operation 1123 'partselect' 'p_Result_28_5' <Predicate = (icmp_ln70_5 & icmp_ln79_46)> <Delay = 0.00>
ST_79 : Operation 1124 [1/1] (0.00ns)   --->   "%p_Result_29_5 = partselect i64 @_ssdm_op_PartSelect.i64.i512.i32.i32, i512 %gmem1_addr_5_read, i32 384, i32 447"   --->   Operation 1124 'partselect' 'p_Result_29_5' <Predicate = (icmp_ln70_5 & icmp_ln79_46)> <Delay = 0.00>
ST_79 : Operation 1125 [1/1] (0.00ns)   --->   "%bitcast_ln24_92 = bitcast i64 %p_Result_28_5" [likelihood_kernel.cpp:24]   --->   Operation 1125 'bitcast' 'bitcast_ln24_92' <Predicate = (icmp_ln70_5 & icmp_ln79_46)> <Delay = 0.00>
ST_79 : Operation 1126 [1/1] (1.20ns)   --->   "%store_ln83 = store i64 %bitcast_ln24_92, i4 %buffer_X_2_addr_11" [likelihood_kernel.cpp:83]   --->   Operation 1126 'store' 'store_ln83' <Predicate = (icmp_ln70_5 & icmp_ln79_46)> <Delay = 1.20> <CoreInst = "RAM_2P_BRAM">   --->   Core 94 'RAM_2P_BRAM' <Latency = 1> <II = 1> <Delay = 1.20> <Storage> <Opcode : 'load' 'store'> <Ports = 2> <Width = 64> <Depth = 16> <RAM>
ST_79 : Operation 1127 [1/1] (0.00ns)   --->   "%bitcast_ln24_93 = bitcast i64 %p_Result_29_5" [likelihood_kernel.cpp:24]   --->   Operation 1127 'bitcast' 'bitcast_ln24_93' <Predicate = (icmp_ln70_5 & icmp_ln79_46)> <Delay = 0.00>
ST_79 : Operation 1128 [1/1] (1.20ns)   --->   "%store_ln84 = store i64 %bitcast_ln24_93, i4 %buffer_Y_2_addr_11" [likelihood_kernel.cpp:84]   --->   Operation 1128 'store' 'store_ln84' <Predicate = (icmp_ln70_5 & icmp_ln79_46)> <Delay = 1.20> <CoreInst = "RAM_2P_BRAM">   --->   Core 94 'RAM_2P_BRAM' <Latency = 1> <II = 1> <Delay = 1.20> <Storage> <Opcode : 'load' 'store'> <Ports = 2> <Width = 64> <Depth = 16> <RAM>
ST_79 : Operation 1129 [1/1] (0.00ns)   --->   "%br_ln85 = br void %._crit_edge7.5" [likelihood_kernel.cpp:85]   --->   Operation 1129 'br' 'br_ln85' <Predicate = (icmp_ln70_5 & icmp_ln79_46)> <Delay = 0.00>
ST_79 : Operation 1130 [1/1] (0.85ns)   --->   "%icmp_ln79_47 = icmp_sgt  i32 %tileSize, i32 47" [likelihood_kernel.cpp:79]   --->   Operation 1130 'icmp' 'icmp_ln79_47' <Predicate = (icmp_ln70_5)> <Delay = 0.85> <CoreInst = "Cmp">   --->   Core 9 'Cmp' <Latency = 0> <II = 1> <Delay = 0.82> <FuncUnit> <Opcode : 'icmp'> <InPorts = 2> <OutPorts = 1>
ST_79 : Operation 1131 [1/1] (0.00ns)   --->   "%br_ln79 = br i1 %icmp_ln79_47, void %.split.6, void" [likelihood_kernel.cpp:79]   --->   Operation 1131 'br' 'br_ln79' <Predicate = (icmp_ln70_5)> <Delay = 0.00>
ST_79 : Operation 1132 [1/1] (0.00ns)   --->   "%p_Result_30_5 = partselect i64 @_ssdm_op_PartSelect.i64.i512.i32.i32, i512 %gmem0_addr_5_read, i32 448, i32 511"   --->   Operation 1132 'partselect' 'p_Result_30_5' <Predicate = (icmp_ln70_5 & icmp_ln79_47)> <Delay = 0.00>
ST_79 : Operation 1133 [1/1] (0.00ns)   --->   "%p_Result_31_5 = partselect i64 @_ssdm_op_PartSelect.i64.i512.i32.i32, i512 %gmem1_addr_5_read, i32 448, i32 511"   --->   Operation 1133 'partselect' 'p_Result_31_5' <Predicate = (icmp_ln70_5 & icmp_ln79_47)> <Delay = 0.00>
ST_79 : Operation 1134 [1/1] (0.00ns)   --->   "%bitcast_ln24_94 = bitcast i64 %p_Result_30_5" [likelihood_kernel.cpp:24]   --->   Operation 1134 'bitcast' 'bitcast_ln24_94' <Predicate = (icmp_ln70_5 & icmp_ln79_47)> <Delay = 0.00>
ST_79 : Operation 1135 [1/1] (1.20ns)   --->   "%store_ln83 = store i64 %bitcast_ln24_94, i4 %buffer_X_3_addr_11" [likelihood_kernel.cpp:83]   --->   Operation 1135 'store' 'store_ln83' <Predicate = (icmp_ln70_5 & icmp_ln79_47)> <Delay = 1.20> <CoreInst = "RAM_2P_BRAM">   --->   Core 94 'RAM_2P_BRAM' <Latency = 1> <II = 1> <Delay = 1.20> <Storage> <Opcode : 'load' 'store'> <Ports = 2> <Width = 64> <Depth = 16> <RAM>
ST_79 : Operation 1136 [1/1] (0.00ns)   --->   "%bitcast_ln24_95 = bitcast i64 %p_Result_31_5" [likelihood_kernel.cpp:24]   --->   Operation 1136 'bitcast' 'bitcast_ln24_95' <Predicate = (icmp_ln70_5 & icmp_ln79_47)> <Delay = 0.00>
ST_79 : Operation 1137 [1/1] (1.20ns)   --->   "%store_ln84 = store i64 %bitcast_ln24_95, i4 %buffer_Y_3_addr_11" [likelihood_kernel.cpp:84]   --->   Operation 1137 'store' 'store_ln84' <Predicate = (icmp_ln70_5 & icmp_ln79_47)> <Delay = 1.20> <CoreInst = "RAM_2P_BRAM">   --->   Core 94 'RAM_2P_BRAM' <Latency = 1> <II = 1> <Delay = 1.20> <Storage> <Opcode : 'load' 'store'> <Ports = 2> <Width = 64> <Depth = 16> <RAM>
ST_79 : Operation 1138 [1/1] (0.00ns)   --->   "%br_ln85 = br void %.split.6" [likelihood_kernel.cpp:85]   --->   Operation 1138 'br' 'br_ln85' <Predicate = (icmp_ln70_5 & icmp_ln79_47)> <Delay = 0.00>
ST_79 : Operation 1139 [1/1] (0.83ns)   --->   "%icmp_ln70_6 = icmp_sgt  i30 %num_words, i30 6" [likelihood_kernel.cpp:70]   --->   Operation 1139 'icmp' 'icmp_ln70_6' <Predicate = true> <Delay = 0.83> <CoreInst = "Cmp">   --->   Core 9 'Cmp' <Latency = 0> <II = 1> <Delay = 0.82> <FuncUnit> <Opcode : 'icmp'> <InPorts = 2> <OutPorts = 1>
ST_79 : Operation 1140 [1/1] (0.00ns)   --->   "%br_ln70 = br i1 %icmp_ln70_6, void %.split.7, void" [likelihood_kernel.cpp:70]   --->   Operation 1140 'br' 'br_ln70' <Predicate = true> <Delay = 0.00>
ST_79 : Operation 1141 [1/1] (0.00ns)   --->   "%or_ln71_5 = or i28 %tmp_2, i28 6" [likelihood_kernel.cpp:71]   --->   Operation 1141 'or' 'or_ln71_5' <Predicate = (icmp_ln70_6)> <Delay = 0.00>
ST_79 : Operation 1142 [1/1] (0.00ns)   --->   "%shl_ln71_6 = bitconcatenate i34 @_ssdm_op_BitConcatenate.i34.i28.i6, i28 %or_ln71_5, i6 0" [likelihood_kernel.cpp:71]   --->   Operation 1142 'bitconcatenate' 'shl_ln71_6' <Predicate = (icmp_ln70_6)> <Delay = 0.00>
ST_79 : Operation 1143 [1/1] (0.00ns)   --->   "%zext_ln71_6 = zext i34 %shl_ln71_6" [likelihood_kernel.cpp:71]   --->   Operation 1143 'zext' 'zext_ln71_6' <Predicate = (icmp_ln70_6)> <Delay = 0.00>
ST_79 : Operation 1144 [1/1] (1.14ns)   --->   "%add_ln71_6 = add i64 %zext_ln71_6, i64 %arrayX_read" [likelihood_kernel.cpp:71]   --->   Operation 1144 'add' 'add_ln71_6' <Predicate = (icmp_ln70_6)> <Delay = 1.14> <CoreInst = "Adder">   --->   Core 1 'Adder' <Latency = 0> <II = 1> <Delay = 0.88> <FuncUnit> <Opcode : 'add' 'sub'> <InPorts = 2> <OutPorts = 1>
ST_79 : Operation 1145 [1/1] (0.00ns)   --->   "%trunc_ln71_1 = partselect i58 @_ssdm_op_PartSelect.i58.i64.i32.i32, i64 %add_ln71_6, i32 6, i32 63" [likelihood_kernel.cpp:71]   --->   Operation 1145 'partselect' 'trunc_ln71_1' <Predicate = (icmp_ln70_6)> <Delay = 0.00>
ST_79 : Operation 1146 [1/1] (1.14ns)   --->   "%add_ln72_6 = add i64 %zext_ln71_6, i64 %arrayY_read" [likelihood_kernel.cpp:72]   --->   Operation 1146 'add' 'add_ln72_6' <Predicate = (icmp_ln70_6)> <Delay = 1.14> <CoreInst = "Adder">   --->   Core 1 'Adder' <Latency = 0> <II = 1> <Delay = 0.88> <FuncUnit> <Opcode : 'add' 'sub'> <InPorts = 2> <OutPorts = 1>
ST_79 : Operation 1147 [1/1] (0.00ns)   --->   "%trunc_ln72_6 = partselect i58 @_ssdm_op_PartSelect.i58.i64.i32.i32, i64 %add_ln72_6, i32 6, i32 63" [likelihood_kernel.cpp:72]   --->   Operation 1147 'partselect' 'trunc_ln72_6' <Predicate = (icmp_ln70_6)> <Delay = 0.00>

State 80 <SV = 70> <Delay = 2.43>
ST_80 : Operation 1148 [1/1] (0.00ns)   --->   "%sext_ln71_6 = sext i58 %trunc_ln71_1" [likelihood_kernel.cpp:71]   --->   Operation 1148 'sext' 'sext_ln71_6' <Predicate = true> <Delay = 0.00>
ST_80 : Operation 1149 [1/1] (0.00ns)   --->   "%gmem0_addr_6 = getelementptr i512 %gmem0, i64 %sext_ln71_6" [likelihood_kernel.cpp:71]   --->   Operation 1149 'getelementptr' 'gmem0_addr_6' <Predicate = true> <Delay = 0.00>
ST_80 : Operation 1150 [7/7] (2.43ns)   --->   "%gmem0_load_6_req = readreq i1 @_ssdm_op_ReadReq.m_axi.i512P1A, i512 %gmem0_addr_6, i32 1" [likelihood_kernel.cpp:71]   --->   Operation 1150 'readreq' 'gmem0_load_6_req' <Predicate = true> <Delay = 2.43> <CoreInst = "m_axi">   --->   Core 121 'm_axi' <Latency = 6> <II = 1> <Delay = 1.00> <Adapter> <Opcode : 'read' 'write' 'readreq' 'writereq' 'writeresp'>
ST_80 : Operation 1151 [1/1] (0.00ns)   --->   "%sext_ln72_6 = sext i58 %trunc_ln72_6" [likelihood_kernel.cpp:72]   --->   Operation 1151 'sext' 'sext_ln72_6' <Predicate = true> <Delay = 0.00>
ST_80 : Operation 1152 [1/1] (0.00ns)   --->   "%gmem1_addr_6 = getelementptr i512 %gmem1, i64 %sext_ln72_6" [likelihood_kernel.cpp:72]   --->   Operation 1152 'getelementptr' 'gmem1_addr_6' <Predicate = true> <Delay = 0.00>
ST_80 : Operation 1153 [7/7] (2.43ns)   --->   "%gmem1_load_6_req = readreq i1 @_ssdm_op_ReadReq.m_axi.i512P1A, i512 %gmem1_addr_6, i32 1" [likelihood_kernel.cpp:72]   --->   Operation 1153 'readreq' 'gmem1_load_6_req' <Predicate = true> <Delay = 2.43> <CoreInst = "m_axi">   --->   Core 121 'm_axi' <Latency = 6> <II = 1> <Delay = 1.00> <Adapter> <Opcode : 'read' 'write' 'readreq' 'writereq' 'writeresp'>

State 81 <SV = 71> <Delay = 2.43>
ST_81 : Operation 1154 [6/7] (2.43ns)   --->   "%gmem0_load_6_req = readreq i1 @_ssdm_op_ReadReq.m_axi.i512P1A, i512 %gmem0_addr_6, i32 1" [likelihood_kernel.cpp:71]   --->   Operation 1154 'readreq' 'gmem0_load_6_req' <Predicate = true> <Delay = 2.43> <CoreInst = "m_axi">   --->   Core 121 'm_axi' <Latency = 6> <II = 1> <Delay = 1.00> <Adapter> <Opcode : 'read' 'write' 'readreq' 'writereq' 'writeresp'>
ST_81 : Operation 1155 [6/7] (2.43ns)   --->   "%gmem1_load_6_req = readreq i1 @_ssdm_op_ReadReq.m_axi.i512P1A, i512 %gmem1_addr_6, i32 1" [likelihood_kernel.cpp:72]   --->   Operation 1155 'readreq' 'gmem1_load_6_req' <Predicate = true> <Delay = 2.43> <CoreInst = "m_axi">   --->   Core 121 'm_axi' <Latency = 6> <II = 1> <Delay = 1.00> <Adapter> <Opcode : 'read' 'write' 'readreq' 'writereq' 'writeresp'>

State 82 <SV = 72> <Delay = 2.43>
ST_82 : Operation 1156 [5/7] (2.43ns)   --->   "%gmem0_load_6_req = readreq i1 @_ssdm_op_ReadReq.m_axi.i512P1A, i512 %gmem0_addr_6, i32 1" [likelihood_kernel.cpp:71]   --->   Operation 1156 'readreq' 'gmem0_load_6_req' <Predicate = true> <Delay = 2.43> <CoreInst = "m_axi">   --->   Core 121 'm_axi' <Latency = 6> <II = 1> <Delay = 1.00> <Adapter> <Opcode : 'read' 'write' 'readreq' 'writereq' 'writeresp'>
ST_82 : Operation 1157 [5/7] (2.43ns)   --->   "%gmem1_load_6_req = readreq i1 @_ssdm_op_ReadReq.m_axi.i512P1A, i512 %gmem1_addr_6, i32 1" [likelihood_kernel.cpp:72]   --->   Operation 1157 'readreq' 'gmem1_load_6_req' <Predicate = true> <Delay = 2.43> <CoreInst = "m_axi">   --->   Core 121 'm_axi' <Latency = 6> <II = 1> <Delay = 1.00> <Adapter> <Opcode : 'read' 'write' 'readreq' 'writereq' 'writeresp'>

State 83 <SV = 73> <Delay = 2.43>
ST_83 : Operation 1158 [4/7] (2.43ns)   --->   "%gmem0_load_6_req = readreq i1 @_ssdm_op_ReadReq.m_axi.i512P1A, i512 %gmem0_addr_6, i32 1" [likelihood_kernel.cpp:71]   --->   Operation 1158 'readreq' 'gmem0_load_6_req' <Predicate = true> <Delay = 2.43> <CoreInst = "m_axi">   --->   Core 121 'm_axi' <Latency = 6> <II = 1> <Delay = 1.00> <Adapter> <Opcode : 'read' 'write' 'readreq' 'writereq' 'writeresp'>
ST_83 : Operation 1159 [4/7] (2.43ns)   --->   "%gmem1_load_6_req = readreq i1 @_ssdm_op_ReadReq.m_axi.i512P1A, i512 %gmem1_addr_6, i32 1" [likelihood_kernel.cpp:72]   --->   Operation 1159 'readreq' 'gmem1_load_6_req' <Predicate = true> <Delay = 2.43> <CoreInst = "m_axi">   --->   Core 121 'm_axi' <Latency = 6> <II = 1> <Delay = 1.00> <Adapter> <Opcode : 'read' 'write' 'readreq' 'writereq' 'writeresp'>

State 84 <SV = 74> <Delay = 2.43>
ST_84 : Operation 1160 [3/7] (2.43ns)   --->   "%gmem0_load_6_req = readreq i1 @_ssdm_op_ReadReq.m_axi.i512P1A, i512 %gmem0_addr_6, i32 1" [likelihood_kernel.cpp:71]   --->   Operation 1160 'readreq' 'gmem0_load_6_req' <Predicate = true> <Delay = 2.43> <CoreInst = "m_axi">   --->   Core 121 'm_axi' <Latency = 6> <II = 1> <Delay = 1.00> <Adapter> <Opcode : 'read' 'write' 'readreq' 'writereq' 'writeresp'>
ST_84 : Operation 1161 [3/7] (2.43ns)   --->   "%gmem1_load_6_req = readreq i1 @_ssdm_op_ReadReq.m_axi.i512P1A, i512 %gmem1_addr_6, i32 1" [likelihood_kernel.cpp:72]   --->   Operation 1161 'readreq' 'gmem1_load_6_req' <Predicate = true> <Delay = 2.43> <CoreInst = "m_axi">   --->   Core 121 'm_axi' <Latency = 6> <II = 1> <Delay = 1.00> <Adapter> <Opcode : 'read' 'write' 'readreq' 'writereq' 'writeresp'>

State 85 <SV = 75> <Delay = 2.43>
ST_85 : Operation 1162 [2/7] (2.43ns)   --->   "%gmem0_load_6_req = readreq i1 @_ssdm_op_ReadReq.m_axi.i512P1A, i512 %gmem0_addr_6, i32 1" [likelihood_kernel.cpp:71]   --->   Operation 1162 'readreq' 'gmem0_load_6_req' <Predicate = true> <Delay = 2.43> <CoreInst = "m_axi">   --->   Core 121 'm_axi' <Latency = 6> <II = 1> <Delay = 1.00> <Adapter> <Opcode : 'read' 'write' 'readreq' 'writereq' 'writeresp'>
ST_85 : Operation 1163 [2/7] (2.43ns)   --->   "%gmem1_load_6_req = readreq i1 @_ssdm_op_ReadReq.m_axi.i512P1A, i512 %gmem1_addr_6, i32 1" [likelihood_kernel.cpp:72]   --->   Operation 1163 'readreq' 'gmem1_load_6_req' <Predicate = true> <Delay = 2.43> <CoreInst = "m_axi">   --->   Core 121 'm_axi' <Latency = 6> <II = 1> <Delay = 1.00> <Adapter> <Opcode : 'read' 'write' 'readreq' 'writereq' 'writeresp'>

State 86 <SV = 76> <Delay = 2.43>
ST_86 : Operation 1164 [1/7] (2.43ns)   --->   "%gmem0_load_6_req = readreq i1 @_ssdm_op_ReadReq.m_axi.i512P1A, i512 %gmem0_addr_6, i32 1" [likelihood_kernel.cpp:71]   --->   Operation 1164 'readreq' 'gmem0_load_6_req' <Predicate = true> <Delay = 2.43> <CoreInst = "m_axi">   --->   Core 121 'm_axi' <Latency = 6> <II = 1> <Delay = 1.00> <Adapter> <Opcode : 'read' 'write' 'readreq' 'writereq' 'writeresp'>
ST_86 : Operation 1165 [1/7] (2.43ns)   --->   "%gmem1_load_6_req = readreq i1 @_ssdm_op_ReadReq.m_axi.i512P1A, i512 %gmem1_addr_6, i32 1" [likelihood_kernel.cpp:72]   --->   Operation 1165 'readreq' 'gmem1_load_6_req' <Predicate = true> <Delay = 2.43> <CoreInst = "m_axi">   --->   Core 121 'm_axi' <Latency = 6> <II = 1> <Delay = 1.00> <Adapter> <Opcode : 'read' 'write' 'readreq' 'writereq' 'writeresp'>

State 87 <SV = 77> <Delay = 2.43>
ST_87 : Operation 1166 [1/1] (2.43ns)   --->   "%gmem0_addr_6_read = read i512 @_ssdm_op_Read.m_axi.i512P1A, i512 %gmem0_addr_6" [likelihood_kernel.cpp:71]   --->   Operation 1166 'read' 'gmem0_addr_6_read' <Predicate = true> <Delay = 2.43> <CoreInst = "m_axi">   --->   Core 121 'm_axi' <Latency = 6> <II = 1> <Delay = 1.00> <Adapter> <Opcode : 'read' 'write' 'readreq' 'writereq' 'writeresp'>
ST_87 : Operation 1167 [1/1] (2.43ns)   --->   "%gmem1_addr_6_read = read i512 @_ssdm_op_Read.m_axi.i512P1A, i512 %gmem1_addr_6" [likelihood_kernel.cpp:72]   --->   Operation 1167 'read' 'gmem1_addr_6_read' <Predicate = true> <Delay = 2.43> <CoreInst = "m_axi">   --->   Core 121 'm_axi' <Latency = 6> <II = 1> <Delay = 1.00> <Adapter> <Opcode : 'read' 'write' 'readreq' 'writereq' 'writeresp'>
ST_87 : Operation 1168 [1/1] (0.85ns)   --->   "%icmp_ln79_48 = icmp_sgt  i32 %tileSize, i32 48" [likelihood_kernel.cpp:79]   --->   Operation 1168 'icmp' 'icmp_ln79_48' <Predicate = true> <Delay = 0.85> <CoreInst = "Cmp">   --->   Core 9 'Cmp' <Latency = 0> <II = 1> <Delay = 0.82> <FuncUnit> <Opcode : 'icmp'> <InPorts = 2> <OutPorts = 1>
ST_87 : Operation 1169 [1/1] (0.00ns)   --->   "%br_ln79 = br i1 %icmp_ln79_48, void %._crit_edge.6, void" [likelihood_kernel.cpp:79]   --->   Operation 1169 'br' 'br_ln79' <Predicate = true> <Delay = 0.00>

State 88 <SV = 78> <Delay = 2.05>
ST_88 : Operation 1170 [1/1] (0.00ns)   --->   "%trunc_ln708_12 = trunc i512 %gmem0_addr_6_read"   --->   Operation 1170 'trunc' 'trunc_ln708_12' <Predicate = (icmp_ln79_48)> <Delay = 0.00>
ST_88 : Operation 1171 [1/1] (0.00ns)   --->   "%trunc_ln708_13 = trunc i512 %gmem1_addr_6_read"   --->   Operation 1171 'trunc' 'trunc_ln708_13' <Predicate = (icmp_ln79_48)> <Delay = 0.00>
ST_88 : Operation 1172 [1/1] (0.00ns)   --->   "%bitcast_ln24_96 = bitcast i64 %trunc_ln708_12" [likelihood_kernel.cpp:24]   --->   Operation 1172 'bitcast' 'bitcast_ln24_96' <Predicate = (icmp_ln79_48)> <Delay = 0.00>
ST_88 : Operation 1173 [1/1] (1.20ns)   --->   "%store_ln83 = store i64 %bitcast_ln24_96, i4 %buffer_X_0_addr_12" [likelihood_kernel.cpp:83]   --->   Operation 1173 'store' 'store_ln83' <Predicate = (icmp_ln79_48)> <Delay = 1.20> <CoreInst = "RAM_2P_BRAM">   --->   Core 94 'RAM_2P_BRAM' <Latency = 1> <II = 1> <Delay = 1.20> <Storage> <Opcode : 'load' 'store'> <Ports = 2> <Width = 64> <Depth = 16> <RAM>
ST_88 : Operation 1174 [1/1] (0.00ns)   --->   "%bitcast_ln24_97 = bitcast i64 %trunc_ln708_13" [likelihood_kernel.cpp:24]   --->   Operation 1174 'bitcast' 'bitcast_ln24_97' <Predicate = (icmp_ln79_48)> <Delay = 0.00>
ST_88 : Operation 1175 [1/1] (1.20ns)   --->   "%store_ln84 = store i64 %bitcast_ln24_97, i4 %buffer_Y_0_addr_12" [likelihood_kernel.cpp:84]   --->   Operation 1175 'store' 'store_ln84' <Predicate = (icmp_ln79_48)> <Delay = 1.20> <CoreInst = "RAM_2P_BRAM">   --->   Core 94 'RAM_2P_BRAM' <Latency = 1> <II = 1> <Delay = 1.20> <Storage> <Opcode : 'load' 'store'> <Ports = 2> <Width = 64> <Depth = 16> <RAM>
ST_88 : Operation 1176 [1/1] (0.00ns)   --->   "%br_ln85 = br void %._crit_edge.6" [likelihood_kernel.cpp:85]   --->   Operation 1176 'br' 'br_ln85' <Predicate = (icmp_ln79_48)> <Delay = 0.00>
ST_88 : Operation 1177 [1/1] (0.85ns)   --->   "%icmp_ln79_49 = icmp_sgt  i32 %tileSize, i32 49" [likelihood_kernel.cpp:79]   --->   Operation 1177 'icmp' 'icmp_ln79_49' <Predicate = true> <Delay = 0.85> <CoreInst = "Cmp">   --->   Core 9 'Cmp' <Latency = 0> <II = 1> <Delay = 0.82> <FuncUnit> <Opcode : 'icmp'> <InPorts = 2> <OutPorts = 1>
ST_88 : Operation 1178 [1/1] (0.00ns)   --->   "%br_ln79 = br i1 %icmp_ln79_49, void %._crit_edge2.6, void" [likelihood_kernel.cpp:79]   --->   Operation 1178 'br' 'br_ln79' <Predicate = true> <Delay = 0.00>
ST_88 : Operation 1179 [1/1] (0.00ns)   --->   "%p_Result_10_6 = partselect i64 @_ssdm_op_PartSelect.i64.i512.i32.i32, i512 %gmem0_addr_6_read, i32 64, i32 127"   --->   Operation 1179 'partselect' 'p_Result_10_6' <Predicate = (icmp_ln79_49)> <Delay = 0.00>
ST_88 : Operation 1180 [1/1] (0.00ns)   --->   "%p_Result_11_6 = partselect i64 @_ssdm_op_PartSelect.i64.i512.i32.i32, i512 %gmem1_addr_6_read, i32 64, i32 127"   --->   Operation 1180 'partselect' 'p_Result_11_6' <Predicate = (icmp_ln79_49)> <Delay = 0.00>
ST_88 : Operation 1181 [1/1] (0.00ns)   --->   "%bitcast_ln24_98 = bitcast i64 %p_Result_10_6" [likelihood_kernel.cpp:24]   --->   Operation 1181 'bitcast' 'bitcast_ln24_98' <Predicate = (icmp_ln79_49)> <Delay = 0.00>
ST_88 : Operation 1182 [1/1] (1.20ns)   --->   "%store_ln83 = store i64 %bitcast_ln24_98, i4 %buffer_X_1_addr_12" [likelihood_kernel.cpp:83]   --->   Operation 1182 'store' 'store_ln83' <Predicate = (icmp_ln79_49)> <Delay = 1.20> <CoreInst = "RAM_2P_BRAM">   --->   Core 94 'RAM_2P_BRAM' <Latency = 1> <II = 1> <Delay = 1.20> <Storage> <Opcode : 'load' 'store'> <Ports = 2> <Width = 64> <Depth = 16> <RAM>
ST_88 : Operation 1183 [1/1] (0.00ns)   --->   "%bitcast_ln24_99 = bitcast i64 %p_Result_11_6" [likelihood_kernel.cpp:24]   --->   Operation 1183 'bitcast' 'bitcast_ln24_99' <Predicate = (icmp_ln79_49)> <Delay = 0.00>
ST_88 : Operation 1184 [1/1] (1.20ns)   --->   "%store_ln84 = store i64 %bitcast_ln24_99, i4 %buffer_Y_1_addr_12" [likelihood_kernel.cpp:84]   --->   Operation 1184 'store' 'store_ln84' <Predicate = (icmp_ln79_49)> <Delay = 1.20> <CoreInst = "RAM_2P_BRAM">   --->   Core 94 'RAM_2P_BRAM' <Latency = 1> <II = 1> <Delay = 1.20> <Storage> <Opcode : 'load' 'store'> <Ports = 2> <Width = 64> <Depth = 16> <RAM>
ST_88 : Operation 1185 [1/1] (0.00ns)   --->   "%br_ln85 = br void %._crit_edge2.6" [likelihood_kernel.cpp:85]   --->   Operation 1185 'br' 'br_ln85' <Predicate = (icmp_ln79_49)> <Delay = 0.00>
ST_88 : Operation 1186 [1/1] (0.85ns)   --->   "%icmp_ln79_50 = icmp_sgt  i32 %tileSize, i32 50" [likelihood_kernel.cpp:79]   --->   Operation 1186 'icmp' 'icmp_ln79_50' <Predicate = true> <Delay = 0.85> <CoreInst = "Cmp">   --->   Core 9 'Cmp' <Latency = 0> <II = 1> <Delay = 0.82> <FuncUnit> <Opcode : 'icmp'> <InPorts = 2> <OutPorts = 1>
ST_88 : Operation 1187 [1/1] (0.00ns)   --->   "%br_ln79 = br i1 %icmp_ln79_50, void %._crit_edge3.6, void" [likelihood_kernel.cpp:79]   --->   Operation 1187 'br' 'br_ln79' <Predicate = true> <Delay = 0.00>
ST_88 : Operation 1188 [1/1] (0.00ns)   --->   "%p_Result_12_6 = partselect i64 @_ssdm_op_PartSelect.i64.i512.i32.i32, i512 %gmem0_addr_6_read, i32 128, i32 191"   --->   Operation 1188 'partselect' 'p_Result_12_6' <Predicate = (icmp_ln79_50)> <Delay = 0.00>
ST_88 : Operation 1189 [1/1] (0.00ns)   --->   "%p_Result_13_6 = partselect i64 @_ssdm_op_PartSelect.i64.i512.i32.i32, i512 %gmem1_addr_6_read, i32 128, i32 191"   --->   Operation 1189 'partselect' 'p_Result_13_6' <Predicate = (icmp_ln79_50)> <Delay = 0.00>
ST_88 : Operation 1190 [1/1] (0.00ns)   --->   "%bitcast_ln24_100 = bitcast i64 %p_Result_12_6" [likelihood_kernel.cpp:24]   --->   Operation 1190 'bitcast' 'bitcast_ln24_100' <Predicate = (icmp_ln79_50)> <Delay = 0.00>
ST_88 : Operation 1191 [1/1] (1.20ns)   --->   "%store_ln83 = store i64 %bitcast_ln24_100, i4 %buffer_X_2_addr_12" [likelihood_kernel.cpp:83]   --->   Operation 1191 'store' 'store_ln83' <Predicate = (icmp_ln79_50)> <Delay = 1.20> <CoreInst = "RAM_2P_BRAM">   --->   Core 94 'RAM_2P_BRAM' <Latency = 1> <II = 1> <Delay = 1.20> <Storage> <Opcode : 'load' 'store'> <Ports = 2> <Width = 64> <Depth = 16> <RAM>
ST_88 : Operation 1192 [1/1] (0.00ns)   --->   "%bitcast_ln24_101 = bitcast i64 %p_Result_13_6" [likelihood_kernel.cpp:24]   --->   Operation 1192 'bitcast' 'bitcast_ln24_101' <Predicate = (icmp_ln79_50)> <Delay = 0.00>
ST_88 : Operation 1193 [1/1] (1.20ns)   --->   "%store_ln84 = store i64 %bitcast_ln24_101, i4 %buffer_Y_2_addr_12" [likelihood_kernel.cpp:84]   --->   Operation 1193 'store' 'store_ln84' <Predicate = (icmp_ln79_50)> <Delay = 1.20> <CoreInst = "RAM_2P_BRAM">   --->   Core 94 'RAM_2P_BRAM' <Latency = 1> <II = 1> <Delay = 1.20> <Storage> <Opcode : 'load' 'store'> <Ports = 2> <Width = 64> <Depth = 16> <RAM>
ST_88 : Operation 1194 [1/1] (0.00ns)   --->   "%br_ln85 = br void %._crit_edge3.6" [likelihood_kernel.cpp:85]   --->   Operation 1194 'br' 'br_ln85' <Predicate = (icmp_ln79_50)> <Delay = 0.00>
ST_88 : Operation 1195 [1/1] (0.85ns)   --->   "%icmp_ln79_51 = icmp_sgt  i32 %tileSize, i32 51" [likelihood_kernel.cpp:79]   --->   Operation 1195 'icmp' 'icmp_ln79_51' <Predicate = true> <Delay = 0.85> <CoreInst = "Cmp">   --->   Core 9 'Cmp' <Latency = 0> <II = 1> <Delay = 0.82> <FuncUnit> <Opcode : 'icmp'> <InPorts = 2> <OutPorts = 1>
ST_88 : Operation 1196 [1/1] (0.00ns)   --->   "%br_ln79 = br i1 %icmp_ln79_51, void %._crit_edge4.6, void" [likelihood_kernel.cpp:79]   --->   Operation 1196 'br' 'br_ln79' <Predicate = true> <Delay = 0.00>
ST_88 : Operation 1197 [1/1] (0.00ns)   --->   "%p_Result_22_6 = partselect i64 @_ssdm_op_PartSelect.i64.i512.i32.i32, i512 %gmem0_addr_6_read, i32 192, i32 255"   --->   Operation 1197 'partselect' 'p_Result_22_6' <Predicate = (icmp_ln79_51)> <Delay = 0.00>
ST_88 : Operation 1198 [1/1] (0.00ns)   --->   "%p_Result_23_6 = partselect i64 @_ssdm_op_PartSelect.i64.i512.i32.i32, i512 %gmem1_addr_6_read, i32 192, i32 255"   --->   Operation 1198 'partselect' 'p_Result_23_6' <Predicate = (icmp_ln79_51)> <Delay = 0.00>
ST_88 : Operation 1199 [1/1] (0.00ns)   --->   "%bitcast_ln24_102 = bitcast i64 %p_Result_22_6" [likelihood_kernel.cpp:24]   --->   Operation 1199 'bitcast' 'bitcast_ln24_102' <Predicate = (icmp_ln79_51)> <Delay = 0.00>
ST_88 : Operation 1200 [1/1] (1.20ns)   --->   "%store_ln83 = store i64 %bitcast_ln24_102, i4 %buffer_X_3_addr_12" [likelihood_kernel.cpp:83]   --->   Operation 1200 'store' 'store_ln83' <Predicate = (icmp_ln79_51)> <Delay = 1.20> <CoreInst = "RAM_2P_BRAM">   --->   Core 94 'RAM_2P_BRAM' <Latency = 1> <II = 1> <Delay = 1.20> <Storage> <Opcode : 'load' 'store'> <Ports = 2> <Width = 64> <Depth = 16> <RAM>
ST_88 : Operation 1201 [1/1] (0.00ns)   --->   "%bitcast_ln24_103 = bitcast i64 %p_Result_23_6" [likelihood_kernel.cpp:24]   --->   Operation 1201 'bitcast' 'bitcast_ln24_103' <Predicate = (icmp_ln79_51)> <Delay = 0.00>
ST_88 : Operation 1202 [1/1] (1.20ns)   --->   "%store_ln84 = store i64 %bitcast_ln24_103, i4 %buffer_Y_3_addr_12" [likelihood_kernel.cpp:84]   --->   Operation 1202 'store' 'store_ln84' <Predicate = (icmp_ln79_51)> <Delay = 1.20> <CoreInst = "RAM_2P_BRAM">   --->   Core 94 'RAM_2P_BRAM' <Latency = 1> <II = 1> <Delay = 1.20> <Storage> <Opcode : 'load' 'store'> <Ports = 2> <Width = 64> <Depth = 16> <RAM>
ST_88 : Operation 1203 [1/1] (0.00ns)   --->   "%br_ln85 = br void %._crit_edge4.6" [likelihood_kernel.cpp:85]   --->   Operation 1203 'br' 'br_ln85' <Predicate = (icmp_ln79_51)> <Delay = 0.00>
ST_88 : Operation 1204 [1/1] (0.85ns)   --->   "%icmp_ln79_52 = icmp_sgt  i32 %tileSize, i32 52" [likelihood_kernel.cpp:79]   --->   Operation 1204 'icmp' 'icmp_ln79_52' <Predicate = true> <Delay = 0.85> <CoreInst = "Cmp">   --->   Core 9 'Cmp' <Latency = 0> <II = 1> <Delay = 0.82> <FuncUnit> <Opcode : 'icmp'> <InPorts = 2> <OutPorts = 1>
ST_88 : Operation 1205 [1/1] (0.00ns)   --->   "%br_ln79 = br i1 %icmp_ln79_52, void %._crit_edge5.6, void" [likelihood_kernel.cpp:79]   --->   Operation 1205 'br' 'br_ln79' <Predicate = true> <Delay = 0.00>

State 89 <SV = 79> <Delay = 2.05>
ST_89 : Operation 1206 [1/1] (0.00ns)   --->   "%p_Result_24_6 = partselect i64 @_ssdm_op_PartSelect.i64.i512.i32.i32, i512 %gmem0_addr_6_read, i32 256, i32 319"   --->   Operation 1206 'partselect' 'p_Result_24_6' <Predicate = (icmp_ln70_6 & icmp_ln79_52)> <Delay = 0.00>
ST_89 : Operation 1207 [1/1] (0.00ns)   --->   "%p_Result_25_6 = partselect i64 @_ssdm_op_PartSelect.i64.i512.i32.i32, i512 %gmem1_addr_6_read, i32 256, i32 319"   --->   Operation 1207 'partselect' 'p_Result_25_6' <Predicate = (icmp_ln70_6 & icmp_ln79_52)> <Delay = 0.00>
ST_89 : Operation 1208 [1/1] (0.00ns)   --->   "%bitcast_ln24_104 = bitcast i64 %p_Result_24_6" [likelihood_kernel.cpp:24]   --->   Operation 1208 'bitcast' 'bitcast_ln24_104' <Predicate = (icmp_ln70_6 & icmp_ln79_52)> <Delay = 0.00>
ST_89 : Operation 1209 [1/1] (1.20ns)   --->   "%store_ln83 = store i64 %bitcast_ln24_104, i4 %buffer_X_0_addr_13" [likelihood_kernel.cpp:83]   --->   Operation 1209 'store' 'store_ln83' <Predicate = (icmp_ln70_6 & icmp_ln79_52)> <Delay = 1.20> <CoreInst = "RAM_2P_BRAM">   --->   Core 94 'RAM_2P_BRAM' <Latency = 1> <II = 1> <Delay = 1.20> <Storage> <Opcode : 'load' 'store'> <Ports = 2> <Width = 64> <Depth = 16> <RAM>
ST_89 : Operation 1210 [1/1] (0.00ns)   --->   "%bitcast_ln24_105 = bitcast i64 %p_Result_25_6" [likelihood_kernel.cpp:24]   --->   Operation 1210 'bitcast' 'bitcast_ln24_105' <Predicate = (icmp_ln70_6 & icmp_ln79_52)> <Delay = 0.00>
ST_89 : Operation 1211 [1/1] (1.20ns)   --->   "%store_ln84 = store i64 %bitcast_ln24_105, i4 %buffer_Y_0_addr_13" [likelihood_kernel.cpp:84]   --->   Operation 1211 'store' 'store_ln84' <Predicate = (icmp_ln70_6 & icmp_ln79_52)> <Delay = 1.20> <CoreInst = "RAM_2P_BRAM">   --->   Core 94 'RAM_2P_BRAM' <Latency = 1> <II = 1> <Delay = 1.20> <Storage> <Opcode : 'load' 'store'> <Ports = 2> <Width = 64> <Depth = 16> <RAM>
ST_89 : Operation 1212 [1/1] (0.00ns)   --->   "%br_ln85 = br void %._crit_edge5.6" [likelihood_kernel.cpp:85]   --->   Operation 1212 'br' 'br_ln85' <Predicate = (icmp_ln70_6 & icmp_ln79_52)> <Delay = 0.00>
ST_89 : Operation 1213 [1/1] (0.85ns)   --->   "%icmp_ln79_53 = icmp_sgt  i32 %tileSize, i32 53" [likelihood_kernel.cpp:79]   --->   Operation 1213 'icmp' 'icmp_ln79_53' <Predicate = (icmp_ln70_6)> <Delay = 0.85> <CoreInst = "Cmp">   --->   Core 9 'Cmp' <Latency = 0> <II = 1> <Delay = 0.82> <FuncUnit> <Opcode : 'icmp'> <InPorts = 2> <OutPorts = 1>
ST_89 : Operation 1214 [1/1] (0.00ns)   --->   "%br_ln79 = br i1 %icmp_ln79_53, void %._crit_edge6.6, void" [likelihood_kernel.cpp:79]   --->   Operation 1214 'br' 'br_ln79' <Predicate = (icmp_ln70_6)> <Delay = 0.00>
ST_89 : Operation 1215 [1/1] (0.00ns)   --->   "%p_Result_26_6 = partselect i64 @_ssdm_op_PartSelect.i64.i512.i32.i32, i512 %gmem0_addr_6_read, i32 320, i32 383"   --->   Operation 1215 'partselect' 'p_Result_26_6' <Predicate = (icmp_ln70_6 & icmp_ln79_53)> <Delay = 0.00>
ST_89 : Operation 1216 [1/1] (0.00ns)   --->   "%p_Result_27_6 = partselect i64 @_ssdm_op_PartSelect.i64.i512.i32.i32, i512 %gmem1_addr_6_read, i32 320, i32 383"   --->   Operation 1216 'partselect' 'p_Result_27_6' <Predicate = (icmp_ln70_6 & icmp_ln79_53)> <Delay = 0.00>
ST_89 : Operation 1217 [1/1] (0.00ns)   --->   "%bitcast_ln24_106 = bitcast i64 %p_Result_26_6" [likelihood_kernel.cpp:24]   --->   Operation 1217 'bitcast' 'bitcast_ln24_106' <Predicate = (icmp_ln70_6 & icmp_ln79_53)> <Delay = 0.00>
ST_89 : Operation 1218 [1/1] (1.20ns)   --->   "%store_ln83 = store i64 %bitcast_ln24_106, i4 %buffer_X_1_addr_13" [likelihood_kernel.cpp:83]   --->   Operation 1218 'store' 'store_ln83' <Predicate = (icmp_ln70_6 & icmp_ln79_53)> <Delay = 1.20> <CoreInst = "RAM_2P_BRAM">   --->   Core 94 'RAM_2P_BRAM' <Latency = 1> <II = 1> <Delay = 1.20> <Storage> <Opcode : 'load' 'store'> <Ports = 2> <Width = 64> <Depth = 16> <RAM>
ST_89 : Operation 1219 [1/1] (0.00ns)   --->   "%bitcast_ln24_107 = bitcast i64 %p_Result_27_6" [likelihood_kernel.cpp:24]   --->   Operation 1219 'bitcast' 'bitcast_ln24_107' <Predicate = (icmp_ln70_6 & icmp_ln79_53)> <Delay = 0.00>
ST_89 : Operation 1220 [1/1] (1.20ns)   --->   "%store_ln84 = store i64 %bitcast_ln24_107, i4 %buffer_Y_1_addr_13" [likelihood_kernel.cpp:84]   --->   Operation 1220 'store' 'store_ln84' <Predicate = (icmp_ln70_6 & icmp_ln79_53)> <Delay = 1.20> <CoreInst = "RAM_2P_BRAM">   --->   Core 94 'RAM_2P_BRAM' <Latency = 1> <II = 1> <Delay = 1.20> <Storage> <Opcode : 'load' 'store'> <Ports = 2> <Width = 64> <Depth = 16> <RAM>
ST_89 : Operation 1221 [1/1] (0.00ns)   --->   "%br_ln85 = br void %._crit_edge6.6" [likelihood_kernel.cpp:85]   --->   Operation 1221 'br' 'br_ln85' <Predicate = (icmp_ln70_6 & icmp_ln79_53)> <Delay = 0.00>
ST_89 : Operation 1222 [1/1] (0.85ns)   --->   "%icmp_ln79_54 = icmp_sgt  i32 %tileSize, i32 54" [likelihood_kernel.cpp:79]   --->   Operation 1222 'icmp' 'icmp_ln79_54' <Predicate = (icmp_ln70_6)> <Delay = 0.85> <CoreInst = "Cmp">   --->   Core 9 'Cmp' <Latency = 0> <II = 1> <Delay = 0.82> <FuncUnit> <Opcode : 'icmp'> <InPorts = 2> <OutPorts = 1>
ST_89 : Operation 1223 [1/1] (0.00ns)   --->   "%br_ln79 = br i1 %icmp_ln79_54, void %._crit_edge7.6, void" [likelihood_kernel.cpp:79]   --->   Operation 1223 'br' 'br_ln79' <Predicate = (icmp_ln70_6)> <Delay = 0.00>
ST_89 : Operation 1224 [1/1] (0.00ns)   --->   "%p_Result_28_6 = partselect i64 @_ssdm_op_PartSelect.i64.i512.i32.i32, i512 %gmem0_addr_6_read, i32 384, i32 447"   --->   Operation 1224 'partselect' 'p_Result_28_6' <Predicate = (icmp_ln70_6 & icmp_ln79_54)> <Delay = 0.00>
ST_89 : Operation 1225 [1/1] (0.00ns)   --->   "%p_Result_29_6 = partselect i64 @_ssdm_op_PartSelect.i64.i512.i32.i32, i512 %gmem1_addr_6_read, i32 384, i32 447"   --->   Operation 1225 'partselect' 'p_Result_29_6' <Predicate = (icmp_ln70_6 & icmp_ln79_54)> <Delay = 0.00>
ST_89 : Operation 1226 [1/1] (0.00ns)   --->   "%bitcast_ln24_108 = bitcast i64 %p_Result_28_6" [likelihood_kernel.cpp:24]   --->   Operation 1226 'bitcast' 'bitcast_ln24_108' <Predicate = (icmp_ln70_6 & icmp_ln79_54)> <Delay = 0.00>
ST_89 : Operation 1227 [1/1] (1.20ns)   --->   "%store_ln83 = store i64 %bitcast_ln24_108, i4 %buffer_X_2_addr_13" [likelihood_kernel.cpp:83]   --->   Operation 1227 'store' 'store_ln83' <Predicate = (icmp_ln70_6 & icmp_ln79_54)> <Delay = 1.20> <CoreInst = "RAM_2P_BRAM">   --->   Core 94 'RAM_2P_BRAM' <Latency = 1> <II = 1> <Delay = 1.20> <Storage> <Opcode : 'load' 'store'> <Ports = 2> <Width = 64> <Depth = 16> <RAM>
ST_89 : Operation 1228 [1/1] (0.00ns)   --->   "%bitcast_ln24_109 = bitcast i64 %p_Result_29_6" [likelihood_kernel.cpp:24]   --->   Operation 1228 'bitcast' 'bitcast_ln24_109' <Predicate = (icmp_ln70_6 & icmp_ln79_54)> <Delay = 0.00>
ST_89 : Operation 1229 [1/1] (1.20ns)   --->   "%store_ln84 = store i64 %bitcast_ln24_109, i4 %buffer_Y_2_addr_13" [likelihood_kernel.cpp:84]   --->   Operation 1229 'store' 'store_ln84' <Predicate = (icmp_ln70_6 & icmp_ln79_54)> <Delay = 1.20> <CoreInst = "RAM_2P_BRAM">   --->   Core 94 'RAM_2P_BRAM' <Latency = 1> <II = 1> <Delay = 1.20> <Storage> <Opcode : 'load' 'store'> <Ports = 2> <Width = 64> <Depth = 16> <RAM>
ST_89 : Operation 1230 [1/1] (0.00ns)   --->   "%br_ln85 = br void %._crit_edge7.6" [likelihood_kernel.cpp:85]   --->   Operation 1230 'br' 'br_ln85' <Predicate = (icmp_ln70_6 & icmp_ln79_54)> <Delay = 0.00>
ST_89 : Operation 1231 [1/1] (0.85ns)   --->   "%icmp_ln79_55 = icmp_sgt  i32 %tileSize, i32 55" [likelihood_kernel.cpp:79]   --->   Operation 1231 'icmp' 'icmp_ln79_55' <Predicate = (icmp_ln70_6)> <Delay = 0.85> <CoreInst = "Cmp">   --->   Core 9 'Cmp' <Latency = 0> <II = 1> <Delay = 0.82> <FuncUnit> <Opcode : 'icmp'> <InPorts = 2> <OutPorts = 1>
ST_89 : Operation 1232 [1/1] (0.00ns)   --->   "%br_ln79 = br i1 %icmp_ln79_55, void %.split.7, void" [likelihood_kernel.cpp:79]   --->   Operation 1232 'br' 'br_ln79' <Predicate = (icmp_ln70_6)> <Delay = 0.00>
ST_89 : Operation 1233 [1/1] (0.00ns)   --->   "%p_Result_30_6 = partselect i64 @_ssdm_op_PartSelect.i64.i512.i32.i32, i512 %gmem0_addr_6_read, i32 448, i32 511"   --->   Operation 1233 'partselect' 'p_Result_30_6' <Predicate = (icmp_ln70_6 & icmp_ln79_55)> <Delay = 0.00>
ST_89 : Operation 1234 [1/1] (0.00ns)   --->   "%p_Result_31_6 = partselect i64 @_ssdm_op_PartSelect.i64.i512.i32.i32, i512 %gmem1_addr_6_read, i32 448, i32 511"   --->   Operation 1234 'partselect' 'p_Result_31_6' <Predicate = (icmp_ln70_6 & icmp_ln79_55)> <Delay = 0.00>
ST_89 : Operation 1235 [1/1] (0.00ns)   --->   "%bitcast_ln24_110 = bitcast i64 %p_Result_30_6" [likelihood_kernel.cpp:24]   --->   Operation 1235 'bitcast' 'bitcast_ln24_110' <Predicate = (icmp_ln70_6 & icmp_ln79_55)> <Delay = 0.00>
ST_89 : Operation 1236 [1/1] (1.20ns)   --->   "%store_ln83 = store i64 %bitcast_ln24_110, i4 %buffer_X_3_addr_13" [likelihood_kernel.cpp:83]   --->   Operation 1236 'store' 'store_ln83' <Predicate = (icmp_ln70_6 & icmp_ln79_55)> <Delay = 1.20> <CoreInst = "RAM_2P_BRAM">   --->   Core 94 'RAM_2P_BRAM' <Latency = 1> <II = 1> <Delay = 1.20> <Storage> <Opcode : 'load' 'store'> <Ports = 2> <Width = 64> <Depth = 16> <RAM>
ST_89 : Operation 1237 [1/1] (0.00ns)   --->   "%bitcast_ln24_111 = bitcast i64 %p_Result_31_6" [likelihood_kernel.cpp:24]   --->   Operation 1237 'bitcast' 'bitcast_ln24_111' <Predicate = (icmp_ln70_6 & icmp_ln79_55)> <Delay = 0.00>
ST_89 : Operation 1238 [1/1] (1.20ns)   --->   "%store_ln84 = store i64 %bitcast_ln24_111, i4 %buffer_Y_3_addr_13" [likelihood_kernel.cpp:84]   --->   Operation 1238 'store' 'store_ln84' <Predicate = (icmp_ln70_6 & icmp_ln79_55)> <Delay = 1.20> <CoreInst = "RAM_2P_BRAM">   --->   Core 94 'RAM_2P_BRAM' <Latency = 1> <II = 1> <Delay = 1.20> <Storage> <Opcode : 'load' 'store'> <Ports = 2> <Width = 64> <Depth = 16> <RAM>
ST_89 : Operation 1239 [1/1] (0.00ns)   --->   "%br_ln85 = br void %.split.7" [likelihood_kernel.cpp:85]   --->   Operation 1239 'br' 'br_ln85' <Predicate = (icmp_ln70_6 & icmp_ln79_55)> <Delay = 0.00>
ST_89 : Operation 1240 [1/1] (0.00ns)   --->   "%tmp_11 = partselect i27 @_ssdm_op_PartSelect.i27.i30.i32.i32, i30 %num_words, i32 3, i32 29" [likelihood_kernel.cpp:70]   --->   Operation 1240 'partselect' 'tmp_11' <Predicate = true> <Delay = 0.00>
ST_89 : Operation 1241 [1/1] (0.80ns)   --->   "%icmp_ln70_7 = icmp_sgt  i27 %tmp_11, i27 0" [likelihood_kernel.cpp:70]   --->   Operation 1241 'icmp' 'icmp_ln70_7' <Predicate = true> <Delay = 0.80> <CoreInst = "Cmp">   --->   Core 9 'Cmp' <Latency = 0> <II = 1> <Delay = 0.82> <FuncUnit> <Opcode : 'icmp'> <InPorts = 2> <OutPorts = 1>
ST_89 : Operation 1242 [1/1] (0.00ns)   --->   "%br_ln70 = br i1 %icmp_ln70_7, void %_Z14load_particlesPK7ap_uintILi512EES2_PdS3_ii.exit, void" [likelihood_kernel.cpp:70]   --->   Operation 1242 'br' 'br_ln70' <Predicate = true> <Delay = 0.00>
ST_89 : Operation 1243 [1/1] (0.00ns)   --->   "%or_ln71_6 = or i28 %tmp_2, i28 7" [likelihood_kernel.cpp:71]   --->   Operation 1243 'or' 'or_ln71_6' <Predicate = (icmp_ln70_7)> <Delay = 0.00>
ST_89 : Operation 1244 [1/1] (0.00ns)   --->   "%shl_ln71_7 = bitconcatenate i34 @_ssdm_op_BitConcatenate.i34.i28.i6, i28 %or_ln71_6, i6 0" [likelihood_kernel.cpp:71]   --->   Operation 1244 'bitconcatenate' 'shl_ln71_7' <Predicate = (icmp_ln70_7)> <Delay = 0.00>
ST_89 : Operation 1245 [1/1] (0.00ns)   --->   "%zext_ln71_7 = zext i34 %shl_ln71_7" [likelihood_kernel.cpp:71]   --->   Operation 1245 'zext' 'zext_ln71_7' <Predicate = (icmp_ln70_7)> <Delay = 0.00>
ST_89 : Operation 1246 [1/1] (1.14ns)   --->   "%add_ln71_7 = add i64 %zext_ln71_7, i64 %arrayX_read" [likelihood_kernel.cpp:71]   --->   Operation 1246 'add' 'add_ln71_7' <Predicate = (icmp_ln70_7)> <Delay = 1.14> <CoreInst = "Adder">   --->   Core 1 'Adder' <Latency = 0> <II = 1> <Delay = 0.88> <FuncUnit> <Opcode : 'add' 'sub'> <InPorts = 2> <OutPorts = 1>
ST_89 : Operation 1247 [1/1] (0.00ns)   --->   "%trunc_ln71_3 = partselect i58 @_ssdm_op_PartSelect.i58.i64.i32.i32, i64 %add_ln71_7, i32 6, i32 63" [likelihood_kernel.cpp:71]   --->   Operation 1247 'partselect' 'trunc_ln71_3' <Predicate = (icmp_ln70_7)> <Delay = 0.00>
ST_89 : Operation 1248 [1/1] (1.14ns)   --->   "%add_ln72_7 = add i64 %zext_ln71_7, i64 %arrayY_read" [likelihood_kernel.cpp:72]   --->   Operation 1248 'add' 'add_ln72_7' <Predicate = (icmp_ln70_7)> <Delay = 1.14> <CoreInst = "Adder">   --->   Core 1 'Adder' <Latency = 0> <II = 1> <Delay = 0.88> <FuncUnit> <Opcode : 'add' 'sub'> <InPorts = 2> <OutPorts = 1>
ST_89 : Operation 1249 [1/1] (0.00ns)   --->   "%trunc_ln72_7 = partselect i58 @_ssdm_op_PartSelect.i58.i64.i32.i32, i64 %add_ln72_7, i32 6, i32 63" [likelihood_kernel.cpp:72]   --->   Operation 1249 'partselect' 'trunc_ln72_7' <Predicate = (icmp_ln70_7)> <Delay = 0.00>

State 90 <SV = 80> <Delay = 2.43>
ST_90 : Operation 1250 [1/1] (0.00ns)   --->   "%sext_ln71_7 = sext i58 %trunc_ln71_3" [likelihood_kernel.cpp:71]   --->   Operation 1250 'sext' 'sext_ln71_7' <Predicate = true> <Delay = 0.00>
ST_90 : Operation 1251 [1/1] (0.00ns)   --->   "%gmem0_addr_7 = getelementptr i512 %gmem0, i64 %sext_ln71_7" [likelihood_kernel.cpp:71]   --->   Operation 1251 'getelementptr' 'gmem0_addr_7' <Predicate = true> <Delay = 0.00>
ST_90 : Operation 1252 [7/7] (2.43ns)   --->   "%gmem0_load_7_req = readreq i1 @_ssdm_op_ReadReq.m_axi.i512P1A, i512 %gmem0_addr_7, i32 1" [likelihood_kernel.cpp:71]   --->   Operation 1252 'readreq' 'gmem0_load_7_req' <Predicate = true> <Delay = 2.43> <CoreInst = "m_axi">   --->   Core 121 'm_axi' <Latency = 6> <II = 1> <Delay = 1.00> <Adapter> <Opcode : 'read' 'write' 'readreq' 'writereq' 'writeresp'>
ST_90 : Operation 1253 [1/1] (0.00ns)   --->   "%sext_ln72_7 = sext i58 %trunc_ln72_7" [likelihood_kernel.cpp:72]   --->   Operation 1253 'sext' 'sext_ln72_7' <Predicate = true> <Delay = 0.00>
ST_90 : Operation 1254 [1/1] (0.00ns)   --->   "%gmem1_addr_7 = getelementptr i512 %gmem1, i64 %sext_ln72_7" [likelihood_kernel.cpp:72]   --->   Operation 1254 'getelementptr' 'gmem1_addr_7' <Predicate = true> <Delay = 0.00>
ST_90 : Operation 1255 [7/7] (2.43ns)   --->   "%gmem1_load_7_req = readreq i1 @_ssdm_op_ReadReq.m_axi.i512P1A, i512 %gmem1_addr_7, i32 1" [likelihood_kernel.cpp:72]   --->   Operation 1255 'readreq' 'gmem1_load_7_req' <Predicate = true> <Delay = 2.43> <CoreInst = "m_axi">   --->   Core 121 'm_axi' <Latency = 6> <II = 1> <Delay = 1.00> <Adapter> <Opcode : 'read' 'write' 'readreq' 'writereq' 'writeresp'>

State 91 <SV = 81> <Delay = 2.43>
ST_91 : Operation 1256 [6/7] (2.43ns)   --->   "%gmem0_load_7_req = readreq i1 @_ssdm_op_ReadReq.m_axi.i512P1A, i512 %gmem0_addr_7, i32 1" [likelihood_kernel.cpp:71]   --->   Operation 1256 'readreq' 'gmem0_load_7_req' <Predicate = true> <Delay = 2.43> <CoreInst = "m_axi">   --->   Core 121 'm_axi' <Latency = 6> <II = 1> <Delay = 1.00> <Adapter> <Opcode : 'read' 'write' 'readreq' 'writereq' 'writeresp'>
ST_91 : Operation 1257 [6/7] (2.43ns)   --->   "%gmem1_load_7_req = readreq i1 @_ssdm_op_ReadReq.m_axi.i512P1A, i512 %gmem1_addr_7, i32 1" [likelihood_kernel.cpp:72]   --->   Operation 1257 'readreq' 'gmem1_load_7_req' <Predicate = true> <Delay = 2.43> <CoreInst = "m_axi">   --->   Core 121 'm_axi' <Latency = 6> <II = 1> <Delay = 1.00> <Adapter> <Opcode : 'read' 'write' 'readreq' 'writereq' 'writeresp'>

State 92 <SV = 82> <Delay = 2.43>
ST_92 : Operation 1258 [5/7] (2.43ns)   --->   "%gmem0_load_7_req = readreq i1 @_ssdm_op_ReadReq.m_axi.i512P1A, i512 %gmem0_addr_7, i32 1" [likelihood_kernel.cpp:71]   --->   Operation 1258 'readreq' 'gmem0_load_7_req' <Predicate = true> <Delay = 2.43> <CoreInst = "m_axi">   --->   Core 121 'm_axi' <Latency = 6> <II = 1> <Delay = 1.00> <Adapter> <Opcode : 'read' 'write' 'readreq' 'writereq' 'writeresp'>
ST_92 : Operation 1259 [5/7] (2.43ns)   --->   "%gmem1_load_7_req = readreq i1 @_ssdm_op_ReadReq.m_axi.i512P1A, i512 %gmem1_addr_7, i32 1" [likelihood_kernel.cpp:72]   --->   Operation 1259 'readreq' 'gmem1_load_7_req' <Predicate = true> <Delay = 2.43> <CoreInst = "m_axi">   --->   Core 121 'm_axi' <Latency = 6> <II = 1> <Delay = 1.00> <Adapter> <Opcode : 'read' 'write' 'readreq' 'writereq' 'writeresp'>

State 93 <SV = 83> <Delay = 2.43>
ST_93 : Operation 1260 [4/7] (2.43ns)   --->   "%gmem0_load_7_req = readreq i1 @_ssdm_op_ReadReq.m_axi.i512P1A, i512 %gmem0_addr_7, i32 1" [likelihood_kernel.cpp:71]   --->   Operation 1260 'readreq' 'gmem0_load_7_req' <Predicate = true> <Delay = 2.43> <CoreInst = "m_axi">   --->   Core 121 'm_axi' <Latency = 6> <II = 1> <Delay = 1.00> <Adapter> <Opcode : 'read' 'write' 'readreq' 'writereq' 'writeresp'>
ST_93 : Operation 1261 [4/7] (2.43ns)   --->   "%gmem1_load_7_req = readreq i1 @_ssdm_op_ReadReq.m_axi.i512P1A, i512 %gmem1_addr_7, i32 1" [likelihood_kernel.cpp:72]   --->   Operation 1261 'readreq' 'gmem1_load_7_req' <Predicate = true> <Delay = 2.43> <CoreInst = "m_axi">   --->   Core 121 'm_axi' <Latency = 6> <II = 1> <Delay = 1.00> <Adapter> <Opcode : 'read' 'write' 'readreq' 'writereq' 'writeresp'>

State 94 <SV = 84> <Delay = 2.43>
ST_94 : Operation 1262 [3/7] (2.43ns)   --->   "%gmem0_load_7_req = readreq i1 @_ssdm_op_ReadReq.m_axi.i512P1A, i512 %gmem0_addr_7, i32 1" [likelihood_kernel.cpp:71]   --->   Operation 1262 'readreq' 'gmem0_load_7_req' <Predicate = true> <Delay = 2.43> <CoreInst = "m_axi">   --->   Core 121 'm_axi' <Latency = 6> <II = 1> <Delay = 1.00> <Adapter> <Opcode : 'read' 'write' 'readreq' 'writereq' 'writeresp'>
ST_94 : Operation 1263 [3/7] (2.43ns)   --->   "%gmem1_load_7_req = readreq i1 @_ssdm_op_ReadReq.m_axi.i512P1A, i512 %gmem1_addr_7, i32 1" [likelihood_kernel.cpp:72]   --->   Operation 1263 'readreq' 'gmem1_load_7_req' <Predicate = true> <Delay = 2.43> <CoreInst = "m_axi">   --->   Core 121 'm_axi' <Latency = 6> <II = 1> <Delay = 1.00> <Adapter> <Opcode : 'read' 'write' 'readreq' 'writereq' 'writeresp'>

State 95 <SV = 85> <Delay = 2.43>
ST_95 : Operation 1264 [2/7] (2.43ns)   --->   "%gmem0_load_7_req = readreq i1 @_ssdm_op_ReadReq.m_axi.i512P1A, i512 %gmem0_addr_7, i32 1" [likelihood_kernel.cpp:71]   --->   Operation 1264 'readreq' 'gmem0_load_7_req' <Predicate = true> <Delay = 2.43> <CoreInst = "m_axi">   --->   Core 121 'm_axi' <Latency = 6> <II = 1> <Delay = 1.00> <Adapter> <Opcode : 'read' 'write' 'readreq' 'writereq' 'writeresp'>
ST_95 : Operation 1265 [2/7] (2.43ns)   --->   "%gmem1_load_7_req = readreq i1 @_ssdm_op_ReadReq.m_axi.i512P1A, i512 %gmem1_addr_7, i32 1" [likelihood_kernel.cpp:72]   --->   Operation 1265 'readreq' 'gmem1_load_7_req' <Predicate = true> <Delay = 2.43> <CoreInst = "m_axi">   --->   Core 121 'm_axi' <Latency = 6> <II = 1> <Delay = 1.00> <Adapter> <Opcode : 'read' 'write' 'readreq' 'writereq' 'writeresp'>

State 96 <SV = 86> <Delay = 2.43>
ST_96 : Operation 1266 [1/7] (2.43ns)   --->   "%gmem0_load_7_req = readreq i1 @_ssdm_op_ReadReq.m_axi.i512P1A, i512 %gmem0_addr_7, i32 1" [likelihood_kernel.cpp:71]   --->   Operation 1266 'readreq' 'gmem0_load_7_req' <Predicate = true> <Delay = 2.43> <CoreInst = "m_axi">   --->   Core 121 'm_axi' <Latency = 6> <II = 1> <Delay = 1.00> <Adapter> <Opcode : 'read' 'write' 'readreq' 'writereq' 'writeresp'>
ST_96 : Operation 1267 [1/7] (2.43ns)   --->   "%gmem1_load_7_req = readreq i1 @_ssdm_op_ReadReq.m_axi.i512P1A, i512 %gmem1_addr_7, i32 1" [likelihood_kernel.cpp:72]   --->   Operation 1267 'readreq' 'gmem1_load_7_req' <Predicate = true> <Delay = 2.43> <CoreInst = "m_axi">   --->   Core 121 'm_axi' <Latency = 6> <II = 1> <Delay = 1.00> <Adapter> <Opcode : 'read' 'write' 'readreq' 'writereq' 'writeresp'>

State 97 <SV = 87> <Delay = 2.43>
ST_97 : Operation 1268 [1/1] (2.43ns)   --->   "%gmem0_addr_7_read = read i512 @_ssdm_op_Read.m_axi.i512P1A, i512 %gmem0_addr_7" [likelihood_kernel.cpp:71]   --->   Operation 1268 'read' 'gmem0_addr_7_read' <Predicate = true> <Delay = 2.43> <CoreInst = "m_axi">   --->   Core 121 'm_axi' <Latency = 6> <II = 1> <Delay = 1.00> <Adapter> <Opcode : 'read' 'write' 'readreq' 'writereq' 'writeresp'>
ST_97 : Operation 1269 [1/1] (2.43ns)   --->   "%gmem1_addr_7_read = read i512 @_ssdm_op_Read.m_axi.i512P1A, i512 %gmem1_addr_7" [likelihood_kernel.cpp:72]   --->   Operation 1269 'read' 'gmem1_addr_7_read' <Predicate = true> <Delay = 2.43> <CoreInst = "m_axi">   --->   Core 121 'm_axi' <Latency = 6> <II = 1> <Delay = 1.00> <Adapter> <Opcode : 'read' 'write' 'readreq' 'writereq' 'writeresp'>
ST_97 : Operation 1270 [1/1] (0.85ns)   --->   "%icmp_ln79_56 = icmp_sgt  i32 %tileSize, i32 56" [likelihood_kernel.cpp:79]   --->   Operation 1270 'icmp' 'icmp_ln79_56' <Predicate = true> <Delay = 0.85> <CoreInst = "Cmp">   --->   Core 9 'Cmp' <Latency = 0> <II = 1> <Delay = 0.82> <FuncUnit> <Opcode : 'icmp'> <InPorts = 2> <OutPorts = 1>
ST_97 : Operation 1271 [1/1] (0.00ns)   --->   "%br_ln79 = br i1 %icmp_ln79_56, void %._crit_edge.7, void" [likelihood_kernel.cpp:79]   --->   Operation 1271 'br' 'br_ln79' <Predicate = true> <Delay = 0.00>

State 98 <SV = 88> <Delay = 2.05>
ST_98 : Operation 1272 [1/1] (0.00ns)   --->   "%trunc_ln708_14 = trunc i512 %gmem0_addr_7_read"   --->   Operation 1272 'trunc' 'trunc_ln708_14' <Predicate = (icmp_ln79_56)> <Delay = 0.00>
ST_98 : Operation 1273 [1/1] (0.00ns)   --->   "%trunc_ln708_15 = trunc i512 %gmem1_addr_7_read"   --->   Operation 1273 'trunc' 'trunc_ln708_15' <Predicate = (icmp_ln79_56)> <Delay = 0.00>
ST_98 : Operation 1274 [1/1] (0.00ns)   --->   "%bitcast_ln24_112 = bitcast i64 %trunc_ln708_14" [likelihood_kernel.cpp:24]   --->   Operation 1274 'bitcast' 'bitcast_ln24_112' <Predicate = (icmp_ln79_56)> <Delay = 0.00>
ST_98 : Operation 1275 [1/1] (1.20ns)   --->   "%store_ln83 = store i64 %bitcast_ln24_112, i4 %buffer_X_0_addr_14" [likelihood_kernel.cpp:83]   --->   Operation 1275 'store' 'store_ln83' <Predicate = (icmp_ln79_56)> <Delay = 1.20> <CoreInst = "RAM_2P_BRAM">   --->   Core 94 'RAM_2P_BRAM' <Latency = 1> <II = 1> <Delay = 1.20> <Storage> <Opcode : 'load' 'store'> <Ports = 2> <Width = 64> <Depth = 16> <RAM>
ST_98 : Operation 1276 [1/1] (0.00ns)   --->   "%bitcast_ln24_113 = bitcast i64 %trunc_ln708_15" [likelihood_kernel.cpp:24]   --->   Operation 1276 'bitcast' 'bitcast_ln24_113' <Predicate = (icmp_ln79_56)> <Delay = 0.00>
ST_98 : Operation 1277 [1/1] (1.20ns)   --->   "%store_ln84 = store i64 %bitcast_ln24_113, i4 %buffer_Y_0_addr_14" [likelihood_kernel.cpp:84]   --->   Operation 1277 'store' 'store_ln84' <Predicate = (icmp_ln79_56)> <Delay = 1.20> <CoreInst = "RAM_2P_BRAM">   --->   Core 94 'RAM_2P_BRAM' <Latency = 1> <II = 1> <Delay = 1.20> <Storage> <Opcode : 'load' 'store'> <Ports = 2> <Width = 64> <Depth = 16> <RAM>
ST_98 : Operation 1278 [1/1] (0.00ns)   --->   "%br_ln85 = br void %._crit_edge.7" [likelihood_kernel.cpp:85]   --->   Operation 1278 'br' 'br_ln85' <Predicate = (icmp_ln79_56)> <Delay = 0.00>
ST_98 : Operation 1279 [1/1] (0.85ns)   --->   "%icmp_ln79_57 = icmp_sgt  i32 %tileSize, i32 57" [likelihood_kernel.cpp:79]   --->   Operation 1279 'icmp' 'icmp_ln79_57' <Predicate = true> <Delay = 0.85> <CoreInst = "Cmp">   --->   Core 9 'Cmp' <Latency = 0> <II = 1> <Delay = 0.82> <FuncUnit> <Opcode : 'icmp'> <InPorts = 2> <OutPorts = 1>
ST_98 : Operation 1280 [1/1] (0.00ns)   --->   "%br_ln79 = br i1 %icmp_ln79_57, void %._crit_edge2.7, void" [likelihood_kernel.cpp:79]   --->   Operation 1280 'br' 'br_ln79' <Predicate = true> <Delay = 0.00>
ST_98 : Operation 1281 [1/1] (0.00ns)   --->   "%p_Result_10_7 = partselect i64 @_ssdm_op_PartSelect.i64.i512.i32.i32, i512 %gmem0_addr_7_read, i32 64, i32 127"   --->   Operation 1281 'partselect' 'p_Result_10_7' <Predicate = (icmp_ln79_57)> <Delay = 0.00>
ST_98 : Operation 1282 [1/1] (0.00ns)   --->   "%p_Result_11_7 = partselect i64 @_ssdm_op_PartSelect.i64.i512.i32.i32, i512 %gmem1_addr_7_read, i32 64, i32 127"   --->   Operation 1282 'partselect' 'p_Result_11_7' <Predicate = (icmp_ln79_57)> <Delay = 0.00>
ST_98 : Operation 1283 [1/1] (0.00ns)   --->   "%bitcast_ln24_114 = bitcast i64 %p_Result_10_7" [likelihood_kernel.cpp:24]   --->   Operation 1283 'bitcast' 'bitcast_ln24_114' <Predicate = (icmp_ln79_57)> <Delay = 0.00>
ST_98 : Operation 1284 [1/1] (1.20ns)   --->   "%store_ln83 = store i64 %bitcast_ln24_114, i4 %buffer_X_1_addr_14" [likelihood_kernel.cpp:83]   --->   Operation 1284 'store' 'store_ln83' <Predicate = (icmp_ln79_57)> <Delay = 1.20> <CoreInst = "RAM_2P_BRAM">   --->   Core 94 'RAM_2P_BRAM' <Latency = 1> <II = 1> <Delay = 1.20> <Storage> <Opcode : 'load' 'store'> <Ports = 2> <Width = 64> <Depth = 16> <RAM>
ST_98 : Operation 1285 [1/1] (0.00ns)   --->   "%bitcast_ln24_115 = bitcast i64 %p_Result_11_7" [likelihood_kernel.cpp:24]   --->   Operation 1285 'bitcast' 'bitcast_ln24_115' <Predicate = (icmp_ln79_57)> <Delay = 0.00>
ST_98 : Operation 1286 [1/1] (1.20ns)   --->   "%store_ln84 = store i64 %bitcast_ln24_115, i4 %buffer_Y_1_addr_14" [likelihood_kernel.cpp:84]   --->   Operation 1286 'store' 'store_ln84' <Predicate = (icmp_ln79_57)> <Delay = 1.20> <CoreInst = "RAM_2P_BRAM">   --->   Core 94 'RAM_2P_BRAM' <Latency = 1> <II = 1> <Delay = 1.20> <Storage> <Opcode : 'load' 'store'> <Ports = 2> <Width = 64> <Depth = 16> <RAM>
ST_98 : Operation 1287 [1/1] (0.00ns)   --->   "%br_ln85 = br void %._crit_edge2.7" [likelihood_kernel.cpp:85]   --->   Operation 1287 'br' 'br_ln85' <Predicate = (icmp_ln79_57)> <Delay = 0.00>
ST_98 : Operation 1288 [1/1] (0.85ns)   --->   "%icmp_ln79_58 = icmp_sgt  i32 %tileSize, i32 58" [likelihood_kernel.cpp:79]   --->   Operation 1288 'icmp' 'icmp_ln79_58' <Predicate = true> <Delay = 0.85> <CoreInst = "Cmp">   --->   Core 9 'Cmp' <Latency = 0> <II = 1> <Delay = 0.82> <FuncUnit> <Opcode : 'icmp'> <InPorts = 2> <OutPorts = 1>
ST_98 : Operation 1289 [1/1] (0.00ns)   --->   "%br_ln79 = br i1 %icmp_ln79_58, void %._crit_edge3.7, void" [likelihood_kernel.cpp:79]   --->   Operation 1289 'br' 'br_ln79' <Predicate = true> <Delay = 0.00>
ST_98 : Operation 1290 [1/1] (0.00ns)   --->   "%p_Result_12_7 = partselect i64 @_ssdm_op_PartSelect.i64.i512.i32.i32, i512 %gmem0_addr_7_read, i32 128, i32 191"   --->   Operation 1290 'partselect' 'p_Result_12_7' <Predicate = (icmp_ln79_58)> <Delay = 0.00>
ST_98 : Operation 1291 [1/1] (0.00ns)   --->   "%p_Result_13_7 = partselect i64 @_ssdm_op_PartSelect.i64.i512.i32.i32, i512 %gmem1_addr_7_read, i32 128, i32 191"   --->   Operation 1291 'partselect' 'p_Result_13_7' <Predicate = (icmp_ln79_58)> <Delay = 0.00>
ST_98 : Operation 1292 [1/1] (0.00ns)   --->   "%bitcast_ln24_116 = bitcast i64 %p_Result_12_7" [likelihood_kernel.cpp:24]   --->   Operation 1292 'bitcast' 'bitcast_ln24_116' <Predicate = (icmp_ln79_58)> <Delay = 0.00>
ST_98 : Operation 1293 [1/1] (1.20ns)   --->   "%store_ln83 = store i64 %bitcast_ln24_116, i4 %buffer_X_2_addr_14" [likelihood_kernel.cpp:83]   --->   Operation 1293 'store' 'store_ln83' <Predicate = (icmp_ln79_58)> <Delay = 1.20> <CoreInst = "RAM_2P_BRAM">   --->   Core 94 'RAM_2P_BRAM' <Latency = 1> <II = 1> <Delay = 1.20> <Storage> <Opcode : 'load' 'store'> <Ports = 2> <Width = 64> <Depth = 16> <RAM>
ST_98 : Operation 1294 [1/1] (0.00ns)   --->   "%bitcast_ln24_117 = bitcast i64 %p_Result_13_7" [likelihood_kernel.cpp:24]   --->   Operation 1294 'bitcast' 'bitcast_ln24_117' <Predicate = (icmp_ln79_58)> <Delay = 0.00>
ST_98 : Operation 1295 [1/1] (1.20ns)   --->   "%store_ln84 = store i64 %bitcast_ln24_117, i4 %buffer_Y_2_addr_14" [likelihood_kernel.cpp:84]   --->   Operation 1295 'store' 'store_ln84' <Predicate = (icmp_ln79_58)> <Delay = 1.20> <CoreInst = "RAM_2P_BRAM">   --->   Core 94 'RAM_2P_BRAM' <Latency = 1> <II = 1> <Delay = 1.20> <Storage> <Opcode : 'load' 'store'> <Ports = 2> <Width = 64> <Depth = 16> <RAM>
ST_98 : Operation 1296 [1/1] (0.00ns)   --->   "%br_ln85 = br void %._crit_edge3.7" [likelihood_kernel.cpp:85]   --->   Operation 1296 'br' 'br_ln85' <Predicate = (icmp_ln79_58)> <Delay = 0.00>
ST_98 : Operation 1297 [1/1] (0.85ns)   --->   "%icmp_ln79_59 = icmp_sgt  i32 %tileSize, i32 59" [likelihood_kernel.cpp:79]   --->   Operation 1297 'icmp' 'icmp_ln79_59' <Predicate = true> <Delay = 0.85> <CoreInst = "Cmp">   --->   Core 9 'Cmp' <Latency = 0> <II = 1> <Delay = 0.82> <FuncUnit> <Opcode : 'icmp'> <InPorts = 2> <OutPorts = 1>
ST_98 : Operation 1298 [1/1] (0.00ns)   --->   "%br_ln79 = br i1 %icmp_ln79_59, void %._crit_edge4.7, void" [likelihood_kernel.cpp:79]   --->   Operation 1298 'br' 'br_ln79' <Predicate = true> <Delay = 0.00>
ST_98 : Operation 1299 [1/1] (0.00ns)   --->   "%p_Result_22_7 = partselect i64 @_ssdm_op_PartSelect.i64.i512.i32.i32, i512 %gmem0_addr_7_read, i32 192, i32 255"   --->   Operation 1299 'partselect' 'p_Result_22_7' <Predicate = (icmp_ln79_59)> <Delay = 0.00>
ST_98 : Operation 1300 [1/1] (0.00ns)   --->   "%p_Result_23_7 = partselect i64 @_ssdm_op_PartSelect.i64.i512.i32.i32, i512 %gmem1_addr_7_read, i32 192, i32 255"   --->   Operation 1300 'partselect' 'p_Result_23_7' <Predicate = (icmp_ln79_59)> <Delay = 0.00>
ST_98 : Operation 1301 [1/1] (0.00ns)   --->   "%bitcast_ln24_118 = bitcast i64 %p_Result_22_7" [likelihood_kernel.cpp:24]   --->   Operation 1301 'bitcast' 'bitcast_ln24_118' <Predicate = (icmp_ln79_59)> <Delay = 0.00>
ST_98 : Operation 1302 [1/1] (1.20ns)   --->   "%store_ln83 = store i64 %bitcast_ln24_118, i4 %buffer_X_3_addr_14" [likelihood_kernel.cpp:83]   --->   Operation 1302 'store' 'store_ln83' <Predicate = (icmp_ln79_59)> <Delay = 1.20> <CoreInst = "RAM_2P_BRAM">   --->   Core 94 'RAM_2P_BRAM' <Latency = 1> <II = 1> <Delay = 1.20> <Storage> <Opcode : 'load' 'store'> <Ports = 2> <Width = 64> <Depth = 16> <RAM>
ST_98 : Operation 1303 [1/1] (0.00ns)   --->   "%bitcast_ln24_119 = bitcast i64 %p_Result_23_7" [likelihood_kernel.cpp:24]   --->   Operation 1303 'bitcast' 'bitcast_ln24_119' <Predicate = (icmp_ln79_59)> <Delay = 0.00>
ST_98 : Operation 1304 [1/1] (1.20ns)   --->   "%store_ln84 = store i64 %bitcast_ln24_119, i4 %buffer_Y_3_addr_14" [likelihood_kernel.cpp:84]   --->   Operation 1304 'store' 'store_ln84' <Predicate = (icmp_ln79_59)> <Delay = 1.20> <CoreInst = "RAM_2P_BRAM">   --->   Core 94 'RAM_2P_BRAM' <Latency = 1> <II = 1> <Delay = 1.20> <Storage> <Opcode : 'load' 'store'> <Ports = 2> <Width = 64> <Depth = 16> <RAM>
ST_98 : Operation 1305 [1/1] (0.00ns)   --->   "%br_ln85 = br void %._crit_edge4.7" [likelihood_kernel.cpp:85]   --->   Operation 1305 'br' 'br_ln85' <Predicate = (icmp_ln79_59)> <Delay = 0.00>
ST_98 : Operation 1306 [1/1] (0.85ns)   --->   "%icmp_ln79_60 = icmp_sgt  i32 %tileSize, i32 60" [likelihood_kernel.cpp:79]   --->   Operation 1306 'icmp' 'icmp_ln79_60' <Predicate = true> <Delay = 0.85> <CoreInst = "Cmp">   --->   Core 9 'Cmp' <Latency = 0> <II = 1> <Delay = 0.82> <FuncUnit> <Opcode : 'icmp'> <InPorts = 2> <OutPorts = 1>
ST_98 : Operation 1307 [1/1] (0.00ns)   --->   "%br_ln79 = br i1 %icmp_ln79_60, void %._crit_edge5.7, void" [likelihood_kernel.cpp:79]   --->   Operation 1307 'br' 'br_ln79' <Predicate = true> <Delay = 0.00>

State 99 <SV = 89> <Delay = 2.05>
ST_99 : Operation 1308 [1/1] (0.00ns)   --->   "%p_Result_24_7 = partselect i64 @_ssdm_op_PartSelect.i64.i512.i32.i32, i512 %gmem0_addr_7_read, i32 256, i32 319"   --->   Operation 1308 'partselect' 'p_Result_24_7' <Predicate = (icmp_ln70_7 & icmp_ln79_60)> <Delay = 0.00>
ST_99 : Operation 1309 [1/1] (0.00ns)   --->   "%p_Result_25_7 = partselect i64 @_ssdm_op_PartSelect.i64.i512.i32.i32, i512 %gmem1_addr_7_read, i32 256, i32 319"   --->   Operation 1309 'partselect' 'p_Result_25_7' <Predicate = (icmp_ln70_7 & icmp_ln79_60)> <Delay = 0.00>
ST_99 : Operation 1310 [1/1] (0.00ns)   --->   "%bitcast_ln24_120 = bitcast i64 %p_Result_24_7" [likelihood_kernel.cpp:24]   --->   Operation 1310 'bitcast' 'bitcast_ln24_120' <Predicate = (icmp_ln70_7 & icmp_ln79_60)> <Delay = 0.00>
ST_99 : Operation 1311 [1/1] (1.20ns)   --->   "%store_ln83 = store i64 %bitcast_ln24_120, i4 %buffer_X_0_addr_15" [likelihood_kernel.cpp:83]   --->   Operation 1311 'store' 'store_ln83' <Predicate = (icmp_ln70_7 & icmp_ln79_60)> <Delay = 1.20> <CoreInst = "RAM_2P_BRAM">   --->   Core 94 'RAM_2P_BRAM' <Latency = 1> <II = 1> <Delay = 1.20> <Storage> <Opcode : 'load' 'store'> <Ports = 2> <Width = 64> <Depth = 16> <RAM>
ST_99 : Operation 1312 [1/1] (0.00ns)   --->   "%bitcast_ln24_121 = bitcast i64 %p_Result_25_7" [likelihood_kernel.cpp:24]   --->   Operation 1312 'bitcast' 'bitcast_ln24_121' <Predicate = (icmp_ln70_7 & icmp_ln79_60)> <Delay = 0.00>
ST_99 : Operation 1313 [1/1] (1.20ns)   --->   "%store_ln84 = store i64 %bitcast_ln24_121, i4 %buffer_Y_0_addr_15" [likelihood_kernel.cpp:84]   --->   Operation 1313 'store' 'store_ln84' <Predicate = (icmp_ln70_7 & icmp_ln79_60)> <Delay = 1.20> <CoreInst = "RAM_2P_BRAM">   --->   Core 94 'RAM_2P_BRAM' <Latency = 1> <II = 1> <Delay = 1.20> <Storage> <Opcode : 'load' 'store'> <Ports = 2> <Width = 64> <Depth = 16> <RAM>
ST_99 : Operation 1314 [1/1] (0.00ns)   --->   "%br_ln85 = br void %._crit_edge5.7" [likelihood_kernel.cpp:85]   --->   Operation 1314 'br' 'br_ln85' <Predicate = (icmp_ln70_7 & icmp_ln79_60)> <Delay = 0.00>
ST_99 : Operation 1315 [1/1] (0.85ns)   --->   "%icmp_ln79_61 = icmp_sgt  i32 %tileSize, i32 61" [likelihood_kernel.cpp:79]   --->   Operation 1315 'icmp' 'icmp_ln79_61' <Predicate = (icmp_ln70_7)> <Delay = 0.85> <CoreInst = "Cmp">   --->   Core 9 'Cmp' <Latency = 0> <II = 1> <Delay = 0.82> <FuncUnit> <Opcode : 'icmp'> <InPorts = 2> <OutPorts = 1>
ST_99 : Operation 1316 [1/1] (0.00ns)   --->   "%br_ln79 = br i1 %icmp_ln79_61, void %._crit_edge6.7, void" [likelihood_kernel.cpp:79]   --->   Operation 1316 'br' 'br_ln79' <Predicate = (icmp_ln70_7)> <Delay = 0.00>
ST_99 : Operation 1317 [1/1] (0.00ns)   --->   "%p_Result_26_7 = partselect i64 @_ssdm_op_PartSelect.i64.i512.i32.i32, i512 %gmem0_addr_7_read, i32 320, i32 383"   --->   Operation 1317 'partselect' 'p_Result_26_7' <Predicate = (icmp_ln70_7 & icmp_ln79_61)> <Delay = 0.00>
ST_99 : Operation 1318 [1/1] (0.00ns)   --->   "%p_Result_27_7 = partselect i64 @_ssdm_op_PartSelect.i64.i512.i32.i32, i512 %gmem1_addr_7_read, i32 320, i32 383"   --->   Operation 1318 'partselect' 'p_Result_27_7' <Predicate = (icmp_ln70_7 & icmp_ln79_61)> <Delay = 0.00>
ST_99 : Operation 1319 [1/1] (0.00ns)   --->   "%bitcast_ln24_122 = bitcast i64 %p_Result_26_7" [likelihood_kernel.cpp:24]   --->   Operation 1319 'bitcast' 'bitcast_ln24_122' <Predicate = (icmp_ln70_7 & icmp_ln79_61)> <Delay = 0.00>
ST_99 : Operation 1320 [1/1] (1.20ns)   --->   "%store_ln83 = store i64 %bitcast_ln24_122, i4 %buffer_X_1_addr_15" [likelihood_kernel.cpp:83]   --->   Operation 1320 'store' 'store_ln83' <Predicate = (icmp_ln70_7 & icmp_ln79_61)> <Delay = 1.20> <CoreInst = "RAM_2P_BRAM">   --->   Core 94 'RAM_2P_BRAM' <Latency = 1> <II = 1> <Delay = 1.20> <Storage> <Opcode : 'load' 'store'> <Ports = 2> <Width = 64> <Depth = 16> <RAM>
ST_99 : Operation 1321 [1/1] (0.00ns)   --->   "%bitcast_ln24_123 = bitcast i64 %p_Result_27_7" [likelihood_kernel.cpp:24]   --->   Operation 1321 'bitcast' 'bitcast_ln24_123' <Predicate = (icmp_ln70_7 & icmp_ln79_61)> <Delay = 0.00>
ST_99 : Operation 1322 [1/1] (1.20ns)   --->   "%store_ln84 = store i64 %bitcast_ln24_123, i4 %buffer_Y_1_addr_15" [likelihood_kernel.cpp:84]   --->   Operation 1322 'store' 'store_ln84' <Predicate = (icmp_ln70_7 & icmp_ln79_61)> <Delay = 1.20> <CoreInst = "RAM_2P_BRAM">   --->   Core 94 'RAM_2P_BRAM' <Latency = 1> <II = 1> <Delay = 1.20> <Storage> <Opcode : 'load' 'store'> <Ports = 2> <Width = 64> <Depth = 16> <RAM>
ST_99 : Operation 1323 [1/1] (0.00ns)   --->   "%br_ln85 = br void %._crit_edge6.7" [likelihood_kernel.cpp:85]   --->   Operation 1323 'br' 'br_ln85' <Predicate = (icmp_ln70_7 & icmp_ln79_61)> <Delay = 0.00>
ST_99 : Operation 1324 [1/1] (0.85ns)   --->   "%icmp_ln79_62 = icmp_sgt  i32 %tileSize, i32 62" [likelihood_kernel.cpp:79]   --->   Operation 1324 'icmp' 'icmp_ln79_62' <Predicate = (icmp_ln70_7)> <Delay = 0.85> <CoreInst = "Cmp">   --->   Core 9 'Cmp' <Latency = 0> <II = 1> <Delay = 0.82> <FuncUnit> <Opcode : 'icmp'> <InPorts = 2> <OutPorts = 1>
ST_99 : Operation 1325 [1/1] (0.00ns)   --->   "%br_ln79 = br i1 %icmp_ln79_62, void %._crit_edge7.7, void" [likelihood_kernel.cpp:79]   --->   Operation 1325 'br' 'br_ln79' <Predicate = (icmp_ln70_7)> <Delay = 0.00>
ST_99 : Operation 1326 [1/1] (0.00ns)   --->   "%p_Result_28_7 = partselect i64 @_ssdm_op_PartSelect.i64.i512.i32.i32, i512 %gmem0_addr_7_read, i32 384, i32 447"   --->   Operation 1326 'partselect' 'p_Result_28_7' <Predicate = (icmp_ln70_7 & icmp_ln79_62)> <Delay = 0.00>
ST_99 : Operation 1327 [1/1] (0.00ns)   --->   "%p_Result_29_7 = partselect i64 @_ssdm_op_PartSelect.i64.i512.i32.i32, i512 %gmem1_addr_7_read, i32 384, i32 447"   --->   Operation 1327 'partselect' 'p_Result_29_7' <Predicate = (icmp_ln70_7 & icmp_ln79_62)> <Delay = 0.00>
ST_99 : Operation 1328 [1/1] (0.00ns)   --->   "%bitcast_ln24_124 = bitcast i64 %p_Result_28_7" [likelihood_kernel.cpp:24]   --->   Operation 1328 'bitcast' 'bitcast_ln24_124' <Predicate = (icmp_ln70_7 & icmp_ln79_62)> <Delay = 0.00>
ST_99 : Operation 1329 [1/1] (1.20ns)   --->   "%store_ln83 = store i64 %bitcast_ln24_124, i4 %buffer_X_2_addr_15" [likelihood_kernel.cpp:83]   --->   Operation 1329 'store' 'store_ln83' <Predicate = (icmp_ln70_7 & icmp_ln79_62)> <Delay = 1.20> <CoreInst = "RAM_2P_BRAM">   --->   Core 94 'RAM_2P_BRAM' <Latency = 1> <II = 1> <Delay = 1.20> <Storage> <Opcode : 'load' 'store'> <Ports = 2> <Width = 64> <Depth = 16> <RAM>
ST_99 : Operation 1330 [1/1] (0.00ns)   --->   "%bitcast_ln24_125 = bitcast i64 %p_Result_29_7" [likelihood_kernel.cpp:24]   --->   Operation 1330 'bitcast' 'bitcast_ln24_125' <Predicate = (icmp_ln70_7 & icmp_ln79_62)> <Delay = 0.00>
ST_99 : Operation 1331 [1/1] (1.20ns)   --->   "%store_ln84 = store i64 %bitcast_ln24_125, i4 %buffer_Y_2_addr_15" [likelihood_kernel.cpp:84]   --->   Operation 1331 'store' 'store_ln84' <Predicate = (icmp_ln70_7 & icmp_ln79_62)> <Delay = 1.20> <CoreInst = "RAM_2P_BRAM">   --->   Core 94 'RAM_2P_BRAM' <Latency = 1> <II = 1> <Delay = 1.20> <Storage> <Opcode : 'load' 'store'> <Ports = 2> <Width = 64> <Depth = 16> <RAM>
ST_99 : Operation 1332 [1/1] (0.00ns)   --->   "%br_ln85 = br void %._crit_edge7.7" [likelihood_kernel.cpp:85]   --->   Operation 1332 'br' 'br_ln85' <Predicate = (icmp_ln70_7 & icmp_ln79_62)> <Delay = 0.00>
ST_99 : Operation 1333 [1/1] (0.00ns)   --->   "%tmp_12 = partselect i26 @_ssdm_op_PartSelect.i26.i32.i32.i32, i32 %tileSize, i32 6, i32 31" [likelihood_kernel.cpp:79]   --->   Operation 1333 'partselect' 'tmp_12' <Predicate = (icmp_ln70_7)> <Delay = 0.00>
ST_99 : Operation 1334 [1/1] (0.79ns)   --->   "%icmp_ln79_63 = icmp_sgt  i26 %tmp_12, i26 0" [likelihood_kernel.cpp:79]   --->   Operation 1334 'icmp' 'icmp_ln79_63' <Predicate = (icmp_ln70_7)> <Delay = 0.79> <CoreInst = "Cmp">   --->   Core 9 'Cmp' <Latency = 0> <II = 1> <Delay = 0.82> <FuncUnit> <Opcode : 'icmp'> <InPorts = 2> <OutPorts = 1>
ST_99 : Operation 1335 [1/1] (0.00ns)   --->   "%br_ln79 = br i1 %icmp_ln79_63, void %_Z14load_particlesPK7ap_uintILi512EES2_PdS3_ii.exit, void" [likelihood_kernel.cpp:79]   --->   Operation 1335 'br' 'br_ln79' <Predicate = (icmp_ln70_7)> <Delay = 0.00>
ST_99 : Operation 1336 [1/1] (0.00ns)   --->   "%p_Result_30_7 = partselect i64 @_ssdm_op_PartSelect.i64.i512.i32.i32, i512 %gmem0_addr_7_read, i32 448, i32 511"   --->   Operation 1336 'partselect' 'p_Result_30_7' <Predicate = (icmp_ln70_7 & icmp_ln79_63)> <Delay = 0.00>
ST_99 : Operation 1337 [1/1] (0.00ns)   --->   "%p_Result_31_7 = partselect i64 @_ssdm_op_PartSelect.i64.i512.i32.i32, i512 %gmem1_addr_7_read, i32 448, i32 511"   --->   Operation 1337 'partselect' 'p_Result_31_7' <Predicate = (icmp_ln70_7 & icmp_ln79_63)> <Delay = 0.00>
ST_99 : Operation 1338 [1/1] (0.00ns)   --->   "%bitcast_ln24_126 = bitcast i64 %p_Result_30_7" [likelihood_kernel.cpp:24]   --->   Operation 1338 'bitcast' 'bitcast_ln24_126' <Predicate = (icmp_ln70_7 & icmp_ln79_63)> <Delay = 0.00>
ST_99 : Operation 1339 [1/1] (1.20ns)   --->   "%store_ln83 = store i64 %bitcast_ln24_126, i4 %buffer_X_3_addr_15" [likelihood_kernel.cpp:83]   --->   Operation 1339 'store' 'store_ln83' <Predicate = (icmp_ln70_7 & icmp_ln79_63)> <Delay = 1.20> <CoreInst = "RAM_2P_BRAM">   --->   Core 94 'RAM_2P_BRAM' <Latency = 1> <II = 1> <Delay = 1.20> <Storage> <Opcode : 'load' 'store'> <Ports = 2> <Width = 64> <Depth = 16> <RAM>
ST_99 : Operation 1340 [1/1] (0.00ns)   --->   "%bitcast_ln24_127 = bitcast i64 %p_Result_31_7" [likelihood_kernel.cpp:24]   --->   Operation 1340 'bitcast' 'bitcast_ln24_127' <Predicate = (icmp_ln70_7 & icmp_ln79_63)> <Delay = 0.00>
ST_99 : Operation 1341 [1/1] (1.20ns)   --->   "%store_ln84 = store i64 %bitcast_ln24_127, i4 %buffer_Y_3_addr_15" [likelihood_kernel.cpp:84]   --->   Operation 1341 'store' 'store_ln84' <Predicate = (icmp_ln70_7 & icmp_ln79_63)> <Delay = 1.20> <CoreInst = "RAM_2P_BRAM">   --->   Core 94 'RAM_2P_BRAM' <Latency = 1> <II = 1> <Delay = 1.20> <Storage> <Opcode : 'load' 'store'> <Ports = 2> <Width = 64> <Depth = 16> <RAM>
ST_99 : Operation 1342 [1/1] (0.00ns)   --->   "%br_ln85 = br void %_Z14load_particlesPK7ap_uintILi512EES2_PdS3_ii.exit" [likelihood_kernel.cpp:85]   --->   Operation 1342 'br' 'br_ln85' <Predicate = (icmp_ln70_7 & icmp_ln79_63)> <Delay = 0.00>
ST_99 : Operation 1343 [1/1] (0.00ns)   --->   "%trunc_ln232 = trunc i26 %indvar" [likelihood_kernel.cpp:232]   --->   Operation 1343 'trunc' 'trunc_ln232' <Predicate = true> <Delay = 0.00>
ST_99 : Operation 1344 [1/1] (0.00ns)   --->   "%shl_ln2 = bitconcatenate i34 @_ssdm_op_BitConcatenate.i34.i25.i9, i25 %trunc_ln232, i9 0" [likelihood_kernel.cpp:232]   --->   Operation 1344 'bitconcatenate' 'shl_ln2' <Predicate = true> <Delay = 0.00>
ST_99 : Operation 1345 [1/1] (0.00ns)   --->   "%zext_ln232 = zext i34 %shl_ln2" [likelihood_kernel.cpp:232]   --->   Operation 1345 'zext' 'zext_ln232' <Predicate = true> <Delay = 0.00>
ST_99 : Operation 1346 [1/1] (1.14ns)   --->   "%add_ln232_1 = add i64 %zext_ln232, i64 %likelihood_read" [likelihood_kernel.cpp:232]   --->   Operation 1346 'add' 'add_ln232_1' <Predicate = true> <Delay = 1.14> <CoreInst = "Adder">   --->   Core 1 'Adder' <Latency = 0> <II = 1> <Delay = 0.88> <FuncUnit> <Opcode : 'add' 'sub'> <InPorts = 2> <OutPorts = 1>
ST_99 : Operation 1347 [1/1] (0.38ns)   --->   "%br_ln107 = br void" [likelihood_kernel.cpp:107]   --->   Operation 1347 'br' 'br_ln107' <Predicate = true> <Delay = 0.38>

State 100 <SV = 90> <Delay = 2.01>
ST_100 : Operation 1348 [1/1] (0.00ns)   --->   "%x = phi i31 0, void %_Z14load_particlesPK7ap_uintILi512EES2_PdS3_ii.exit, i31 %add_ln107, void %._crit_edge.loopexit781" [likelihood_kernel.cpp:107]   --->   Operation 1348 'phi' 'x' <Predicate = true> <Delay = 0.00>
ST_100 : Operation 1349 [1/1] (0.87ns)   --->   "%add_ln107 = add i31 %x, i31 1" [likelihood_kernel.cpp:107]   --->   Operation 1349 'add' 'add_ln107' <Predicate = true> <Delay = 0.87> <CoreInst = "Adder">   --->   Core 1 'Adder' <Latency = 0> <II = 1> <Delay = 0.88> <FuncUnit> <Opcode : 'add' 'sub'> <InPorts = 2> <OutPorts = 1>
ST_100 : Operation 1350 [1/1] (0.00ns)   --->   "%zext_ln107 = zext i31 %x" [likelihood_kernel.cpp:107]   --->   Operation 1350 'zext' 'zext_ln107' <Predicate = true> <Delay = 0.00>
ST_100 : Operation 1351 [1/1] (0.85ns)   --->   "%icmp_ln107 = icmp_slt  i32 %zext_ln107, i32 %tileSize" [likelihood_kernel.cpp:107]   --->   Operation 1351 'icmp' 'icmp_ln107' <Predicate = true> <Delay = 0.85> <CoreInst = "Cmp">   --->   Core 9 'Cmp' <Latency = 0> <II = 1> <Delay = 0.82> <FuncUnit> <Opcode : 'icmp'> <InPorts = 2> <OutPorts = 1>
ST_100 : Operation 1352 [1/1] (0.00ns)   --->   "%br_ln107 = br i1 %icmp_ln107, void %_Z18compute_likelihoodPKdS0_S0_iiiilPKiPdi.exit.loopexit, void %.split28" [likelihood_kernel.cpp:107]   --->   Operation 1352 'br' 'br_ln107' <Predicate = true> <Delay = 0.00>
ST_100 : Operation 1353 [1/1] (0.00ns)   --->   "%trunc_ln110 = trunc i31 %x" [likelihood_kernel.cpp:110]   --->   Operation 1353 'trunc' 'trunc_ln110' <Predicate = (icmp_ln107)> <Delay = 0.00>
ST_100 : Operation 1354 [1/1] (0.00ns)   --->   "%lshr_ln = partselect i4 @_ssdm_op_PartSelect.i4.i31.i32.i32, i31 %x, i32 2, i32 5" [likelihood_kernel.cpp:110]   --->   Operation 1354 'partselect' 'lshr_ln' <Predicate = (icmp_ln107)> <Delay = 0.00>
ST_100 : Operation 1355 [1/1] (0.00ns)   --->   "%zext_ln110_1 = zext i4 %lshr_ln" [likelihood_kernel.cpp:110]   --->   Operation 1355 'zext' 'zext_ln110_1' <Predicate = (icmp_ln107)> <Delay = 0.00>
ST_100 : Operation 1356 [1/1] (0.00ns)   --->   "%buffer_X_0_addr_16 = getelementptr i64 %buffer_X_0, i64 0, i64 %zext_ln110_1" [likelihood_kernel.cpp:110]   --->   Operation 1356 'getelementptr' 'buffer_X_0_addr_16' <Predicate = (icmp_ln107)> <Delay = 0.00>
ST_100 : Operation 1357 [2/2] (1.20ns)   --->   "%buffer_X_0_load = load i4 %buffer_X_0_addr_16" [likelihood_kernel.cpp:110]   --->   Operation 1357 'load' 'buffer_X_0_load' <Predicate = (icmp_ln107)> <Delay = 1.20> <CoreInst = "RAM_2P_BRAM">   --->   Core 94 'RAM_2P_BRAM' <Latency = 1> <II = 1> <Delay = 1.20> <Storage> <Opcode : 'load' 'store'> <Ports = 2> <Width = 64> <Depth = 16> <RAM>
ST_100 : Operation 1358 [1/1] (0.00ns)   --->   "%buffer_X_1_addr_16 = getelementptr i64 %buffer_X_1, i64 0, i64 %zext_ln110_1" [likelihood_kernel.cpp:110]   --->   Operation 1358 'getelementptr' 'buffer_X_1_addr_16' <Predicate = (icmp_ln107)> <Delay = 0.00>
ST_100 : Operation 1359 [2/2] (1.20ns)   --->   "%buffer_X_1_load = load i4 %buffer_X_1_addr_16" [likelihood_kernel.cpp:110]   --->   Operation 1359 'load' 'buffer_X_1_load' <Predicate = (icmp_ln107)> <Delay = 1.20> <CoreInst = "RAM_2P_BRAM">   --->   Core 94 'RAM_2P_BRAM' <Latency = 1> <II = 1> <Delay = 1.20> <Storage> <Opcode : 'load' 'store'> <Ports = 2> <Width = 64> <Depth = 16> <RAM>
ST_100 : Operation 1360 [1/1] (0.00ns)   --->   "%buffer_X_2_addr_16 = getelementptr i64 %buffer_X_2, i64 0, i64 %zext_ln110_1" [likelihood_kernel.cpp:110]   --->   Operation 1360 'getelementptr' 'buffer_X_2_addr_16' <Predicate = (icmp_ln107)> <Delay = 0.00>
ST_100 : Operation 1361 [2/2] (1.20ns)   --->   "%buffer_X_2_load = load i4 %buffer_X_2_addr_16" [likelihood_kernel.cpp:110]   --->   Operation 1361 'load' 'buffer_X_2_load' <Predicate = (icmp_ln107)> <Delay = 1.20> <CoreInst = "RAM_2P_BRAM">   --->   Core 94 'RAM_2P_BRAM' <Latency = 1> <II = 1> <Delay = 1.20> <Storage> <Opcode : 'load' 'store'> <Ports = 2> <Width = 64> <Depth = 16> <RAM>
ST_100 : Operation 1362 [1/1] (0.00ns)   --->   "%buffer_X_3_addr_16 = getelementptr i64 %buffer_X_3, i64 0, i64 %zext_ln110_1" [likelihood_kernel.cpp:110]   --->   Operation 1362 'getelementptr' 'buffer_X_3_addr_16' <Predicate = (icmp_ln107)> <Delay = 0.00>
ST_100 : Operation 1363 [2/2] (1.20ns)   --->   "%buffer_X_3_load = load i4 %buffer_X_3_addr_16" [likelihood_kernel.cpp:110]   --->   Operation 1363 'load' 'buffer_X_3_load' <Predicate = (icmp_ln107)> <Delay = 1.20> <CoreInst = "RAM_2P_BRAM">   --->   Core 94 'RAM_2P_BRAM' <Latency = 1> <II = 1> <Delay = 1.20> <Storage> <Opcode : 'load' 'store'> <Ports = 2> <Width = 64> <Depth = 16> <RAM>
ST_100 : Operation 1364 [1/1] (0.00ns)   --->   "%buffer_Y_0_addr_16 = getelementptr i64 %buffer_Y_0, i64 0, i64 %zext_ln110_1" [likelihood_kernel.cpp:111]   --->   Operation 1364 'getelementptr' 'buffer_Y_0_addr_16' <Predicate = (icmp_ln107)> <Delay = 0.00>
ST_100 : Operation 1365 [2/2] (1.20ns)   --->   "%buffer_Y_0_load = load i4 %buffer_Y_0_addr_16" [likelihood_kernel.cpp:111]   --->   Operation 1365 'load' 'buffer_Y_0_load' <Predicate = (icmp_ln107)> <Delay = 1.20> <CoreInst = "RAM_2P_BRAM">   --->   Core 94 'RAM_2P_BRAM' <Latency = 1> <II = 1> <Delay = 1.20> <Storage> <Opcode : 'load' 'store'> <Ports = 2> <Width = 64> <Depth = 16> <RAM>
ST_100 : Operation 1366 [1/1] (0.00ns)   --->   "%buffer_Y_1_addr_16 = getelementptr i64 %buffer_Y_1, i64 0, i64 %zext_ln110_1" [likelihood_kernel.cpp:111]   --->   Operation 1366 'getelementptr' 'buffer_Y_1_addr_16' <Predicate = (icmp_ln107)> <Delay = 0.00>
ST_100 : Operation 1367 [2/2] (1.20ns)   --->   "%buffer_Y_1_load = load i4 %buffer_Y_1_addr_16" [likelihood_kernel.cpp:111]   --->   Operation 1367 'load' 'buffer_Y_1_load' <Predicate = (icmp_ln107)> <Delay = 1.20> <CoreInst = "RAM_2P_BRAM">   --->   Core 94 'RAM_2P_BRAM' <Latency = 1> <II = 1> <Delay = 1.20> <Storage> <Opcode : 'load' 'store'> <Ports = 2> <Width = 64> <Depth = 16> <RAM>
ST_100 : Operation 1368 [1/1] (0.00ns)   --->   "%buffer_Y_2_addr_16 = getelementptr i64 %buffer_Y_2, i64 0, i64 %zext_ln110_1" [likelihood_kernel.cpp:111]   --->   Operation 1368 'getelementptr' 'buffer_Y_2_addr_16' <Predicate = (icmp_ln107)> <Delay = 0.00>
ST_100 : Operation 1369 [2/2] (1.20ns)   --->   "%buffer_Y_2_load = load i4 %buffer_Y_2_addr_16" [likelihood_kernel.cpp:111]   --->   Operation 1369 'load' 'buffer_Y_2_load' <Predicate = (icmp_ln107)> <Delay = 1.20> <CoreInst = "RAM_2P_BRAM">   --->   Core 94 'RAM_2P_BRAM' <Latency = 1> <II = 1> <Delay = 1.20> <Storage> <Opcode : 'load' 'store'> <Ports = 2> <Width = 64> <Depth = 16> <RAM>
ST_100 : Operation 1370 [1/1] (0.00ns)   --->   "%buffer_Y_3_addr_16 = getelementptr i64 %buffer_Y_3, i64 0, i64 %zext_ln110_1" [likelihood_kernel.cpp:111]   --->   Operation 1370 'getelementptr' 'buffer_Y_3_addr_16' <Predicate = (icmp_ln107)> <Delay = 0.00>
ST_100 : Operation 1371 [2/2] (1.20ns)   --->   "%buffer_Y_3_load = load i4 %buffer_Y_3_addr_16" [likelihood_kernel.cpp:111]   --->   Operation 1371 'load' 'buffer_Y_3_load' <Predicate = (icmp_ln107)> <Delay = 1.20> <CoreInst = "RAM_2P_BRAM">   --->   Core 94 'RAM_2P_BRAM' <Latency = 1> <II = 1> <Delay = 1.20> <Storage> <Opcode : 'load' 'store'> <Ports = 2> <Width = 64> <Depth = 16> <RAM>
ST_100 : Operation 1372 [1/1] (0.00ns)   --->   "%tmp_27 = bitselect i1 @_ssdm_op_BitSelect.i1.i32.i32, i32 %tileSize, i32 31" [likelihood_kernel.cpp:232]   --->   Operation 1372 'bitselect' 'tmp_27' <Predicate = (!icmp_ln107)> <Delay = 0.00>
ST_100 : Operation 1373 [1/1] (0.88ns)   --->   "%p_neg5 = sub i32 0, i32 %tileSize" [likelihood_kernel.cpp:232]   --->   Operation 1373 'sub' 'p_neg5' <Predicate = (!icmp_ln107)> <Delay = 0.88> <CoreInst = "Adder">   --->   Core 1 'Adder' <Latency = 0> <II = 1> <Delay = 0.88> <FuncUnit> <Opcode : 'add' 'sub'> <InPorts = 2> <OutPorts = 1>
ST_100 : Operation 1374 [1/1] (0.00ns)   --->   "%p_lshr6_cast = partselect i29 @_ssdm_op_PartSelect.i29.i32.i32.i32, i32 %p_neg5, i32 3, i32 31" [likelihood_kernel.cpp:232]   --->   Operation 1374 'partselect' 'p_lshr6_cast' <Predicate = (!icmp_ln107)> <Delay = 0.00>
ST_100 : Operation 1375 [1/1] (0.00ns)   --->   "%p_lshr6_cast_cast = zext i29 %p_lshr6_cast" [likelihood_kernel.cpp:232]   --->   Operation 1375 'zext' 'p_lshr6_cast_cast' <Predicate = (!icmp_ln107)> <Delay = 0.00>
ST_100 : Operation 1376 [1/1] (0.86ns)   --->   "%p_neg_t7 = sub i30 0, i30 %p_lshr6_cast_cast" [likelihood_kernel.cpp:232]   --->   Operation 1376 'sub' 'p_neg_t7' <Predicate = (!icmp_ln107)> <Delay = 0.86> <CoreInst = "Adder">   --->   Core 1 'Adder' <Latency = 0> <II = 1> <Delay = 0.88> <FuncUnit> <Opcode : 'add' 'sub'> <InPorts = 2> <OutPorts = 1>
ST_100 : Operation 1377 [1/1] (0.00ns)   --->   "%p_lshr_f8_cast = partselect i29 @_ssdm_op_PartSelect.i29.i32.i32.i32, i32 %tileSize, i32 3, i32 31" [likelihood_kernel.cpp:232]   --->   Operation 1377 'partselect' 'p_lshr_f8_cast' <Predicate = (!icmp_ln107)> <Delay = 0.00>
ST_100 : Operation 1378 [1/1] (0.00ns)   --->   "%p_lshr_f8_cast_cast = zext i29 %p_lshr_f8_cast" [likelihood_kernel.cpp:232]   --->   Operation 1378 'zext' 'p_lshr_f8_cast_cast' <Predicate = (!icmp_ln107)> <Delay = 0.00>
ST_100 : Operation 1379 [1/1] (0.27ns)   --->   "%div1_i = select i1 %tmp_27, i30 %p_neg_t7, i30 %p_lshr_f8_cast_cast" [likelihood_kernel.cpp:232]   --->   Operation 1379 'select' 'div1_i' <Predicate = (!icmp_ln107)> <Delay = 0.27> <CoreInst = "Sel">   --->   Core 73 'Sel' <Latency = 0> <II = 1> <Delay = 0.27> <FuncUnit> <Opcode : 'select'> <InPorts = 3> <OutPorts = 1>
ST_100 : Operation 1380 [1/1] (0.00ns)   --->   "%tmp_28 = partselect i29 @_ssdm_op_PartSelect.i29.i32.i32.i32, i32 %tileSize, i32 3, i32 31" [likelihood_kernel.cpp:152]   --->   Operation 1380 'partselect' 'tmp_28' <Predicate = (!icmp_ln107)> <Delay = 0.00>
ST_100 : Operation 1381 [1/1] (0.82ns)   --->   "%icmp_ln152 = icmp_sgt  i29 %tmp_28, i29 0" [likelihood_kernel.cpp:152]   --->   Operation 1381 'icmp' 'icmp_ln152' <Predicate = (!icmp_ln107)> <Delay = 0.82> <CoreInst = "Cmp">   --->   Core 9 'Cmp' <Latency = 0> <II = 1> <Delay = 0.82> <FuncUnit> <Opcode : 'icmp'> <InPorts = 2> <OutPorts = 1>

State 101 <SV = 91> <Delay = 1.65>
ST_101 : Operation 1382 [1/1] (0.00ns)   --->   "%zext_ln110 = zext i2 %trunc_ln110" [likelihood_kernel.cpp:110]   --->   Operation 1382 'zext' 'zext_ln110' <Predicate = true> <Delay = 0.00>
ST_101 : Operation 1383 [1/2] (1.20ns)   --->   "%buffer_X_0_load = load i4 %buffer_X_0_addr_16" [likelihood_kernel.cpp:110]   --->   Operation 1383 'load' 'buffer_X_0_load' <Predicate = true> <Delay = 1.20> <CoreInst = "RAM_2P_BRAM">   --->   Core 94 'RAM_2P_BRAM' <Latency = 1> <II = 1> <Delay = 1.20> <Storage> <Opcode : 'load' 'store'> <Ports = 2> <Width = 64> <Depth = 16> <RAM>
ST_101 : Operation 1384 [1/2] (1.20ns)   --->   "%buffer_X_1_load = load i4 %buffer_X_1_addr_16" [likelihood_kernel.cpp:110]   --->   Operation 1384 'load' 'buffer_X_1_load' <Predicate = true> <Delay = 1.20> <CoreInst = "RAM_2P_BRAM">   --->   Core 94 'RAM_2P_BRAM' <Latency = 1> <II = 1> <Delay = 1.20> <Storage> <Opcode : 'load' 'store'> <Ports = 2> <Width = 64> <Depth = 16> <RAM>
ST_101 : Operation 1385 [1/2] (1.20ns)   --->   "%buffer_X_2_load = load i4 %buffer_X_2_addr_16" [likelihood_kernel.cpp:110]   --->   Operation 1385 'load' 'buffer_X_2_load' <Predicate = true> <Delay = 1.20> <CoreInst = "RAM_2P_BRAM">   --->   Core 94 'RAM_2P_BRAM' <Latency = 1> <II = 1> <Delay = 1.20> <Storage> <Opcode : 'load' 'store'> <Ports = 2> <Width = 64> <Depth = 16> <RAM>
ST_101 : Operation 1386 [1/2] (1.20ns)   --->   "%buffer_X_3_load = load i4 %buffer_X_3_addr_16" [likelihood_kernel.cpp:110]   --->   Operation 1386 'load' 'buffer_X_3_load' <Predicate = true> <Delay = 1.20> <CoreInst = "RAM_2P_BRAM">   --->   Core 94 'RAM_2P_BRAM' <Latency = 1> <II = 1> <Delay = 1.20> <Storage> <Opcode : 'load' 'store'> <Ports = 2> <Width = 64> <Depth = 16> <RAM>
ST_101 : Operation 1387 [1/1] (0.45ns)   --->   "%value_assign = mux i64 @_ssdm_op_Mux.ap_auto.4double.i64, i64 %buffer_X_0_load, i64 %buffer_X_1_load, i64 %buffer_X_2_load, i64 %buffer_X_3_load, i64 %zext_ln110" [likelihood_kernel.cpp:110]   --->   Operation 1387 'mux' 'value_assign' <Predicate = true> <Delay = 0.45> <CoreInst = "Multiplexer">   --->   Core 76 'Multiplexer' <Latency = 0> <II = 1> <Delay = 0.45> <FuncUnit> <Opcode : 'mux'> <InPorts = 2> <OutPorts = 1>
ST_101 : Operation 1388 [1/2] (1.20ns)   --->   "%buffer_Y_0_load = load i4 %buffer_Y_0_addr_16" [likelihood_kernel.cpp:111]   --->   Operation 1388 'load' 'buffer_Y_0_load' <Predicate = true> <Delay = 1.20> <CoreInst = "RAM_2P_BRAM">   --->   Core 94 'RAM_2P_BRAM' <Latency = 1> <II = 1> <Delay = 1.20> <Storage> <Opcode : 'load' 'store'> <Ports = 2> <Width = 64> <Depth = 16> <RAM>
ST_101 : Operation 1389 [1/2] (1.20ns)   --->   "%buffer_Y_1_load = load i4 %buffer_Y_1_addr_16" [likelihood_kernel.cpp:111]   --->   Operation 1389 'load' 'buffer_Y_1_load' <Predicate = true> <Delay = 1.20> <CoreInst = "RAM_2P_BRAM">   --->   Core 94 'RAM_2P_BRAM' <Latency = 1> <II = 1> <Delay = 1.20> <Storage> <Opcode : 'load' 'store'> <Ports = 2> <Width = 64> <Depth = 16> <RAM>
ST_101 : Operation 1390 [1/2] (1.20ns)   --->   "%buffer_Y_2_load = load i4 %buffer_Y_2_addr_16" [likelihood_kernel.cpp:111]   --->   Operation 1390 'load' 'buffer_Y_2_load' <Predicate = true> <Delay = 1.20> <CoreInst = "RAM_2P_BRAM">   --->   Core 94 'RAM_2P_BRAM' <Latency = 1> <II = 1> <Delay = 1.20> <Storage> <Opcode : 'load' 'store'> <Ports = 2> <Width = 64> <Depth = 16> <RAM>
ST_101 : Operation 1391 [1/2] (1.20ns)   --->   "%buffer_Y_3_load = load i4 %buffer_Y_3_addr_16" [likelihood_kernel.cpp:111]   --->   Operation 1391 'load' 'buffer_Y_3_load' <Predicate = true> <Delay = 1.20> <CoreInst = "RAM_2P_BRAM">   --->   Core 94 'RAM_2P_BRAM' <Latency = 1> <II = 1> <Delay = 1.20> <Storage> <Opcode : 'load' 'store'> <Ports = 2> <Width = 64> <Depth = 16> <RAM>
ST_101 : Operation 1392 [1/1] (0.45ns)   --->   "%value_assign_1 = mux i64 @_ssdm_op_Mux.ap_auto.4double.i64, i64 %buffer_Y_0_load, i64 %buffer_Y_1_load, i64 %buffer_Y_2_load, i64 %buffer_Y_3_load, i64 %zext_ln110" [likelihood_kernel.cpp:111]   --->   Operation 1392 'mux' 'value_assign_1' <Predicate = true> <Delay = 0.45> <CoreInst = "Multiplexer">   --->   Core 76 'Multiplexer' <Latency = 0> <II = 1> <Delay = 0.45> <FuncUnit> <Opcode : 'mux'> <InPorts = 2> <OutPorts = 1>

State 102 <SV = 92> <Delay = 1.90>
ST_102 : Operation 1393 [8/8] (1.90ns)   --->   "%dc = dadd i64 %value_assign, i64 0.5" [likelihood_kernel.cpp:14->likelihood_kernel.cpp:110]   --->   Operation 1393 'dadd' 'dc' <Predicate = true> <Delay = 1.90> <CoreInst = "DAddSub_fulldsp">   --->   Core 37 'DAddSub_fulldsp' <Latency = 7> <II = 1> <Delay = 1.90> <FuncUnit> <Opcode : 'dadd' 'dsub'> <InPorts = 2> <OutPorts = 1>
ST_102 : Operation 1394 [8/8] (1.90ns)   --->   "%dc_1 = dadd i64 %value_assign_1, i64 0.5" [likelihood_kernel.cpp:14->likelihood_kernel.cpp:111]   --->   Operation 1394 'dadd' 'dc_1' <Predicate = true> <Delay = 1.90> <CoreInst = "DAddSub_fulldsp">   --->   Core 37 'DAddSub_fulldsp' <Latency = 7> <II = 1> <Delay = 1.90> <FuncUnit> <Opcode : 'dadd' 'dsub'> <InPorts = 2> <OutPorts = 1>

State 103 <SV = 93> <Delay = 1.90>
ST_103 : Operation 1395 [7/8] (1.90ns)   --->   "%dc = dadd i64 %value_assign, i64 0.5" [likelihood_kernel.cpp:14->likelihood_kernel.cpp:110]   --->   Operation 1395 'dadd' 'dc' <Predicate = true> <Delay = 1.90> <CoreInst = "DAddSub_fulldsp">   --->   Core 37 'DAddSub_fulldsp' <Latency = 7> <II = 1> <Delay = 1.90> <FuncUnit> <Opcode : 'dadd' 'dsub'> <InPorts = 2> <OutPorts = 1>
ST_103 : Operation 1396 [7/8] (1.90ns)   --->   "%dc_1 = dadd i64 %value_assign_1, i64 0.5" [likelihood_kernel.cpp:14->likelihood_kernel.cpp:111]   --->   Operation 1396 'dadd' 'dc_1' <Predicate = true> <Delay = 1.90> <CoreInst = "DAddSub_fulldsp">   --->   Core 37 'DAddSub_fulldsp' <Latency = 7> <II = 1> <Delay = 1.90> <FuncUnit> <Opcode : 'dadd' 'dsub'> <InPorts = 2> <OutPorts = 1>

State 104 <SV = 94> <Delay = 1.90>
ST_104 : Operation 1397 [6/8] (1.90ns)   --->   "%dc = dadd i64 %value_assign, i64 0.5" [likelihood_kernel.cpp:14->likelihood_kernel.cpp:110]   --->   Operation 1397 'dadd' 'dc' <Predicate = true> <Delay = 1.90> <CoreInst = "DAddSub_fulldsp">   --->   Core 37 'DAddSub_fulldsp' <Latency = 7> <II = 1> <Delay = 1.90> <FuncUnit> <Opcode : 'dadd' 'dsub'> <InPorts = 2> <OutPorts = 1>
ST_104 : Operation 1398 [6/8] (1.90ns)   --->   "%dc_1 = dadd i64 %value_assign_1, i64 0.5" [likelihood_kernel.cpp:14->likelihood_kernel.cpp:111]   --->   Operation 1398 'dadd' 'dc_1' <Predicate = true> <Delay = 1.90> <CoreInst = "DAddSub_fulldsp">   --->   Core 37 'DAddSub_fulldsp' <Latency = 7> <II = 1> <Delay = 1.90> <FuncUnit> <Opcode : 'dadd' 'dsub'> <InPorts = 2> <OutPorts = 1>

State 105 <SV = 95> <Delay = 1.90>
ST_105 : Operation 1399 [5/8] (1.90ns)   --->   "%dc = dadd i64 %value_assign, i64 0.5" [likelihood_kernel.cpp:14->likelihood_kernel.cpp:110]   --->   Operation 1399 'dadd' 'dc' <Predicate = true> <Delay = 1.90> <CoreInst = "DAddSub_fulldsp">   --->   Core 37 'DAddSub_fulldsp' <Latency = 7> <II = 1> <Delay = 1.90> <FuncUnit> <Opcode : 'dadd' 'dsub'> <InPorts = 2> <OutPorts = 1>
ST_105 : Operation 1400 [5/8] (1.90ns)   --->   "%dc_1 = dadd i64 %value_assign_1, i64 0.5" [likelihood_kernel.cpp:14->likelihood_kernel.cpp:111]   --->   Operation 1400 'dadd' 'dc_1' <Predicate = true> <Delay = 1.90> <CoreInst = "DAddSub_fulldsp">   --->   Core 37 'DAddSub_fulldsp' <Latency = 7> <II = 1> <Delay = 1.90> <FuncUnit> <Opcode : 'dadd' 'dsub'> <InPorts = 2> <OutPorts = 1>

State 106 <SV = 96> <Delay = 1.90>
ST_106 : Operation 1401 [4/8] (1.90ns)   --->   "%dc = dadd i64 %value_assign, i64 0.5" [likelihood_kernel.cpp:14->likelihood_kernel.cpp:110]   --->   Operation 1401 'dadd' 'dc' <Predicate = true> <Delay = 1.90> <CoreInst = "DAddSub_fulldsp">   --->   Core 37 'DAddSub_fulldsp' <Latency = 7> <II = 1> <Delay = 1.90> <FuncUnit> <Opcode : 'dadd' 'dsub'> <InPorts = 2> <OutPorts = 1>
ST_106 : Operation 1402 [4/8] (1.90ns)   --->   "%dc_1 = dadd i64 %value_assign_1, i64 0.5" [likelihood_kernel.cpp:14->likelihood_kernel.cpp:111]   --->   Operation 1402 'dadd' 'dc_1' <Predicate = true> <Delay = 1.90> <CoreInst = "DAddSub_fulldsp">   --->   Core 37 'DAddSub_fulldsp' <Latency = 7> <II = 1> <Delay = 1.90> <FuncUnit> <Opcode : 'dadd' 'dsub'> <InPorts = 2> <OutPorts = 1>

State 107 <SV = 97> <Delay = 1.90>
ST_107 : Operation 1403 [3/8] (1.90ns)   --->   "%dc = dadd i64 %value_assign, i64 0.5" [likelihood_kernel.cpp:14->likelihood_kernel.cpp:110]   --->   Operation 1403 'dadd' 'dc' <Predicate = true> <Delay = 1.90> <CoreInst = "DAddSub_fulldsp">   --->   Core 37 'DAddSub_fulldsp' <Latency = 7> <II = 1> <Delay = 1.90> <FuncUnit> <Opcode : 'dadd' 'dsub'> <InPorts = 2> <OutPorts = 1>
ST_107 : Operation 1404 [3/8] (1.90ns)   --->   "%dc_1 = dadd i64 %value_assign_1, i64 0.5" [likelihood_kernel.cpp:14->likelihood_kernel.cpp:111]   --->   Operation 1404 'dadd' 'dc_1' <Predicate = true> <Delay = 1.90> <CoreInst = "DAddSub_fulldsp">   --->   Core 37 'DAddSub_fulldsp' <Latency = 7> <II = 1> <Delay = 1.90> <FuncUnit> <Opcode : 'dadd' 'dsub'> <InPorts = 2> <OutPorts = 1>

State 108 <SV = 98> <Delay = 1.90>
ST_108 : Operation 1405 [2/8] (1.90ns)   --->   "%dc = dadd i64 %value_assign, i64 0.5" [likelihood_kernel.cpp:14->likelihood_kernel.cpp:110]   --->   Operation 1405 'dadd' 'dc' <Predicate = true> <Delay = 1.90> <CoreInst = "DAddSub_fulldsp">   --->   Core 37 'DAddSub_fulldsp' <Latency = 7> <II = 1> <Delay = 1.90> <FuncUnit> <Opcode : 'dadd' 'dsub'> <InPorts = 2> <OutPorts = 1>
ST_108 : Operation 1406 [2/8] (1.90ns)   --->   "%dc_1 = dadd i64 %value_assign_1, i64 0.5" [likelihood_kernel.cpp:14->likelihood_kernel.cpp:111]   --->   Operation 1406 'dadd' 'dc_1' <Predicate = true> <Delay = 1.90> <CoreInst = "DAddSub_fulldsp">   --->   Core 37 'DAddSub_fulldsp' <Latency = 7> <II = 1> <Delay = 1.90> <FuncUnit> <Opcode : 'dadd' 'dsub'> <InPorts = 2> <OutPorts = 1>

State 109 <SV = 99> <Delay = 1.90>
ST_109 : Operation 1407 [1/8] (1.90ns)   --->   "%dc = dadd i64 %value_assign, i64 0.5" [likelihood_kernel.cpp:14->likelihood_kernel.cpp:110]   --->   Operation 1407 'dadd' 'dc' <Predicate = true> <Delay = 1.90> <CoreInst = "DAddSub_fulldsp">   --->   Core 37 'DAddSub_fulldsp' <Latency = 7> <II = 1> <Delay = 1.90> <FuncUnit> <Opcode : 'dadd' 'dsub'> <InPorts = 2> <OutPorts = 1>
ST_109 : Operation 1408 [1/8] (1.90ns)   --->   "%dc_1 = dadd i64 %value_assign_1, i64 0.5" [likelihood_kernel.cpp:14->likelihood_kernel.cpp:111]   --->   Operation 1408 'dadd' 'dc_1' <Predicate = true> <Delay = 1.90> <CoreInst = "DAddSub_fulldsp">   --->   Core 37 'DAddSub_fulldsp' <Latency = 7> <II = 1> <Delay = 1.90> <FuncUnit> <Opcode : 'dadd' 'dsub'> <InPorts = 2> <OutPorts = 1>

State 110 <SV = 100> <Delay = 2.16>
ST_110 : Operation 1409 [1/1] (0.00ns)   --->   "%data_V = bitcast i64 %dc" [/wrk/ci/prod/2020.2/rdi_builds/continuous/2020_11_18_3064766/src/shared/hls/clib/src/hls/utils/x_hls_utils.h:483]   --->   Operation 1409 'bitcast' 'data_V' <Predicate = true> <Delay = 0.00>
ST_110 : Operation 1410 [1/1] (0.00ns)   --->   "%p_Result_s_46 = bitselect i1 @_ssdm_op_BitSelect.i1.i64.i32, i64 %data_V, i32 63"   --->   Operation 1410 'bitselect' 'p_Result_s_46' <Predicate = true> <Delay = 0.00>
ST_110 : Operation 1411 [1/1] (0.00ns)   --->   "%tmp_42 = partselect i11 @_ssdm_op_PartSelect.i11.i64.i32.i32, i64 %data_V, i32 52, i32 62"   --->   Operation 1411 'partselect' 'tmp_42' <Predicate = true> <Delay = 0.00>
ST_110 : Operation 1412 [1/1] (0.00ns)   --->   "%tmp_43 = trunc i64 %data_V"   --->   Operation 1412 'trunc' 'tmp_43' <Predicate = true> <Delay = 0.00>
ST_110 : Operation 1413 [1/1] (0.00ns)   --->   "%mantissa = bitconcatenate i54 @_ssdm_op_BitConcatenate.i54.i1.i52.i1, i1 1, i52 %tmp_43, i1 0"   --->   Operation 1413 'bitconcatenate' 'mantissa' <Predicate = true> <Delay = 0.00>
ST_110 : Operation 1414 [1/1] (0.00ns)   --->   "%zext_ln15 = zext i54 %mantissa" [/wrk/ci/prod/2020.2/rdi_builds/continuous/2020_11_18_3064766/src/shared/hls/clib/hlsmath/include/FloatingPoint/hls_case_IEEE754.h:15]   --->   Operation 1414 'zext' 'zext_ln15' <Predicate = true> <Delay = 0.00>
ST_110 : Operation 1415 [1/1] (0.00ns)   --->   "%zext_ln510 = zext i11 %tmp_42" [/wrk/ci/prod/2020.2/rdi_builds/continuous/2020_11_18_3064766/src/shared/hls/clib/src/hls/utils/x_hls_utils.h:510]   --->   Operation 1415 'zext' 'zext_ln510' <Predicate = true> <Delay = 0.00>
ST_110 : Operation 1416 [1/1] (0.73ns)   --->   "%add_ln510 = add i12 %zext_ln510, i12 3073" [/wrk/ci/prod/2020.2/rdi_builds/continuous/2020_11_18_3064766/src/shared/hls/clib/src/hls/utils/x_hls_utils.h:510]   --->   Operation 1416 'add' 'add_ln510' <Predicate = true> <Delay = 0.73> <CoreInst = "Adder">   --->   Core 1 'Adder' <Latency = 0> <II = 1> <Delay = 0.88> <FuncUnit> <Opcode : 'add' 'sub'> <InPorts = 2> <OutPorts = 1>
ST_110 : Operation 1417 [1/1] (0.00ns)   --->   "%isNeg = bitselect i1 @_ssdm_op_BitSelect.i1.i12.i32, i12 %add_ln510, i32 11"   --->   Operation 1417 'bitselect' 'isNeg' <Predicate = true> <Delay = 0.00>
ST_110 : Operation 1418 [1/1] (0.73ns)   --->   "%sub_ln1311 = sub i11 1023, i11 %tmp_42"   --->   Operation 1418 'sub' 'sub_ln1311' <Predicate = true> <Delay = 0.73> <CoreInst = "Adder">   --->   Core 1 'Adder' <Latency = 0> <II = 1> <Delay = 0.88> <FuncUnit> <Opcode : 'add' 'sub'> <InPorts = 2> <OutPorts = 1>
ST_110 : Operation 1419 [1/1] (0.00ns)   --->   "%sext_ln1311 = sext i11 %sub_ln1311"   --->   Operation 1419 'sext' 'sext_ln1311' <Predicate = true> <Delay = 0.00>
ST_110 : Operation 1420 [1/1] (0.29ns)   --->   "%ush = select i1 %isNeg, i12 %sext_ln1311, i12 %add_ln510"   --->   Operation 1420 'select' 'ush' <Predicate = true> <Delay = 0.29> <CoreInst = "Sel">   --->   Core 73 'Sel' <Latency = 0> <II = 1> <Delay = 0.27> <FuncUnit> <Opcode : 'select'> <InPorts = 3> <OutPorts = 1>
ST_110 : Operation 1421 [1/1] (0.00ns)   --->   "%sh_prom_i_i_i_i_i_i_cast_cast_cast = sext i12 %ush"   --->   Operation 1421 'sext' 'sh_prom_i_i_i_i_i_i_cast_cast_cast' <Predicate = true> <Delay = 0.00>
ST_110 : Operation 1422 [1/1] (0.00ns)   --->   "%sh_prom_i_i_i_i_i_i_cast_cast_cast_cast = zext i32 %sh_prom_i_i_i_i_i_i_cast_cast_cast"   --->   Operation 1422 'zext' 'sh_prom_i_i_i_i_i_i_cast_cast_cast_cast' <Predicate = true> <Delay = 0.00>
ST_110 : Operation 1423 [1/1] (0.00ns) (grouped into LUT with out node val)   --->   "%r_V = lshr i137 %zext_ln15, i137 %sh_prom_i_i_i_i_i_i_cast_cast_cast_cast"   --->   Operation 1423 'lshr' 'r_V' <Predicate = true> <Delay = 0.00> <CoreInst = "Shifter">   --->   Core 75 'Shifter' <Latency = 0> <II = 1> <Delay = 1.12> <FuncUnit> <Opcode : 'shl' 'lshr' 'ashr'> <InPorts = 2> <OutPorts = 1>
ST_110 : Operation 1424 [1/1] (0.00ns) (grouped into LUT with out node val)   --->   "%r_V_1 = shl i137 %zext_ln15, i137 %sh_prom_i_i_i_i_i_i_cast_cast_cast_cast"   --->   Operation 1424 'shl' 'r_V_1' <Predicate = true> <Delay = 0.00> <CoreInst = "Shifter">   --->   Core 75 'Shifter' <Latency = 0> <II = 1> <Delay = 1.12> <FuncUnit> <Opcode : 'shl' 'lshr' 'ashr'> <InPorts = 2> <OutPorts = 1>
ST_110 : Operation 1425 [1/1] (0.00ns) (grouped into LUT with out node val)   --->   "%tmp_19 = bitselect i1 @_ssdm_op_BitSelect.i1.i137.i32, i137 %r_V, i32 53"   --->   Operation 1425 'bitselect' 'tmp_19' <Predicate = true> <Delay = 0.00>
ST_110 : Operation 1426 [1/1] (0.00ns) (grouped into LUT with out node val)   --->   "%zext_ln662 = zext i1 %tmp_19"   --->   Operation 1426 'zext' 'zext_ln662' <Predicate = true> <Delay = 0.00>
ST_110 : Operation 1427 [1/1] (0.00ns) (grouped into LUT with out node val)   --->   "%tmp_9 = partselect i32 @_ssdm_op_PartSelect.i32.i137.i32.i32, i137 %r_V_1, i32 53, i32 84"   --->   Operation 1427 'partselect' 'tmp_9' <Predicate = true> <Delay = 0.00>
ST_110 : Operation 1428 [1/1] (1.12ns) (out node of the LUT)   --->   "%val = select i1 %isNeg, i32 %zext_ln662, i32 %tmp_9"   --->   Operation 1428 'select' 'val' <Predicate = true> <Delay = 1.12> <CoreInst = "Sel">   --->   Core 73 'Sel' <Latency = 0> <II = 1> <Delay = 0.27> <FuncUnit> <Opcode : 'select'> <InPorts = 3> <OutPorts = 1>
ST_110 : Operation 1429 [1/1] (0.00ns)   --->   "%data_V_1 = bitcast i64 %dc_1" [/wrk/ci/prod/2020.2/rdi_builds/continuous/2020_11_18_3064766/src/shared/hls/clib/src/hls/utils/x_hls_utils.h:483]   --->   Operation 1429 'bitcast' 'data_V_1' <Predicate = true> <Delay = 0.00>
ST_110 : Operation 1430 [1/1] (0.00ns)   --->   "%p_Result_14 = bitselect i1 @_ssdm_op_BitSelect.i1.i64.i32, i64 %data_V_1, i32 63"   --->   Operation 1430 'bitselect' 'p_Result_14' <Predicate = true> <Delay = 0.00>
ST_110 : Operation 1431 [1/1] (0.00ns)   --->   "%tmp_44 = partselect i11 @_ssdm_op_PartSelect.i11.i64.i32.i32, i64 %data_V_1, i32 52, i32 62"   --->   Operation 1431 'partselect' 'tmp_44' <Predicate = true> <Delay = 0.00>
ST_110 : Operation 1432 [1/1] (0.00ns)   --->   "%tmp_45 = trunc i64 %data_V_1"   --->   Operation 1432 'trunc' 'tmp_45' <Predicate = true> <Delay = 0.00>
ST_110 : Operation 1433 [1/1] (0.00ns)   --->   "%mantissa_1 = bitconcatenate i54 @_ssdm_op_BitConcatenate.i54.i1.i52.i1, i1 1, i52 %tmp_45, i1 0"   --->   Operation 1433 'bitconcatenate' 'mantissa_1' <Predicate = true> <Delay = 0.00>
ST_110 : Operation 1434 [1/1] (0.00ns)   --->   "%zext_ln15_1 = zext i54 %mantissa_1" [/wrk/ci/prod/2020.2/rdi_builds/continuous/2020_11_18_3064766/src/shared/hls/clib/hlsmath/include/FloatingPoint/hls_case_IEEE754.h:15]   --->   Operation 1434 'zext' 'zext_ln15_1' <Predicate = true> <Delay = 0.00>
ST_110 : Operation 1435 [1/1] (0.00ns)   --->   "%zext_ln510_1 = zext i11 %tmp_44" [/wrk/ci/prod/2020.2/rdi_builds/continuous/2020_11_18_3064766/src/shared/hls/clib/src/hls/utils/x_hls_utils.h:510]   --->   Operation 1435 'zext' 'zext_ln510_1' <Predicate = true> <Delay = 0.00>
ST_110 : Operation 1436 [1/1] (0.73ns)   --->   "%add_ln510_1 = add i12 %zext_ln510_1, i12 3073" [/wrk/ci/prod/2020.2/rdi_builds/continuous/2020_11_18_3064766/src/shared/hls/clib/src/hls/utils/x_hls_utils.h:510]   --->   Operation 1436 'add' 'add_ln510_1' <Predicate = true> <Delay = 0.73> <CoreInst = "Adder">   --->   Core 1 'Adder' <Latency = 0> <II = 1> <Delay = 0.88> <FuncUnit> <Opcode : 'add' 'sub'> <InPorts = 2> <OutPorts = 1>
ST_110 : Operation 1437 [1/1] (0.00ns)   --->   "%isNeg_1 = bitselect i1 @_ssdm_op_BitSelect.i1.i12.i32, i12 %add_ln510_1, i32 11"   --->   Operation 1437 'bitselect' 'isNeg_1' <Predicate = true> <Delay = 0.00>
ST_110 : Operation 1438 [1/1] (0.73ns)   --->   "%sub_ln1311_1 = sub i11 1023, i11 %tmp_44"   --->   Operation 1438 'sub' 'sub_ln1311_1' <Predicate = true> <Delay = 0.73> <CoreInst = "Adder">   --->   Core 1 'Adder' <Latency = 0> <II = 1> <Delay = 0.88> <FuncUnit> <Opcode : 'add' 'sub'> <InPorts = 2> <OutPorts = 1>
ST_110 : Operation 1439 [1/1] (0.00ns)   --->   "%sext_ln1311_1 = sext i11 %sub_ln1311_1"   --->   Operation 1439 'sext' 'sext_ln1311_1' <Predicate = true> <Delay = 0.00>
ST_110 : Operation 1440 [1/1] (0.29ns)   --->   "%ush_1 = select i1 %isNeg_1, i12 %sext_ln1311_1, i12 %add_ln510_1"   --->   Operation 1440 'select' 'ush_1' <Predicate = true> <Delay = 0.29> <CoreInst = "Sel">   --->   Core 73 'Sel' <Latency = 0> <II = 1> <Delay = 0.27> <FuncUnit> <Opcode : 'select'> <InPorts = 3> <OutPorts = 1>
ST_110 : Operation 1441 [1/1] (0.00ns)   --->   "%sh_prom_i_i_i_i_i_i796_cast_cast_cast = sext i12 %ush_1"   --->   Operation 1441 'sext' 'sh_prom_i_i_i_i_i_i796_cast_cast_cast' <Predicate = true> <Delay = 0.00>
ST_110 : Operation 1442 [1/1] (0.00ns)   --->   "%sh_prom_i_i_i_i_i_i796_cast_cast_cast_cast = zext i32 %sh_prom_i_i_i_i_i_i796_cast_cast_cast"   --->   Operation 1442 'zext' 'sh_prom_i_i_i_i_i_i796_cast_cast_cast_cast' <Predicate = true> <Delay = 0.00>
ST_110 : Operation 1443 [1/1] (0.00ns) (grouped into LUT with out node val_1)   --->   "%r_V_2 = lshr i137 %zext_ln15_1, i137 %sh_prom_i_i_i_i_i_i796_cast_cast_cast_cast"   --->   Operation 1443 'lshr' 'r_V_2' <Predicate = true> <Delay = 0.00> <CoreInst = "Shifter">   --->   Core 75 'Shifter' <Latency = 0> <II = 1> <Delay = 1.12> <FuncUnit> <Opcode : 'shl' 'lshr' 'ashr'> <InPorts = 2> <OutPorts = 1>
ST_110 : Operation 1444 [1/1] (0.00ns) (grouped into LUT with out node val_1)   --->   "%r_V_3 = shl i137 %zext_ln15_1, i137 %sh_prom_i_i_i_i_i_i796_cast_cast_cast_cast"   --->   Operation 1444 'shl' 'r_V_3' <Predicate = true> <Delay = 0.00> <CoreInst = "Shifter">   --->   Core 75 'Shifter' <Latency = 0> <II = 1> <Delay = 1.12> <FuncUnit> <Opcode : 'shl' 'lshr' 'ashr'> <InPorts = 2> <OutPorts = 1>
ST_110 : Operation 1445 [1/1] (0.00ns) (grouped into LUT with out node val_1)   --->   "%tmp_26 = bitselect i1 @_ssdm_op_BitSelect.i1.i137.i32, i137 %r_V_2, i32 53"   --->   Operation 1445 'bitselect' 'tmp_26' <Predicate = true> <Delay = 0.00>
ST_110 : Operation 1446 [1/1] (0.00ns) (grouped into LUT with out node val_1)   --->   "%zext_ln662_1 = zext i1 %tmp_26"   --->   Operation 1446 'zext' 'zext_ln662_1' <Predicate = true> <Delay = 0.00>
ST_110 : Operation 1447 [1/1] (0.00ns) (grouped into LUT with out node val_1)   --->   "%tmp_s = partselect i32 @_ssdm_op_PartSelect.i32.i137.i32.i32, i137 %r_V_3, i32 53, i32 84"   --->   Operation 1447 'partselect' 'tmp_s' <Predicate = true> <Delay = 0.00>
ST_110 : Operation 1448 [1/1] (1.12ns) (out node of the LUT)   --->   "%val_1 = select i1 %isNeg_1, i32 %zext_ln662_1, i32 %tmp_s"   --->   Operation 1448 'select' 'val_1' <Predicate = true> <Delay = 1.12> <CoreInst = "Sel">   --->   Core 73 'Sel' <Latency = 0> <II = 1> <Delay = 0.27> <FuncUnit> <Opcode : 'select'> <InPorts = 3> <OutPorts = 1>

State 111 <SV = 101> <Delay = 1.10>
ST_111 : Operation 1449 [1/1] (0.00ns)   --->   "%speclooptripcount_ln107 = speclooptripcount void @_ssdm_op_SpecLoopTripCount, i64 64, i64 64, i64 64" [likelihood_kernel.cpp:107]   --->   Operation 1449 'speclooptripcount' 'speclooptripcount_ln107' <Predicate = true> <Delay = 0.00>
ST_111 : Operation 1450 [1/1] (0.00ns)   --->   "%specloopname_ln107 = specloopname void @_ssdm_op_SpecLoopName, void @empty_8" [likelihood_kernel.cpp:107]   --->   Operation 1450 'specloopname' 'specloopname_ln107' <Predicate = true> <Delay = 0.00>
ST_111 : Operation 1451 [1/1] (0.88ns)   --->   "%result_V_2 = sub i32 0, i32 %val"   --->   Operation 1451 'sub' 'result_V_2' <Predicate = (p_Result_s_46)> <Delay = 0.88> <CoreInst = "Adder">   --->   Core 1 'Adder' <Latency = 0> <II = 1> <Delay = 0.88> <FuncUnit> <Opcode : 'add' 'sub'> <InPorts = 2> <OutPorts = 1>
ST_111 : Operation 1452 [1/1] (0.22ns)   --->   "%result_V_12 = select i1 %p_Result_s_46, i32 %result_V_2, i32 %val" [/wrk/ci/prod/2020.2/rdi_builds/continuous/2020_11_18_3064766/src/shared/hls/clib/hlsmath/include/FloatingPoint/hls_case_IEEE754.h:59]   --->   Operation 1452 'select' 'result_V_12' <Predicate = true> <Delay = 0.22> <CoreInst = "Sel">   --->   Core 73 'Sel' <Latency = 0> <II = 1> <Delay = 0.27> <FuncUnit> <Opcode : 'select'> <InPorts = 3> <OutPorts = 1>
ST_111 : Operation 1453 [1/1] (0.88ns)   --->   "%result_V_5 = sub i32 0, i32 %val_1"   --->   Operation 1453 'sub' 'result_V_5' <Predicate = (p_Result_14)> <Delay = 0.88> <CoreInst = "Adder">   --->   Core 1 'Adder' <Latency = 0> <II = 1> <Delay = 0.88> <FuncUnit> <Opcode : 'add' 'sub'> <InPorts = 2> <OutPorts = 1>
ST_111 : Operation 1454 [1/1] (0.22ns)   --->   "%result_V_13 = select i1 %p_Result_14, i32 %result_V_5, i32 %val_1" [/wrk/ci/prod/2020.2/rdi_builds/continuous/2020_11_18_3064766/src/shared/hls/clib/hlsmath/include/FloatingPoint/hls_case_IEEE754.h:59]   --->   Operation 1454 'select' 'result_V_13' <Predicate = true> <Delay = 0.22> <CoreInst = "Sel">   --->   Core 73 'Sel' <Latency = 0> <II = 1> <Delay = 0.27> <FuncUnit> <Opcode : 'select'> <InPorts = 3> <OutPorts = 1>
ST_111 : Operation 1455 [1/1] (0.38ns)   --->   "%br_ln115 = br void" [likelihood_kernel.cpp:115]   --->   Operation 1455 'br' 'br_ln115' <Predicate = true> <Delay = 0.38>

State 112 <SV = 102> <Delay = 1.20>
ST_112 : Operation 1456 [1/1] (0.00ns)   --->   "%y = phi i32 0, void %.split28, i32 %add_ln115, void %.split26" [likelihood_kernel.cpp:115]   --->   Operation 1456 'phi' 'y' <Predicate = true> <Delay = 0.00>
ST_112 : Operation 1457 [1/1] (0.00ns)   --->   "%sum = phi i64 0, void %.split28, i64 %sum_1, void %.split26"   --->   Operation 1457 'phi' 'sum' <Predicate = true> <Delay = 0.00>
ST_112 : Operation 1458 [1/1] (0.88ns)   --->   "%add_ln115 = add i32 %y, i32 1" [likelihood_kernel.cpp:115]   --->   Operation 1458 'add' 'add_ln115' <Predicate = true> <Delay = 0.88> <CoreInst = "Adder">   --->   Core 1 'Adder' <Latency = 0> <II = 1> <Delay = 0.88> <FuncUnit> <Opcode : 'add' 'sub'> <InPorts = 2> <OutPorts = 1>
ST_112 : Operation 1459 [1/1] (0.85ns)   --->   "%icmp_ln115 = icmp_eq  i32 %y, i32 %countOnes_read" [likelihood_kernel.cpp:115]   --->   Operation 1459 'icmp' 'icmp_ln115' <Predicate = true> <Delay = 0.85> <CoreInst = "Cmp">   --->   Core 9 'Cmp' <Latency = 0> <II = 1> <Delay = 0.82> <FuncUnit> <Opcode : 'icmp'> <InPorts = 2> <OutPorts = 1>
ST_112 : Operation 1460 [1/1] (0.00ns)   --->   "%br_ln115 = br i1 %icmp_ln115, void %.split26, void %._crit_edge.loopexit" [likelihood_kernel.cpp:115]   --->   Operation 1460 'br' 'br_ln115' <Predicate = true> <Delay = 0.00>
ST_112 : Operation 1461 [1/1] (0.00ns)   --->   "%trunc_ln120 = trunc i32 %y" [likelihood_kernel.cpp:120]   --->   Operation 1461 'trunc' 'trunc_ln120' <Predicate = (!icmp_ln115)> <Delay = 0.00>
ST_112 : Operation 1462 [1/1] (0.00ns)   --->   "%lshr_ln1 = partselect i6 @_ssdm_op_PartSelect.i6.i32.i32.i32, i32 %y, i32 1, i32 6" [likelihood_kernel.cpp:120]   --->   Operation 1462 'partselect' 'lshr_ln1' <Predicate = (!icmp_ln115)> <Delay = 0.00>
ST_112 : Operation 1463 [1/1] (0.00ns)   --->   "%zext_ln120_1 = zext i6 %lshr_ln1" [likelihood_kernel.cpp:120]   --->   Operation 1463 'zext' 'zext_ln120_1' <Predicate = (!icmp_ln115)> <Delay = 0.00>
ST_112 : Operation 1464 [1/1] (0.00ns)   --->   "%buffer_objxy_0_addr_1 = getelementptr i64 %buffer_objxy_0, i64 0, i64 %zext_ln120_1" [likelihood_kernel.cpp:120]   --->   Operation 1464 'getelementptr' 'buffer_objxy_0_addr_1' <Predicate = (!icmp_ln115)> <Delay = 0.00>
ST_112 : Operation 1465 [2/2] (1.20ns)   --->   "%buffer_objxy_0_load = load i6 %buffer_objxy_0_addr_1" [likelihood_kernel.cpp:120]   --->   Operation 1465 'load' 'buffer_objxy_0_load' <Predicate = (!icmp_ln115)> <Delay = 1.20> <CoreInst = "RAM_2P_BRAM">   --->   Core 94 'RAM_2P_BRAM' <Latency = 1> <II = 1> <Delay = 1.20> <Storage> <Opcode : 'load' 'store'> <Ports = 2> <Width = 64> <Depth = 40> <RAM>
ST_112 : Operation 1466 [1/1] (0.00ns)   --->   "%buffer_objxy_1_addr_1 = getelementptr i64 %buffer_objxy_1, i64 0, i64 %zext_ln120_1" [likelihood_kernel.cpp:120]   --->   Operation 1466 'getelementptr' 'buffer_objxy_1_addr_1' <Predicate = (!icmp_ln115)> <Delay = 0.00>
ST_112 : Operation 1467 [2/2] (1.20ns)   --->   "%buffer_objxy_1_load = load i6 %buffer_objxy_1_addr_1" [likelihood_kernel.cpp:120]   --->   Operation 1467 'load' 'buffer_objxy_1_load' <Predicate = (!icmp_ln115)> <Delay = 1.20> <CoreInst = "RAM_2P_BRAM">   --->   Core 94 'RAM_2P_BRAM' <Latency = 1> <II = 1> <Delay = 1.20> <Storage> <Opcode : 'load' 'store'> <Ports = 2> <Width = 64> <Depth = 40> <RAM>
ST_112 : Operation 1468 [1/1] (0.00ns)   --->   "%buffer_objxy_2_addr_1 = getelementptr i64 %buffer_objxy_2, i64 0, i64 %zext_ln120_1" [likelihood_kernel.cpp:120]   --->   Operation 1468 'getelementptr' 'buffer_objxy_2_addr_1' <Predicate = (!icmp_ln115)> <Delay = 0.00>
ST_112 : Operation 1469 [2/2] (1.20ns)   --->   "%buffer_objxy_2_load = load i6 %buffer_objxy_2_addr_1" [likelihood_kernel.cpp:120]   --->   Operation 1469 'load' 'buffer_objxy_2_load' <Predicate = (!icmp_ln115)> <Delay = 1.20> <CoreInst = "RAM_2P_BRAM">   --->   Core 94 'RAM_2P_BRAM' <Latency = 1> <II = 1> <Delay = 1.20> <Storage> <Opcode : 'load' 'store'> <Ports = 2> <Width = 64> <Depth = 40> <RAM>
ST_112 : Operation 1470 [1/1] (0.00ns)   --->   "%buffer_objxy_3_addr_1 = getelementptr i64 %buffer_objxy_3, i64 0, i64 %zext_ln120_1" [likelihood_kernel.cpp:120]   --->   Operation 1470 'getelementptr' 'buffer_objxy_3_addr_1' <Predicate = (!icmp_ln115)> <Delay = 0.00>
ST_112 : Operation 1471 [2/2] (1.20ns)   --->   "%buffer_objxy_3_load = load i6 %buffer_objxy_3_addr_1" [likelihood_kernel.cpp:120]   --->   Operation 1471 'load' 'buffer_objxy_3_load' <Predicate = (!icmp_ln115)> <Delay = 1.20> <CoreInst = "RAM_2P_BRAM">   --->   Core 94 'RAM_2P_BRAM' <Latency = 1> <II = 1> <Delay = 1.20> <Storage> <Opcode : 'load' 'store'> <Ports = 2> <Width = 64> <Depth = 40> <RAM>

State 113 <SV = 103> <Delay = 1.65>
ST_113 : Operation 1472 [1/1] (0.00ns)   --->   "%shl_ln3 = bitconcatenate i2 @_ssdm_op_BitConcatenate.i2.i1.i1, i1 %trunc_ln120, i1 0" [likelihood_kernel.cpp:120]   --->   Operation 1472 'bitconcatenate' 'shl_ln3' <Predicate = (!icmp_ln115)> <Delay = 0.00>
ST_113 : Operation 1473 [1/1] (0.00ns)   --->   "%zext_ln120 = zext i2 %shl_ln3" [likelihood_kernel.cpp:120]   --->   Operation 1473 'zext' 'zext_ln120' <Predicate = (!icmp_ln115)> <Delay = 0.00>
ST_113 : Operation 1474 [1/2] (1.20ns)   --->   "%buffer_objxy_0_load = load i6 %buffer_objxy_0_addr_1" [likelihood_kernel.cpp:120]   --->   Operation 1474 'load' 'buffer_objxy_0_load' <Predicate = (!icmp_ln115)> <Delay = 1.20> <CoreInst = "RAM_2P_BRAM">   --->   Core 94 'RAM_2P_BRAM' <Latency = 1> <II = 1> <Delay = 1.20> <Storage> <Opcode : 'load' 'store'> <Ports = 2> <Width = 64> <Depth = 40> <RAM>
ST_113 : Operation 1475 [1/2] (1.20ns)   --->   "%buffer_objxy_1_load = load i6 %buffer_objxy_1_addr_1" [likelihood_kernel.cpp:120]   --->   Operation 1475 'load' 'buffer_objxy_1_load' <Predicate = (!icmp_ln115)> <Delay = 1.20> <CoreInst = "RAM_2P_BRAM">   --->   Core 94 'RAM_2P_BRAM' <Latency = 1> <II = 1> <Delay = 1.20> <Storage> <Opcode : 'load' 'store'> <Ports = 2> <Width = 64> <Depth = 40> <RAM>
ST_113 : Operation 1476 [1/2] (1.20ns)   --->   "%buffer_objxy_2_load = load i6 %buffer_objxy_2_addr_1" [likelihood_kernel.cpp:120]   --->   Operation 1476 'load' 'buffer_objxy_2_load' <Predicate = (!icmp_ln115)> <Delay = 1.20> <CoreInst = "RAM_2P_BRAM">   --->   Core 94 'RAM_2P_BRAM' <Latency = 1> <II = 1> <Delay = 1.20> <Storage> <Opcode : 'load' 'store'> <Ports = 2> <Width = 64> <Depth = 40> <RAM>
ST_113 : Operation 1477 [1/2] (1.20ns)   --->   "%buffer_objxy_3_load = load i6 %buffer_objxy_3_addr_1" [likelihood_kernel.cpp:120]   --->   Operation 1477 'load' 'buffer_objxy_3_load' <Predicate = (!icmp_ln115)> <Delay = 1.20> <CoreInst = "RAM_2P_BRAM">   --->   Core 94 'RAM_2P_BRAM' <Latency = 1> <II = 1> <Delay = 1.20> <Storage> <Opcode : 'load' 'store'> <Ports = 2> <Width = 64> <Depth = 40> <RAM>
ST_113 : Operation 1478 [1/1] (0.45ns)   --->   "%value_assign_2 = mux i64 @_ssdm_op_Mux.ap_auto.4double.i64, i64 %buffer_objxy_0_load, i64 %buffer_objxy_1_load, i64 %buffer_objxy_2_load, i64 %buffer_objxy_3_load, i64 %zext_ln120" [likelihood_kernel.cpp:120]   --->   Operation 1478 'mux' 'value_assign_2' <Predicate = (!icmp_ln115)> <Delay = 0.45> <CoreInst = "Multiplexer">   --->   Core 76 'Multiplexer' <Latency = 0> <II = 1> <Delay = 0.45> <FuncUnit> <Opcode : 'mux'> <InPorts = 2> <OutPorts = 1>
ST_113 : Operation 1479 [1/1] (0.45ns)   --->   "%value_assign_3 = mux i64 @_ssdm_op_Mux.ap_auto.4double.i64, i64 %buffer_objxy_1_load, i64 %buffer_objxy_2_load, i64 %buffer_objxy_3_load, i64 %buffer_objxy_0_load, i64 %zext_ln120" [likelihood_kernel.cpp:121]   --->   Operation 1479 'mux' 'value_assign_3' <Predicate = (!icmp_ln115)> <Delay = 0.45> <CoreInst = "Multiplexer">   --->   Core 76 'Multiplexer' <Latency = 0> <II = 1> <Delay = 0.45> <FuncUnit> <Opcode : 'mux'> <InPorts = 2> <OutPorts = 1>
ST_113 : Operation 1480 [1/1] (0.85ns)   --->   "%icmp_ln136 = icmp_eq  i32 %add_ln115, i32 %countOnes_read" [likelihood_kernel.cpp:136]   --->   Operation 1480 'icmp' 'icmp_ln136' <Predicate = (!icmp_ln115)> <Delay = 0.85> <CoreInst = "Cmp">   --->   Core 9 'Cmp' <Latency = 0> <II = 1> <Delay = 0.82> <FuncUnit> <Opcode : 'icmp'> <InPorts = 2> <OutPorts = 1>

State 114 <SV = 104> <Delay = 1.90>
ST_114 : Operation 1481 [8/8] (1.90ns)   --->   "%dc_2 = dadd i64 %value_assign_2, i64 0.5" [likelihood_kernel.cpp:14->likelihood_kernel.cpp:120]   --->   Operation 1481 'dadd' 'dc_2' <Predicate = (!icmp_ln115)> <Delay = 1.90> <CoreInst = "DAddSub_fulldsp">   --->   Core 37 'DAddSub_fulldsp' <Latency = 7> <II = 1> <Delay = 1.90> <FuncUnit> <Opcode : 'dadd' 'dsub'> <InPorts = 2> <OutPorts = 1>
ST_114 : Operation 1482 [8/8] (1.90ns)   --->   "%dc_3 = dadd i64 %value_assign_3, i64 0.5" [likelihood_kernel.cpp:14->likelihood_kernel.cpp:121]   --->   Operation 1482 'dadd' 'dc_3' <Predicate = (!icmp_ln115)> <Delay = 1.90> <CoreInst = "DAddSub_fulldsp">   --->   Core 37 'DAddSub_fulldsp' <Latency = 7> <II = 1> <Delay = 1.90> <FuncUnit> <Opcode : 'dadd' 'dsub'> <InPorts = 2> <OutPorts = 1>

State 115 <SV = 105> <Delay = 1.90>
ST_115 : Operation 1483 [7/8] (1.90ns)   --->   "%dc_2 = dadd i64 %value_assign_2, i64 0.5" [likelihood_kernel.cpp:14->likelihood_kernel.cpp:120]   --->   Operation 1483 'dadd' 'dc_2' <Predicate = (!icmp_ln115)> <Delay = 1.90> <CoreInst = "DAddSub_fulldsp">   --->   Core 37 'DAddSub_fulldsp' <Latency = 7> <II = 1> <Delay = 1.90> <FuncUnit> <Opcode : 'dadd' 'dsub'> <InPorts = 2> <OutPorts = 1>
ST_115 : Operation 1484 [7/8] (1.90ns)   --->   "%dc_3 = dadd i64 %value_assign_3, i64 0.5" [likelihood_kernel.cpp:14->likelihood_kernel.cpp:121]   --->   Operation 1484 'dadd' 'dc_3' <Predicate = (!icmp_ln115)> <Delay = 1.90> <CoreInst = "DAddSub_fulldsp">   --->   Core 37 'DAddSub_fulldsp' <Latency = 7> <II = 1> <Delay = 1.90> <FuncUnit> <Opcode : 'dadd' 'dsub'> <InPorts = 2> <OutPorts = 1>

State 116 <SV = 106> <Delay = 1.90>
ST_116 : Operation 1485 [6/8] (1.90ns)   --->   "%dc_2 = dadd i64 %value_assign_2, i64 0.5" [likelihood_kernel.cpp:14->likelihood_kernel.cpp:120]   --->   Operation 1485 'dadd' 'dc_2' <Predicate = (!icmp_ln115)> <Delay = 1.90> <CoreInst = "DAddSub_fulldsp">   --->   Core 37 'DAddSub_fulldsp' <Latency = 7> <II = 1> <Delay = 1.90> <FuncUnit> <Opcode : 'dadd' 'dsub'> <InPorts = 2> <OutPorts = 1>
ST_116 : Operation 1486 [6/8] (1.90ns)   --->   "%dc_3 = dadd i64 %value_assign_3, i64 0.5" [likelihood_kernel.cpp:14->likelihood_kernel.cpp:121]   --->   Operation 1486 'dadd' 'dc_3' <Predicate = (!icmp_ln115)> <Delay = 1.90> <CoreInst = "DAddSub_fulldsp">   --->   Core 37 'DAddSub_fulldsp' <Latency = 7> <II = 1> <Delay = 1.90> <FuncUnit> <Opcode : 'dadd' 'dsub'> <InPorts = 2> <OutPorts = 1>

State 117 <SV = 107> <Delay = 1.90>
ST_117 : Operation 1487 [5/8] (1.90ns)   --->   "%dc_2 = dadd i64 %value_assign_2, i64 0.5" [likelihood_kernel.cpp:14->likelihood_kernel.cpp:120]   --->   Operation 1487 'dadd' 'dc_2' <Predicate = (!icmp_ln115)> <Delay = 1.90> <CoreInst = "DAddSub_fulldsp">   --->   Core 37 'DAddSub_fulldsp' <Latency = 7> <II = 1> <Delay = 1.90> <FuncUnit> <Opcode : 'dadd' 'dsub'> <InPorts = 2> <OutPorts = 1>
ST_117 : Operation 1488 [5/8] (1.90ns)   --->   "%dc_3 = dadd i64 %value_assign_3, i64 0.5" [likelihood_kernel.cpp:14->likelihood_kernel.cpp:121]   --->   Operation 1488 'dadd' 'dc_3' <Predicate = (!icmp_ln115)> <Delay = 1.90> <CoreInst = "DAddSub_fulldsp">   --->   Core 37 'DAddSub_fulldsp' <Latency = 7> <II = 1> <Delay = 1.90> <FuncUnit> <Opcode : 'dadd' 'dsub'> <InPorts = 2> <OutPorts = 1>

State 118 <SV = 108> <Delay = 1.90>
ST_118 : Operation 1489 [4/8] (1.90ns)   --->   "%dc_2 = dadd i64 %value_assign_2, i64 0.5" [likelihood_kernel.cpp:14->likelihood_kernel.cpp:120]   --->   Operation 1489 'dadd' 'dc_2' <Predicate = (!icmp_ln115)> <Delay = 1.90> <CoreInst = "DAddSub_fulldsp">   --->   Core 37 'DAddSub_fulldsp' <Latency = 7> <II = 1> <Delay = 1.90> <FuncUnit> <Opcode : 'dadd' 'dsub'> <InPorts = 2> <OutPorts = 1>
ST_118 : Operation 1490 [4/8] (1.90ns)   --->   "%dc_3 = dadd i64 %value_assign_3, i64 0.5" [likelihood_kernel.cpp:14->likelihood_kernel.cpp:121]   --->   Operation 1490 'dadd' 'dc_3' <Predicate = (!icmp_ln115)> <Delay = 1.90> <CoreInst = "DAddSub_fulldsp">   --->   Core 37 'DAddSub_fulldsp' <Latency = 7> <II = 1> <Delay = 1.90> <FuncUnit> <Opcode : 'dadd' 'dsub'> <InPorts = 2> <OutPorts = 1>

State 119 <SV = 109> <Delay = 1.90>
ST_119 : Operation 1491 [3/8] (1.90ns)   --->   "%dc_2 = dadd i64 %value_assign_2, i64 0.5" [likelihood_kernel.cpp:14->likelihood_kernel.cpp:120]   --->   Operation 1491 'dadd' 'dc_2' <Predicate = (!icmp_ln115)> <Delay = 1.90> <CoreInst = "DAddSub_fulldsp">   --->   Core 37 'DAddSub_fulldsp' <Latency = 7> <II = 1> <Delay = 1.90> <FuncUnit> <Opcode : 'dadd' 'dsub'> <InPorts = 2> <OutPorts = 1>
ST_119 : Operation 1492 [3/8] (1.90ns)   --->   "%dc_3 = dadd i64 %value_assign_3, i64 0.5" [likelihood_kernel.cpp:14->likelihood_kernel.cpp:121]   --->   Operation 1492 'dadd' 'dc_3' <Predicate = (!icmp_ln115)> <Delay = 1.90> <CoreInst = "DAddSub_fulldsp">   --->   Core 37 'DAddSub_fulldsp' <Latency = 7> <II = 1> <Delay = 1.90> <FuncUnit> <Opcode : 'dadd' 'dsub'> <InPorts = 2> <OutPorts = 1>

State 120 <SV = 110> <Delay = 1.90>
ST_120 : Operation 1493 [2/8] (1.90ns)   --->   "%dc_2 = dadd i64 %value_assign_2, i64 0.5" [likelihood_kernel.cpp:14->likelihood_kernel.cpp:120]   --->   Operation 1493 'dadd' 'dc_2' <Predicate = (!icmp_ln115)> <Delay = 1.90> <CoreInst = "DAddSub_fulldsp">   --->   Core 37 'DAddSub_fulldsp' <Latency = 7> <II = 1> <Delay = 1.90> <FuncUnit> <Opcode : 'dadd' 'dsub'> <InPorts = 2> <OutPorts = 1>
ST_120 : Operation 1494 [2/8] (1.90ns)   --->   "%dc_3 = dadd i64 %value_assign_3, i64 0.5" [likelihood_kernel.cpp:14->likelihood_kernel.cpp:121]   --->   Operation 1494 'dadd' 'dc_3' <Predicate = (!icmp_ln115)> <Delay = 1.90> <CoreInst = "DAddSub_fulldsp">   --->   Core 37 'DAddSub_fulldsp' <Latency = 7> <II = 1> <Delay = 1.90> <FuncUnit> <Opcode : 'dadd' 'dsub'> <InPorts = 2> <OutPorts = 1>

State 121 <SV = 111> <Delay = 1.90>
ST_121 : Operation 1495 [1/8] (1.90ns)   --->   "%dc_2 = dadd i64 %value_assign_2, i64 0.5" [likelihood_kernel.cpp:14->likelihood_kernel.cpp:120]   --->   Operation 1495 'dadd' 'dc_2' <Predicate = (!icmp_ln115)> <Delay = 1.90> <CoreInst = "DAddSub_fulldsp">   --->   Core 37 'DAddSub_fulldsp' <Latency = 7> <II = 1> <Delay = 1.90> <FuncUnit> <Opcode : 'dadd' 'dsub'> <InPorts = 2> <OutPorts = 1>
ST_121 : Operation 1496 [1/8] (1.90ns)   --->   "%dc_3 = dadd i64 %value_assign_3, i64 0.5" [likelihood_kernel.cpp:14->likelihood_kernel.cpp:121]   --->   Operation 1496 'dadd' 'dc_3' <Predicate = (!icmp_ln115)> <Delay = 1.90> <CoreInst = "DAddSub_fulldsp">   --->   Core 37 'DAddSub_fulldsp' <Latency = 7> <II = 1> <Delay = 1.90> <FuncUnit> <Opcode : 'dadd' 'dsub'> <InPorts = 2> <OutPorts = 1>

State 122 <SV = 112> <Delay = 2.16>
ST_122 : Operation 1497 [1/1] (0.00ns)   --->   "%data_V_2 = bitcast i64 %dc_2" [/wrk/ci/prod/2020.2/rdi_builds/continuous/2020_11_18_3064766/src/shared/hls/clib/src/hls/utils/x_hls_utils.h:483]   --->   Operation 1497 'bitcast' 'data_V_2' <Predicate = (!icmp_ln115)> <Delay = 0.00>
ST_122 : Operation 1498 [1/1] (0.00ns)   --->   "%p_Result_15 = bitselect i1 @_ssdm_op_BitSelect.i1.i64.i32, i64 %data_V_2, i32 63"   --->   Operation 1498 'bitselect' 'p_Result_15' <Predicate = (!icmp_ln115)> <Delay = 0.00>
ST_122 : Operation 1499 [1/1] (0.00ns)   --->   "%tmp_46 = partselect i11 @_ssdm_op_PartSelect.i11.i64.i32.i32, i64 %data_V_2, i32 52, i32 62"   --->   Operation 1499 'partselect' 'tmp_46' <Predicate = (!icmp_ln115)> <Delay = 0.00>
ST_122 : Operation 1500 [1/1] (0.00ns)   --->   "%tmp_47 = trunc i64 %data_V_2"   --->   Operation 1500 'trunc' 'tmp_47' <Predicate = (!icmp_ln115)> <Delay = 0.00>
ST_122 : Operation 1501 [1/1] (0.00ns)   --->   "%mantissa_2 = bitconcatenate i54 @_ssdm_op_BitConcatenate.i54.i1.i52.i1, i1 1, i52 %tmp_47, i1 0"   --->   Operation 1501 'bitconcatenate' 'mantissa_2' <Predicate = (!icmp_ln115)> <Delay = 0.00>
ST_122 : Operation 1502 [1/1] (0.00ns)   --->   "%zext_ln15_2 = zext i54 %mantissa_2" [/wrk/ci/prod/2020.2/rdi_builds/continuous/2020_11_18_3064766/src/shared/hls/clib/hlsmath/include/FloatingPoint/hls_case_IEEE754.h:15]   --->   Operation 1502 'zext' 'zext_ln15_2' <Predicate = (!icmp_ln115)> <Delay = 0.00>
ST_122 : Operation 1503 [1/1] (0.00ns)   --->   "%zext_ln510_2 = zext i11 %tmp_46" [/wrk/ci/prod/2020.2/rdi_builds/continuous/2020_11_18_3064766/src/shared/hls/clib/src/hls/utils/x_hls_utils.h:510]   --->   Operation 1503 'zext' 'zext_ln510_2' <Predicate = (!icmp_ln115)> <Delay = 0.00>
ST_122 : Operation 1504 [1/1] (0.73ns)   --->   "%add_ln510_2 = add i12 %zext_ln510_2, i12 3073" [/wrk/ci/prod/2020.2/rdi_builds/continuous/2020_11_18_3064766/src/shared/hls/clib/src/hls/utils/x_hls_utils.h:510]   --->   Operation 1504 'add' 'add_ln510_2' <Predicate = (!icmp_ln115)> <Delay = 0.73> <CoreInst = "Adder">   --->   Core 1 'Adder' <Latency = 0> <II = 1> <Delay = 0.88> <FuncUnit> <Opcode : 'add' 'sub'> <InPorts = 2> <OutPorts = 1>
ST_122 : Operation 1505 [1/1] (0.00ns)   --->   "%isNeg_2 = bitselect i1 @_ssdm_op_BitSelect.i1.i12.i32, i12 %add_ln510_2, i32 11"   --->   Operation 1505 'bitselect' 'isNeg_2' <Predicate = (!icmp_ln115)> <Delay = 0.00>
ST_122 : Operation 1506 [1/1] (0.73ns)   --->   "%sub_ln1311_2 = sub i11 1023, i11 %tmp_46"   --->   Operation 1506 'sub' 'sub_ln1311_2' <Predicate = (!icmp_ln115)> <Delay = 0.73> <CoreInst = "Adder">   --->   Core 1 'Adder' <Latency = 0> <II = 1> <Delay = 0.88> <FuncUnit> <Opcode : 'add' 'sub'> <InPorts = 2> <OutPorts = 1>
ST_122 : Operation 1507 [1/1] (0.00ns)   --->   "%sext_ln1311_2 = sext i11 %sub_ln1311_2"   --->   Operation 1507 'sext' 'sext_ln1311_2' <Predicate = (!icmp_ln115)> <Delay = 0.00>
ST_122 : Operation 1508 [1/1] (0.29ns)   --->   "%ush_2 = select i1 %isNeg_2, i12 %sext_ln1311_2, i12 %add_ln510_2"   --->   Operation 1508 'select' 'ush_2' <Predicate = (!icmp_ln115)> <Delay = 0.29> <CoreInst = "Sel">   --->   Core 73 'Sel' <Latency = 0> <II = 1> <Delay = 0.27> <FuncUnit> <Opcode : 'select'> <InPorts = 3> <OutPorts = 1>
ST_122 : Operation 1509 [1/1] (0.00ns)   --->   "%sh_prom_i_i_i_i_i_i818_cast_cast_cast = sext i12 %ush_2"   --->   Operation 1509 'sext' 'sh_prom_i_i_i_i_i_i818_cast_cast_cast' <Predicate = (!icmp_ln115)> <Delay = 0.00>
ST_122 : Operation 1510 [1/1] (0.00ns)   --->   "%sh_prom_i_i_i_i_i_i818_cast_cast_cast_cast = zext i32 %sh_prom_i_i_i_i_i_i818_cast_cast_cast"   --->   Operation 1510 'zext' 'sh_prom_i_i_i_i_i_i818_cast_cast_cast_cast' <Predicate = (!icmp_ln115)> <Delay = 0.00>
ST_122 : Operation 1511 [1/1] (0.00ns) (grouped into LUT with out node val_2)   --->   "%r_V_4 = lshr i137 %zext_ln15_2, i137 %sh_prom_i_i_i_i_i_i818_cast_cast_cast_cast"   --->   Operation 1511 'lshr' 'r_V_4' <Predicate = (!icmp_ln115)> <Delay = 0.00> <CoreInst = "Shifter">   --->   Core 75 'Shifter' <Latency = 0> <II = 1> <Delay = 1.12> <FuncUnit> <Opcode : 'shl' 'lshr' 'ashr'> <InPorts = 2> <OutPorts = 1>
ST_122 : Operation 1512 [1/1] (0.00ns) (grouped into LUT with out node val_2)   --->   "%r_V_5 = shl i137 %zext_ln15_2, i137 %sh_prom_i_i_i_i_i_i818_cast_cast_cast_cast"   --->   Operation 1512 'shl' 'r_V_5' <Predicate = (!icmp_ln115)> <Delay = 0.00> <CoreInst = "Shifter">   --->   Core 75 'Shifter' <Latency = 0> <II = 1> <Delay = 1.12> <FuncUnit> <Opcode : 'shl' 'lshr' 'ashr'> <InPorts = 2> <OutPorts = 1>
ST_122 : Operation 1513 [1/1] (0.00ns) (grouped into LUT with out node val_2)   --->   "%tmp_35 = bitselect i1 @_ssdm_op_BitSelect.i1.i137.i32, i137 %r_V_4, i32 53"   --->   Operation 1513 'bitselect' 'tmp_35' <Predicate = (!icmp_ln115)> <Delay = 0.00>
ST_122 : Operation 1514 [1/1] (0.00ns) (grouped into LUT with out node val_2)   --->   "%zext_ln662_2 = zext i1 %tmp_35"   --->   Operation 1514 'zext' 'zext_ln662_2' <Predicate = (!icmp_ln115)> <Delay = 0.00>
ST_122 : Operation 1515 [1/1] (0.00ns) (grouped into LUT with out node val_2)   --->   "%tmp_14 = partselect i32 @_ssdm_op_PartSelect.i32.i137.i32.i32, i137 %r_V_5, i32 53, i32 84"   --->   Operation 1515 'partselect' 'tmp_14' <Predicate = (!icmp_ln115)> <Delay = 0.00>
ST_122 : Operation 1516 [1/1] (1.12ns) (out node of the LUT)   --->   "%val_2 = select i1 %isNeg_2, i32 %zext_ln662_2, i32 %tmp_14"   --->   Operation 1516 'select' 'val_2' <Predicate = (!icmp_ln115)> <Delay = 1.12> <CoreInst = "Sel">   --->   Core 73 'Sel' <Latency = 0> <II = 1> <Delay = 0.27> <FuncUnit> <Opcode : 'select'> <InPorts = 3> <OutPorts = 1>
ST_122 : Operation 1517 [1/1] (0.00ns)   --->   "%data_V_3 = bitcast i64 %dc_3" [/wrk/ci/prod/2020.2/rdi_builds/continuous/2020_11_18_3064766/src/shared/hls/clib/src/hls/utils/x_hls_utils.h:483]   --->   Operation 1517 'bitcast' 'data_V_3' <Predicate = (!icmp_ln115)> <Delay = 0.00>
ST_122 : Operation 1518 [1/1] (0.00ns)   --->   "%tmp_48 = partselect i11 @_ssdm_op_PartSelect.i11.i64.i32.i32, i64 %data_V_3, i32 52, i32 62"   --->   Operation 1518 'partselect' 'tmp_48' <Predicate = (!icmp_ln115)> <Delay = 0.00>
ST_122 : Operation 1519 [1/1] (0.00ns)   --->   "%tmp_49 = trunc i64 %data_V_3"   --->   Operation 1519 'trunc' 'tmp_49' <Predicate = (!icmp_ln115)> <Delay = 0.00>
ST_122 : Operation 1520 [1/1] (0.00ns)   --->   "%mantissa_3 = bitconcatenate i54 @_ssdm_op_BitConcatenate.i54.i1.i52.i1, i1 1, i52 %tmp_49, i1 0"   --->   Operation 1520 'bitconcatenate' 'mantissa_3' <Predicate = (!icmp_ln115)> <Delay = 0.00>
ST_122 : Operation 1521 [1/1] (0.00ns)   --->   "%zext_ln15_3 = zext i54 %mantissa_3" [/wrk/ci/prod/2020.2/rdi_builds/continuous/2020_11_18_3064766/src/shared/hls/clib/hlsmath/include/FloatingPoint/hls_case_IEEE754.h:15]   --->   Operation 1521 'zext' 'zext_ln15_3' <Predicate = (!icmp_ln115)> <Delay = 0.00>
ST_122 : Operation 1522 [1/1] (0.00ns)   --->   "%zext_ln510_3 = zext i11 %tmp_48" [/wrk/ci/prod/2020.2/rdi_builds/continuous/2020_11_18_3064766/src/shared/hls/clib/src/hls/utils/x_hls_utils.h:510]   --->   Operation 1522 'zext' 'zext_ln510_3' <Predicate = (!icmp_ln115)> <Delay = 0.00>
ST_122 : Operation 1523 [1/1] (0.73ns)   --->   "%add_ln510_3 = add i12 %zext_ln510_3, i12 3073" [/wrk/ci/prod/2020.2/rdi_builds/continuous/2020_11_18_3064766/src/shared/hls/clib/src/hls/utils/x_hls_utils.h:510]   --->   Operation 1523 'add' 'add_ln510_3' <Predicate = (!icmp_ln115)> <Delay = 0.73> <CoreInst = "Adder">   --->   Core 1 'Adder' <Latency = 0> <II = 1> <Delay = 0.88> <FuncUnit> <Opcode : 'add' 'sub'> <InPorts = 2> <OutPorts = 1>
ST_122 : Operation 1524 [1/1] (0.00ns)   --->   "%isNeg_3 = bitselect i1 @_ssdm_op_BitSelect.i1.i12.i32, i12 %add_ln510_3, i32 11"   --->   Operation 1524 'bitselect' 'isNeg_3' <Predicate = (!icmp_ln115)> <Delay = 0.00>
ST_122 : Operation 1525 [1/1] (0.73ns)   --->   "%sub_ln1311_3 = sub i11 1023, i11 %tmp_48"   --->   Operation 1525 'sub' 'sub_ln1311_3' <Predicate = (!icmp_ln115)> <Delay = 0.73> <CoreInst = "Adder">   --->   Core 1 'Adder' <Latency = 0> <II = 1> <Delay = 0.88> <FuncUnit> <Opcode : 'add' 'sub'> <InPorts = 2> <OutPorts = 1>
ST_122 : Operation 1526 [1/1] (0.00ns)   --->   "%sext_ln1311_3 = sext i11 %sub_ln1311_3"   --->   Operation 1526 'sext' 'sext_ln1311_3' <Predicate = (!icmp_ln115)> <Delay = 0.00>
ST_122 : Operation 1527 [1/1] (0.29ns)   --->   "%ush_3 = select i1 %isNeg_3, i12 %sext_ln1311_3, i12 %add_ln510_3"   --->   Operation 1527 'select' 'ush_3' <Predicate = (!icmp_ln115)> <Delay = 0.29> <CoreInst = "Sel">   --->   Core 73 'Sel' <Latency = 0> <II = 1> <Delay = 0.27> <FuncUnit> <Opcode : 'select'> <InPorts = 3> <OutPorts = 1>
ST_122 : Operation 1528 [1/1] (0.00ns)   --->   "%sh_prom_i_i_i_i_i_i840_cast_cast_cast = sext i12 %ush_3"   --->   Operation 1528 'sext' 'sh_prom_i_i_i_i_i_i840_cast_cast_cast' <Predicate = (!icmp_ln115)> <Delay = 0.00>
ST_122 : Operation 1529 [1/1] (0.00ns)   --->   "%sh_prom_i_i_i_i_i_i840_cast_cast_cast_cast = zext i32 %sh_prom_i_i_i_i_i_i840_cast_cast_cast"   --->   Operation 1529 'zext' 'sh_prom_i_i_i_i_i_i840_cast_cast_cast_cast' <Predicate = (!icmp_ln115)> <Delay = 0.00>
ST_122 : Operation 1530 [1/1] (0.00ns) (grouped into LUT with out node val_3)   --->   "%r_V_6 = lshr i137 %zext_ln15_3, i137 %sh_prom_i_i_i_i_i_i840_cast_cast_cast_cast"   --->   Operation 1530 'lshr' 'r_V_6' <Predicate = (!icmp_ln115)> <Delay = 0.00> <CoreInst = "Shifter">   --->   Core 75 'Shifter' <Latency = 0> <II = 1> <Delay = 1.12> <FuncUnit> <Opcode : 'shl' 'lshr' 'ashr'> <InPorts = 2> <OutPorts = 1>
ST_122 : Operation 1531 [1/1] (0.00ns) (grouped into LUT with out node val_3)   --->   "%r_V_7 = shl i137 %zext_ln15_3, i137 %sh_prom_i_i_i_i_i_i840_cast_cast_cast_cast"   --->   Operation 1531 'shl' 'r_V_7' <Predicate = (!icmp_ln115)> <Delay = 0.00> <CoreInst = "Shifter">   --->   Core 75 'Shifter' <Latency = 0> <II = 1> <Delay = 1.12> <FuncUnit> <Opcode : 'shl' 'lshr' 'ashr'> <InPorts = 2> <OutPorts = 1>
ST_122 : Operation 1532 [1/1] (0.00ns) (grouped into LUT with out node val_3)   --->   "%tmp_40 = bitselect i1 @_ssdm_op_BitSelect.i1.i137.i32, i137 %r_V_6, i32 53"   --->   Operation 1532 'bitselect' 'tmp_40' <Predicate = (!icmp_ln115)> <Delay = 0.00>
ST_122 : Operation 1533 [1/1] (0.00ns) (grouped into LUT with out node val_3)   --->   "%zext_ln662_3 = zext i1 %tmp_40"   --->   Operation 1533 'zext' 'zext_ln662_3' <Predicate = (!icmp_ln115)> <Delay = 0.00>
ST_122 : Operation 1534 [1/1] (0.00ns) (grouped into LUT with out node val_3)   --->   "%tmp_16 = partselect i32 @_ssdm_op_PartSelect.i32.i137.i32.i32, i137 %r_V_7, i32 53, i32 84"   --->   Operation 1534 'partselect' 'tmp_16' <Predicate = (!icmp_ln115)> <Delay = 0.00>
ST_122 : Operation 1535 [1/1] (1.12ns) (out node of the LUT)   --->   "%val_3 = select i1 %isNeg_3, i32 %zext_ln662_3, i32 %tmp_16"   --->   Operation 1535 'select' 'val_3' <Predicate = (!icmp_ln115)> <Delay = 1.12> <CoreInst = "Sel">   --->   Core 73 'Sel' <Latency = 0> <II = 1> <Delay = 0.27> <FuncUnit> <Opcode : 'select'> <InPorts = 3> <OutPorts = 1>

State 123 <SV = 113> <Delay = 1.76>
ST_123 : Operation 1536 [1/1] (0.88ns)   --->   "%result_V_9 = sub i32 0, i32 %val_2"   --->   Operation 1536 'sub' 'result_V_9' <Predicate = (!icmp_ln115 & p_Result_15)> <Delay = 0.88> <CoreInst = "Adder">   --->   Core 1 'Adder' <Latency = 0> <II = 1> <Delay = 0.88> <FuncUnit> <Opcode : 'add' 'sub'> <InPorts = 2> <OutPorts = 1>
ST_123 : Operation 1537 [1/1] (0.22ns)   --->   "%result_V_14 = select i1 %p_Result_15, i32 %result_V_9, i32 %val_2" [/wrk/ci/prod/2020.2/rdi_builds/continuous/2020_11_18_3064766/src/shared/hls/clib/hlsmath/include/FloatingPoint/hls_case_IEEE754.h:59]   --->   Operation 1537 'select' 'result_V_14' <Predicate = (!icmp_ln115)> <Delay = 0.22> <CoreInst = "Sel">   --->   Core 73 'Sel' <Latency = 0> <II = 1> <Delay = 0.27> <FuncUnit> <Opcode : 'select'> <InPorts = 3> <OutPorts = 1>
ST_123 : Operation 1538 [1/1] (0.00ns) (grouped into LUT with out node indX)   --->   "%p_Result_16 = bitselect i1 @_ssdm_op_BitSelect.i1.i64.i32, i64 %data_V_3, i32 63"   --->   Operation 1538 'bitselect' 'p_Result_16' <Predicate = (!icmp_ln115)> <Delay = 0.00>
ST_123 : Operation 1539 [1/1] (0.88ns)   --->   "%result_V_10 = sub i32 0, i32 %val_3"   --->   Operation 1539 'sub' 'result_V_10' <Predicate = (!icmp_ln115)> <Delay = 0.88> <CoreInst = "Adder">   --->   Core 1 'Adder' <Latency = 0> <II = 1> <Delay = 0.88> <FuncUnit> <Opcode : 'add' 'sub'> <InPorts = 2> <OutPorts = 1>
ST_123 : Operation 1540 [1/1] (0.00ns) (grouped into LUT with out node indX)   --->   "%result_V = select i1 %p_Result_16, i32 %result_V_10, i32 %val_3" [/wrk/ci/prod/2020.2/rdi_builds/continuous/2020_11_18_3064766/src/shared/hls/clib/hlsmath/include/FloatingPoint/hls_case_IEEE754.h:59]   --->   Operation 1540 'select' 'result_V' <Predicate = (!icmp_ln115)> <Delay = 0.00> <CoreInst = "Sel">   --->   Core 73 'Sel' <Latency = 0> <II = 1> <Delay = 0.27> <FuncUnit> <Opcode : 'select'> <InPorts = 3> <OutPorts = 1>
ST_123 : Operation 1541 [1/1] (0.88ns) (out node of the LUT)   --->   "%indX = add i32 %result_V, i32 %result_V_12" [likelihood_kernel.cpp:123]   --->   Operation 1541 'add' 'indX' <Predicate = (!icmp_ln115)> <Delay = 0.88> <CoreInst = "Adder">   --->   Core 1 'Adder' <Latency = 0> <II = 1> <Delay = 0.88> <FuncUnit> <Opcode : 'add' 'sub'> <InPorts = 2> <OutPorts = 1>

State 124 <SV = 114> <Delay = 2.29>
ST_124 : Operation 1542 [2/2] (2.29ns)   --->   "%mul_ln126 = mul i32 %indX, i32 %IszY_read" [likelihood_kernel.cpp:126]   --->   Operation 1542 'mul' 'mul_ln126' <Predicate = (!icmp_ln115)> <Delay = 2.29> <CoreInst = "Multiplier">   --->   Core 3 'Multiplier' <Latency = 1> <II = 1> <Delay = 2.29> <FuncUnit> <Opcode : 'mul'> <InPorts = 2> <OutPorts = 1>

State 125 <SV = 115> <Delay = 2.29>
ST_125 : Operation 1543 [1/2] (2.29ns)   --->   "%mul_ln126 = mul i32 %indX, i32 %IszY_read" [likelihood_kernel.cpp:126]   --->   Operation 1543 'mul' 'mul_ln126' <Predicate = (!icmp_ln115)> <Delay = 2.29> <CoreInst = "Multiplier">   --->   Core 3 'Multiplier' <Latency = 1> <II = 1> <Delay = 2.29> <FuncUnit> <Opcode : 'mul'> <InPorts = 2> <OutPorts = 1>

State 126 <SV = 116> <Delay = 0.73>
ST_126 : Operation 1544 [1/1] (0.00ns) (grouped into TernaryAdder)   --->   "%add_ln126_2 = add i32 %result_V_13, i32 %mul_ln126" [likelihood_kernel.cpp:126]   --->   Operation 1544 'add' 'add_ln126_2' <Predicate = (!icmp_ln115)> <Delay = 0.00> <CoreInst = "TAddSub">   --->   Core 10 'TAddSub' <Latency = 0> <II = 1> <Delay = 0.42> <IPBlock> <Opcode : 'add' 'sub'> <InPorts = 3> <OutPorts = 1> <Sync>
ST_126 : Operation 1545 [1/1] (0.73ns) (root node of TernaryAdder)   --->   "%add_ln126 = add i32 %add_ln126_2, i32 %result_V_14" [likelihood_kernel.cpp:126]   --->   Operation 1545 'add' 'add_ln126' <Predicate = (!icmp_ln115)> <Delay = 0.73> <CoreInst = "TAddSub">   --->   Core 10 'TAddSub' <Latency = 0> <II = 1> <Delay = 0.42> <IPBlock> <Opcode : 'add' 'sub'> <InPorts = 3> <OutPorts = 1> <Sync>

State 127 <SV = 117> <Delay = 2.29>
ST_127 : Operation 1546 [2/2] (2.29ns)   --->   "%mul_ln126_1 = mul i32 %add_ln126, i32 %Nfr_read" [likelihood_kernel.cpp:126]   --->   Operation 1546 'mul' 'mul_ln126_1' <Predicate = (!icmp_ln115)> <Delay = 2.29> <CoreInst = "Multiplier">   --->   Core 3 'Multiplier' <Latency = 1> <II = 1> <Delay = 2.29> <FuncUnit> <Opcode : 'mul'> <InPorts = 2> <OutPorts = 1>

State 128 <SV = 118> <Delay = 2.29>
ST_128 : Operation 1547 [1/2] (2.29ns)   --->   "%mul_ln126_1 = mul i32 %add_ln126, i32 %Nfr_read" [likelihood_kernel.cpp:126]   --->   Operation 1547 'mul' 'mul_ln126_1' <Predicate = (!icmp_ln115)> <Delay = 2.29> <CoreInst = "Multiplier">   --->   Core 3 'Multiplier' <Latency = 1> <II = 1> <Delay = 2.29> <FuncUnit> <Opcode : 'mul'> <InPorts = 2> <OutPorts = 1>

State 129 <SV = 119> <Delay = 1.98>
ST_129 : Operation 1548 [1/1] (0.88ns)   --->   "%add_ln126_1 = add i32 %mul_ln126_1, i32 %k_read" [likelihood_kernel.cpp:126]   --->   Operation 1548 'add' 'add_ln126_1' <Predicate = (!icmp_ln115)> <Delay = 0.88> <CoreInst = "Adder">   --->   Core 1 'Adder' <Latency = 0> <II = 1> <Delay = 0.88> <FuncUnit> <Opcode : 'add' 'sub'> <InPorts = 2> <OutPorts = 1>
ST_129 : Operation 1549 [1/1] (0.88ns)   --->   "%neg = sub i32 0, i32 %add_ln126_1" [likelihood_kernel.cpp:126]   --->   Operation 1549 'sub' 'neg' <Predicate = (!icmp_ln115)> <Delay = 0.88> <CoreInst = "Adder">   --->   Core 1 'Adder' <Latency = 0> <II = 1> <Delay = 0.88> <FuncUnit> <Opcode : 'add' 'sub'> <InPorts = 2> <OutPorts = 1>
ST_129 : Operation 1550 [1/1] (0.85ns)   --->   "%abscond = icmp_sgt  i32 %add_ln126_1, i32 0" [likelihood_kernel.cpp:126]   --->   Operation 1550 'icmp' 'abscond' <Predicate = (!icmp_ln115)> <Delay = 0.85> <CoreInst = "Cmp">   --->   Core 9 'Cmp' <Latency = 0> <II = 1> <Delay = 0.82> <FuncUnit> <Opcode : 'icmp'> <InPorts = 2> <OutPorts = 1>
ST_129 : Operation 1551 [1/1] (0.22ns)   --->   "%idx = select i1 %abscond, i32 %add_ln126_1, i32 %neg" [likelihood_kernel.cpp:126]   --->   Operation 1551 'select' 'idx' <Predicate = (!icmp_ln115)> <Delay = 0.22> <CoreInst = "Sel">   --->   Core 73 'Sel' <Latency = 0> <II = 1> <Delay = 0.27> <FuncUnit> <Opcode : 'select'> <InPorts = 3> <OutPorts = 1>

State 130 <SV = 120> <Delay = 2.21>
ST_130 : Operation 1552 [1/1] (0.00ns)   --->   "%sext_ln128 = sext i32 %idx" [likelihood_kernel.cpp:128]   --->   Operation 1552 'sext' 'sext_ln128' <Predicate = (!icmp_ln115)> <Delay = 0.00>
ST_130 : Operation 1553 [1/1] (1.06ns)   --->   "%icmp_ln128 = icmp_slt  i64 %sext_ln128, i64 %max_size_read" [likelihood_kernel.cpp:128]   --->   Operation 1553 'icmp' 'icmp_ln128' <Predicate = (!icmp_ln115)> <Delay = 1.06> <CoreInst = "Cmp">   --->   Core 9 'Cmp' <Latency = 0> <II = 1> <Delay = 0.82> <FuncUnit> <Opcode : 'icmp'> <InPorts = 2> <OutPorts = 1>
ST_130 : Operation 1554 [1/1] (0.00ns) (grouped into LUT with out node add_ln132)   --->   "%xor_ln128 = xor i1 %icmp_ln128, i1 1" [likelihood_kernel.cpp:128]   --->   Operation 1554 'xor' 'xor_ln128' <Predicate = (!icmp_ln115)> <Delay = 0.00> <CoreInst = "LogicGate">   --->   Core 74 'LogicGate' <Latency = 0> <II = 1> <Delay = 0.12> <FuncUnit> <Opcode : 'and' 'or' 'xor'> <InPorts = 2> <OutPorts = 1>
ST_130 : Operation 1555 [1/1] (0.00ns) (grouped into LUT with out node add_ln132)   --->   "%select_ln128 = select i1 %xor_ln128, i32 0, i32 %idx" [likelihood_kernel.cpp:128]   --->   Operation 1555 'select' 'select_ln128' <Predicate = (!icmp_ln115)> <Delay = 0.00> <CoreInst = "Sel">   --->   Core 73 'Sel' <Latency = 0> <II = 1> <Delay = 0.27> <FuncUnit> <Opcode : 'select'> <InPorts = 3> <OutPorts = 1>
ST_130 : Operation 1556 [1/1] (0.00ns) (grouped into LUT with out node add_ln132)   --->   "%shl_ln4 = bitconcatenate i34 @_ssdm_op_BitConcatenate.i34.i32.i2, i32 %select_ln128, i2 0" [likelihood_kernel.cpp:132]   --->   Operation 1556 'bitconcatenate' 'shl_ln4' <Predicate = (!icmp_ln115)> <Delay = 0.00>
ST_130 : Operation 1557 [1/1] (0.00ns) (grouped into LUT with out node add_ln132)   --->   "%sext_ln132 = sext i34 %shl_ln4" [likelihood_kernel.cpp:132]   --->   Operation 1557 'sext' 'sext_ln132' <Predicate = (!icmp_ln115)> <Delay = 0.00>
ST_130 : Operation 1558 [1/1] (1.14ns) (out node of the LUT)   --->   "%add_ln132 = add i64 %sext_ln132, i64 %I_read" [likelihood_kernel.cpp:132]   --->   Operation 1558 'add' 'add_ln132' <Predicate = (!icmp_ln115)> <Delay = 1.14> <CoreInst = "Adder">   --->   Core 1 'Adder' <Latency = 0> <II = 1> <Delay = 0.88> <FuncUnit> <Opcode : 'add' 'sub'> <InPorts = 2> <OutPorts = 1>
ST_130 : Operation 1559 [1/1] (0.00ns)   --->   "%trunc_ln8 = partselect i62 @_ssdm_op_PartSelect.i62.i64.i32.i32, i64 %add_ln132, i32 2, i32 63" [likelihood_kernel.cpp:132]   --->   Operation 1559 'partselect' 'trunc_ln8' <Predicate = (!icmp_ln115)> <Delay = 0.00>
ST_130 : Operation 1560 [1/1] (0.00ns)   --->   "%sext_ln132_1 = sext i62 %trunc_ln8" [likelihood_kernel.cpp:132]   --->   Operation 1560 'sext' 'sext_ln132_1' <Predicate = (!icmp_ln115)> <Delay = 0.00>
ST_130 : Operation 1561 [1/1] (0.00ns)   --->   "%gmem3_addr = getelementptr i32 %gmem3, i64 %sext_ln132_1" [likelihood_kernel.cpp:132]   --->   Operation 1561 'getelementptr' 'gmem3_addr' <Predicate = (!icmp_ln115)> <Delay = 0.00>

State 131 <SV = 121> <Delay = 2.43>
ST_131 : Operation 1562 [7/7] (2.43ns)   --->   "%pix_req = readreq i1 @_ssdm_op_ReadReq.m_axi.i32P1A, i32 %gmem3_addr, i32 1" [likelihood_kernel.cpp:132]   --->   Operation 1562 'readreq' 'pix_req' <Predicate = (!icmp_ln115)> <Delay = 2.43> <CoreInst = "m_axi">   --->   Core 121 'm_axi' <Latency = 6> <II = 1> <Delay = 1.00> <Adapter> <Opcode : 'read' 'write' 'readreq' 'writereq' 'writeresp'>

State 132 <SV = 122> <Delay = 2.43>
ST_132 : Operation 1563 [6/7] (2.43ns)   --->   "%pix_req = readreq i1 @_ssdm_op_ReadReq.m_axi.i32P1A, i32 %gmem3_addr, i32 1" [likelihood_kernel.cpp:132]   --->   Operation 1563 'readreq' 'pix_req' <Predicate = (!icmp_ln115)> <Delay = 2.43> <CoreInst = "m_axi">   --->   Core 121 'm_axi' <Latency = 6> <II = 1> <Delay = 1.00> <Adapter> <Opcode : 'read' 'write' 'readreq' 'writereq' 'writeresp'>

State 133 <SV = 123> <Delay = 2.43>
ST_133 : Operation 1564 [5/7] (2.43ns)   --->   "%pix_req = readreq i1 @_ssdm_op_ReadReq.m_axi.i32P1A, i32 %gmem3_addr, i32 1" [likelihood_kernel.cpp:132]   --->   Operation 1564 'readreq' 'pix_req' <Predicate = (!icmp_ln115)> <Delay = 2.43> <CoreInst = "m_axi">   --->   Core 121 'm_axi' <Latency = 6> <II = 1> <Delay = 1.00> <Adapter> <Opcode : 'read' 'write' 'readreq' 'writereq' 'writeresp'>

State 134 <SV = 124> <Delay = 2.43>
ST_134 : Operation 1565 [4/7] (2.43ns)   --->   "%pix_req = readreq i1 @_ssdm_op_ReadReq.m_axi.i32P1A, i32 %gmem3_addr, i32 1" [likelihood_kernel.cpp:132]   --->   Operation 1565 'readreq' 'pix_req' <Predicate = (!icmp_ln115)> <Delay = 2.43> <CoreInst = "m_axi">   --->   Core 121 'm_axi' <Latency = 6> <II = 1> <Delay = 1.00> <Adapter> <Opcode : 'read' 'write' 'readreq' 'writereq' 'writeresp'>

State 135 <SV = 125> <Delay = 2.43>
ST_135 : Operation 1566 [3/7] (2.43ns)   --->   "%pix_req = readreq i1 @_ssdm_op_ReadReq.m_axi.i32P1A, i32 %gmem3_addr, i32 1" [likelihood_kernel.cpp:132]   --->   Operation 1566 'readreq' 'pix_req' <Predicate = (!icmp_ln115)> <Delay = 2.43> <CoreInst = "m_axi">   --->   Core 121 'm_axi' <Latency = 6> <II = 1> <Delay = 1.00> <Adapter> <Opcode : 'read' 'write' 'readreq' 'writereq' 'writeresp'>

State 136 <SV = 126> <Delay = 2.43>
ST_136 : Operation 1567 [2/7] (2.43ns)   --->   "%pix_req = readreq i1 @_ssdm_op_ReadReq.m_axi.i32P1A, i32 %gmem3_addr, i32 1" [likelihood_kernel.cpp:132]   --->   Operation 1567 'readreq' 'pix_req' <Predicate = (!icmp_ln115)> <Delay = 2.43> <CoreInst = "m_axi">   --->   Core 121 'm_axi' <Latency = 6> <II = 1> <Delay = 1.00> <Adapter> <Opcode : 'read' 'write' 'readreq' 'writereq' 'writeresp'>

State 137 <SV = 127> <Delay = 2.43>
ST_137 : Operation 1568 [1/7] (2.43ns)   --->   "%pix_req = readreq i1 @_ssdm_op_ReadReq.m_axi.i32P1A, i32 %gmem3_addr, i32 1" [likelihood_kernel.cpp:132]   --->   Operation 1568 'readreq' 'pix_req' <Predicate = (!icmp_ln115)> <Delay = 2.43> <CoreInst = "m_axi">   --->   Core 121 'm_axi' <Latency = 6> <II = 1> <Delay = 1.00> <Adapter> <Opcode : 'read' 'write' 'readreq' 'writereq' 'writeresp'>

State 138 <SV = 128> <Delay = 2.43>
ST_138 : Operation 1569 [1/1] (2.43ns)   --->   "%pix = read i32 @_ssdm_op_Read.m_axi.i32P1A, i32 %gmem3_addr" [likelihood_kernel.cpp:132]   --->   Operation 1569 'read' 'pix' <Predicate = (!icmp_ln115)> <Delay = 2.43> <CoreInst = "m_axi">   --->   Core 121 'm_axi' <Latency = 6> <II = 1> <Delay = 1.00> <Adapter> <Opcode : 'read' 'write' 'readreq' 'writereq' 'writeresp'>

State 139 <SV = 129> <Delay = 0.88>
ST_139 : Operation 1570 [1/1] (0.88ns)   --->   "%a = add i32 %pix, i32 4294967196" [likelihood_kernel.cpp:133]   --->   Operation 1570 'add' 'a' <Predicate = (!icmp_ln115)> <Delay = 0.88> <CoreInst = "Adder">   --->   Core 1 'Adder' <Latency = 0> <II = 1> <Delay = 0.88> <FuncUnit> <Opcode : 'add' 'sub'> <InPorts = 2> <OutPorts = 1>
ST_139 : Operation 1571 [1/1] (0.88ns)   --->   "%b = add i32 %pix, i32 4294967068" [likelihood_kernel.cpp:134]   --->   Operation 1571 'add' 'b' <Predicate = (!icmp_ln115)> <Delay = 0.88> <CoreInst = "Adder">   --->   Core 1 'Adder' <Latency = 0> <II = 1> <Delay = 0.88> <FuncUnit> <Opcode : 'add' 'sub'> <InPorts = 2> <OutPorts = 1>

State 140 <SV = 130> <Delay = 2.29>
ST_140 : Operation 1572 [2/2] (2.29ns)   --->   "%mul_ln136 = mul i32 %a, i32 %a" [likelihood_kernel.cpp:136]   --->   Operation 1572 'mul' 'mul_ln136' <Predicate = (!icmp_ln115)> <Delay = 2.29> <CoreInst = "Multiplier">   --->   Core 3 'Multiplier' <Latency = 1> <II = 1> <Delay = 2.29> <FuncUnit> <Opcode : 'mul'> <InPorts = 2> <OutPorts = 1>
ST_140 : Operation 1573 [2/2] (2.29ns)   --->   "%mul_ln136_1 = mul i32 %b, i32 %b" [likelihood_kernel.cpp:136]   --->   Operation 1573 'mul' 'mul_ln136_1' <Predicate = (!icmp_ln115)> <Delay = 2.29> <CoreInst = "Multiplier">   --->   Core 3 'Multiplier' <Latency = 1> <II = 1> <Delay = 2.29> <FuncUnit> <Opcode : 'mul'> <InPorts = 2> <OutPorts = 1>

State 141 <SV = 131> <Delay = 2.29>
ST_141 : Operation 1574 [1/2] (2.29ns)   --->   "%mul_ln136 = mul i32 %a, i32 %a" [likelihood_kernel.cpp:136]   --->   Operation 1574 'mul' 'mul_ln136' <Predicate = (!icmp_ln115)> <Delay = 2.29> <CoreInst = "Multiplier">   --->   Core 3 'Multiplier' <Latency = 1> <II = 1> <Delay = 2.29> <FuncUnit> <Opcode : 'mul'> <InPorts = 2> <OutPorts = 1>
ST_141 : Operation 1575 [1/2] (2.29ns)   --->   "%mul_ln136_1 = mul i32 %b, i32 %b" [likelihood_kernel.cpp:136]   --->   Operation 1575 'mul' 'mul_ln136_1' <Predicate = (!icmp_ln115)> <Delay = 2.29> <CoreInst = "Multiplier">   --->   Core 3 'Multiplier' <Latency = 1> <II = 1> <Delay = 2.29> <FuncUnit> <Opcode : 'mul'> <InPorts = 2> <OutPorts = 1>

State 142 <SV = 132> <Delay = 2.21>
ST_142 : Operation 1576 [5/5] (2.21ns)   --->   "%conv25_i = sitodp i32 %mul_ln136" [likelihood_kernel.cpp:136]   --->   Operation 1576 'sitodp' 'conv25_i' <Predicate = (!icmp_ln115)> <Delay = 2.21> <CoreInst = "Int2Double">   --->   Core 66 'Int2Double' <Latency = 4> <II = 1> <Delay = 2.21> <FuncUnit> <Opcode : 'sitodp' 'uitodp'> <InPorts = 1> <OutPorts = 1>
ST_142 : Operation 1577 [5/5] (2.21ns)   --->   "%conv27_i = sitodp i32 %mul_ln136_1" [likelihood_kernel.cpp:136]   --->   Operation 1577 'sitodp' 'conv27_i' <Predicate = (!icmp_ln115)> <Delay = 2.21> <CoreInst = "Int2Double">   --->   Core 66 'Int2Double' <Latency = 4> <II = 1> <Delay = 2.21> <FuncUnit> <Opcode : 'sitodp' 'uitodp'> <InPorts = 1> <OutPorts = 1>

State 143 <SV = 133> <Delay = 2.21>
ST_143 : Operation 1578 [4/5] (2.21ns)   --->   "%conv25_i = sitodp i32 %mul_ln136" [likelihood_kernel.cpp:136]   --->   Operation 1578 'sitodp' 'conv25_i' <Predicate = (!icmp_ln115)> <Delay = 2.21> <CoreInst = "Int2Double">   --->   Core 66 'Int2Double' <Latency = 4> <II = 1> <Delay = 2.21> <FuncUnit> <Opcode : 'sitodp' 'uitodp'> <InPorts = 1> <OutPorts = 1>
ST_143 : Operation 1579 [4/5] (2.21ns)   --->   "%conv27_i = sitodp i32 %mul_ln136_1" [likelihood_kernel.cpp:136]   --->   Operation 1579 'sitodp' 'conv27_i' <Predicate = (!icmp_ln115)> <Delay = 2.21> <CoreInst = "Int2Double">   --->   Core 66 'Int2Double' <Latency = 4> <II = 1> <Delay = 2.21> <FuncUnit> <Opcode : 'sitodp' 'uitodp'> <InPorts = 1> <OutPorts = 1>

State 144 <SV = 134> <Delay = 2.21>
ST_144 : Operation 1580 [3/5] (2.21ns)   --->   "%conv25_i = sitodp i32 %mul_ln136" [likelihood_kernel.cpp:136]   --->   Operation 1580 'sitodp' 'conv25_i' <Predicate = (!icmp_ln115)> <Delay = 2.21> <CoreInst = "Int2Double">   --->   Core 66 'Int2Double' <Latency = 4> <II = 1> <Delay = 2.21> <FuncUnit> <Opcode : 'sitodp' 'uitodp'> <InPorts = 1> <OutPorts = 1>
ST_144 : Operation 1581 [3/5] (2.21ns)   --->   "%conv27_i = sitodp i32 %mul_ln136_1" [likelihood_kernel.cpp:136]   --->   Operation 1581 'sitodp' 'conv27_i' <Predicate = (!icmp_ln115)> <Delay = 2.21> <CoreInst = "Int2Double">   --->   Core 66 'Int2Double' <Latency = 4> <II = 1> <Delay = 2.21> <FuncUnit> <Opcode : 'sitodp' 'uitodp'> <InPorts = 1> <OutPorts = 1>

State 145 <SV = 135> <Delay = 2.21>
ST_145 : Operation 1582 [2/5] (2.21ns)   --->   "%conv25_i = sitodp i32 %mul_ln136" [likelihood_kernel.cpp:136]   --->   Operation 1582 'sitodp' 'conv25_i' <Predicate = (!icmp_ln115)> <Delay = 2.21> <CoreInst = "Int2Double">   --->   Core 66 'Int2Double' <Latency = 4> <II = 1> <Delay = 2.21> <FuncUnit> <Opcode : 'sitodp' 'uitodp'> <InPorts = 1> <OutPorts = 1>
ST_145 : Operation 1583 [2/5] (2.21ns)   --->   "%conv27_i = sitodp i32 %mul_ln136_1" [likelihood_kernel.cpp:136]   --->   Operation 1583 'sitodp' 'conv27_i' <Predicate = (!icmp_ln115)> <Delay = 2.21> <CoreInst = "Int2Double">   --->   Core 66 'Int2Double' <Latency = 4> <II = 1> <Delay = 2.21> <FuncUnit> <Opcode : 'sitodp' 'uitodp'> <InPorts = 1> <OutPorts = 1>

State 146 <SV = 136> <Delay = 2.21>
ST_146 : Operation 1584 [1/5] (2.21ns)   --->   "%conv25_i = sitodp i32 %mul_ln136" [likelihood_kernel.cpp:136]   --->   Operation 1584 'sitodp' 'conv25_i' <Predicate = (!icmp_ln115)> <Delay = 2.21> <CoreInst = "Int2Double">   --->   Core 66 'Int2Double' <Latency = 4> <II = 1> <Delay = 2.21> <FuncUnit> <Opcode : 'sitodp' 'uitodp'> <InPorts = 1> <OutPorts = 1>
ST_146 : Operation 1585 [1/5] (2.21ns)   --->   "%conv27_i = sitodp i32 %mul_ln136_1" [likelihood_kernel.cpp:136]   --->   Operation 1585 'sitodp' 'conv27_i' <Predicate = (!icmp_ln115)> <Delay = 2.21> <CoreInst = "Int2Double">   --->   Core 66 'Int2Double' <Latency = 4> <II = 1> <Delay = 2.21> <FuncUnit> <Opcode : 'sitodp' 'uitodp'> <InPorts = 1> <OutPorts = 1>

State 147 <SV = 137> <Delay = 1.90>
ST_147 : Operation 1586 [8/8] (1.90ns)   --->   "%sub28_i = dsub i64 %conv25_i, i64 %conv27_i" [likelihood_kernel.cpp:136]   --->   Operation 1586 'dsub' 'sub28_i' <Predicate = (!icmp_ln115)> <Delay = 1.90> <CoreInst = "DAddSub_fulldsp">   --->   Core 37 'DAddSub_fulldsp' <Latency = 7> <II = 1> <Delay = 1.90> <FuncUnit> <Opcode : 'dadd' 'dsub'> <InPorts = 2> <OutPorts = 1>

State 148 <SV = 138> <Delay = 1.90>
ST_148 : Operation 1587 [7/8] (1.90ns)   --->   "%sub28_i = dsub i64 %conv25_i, i64 %conv27_i" [likelihood_kernel.cpp:136]   --->   Operation 1587 'dsub' 'sub28_i' <Predicate = (!icmp_ln115)> <Delay = 1.90> <CoreInst = "DAddSub_fulldsp">   --->   Core 37 'DAddSub_fulldsp' <Latency = 7> <II = 1> <Delay = 1.90> <FuncUnit> <Opcode : 'dadd' 'dsub'> <InPorts = 2> <OutPorts = 1>

State 149 <SV = 139> <Delay = 1.90>
ST_149 : Operation 1588 [6/8] (1.90ns)   --->   "%sub28_i = dsub i64 %conv25_i, i64 %conv27_i" [likelihood_kernel.cpp:136]   --->   Operation 1588 'dsub' 'sub28_i' <Predicate = (!icmp_ln115)> <Delay = 1.90> <CoreInst = "DAddSub_fulldsp">   --->   Core 37 'DAddSub_fulldsp' <Latency = 7> <II = 1> <Delay = 1.90> <FuncUnit> <Opcode : 'dadd' 'dsub'> <InPorts = 2> <OutPorts = 1>

State 150 <SV = 140> <Delay = 1.90>
ST_150 : Operation 1589 [5/8] (1.90ns)   --->   "%sub28_i = dsub i64 %conv25_i, i64 %conv27_i" [likelihood_kernel.cpp:136]   --->   Operation 1589 'dsub' 'sub28_i' <Predicate = (!icmp_ln115)> <Delay = 1.90> <CoreInst = "DAddSub_fulldsp">   --->   Core 37 'DAddSub_fulldsp' <Latency = 7> <II = 1> <Delay = 1.90> <FuncUnit> <Opcode : 'dadd' 'dsub'> <InPorts = 2> <OutPorts = 1>

State 151 <SV = 141> <Delay = 1.90>
ST_151 : Operation 1590 [4/8] (1.90ns)   --->   "%sub28_i = dsub i64 %conv25_i, i64 %conv27_i" [likelihood_kernel.cpp:136]   --->   Operation 1590 'dsub' 'sub28_i' <Predicate = (!icmp_ln115)> <Delay = 1.90> <CoreInst = "DAddSub_fulldsp">   --->   Core 37 'DAddSub_fulldsp' <Latency = 7> <II = 1> <Delay = 1.90> <FuncUnit> <Opcode : 'dadd' 'dsub'> <InPorts = 2> <OutPorts = 1>

State 152 <SV = 142> <Delay = 1.90>
ST_152 : Operation 1591 [3/8] (1.90ns)   --->   "%sub28_i = dsub i64 %conv25_i, i64 %conv27_i" [likelihood_kernel.cpp:136]   --->   Operation 1591 'dsub' 'sub28_i' <Predicate = (!icmp_ln115)> <Delay = 1.90> <CoreInst = "DAddSub_fulldsp">   --->   Core 37 'DAddSub_fulldsp' <Latency = 7> <II = 1> <Delay = 1.90> <FuncUnit> <Opcode : 'dadd' 'dsub'> <InPorts = 2> <OutPorts = 1>

State 153 <SV = 143> <Delay = 1.90>
ST_153 : Operation 1592 [2/8] (1.90ns)   --->   "%sub28_i = dsub i64 %conv25_i, i64 %conv27_i" [likelihood_kernel.cpp:136]   --->   Operation 1592 'dsub' 'sub28_i' <Predicate = (!icmp_ln115)> <Delay = 1.90> <CoreInst = "DAddSub_fulldsp">   --->   Core 37 'DAddSub_fulldsp' <Latency = 7> <II = 1> <Delay = 1.90> <FuncUnit> <Opcode : 'dadd' 'dsub'> <InPorts = 2> <OutPorts = 1>

State 154 <SV = 144> <Delay = 1.90>
ST_154 : Operation 1593 [1/8] (1.90ns)   --->   "%sub28_i = dsub i64 %conv25_i, i64 %conv27_i" [likelihood_kernel.cpp:136]   --->   Operation 1593 'dsub' 'sub28_i' <Predicate = (!icmp_ln115)> <Delay = 1.90> <CoreInst = "DAddSub_fulldsp">   --->   Core 37 'DAddSub_fulldsp' <Latency = 7> <II = 1> <Delay = 1.90> <FuncUnit> <Opcode : 'dadd' 'dsub'> <InPorts = 2> <OutPorts = 1>

State 155 <SV = 145> <Delay = 2.35>
ST_155 : Operation 1594 [31/31] (2.35ns)   --->   "%div_i = ddiv i64 %sub28_i, i64 50" [likelihood_kernel.cpp:136]   --->   Operation 1594 'ddiv' 'div_i' <Predicate = (!icmp_ln115)> <Delay = 2.35> <CoreInst = "DDiv">   --->   Core 39 'DDiv' <Latency = 30> <II = 1> <Delay = 2.35> <FuncUnit> <Opcode : 'ddiv' 'drem'> <InPorts = 2> <OutPorts = 1>

State 156 <SV = 146> <Delay = 2.35>
ST_156 : Operation 1595 [30/31] (2.35ns)   --->   "%div_i = ddiv i64 %sub28_i, i64 50" [likelihood_kernel.cpp:136]   --->   Operation 1595 'ddiv' 'div_i' <Predicate = (!icmp_ln115)> <Delay = 2.35> <CoreInst = "DDiv">   --->   Core 39 'DDiv' <Latency = 30> <II = 1> <Delay = 2.35> <FuncUnit> <Opcode : 'ddiv' 'drem'> <InPorts = 2> <OutPorts = 1>

State 157 <SV = 147> <Delay = 2.35>
ST_157 : Operation 1596 [29/31] (2.35ns)   --->   "%div_i = ddiv i64 %sub28_i, i64 50" [likelihood_kernel.cpp:136]   --->   Operation 1596 'ddiv' 'div_i' <Predicate = (!icmp_ln115)> <Delay = 2.35> <CoreInst = "DDiv">   --->   Core 39 'DDiv' <Latency = 30> <II = 1> <Delay = 2.35> <FuncUnit> <Opcode : 'ddiv' 'drem'> <InPorts = 2> <OutPorts = 1>

State 158 <SV = 148> <Delay = 2.35>
ST_158 : Operation 1597 [28/31] (2.35ns)   --->   "%div_i = ddiv i64 %sub28_i, i64 50" [likelihood_kernel.cpp:136]   --->   Operation 1597 'ddiv' 'div_i' <Predicate = (!icmp_ln115)> <Delay = 2.35> <CoreInst = "DDiv">   --->   Core 39 'DDiv' <Latency = 30> <II = 1> <Delay = 2.35> <FuncUnit> <Opcode : 'ddiv' 'drem'> <InPorts = 2> <OutPorts = 1>

State 159 <SV = 149> <Delay = 2.35>
ST_159 : Operation 1598 [27/31] (2.35ns)   --->   "%div_i = ddiv i64 %sub28_i, i64 50" [likelihood_kernel.cpp:136]   --->   Operation 1598 'ddiv' 'div_i' <Predicate = (!icmp_ln115)> <Delay = 2.35> <CoreInst = "DDiv">   --->   Core 39 'DDiv' <Latency = 30> <II = 1> <Delay = 2.35> <FuncUnit> <Opcode : 'ddiv' 'drem'> <InPorts = 2> <OutPorts = 1>

State 160 <SV = 150> <Delay = 2.35>
ST_160 : Operation 1599 [26/31] (2.35ns)   --->   "%div_i = ddiv i64 %sub28_i, i64 50" [likelihood_kernel.cpp:136]   --->   Operation 1599 'ddiv' 'div_i' <Predicate = (!icmp_ln115)> <Delay = 2.35> <CoreInst = "DDiv">   --->   Core 39 'DDiv' <Latency = 30> <II = 1> <Delay = 2.35> <FuncUnit> <Opcode : 'ddiv' 'drem'> <InPorts = 2> <OutPorts = 1>

State 161 <SV = 151> <Delay = 2.35>
ST_161 : Operation 1600 [25/31] (2.35ns)   --->   "%div_i = ddiv i64 %sub28_i, i64 50" [likelihood_kernel.cpp:136]   --->   Operation 1600 'ddiv' 'div_i' <Predicate = (!icmp_ln115)> <Delay = 2.35> <CoreInst = "DDiv">   --->   Core 39 'DDiv' <Latency = 30> <II = 1> <Delay = 2.35> <FuncUnit> <Opcode : 'ddiv' 'drem'> <InPorts = 2> <OutPorts = 1>

State 162 <SV = 152> <Delay = 2.35>
ST_162 : Operation 1601 [24/31] (2.35ns)   --->   "%div_i = ddiv i64 %sub28_i, i64 50" [likelihood_kernel.cpp:136]   --->   Operation 1601 'ddiv' 'div_i' <Predicate = (!icmp_ln115)> <Delay = 2.35> <CoreInst = "DDiv">   --->   Core 39 'DDiv' <Latency = 30> <II = 1> <Delay = 2.35> <FuncUnit> <Opcode : 'ddiv' 'drem'> <InPorts = 2> <OutPorts = 1>

State 163 <SV = 153> <Delay = 2.35>
ST_163 : Operation 1602 [23/31] (2.35ns)   --->   "%div_i = ddiv i64 %sub28_i, i64 50" [likelihood_kernel.cpp:136]   --->   Operation 1602 'ddiv' 'div_i' <Predicate = (!icmp_ln115)> <Delay = 2.35> <CoreInst = "DDiv">   --->   Core 39 'DDiv' <Latency = 30> <II = 1> <Delay = 2.35> <FuncUnit> <Opcode : 'ddiv' 'drem'> <InPorts = 2> <OutPorts = 1>

State 164 <SV = 154> <Delay = 2.35>
ST_164 : Operation 1603 [22/31] (2.35ns)   --->   "%div_i = ddiv i64 %sub28_i, i64 50" [likelihood_kernel.cpp:136]   --->   Operation 1603 'ddiv' 'div_i' <Predicate = (!icmp_ln115)> <Delay = 2.35> <CoreInst = "DDiv">   --->   Core 39 'DDiv' <Latency = 30> <II = 1> <Delay = 2.35> <FuncUnit> <Opcode : 'ddiv' 'drem'> <InPorts = 2> <OutPorts = 1>

State 165 <SV = 155> <Delay = 2.35>
ST_165 : Operation 1604 [21/31] (2.35ns)   --->   "%div_i = ddiv i64 %sub28_i, i64 50" [likelihood_kernel.cpp:136]   --->   Operation 1604 'ddiv' 'div_i' <Predicate = (!icmp_ln115)> <Delay = 2.35> <CoreInst = "DDiv">   --->   Core 39 'DDiv' <Latency = 30> <II = 1> <Delay = 2.35> <FuncUnit> <Opcode : 'ddiv' 'drem'> <InPorts = 2> <OutPorts = 1>

State 166 <SV = 156> <Delay = 2.35>
ST_166 : Operation 1605 [20/31] (2.35ns)   --->   "%div_i = ddiv i64 %sub28_i, i64 50" [likelihood_kernel.cpp:136]   --->   Operation 1605 'ddiv' 'div_i' <Predicate = (!icmp_ln115)> <Delay = 2.35> <CoreInst = "DDiv">   --->   Core 39 'DDiv' <Latency = 30> <II = 1> <Delay = 2.35> <FuncUnit> <Opcode : 'ddiv' 'drem'> <InPorts = 2> <OutPorts = 1>

State 167 <SV = 157> <Delay = 2.35>
ST_167 : Operation 1606 [19/31] (2.35ns)   --->   "%div_i = ddiv i64 %sub28_i, i64 50" [likelihood_kernel.cpp:136]   --->   Operation 1606 'ddiv' 'div_i' <Predicate = (!icmp_ln115)> <Delay = 2.35> <CoreInst = "DDiv">   --->   Core 39 'DDiv' <Latency = 30> <II = 1> <Delay = 2.35> <FuncUnit> <Opcode : 'ddiv' 'drem'> <InPorts = 2> <OutPorts = 1>

State 168 <SV = 158> <Delay = 2.35>
ST_168 : Operation 1607 [18/31] (2.35ns)   --->   "%div_i = ddiv i64 %sub28_i, i64 50" [likelihood_kernel.cpp:136]   --->   Operation 1607 'ddiv' 'div_i' <Predicate = (!icmp_ln115)> <Delay = 2.35> <CoreInst = "DDiv">   --->   Core 39 'DDiv' <Latency = 30> <II = 1> <Delay = 2.35> <FuncUnit> <Opcode : 'ddiv' 'drem'> <InPorts = 2> <OutPorts = 1>

State 169 <SV = 159> <Delay = 2.35>
ST_169 : Operation 1608 [17/31] (2.35ns)   --->   "%div_i = ddiv i64 %sub28_i, i64 50" [likelihood_kernel.cpp:136]   --->   Operation 1608 'ddiv' 'div_i' <Predicate = (!icmp_ln115)> <Delay = 2.35> <CoreInst = "DDiv">   --->   Core 39 'DDiv' <Latency = 30> <II = 1> <Delay = 2.35> <FuncUnit> <Opcode : 'ddiv' 'drem'> <InPorts = 2> <OutPorts = 1>

State 170 <SV = 160> <Delay = 2.35>
ST_170 : Operation 1609 [16/31] (2.35ns)   --->   "%div_i = ddiv i64 %sub28_i, i64 50" [likelihood_kernel.cpp:136]   --->   Operation 1609 'ddiv' 'div_i' <Predicate = (!icmp_ln115)> <Delay = 2.35> <CoreInst = "DDiv">   --->   Core 39 'DDiv' <Latency = 30> <II = 1> <Delay = 2.35> <FuncUnit> <Opcode : 'ddiv' 'drem'> <InPorts = 2> <OutPorts = 1>

State 171 <SV = 161> <Delay = 2.35>
ST_171 : Operation 1610 [15/31] (2.35ns)   --->   "%div_i = ddiv i64 %sub28_i, i64 50" [likelihood_kernel.cpp:136]   --->   Operation 1610 'ddiv' 'div_i' <Predicate = (!icmp_ln115)> <Delay = 2.35> <CoreInst = "DDiv">   --->   Core 39 'DDiv' <Latency = 30> <II = 1> <Delay = 2.35> <FuncUnit> <Opcode : 'ddiv' 'drem'> <InPorts = 2> <OutPorts = 1>

State 172 <SV = 162> <Delay = 2.35>
ST_172 : Operation 1611 [14/31] (2.35ns)   --->   "%div_i = ddiv i64 %sub28_i, i64 50" [likelihood_kernel.cpp:136]   --->   Operation 1611 'ddiv' 'div_i' <Predicate = (!icmp_ln115)> <Delay = 2.35> <CoreInst = "DDiv">   --->   Core 39 'DDiv' <Latency = 30> <II = 1> <Delay = 2.35> <FuncUnit> <Opcode : 'ddiv' 'drem'> <InPorts = 2> <OutPorts = 1>

State 173 <SV = 163> <Delay = 2.35>
ST_173 : Operation 1612 [13/31] (2.35ns)   --->   "%div_i = ddiv i64 %sub28_i, i64 50" [likelihood_kernel.cpp:136]   --->   Operation 1612 'ddiv' 'div_i' <Predicate = (!icmp_ln115)> <Delay = 2.35> <CoreInst = "DDiv">   --->   Core 39 'DDiv' <Latency = 30> <II = 1> <Delay = 2.35> <FuncUnit> <Opcode : 'ddiv' 'drem'> <InPorts = 2> <OutPorts = 1>

State 174 <SV = 164> <Delay = 2.35>
ST_174 : Operation 1613 [12/31] (2.35ns)   --->   "%div_i = ddiv i64 %sub28_i, i64 50" [likelihood_kernel.cpp:136]   --->   Operation 1613 'ddiv' 'div_i' <Predicate = (!icmp_ln115)> <Delay = 2.35> <CoreInst = "DDiv">   --->   Core 39 'DDiv' <Latency = 30> <II = 1> <Delay = 2.35> <FuncUnit> <Opcode : 'ddiv' 'drem'> <InPorts = 2> <OutPorts = 1>

State 175 <SV = 165> <Delay = 2.35>
ST_175 : Operation 1614 [11/31] (2.35ns)   --->   "%div_i = ddiv i64 %sub28_i, i64 50" [likelihood_kernel.cpp:136]   --->   Operation 1614 'ddiv' 'div_i' <Predicate = (!icmp_ln115)> <Delay = 2.35> <CoreInst = "DDiv">   --->   Core 39 'DDiv' <Latency = 30> <II = 1> <Delay = 2.35> <FuncUnit> <Opcode : 'ddiv' 'drem'> <InPorts = 2> <OutPorts = 1>

State 176 <SV = 166> <Delay = 2.35>
ST_176 : Operation 1615 [10/31] (2.35ns)   --->   "%div_i = ddiv i64 %sub28_i, i64 50" [likelihood_kernel.cpp:136]   --->   Operation 1615 'ddiv' 'div_i' <Predicate = (!icmp_ln115)> <Delay = 2.35> <CoreInst = "DDiv">   --->   Core 39 'DDiv' <Latency = 30> <II = 1> <Delay = 2.35> <FuncUnit> <Opcode : 'ddiv' 'drem'> <InPorts = 2> <OutPorts = 1>

State 177 <SV = 167> <Delay = 2.35>
ST_177 : Operation 1616 [9/31] (2.35ns)   --->   "%div_i = ddiv i64 %sub28_i, i64 50" [likelihood_kernel.cpp:136]   --->   Operation 1616 'ddiv' 'div_i' <Predicate = (!icmp_ln115)> <Delay = 2.35> <CoreInst = "DDiv">   --->   Core 39 'DDiv' <Latency = 30> <II = 1> <Delay = 2.35> <FuncUnit> <Opcode : 'ddiv' 'drem'> <InPorts = 2> <OutPorts = 1>

State 178 <SV = 168> <Delay = 2.35>
ST_178 : Operation 1617 [8/31] (2.35ns)   --->   "%div_i = ddiv i64 %sub28_i, i64 50" [likelihood_kernel.cpp:136]   --->   Operation 1617 'ddiv' 'div_i' <Predicate = (!icmp_ln115)> <Delay = 2.35> <CoreInst = "DDiv">   --->   Core 39 'DDiv' <Latency = 30> <II = 1> <Delay = 2.35> <FuncUnit> <Opcode : 'ddiv' 'drem'> <InPorts = 2> <OutPorts = 1>

State 179 <SV = 169> <Delay = 2.35>
ST_179 : Operation 1618 [7/31] (2.35ns)   --->   "%div_i = ddiv i64 %sub28_i, i64 50" [likelihood_kernel.cpp:136]   --->   Operation 1618 'ddiv' 'div_i' <Predicate = (!icmp_ln115)> <Delay = 2.35> <CoreInst = "DDiv">   --->   Core 39 'DDiv' <Latency = 30> <II = 1> <Delay = 2.35> <FuncUnit> <Opcode : 'ddiv' 'drem'> <InPorts = 2> <OutPorts = 1>

State 180 <SV = 170> <Delay = 2.35>
ST_180 : Operation 1619 [6/31] (2.35ns)   --->   "%div_i = ddiv i64 %sub28_i, i64 50" [likelihood_kernel.cpp:136]   --->   Operation 1619 'ddiv' 'div_i' <Predicate = (!icmp_ln115)> <Delay = 2.35> <CoreInst = "DDiv">   --->   Core 39 'DDiv' <Latency = 30> <II = 1> <Delay = 2.35> <FuncUnit> <Opcode : 'ddiv' 'drem'> <InPorts = 2> <OutPorts = 1>

State 181 <SV = 171> <Delay = 2.35>
ST_181 : Operation 1620 [5/31] (2.35ns)   --->   "%div_i = ddiv i64 %sub28_i, i64 50" [likelihood_kernel.cpp:136]   --->   Operation 1620 'ddiv' 'div_i' <Predicate = (!icmp_ln115)> <Delay = 2.35> <CoreInst = "DDiv">   --->   Core 39 'DDiv' <Latency = 30> <II = 1> <Delay = 2.35> <FuncUnit> <Opcode : 'ddiv' 'drem'> <InPorts = 2> <OutPorts = 1>

State 182 <SV = 172> <Delay = 2.35>
ST_182 : Operation 1621 [4/31] (2.35ns)   --->   "%div_i = ddiv i64 %sub28_i, i64 50" [likelihood_kernel.cpp:136]   --->   Operation 1621 'ddiv' 'div_i' <Predicate = (!icmp_ln115)> <Delay = 2.35> <CoreInst = "DDiv">   --->   Core 39 'DDiv' <Latency = 30> <II = 1> <Delay = 2.35> <FuncUnit> <Opcode : 'ddiv' 'drem'> <InPorts = 2> <OutPorts = 1>

State 183 <SV = 173> <Delay = 2.35>
ST_183 : Operation 1622 [3/31] (2.35ns)   --->   "%div_i = ddiv i64 %sub28_i, i64 50" [likelihood_kernel.cpp:136]   --->   Operation 1622 'ddiv' 'div_i' <Predicate = (!icmp_ln115)> <Delay = 2.35> <CoreInst = "DDiv">   --->   Core 39 'DDiv' <Latency = 30> <II = 1> <Delay = 2.35> <FuncUnit> <Opcode : 'ddiv' 'drem'> <InPorts = 2> <OutPorts = 1>

State 184 <SV = 174> <Delay = 2.35>
ST_184 : Operation 1623 [2/31] (2.35ns)   --->   "%div_i = ddiv i64 %sub28_i, i64 50" [likelihood_kernel.cpp:136]   --->   Operation 1623 'ddiv' 'div_i' <Predicate = (!icmp_ln115)> <Delay = 2.35> <CoreInst = "DDiv">   --->   Core 39 'DDiv' <Latency = 30> <II = 1> <Delay = 2.35> <FuncUnit> <Opcode : 'ddiv' 'drem'> <InPorts = 2> <OutPorts = 1>

State 185 <SV = 175> <Delay = 2.35>
ST_185 : Operation 1624 [1/31] (2.35ns)   --->   "%div_i = ddiv i64 %sub28_i, i64 50" [likelihood_kernel.cpp:136]   --->   Operation 1624 'ddiv' 'div_i' <Predicate = (!icmp_ln115)> <Delay = 2.35> <CoreInst = "DDiv">   --->   Core 39 'DDiv' <Latency = 30> <II = 1> <Delay = 2.35> <FuncUnit> <Opcode : 'ddiv' 'drem'> <InPorts = 2> <OutPorts = 1>

State 186 <SV = 176> <Delay = 2.37>
ST_186 : Operation 1625 [5/5] (2.37ns)   --->   "%sum_1 = dacc i64 @_ssdm_op_DACC, i64 %div_i, i1 %icmp_ln136" [likelihood_kernel.cpp:136]   --->   Operation 1625 'dacc' 'sum_1' <Predicate = (!icmp_ln115)> <Delay = 2.37> <CoreInst = "DAcc_nodsp">   --->   Core 14 'DAcc_nodsp' <Latency = 4> <II = 1> <Delay = 2.37> <FuncUnit> <Opcode : 'dacc'> <InPorts = 2> <OutPorts = 1>

State 187 <SV = 177> <Delay = 2.37>
ST_187 : Operation 1626 [4/5] (2.37ns)   --->   "%sum_1 = dacc i64 @_ssdm_op_DACC, i64 %div_i, i1 %icmp_ln136" [likelihood_kernel.cpp:136]   --->   Operation 1626 'dacc' 'sum_1' <Predicate = (!icmp_ln115)> <Delay = 2.37> <CoreInst = "DAcc_nodsp">   --->   Core 14 'DAcc_nodsp' <Latency = 4> <II = 1> <Delay = 2.37> <FuncUnit> <Opcode : 'dacc'> <InPorts = 2> <OutPorts = 1>

State 188 <SV = 178> <Delay = 2.37>
ST_188 : Operation 1627 [3/5] (2.37ns)   --->   "%sum_1 = dacc i64 @_ssdm_op_DACC, i64 %div_i, i1 %icmp_ln136" [likelihood_kernel.cpp:136]   --->   Operation 1627 'dacc' 'sum_1' <Predicate = (!icmp_ln115)> <Delay = 2.37> <CoreInst = "DAcc_nodsp">   --->   Core 14 'DAcc_nodsp' <Latency = 4> <II = 1> <Delay = 2.37> <FuncUnit> <Opcode : 'dacc'> <InPorts = 2> <OutPorts = 1>

State 189 <SV = 179> <Delay = 2.37>
ST_189 : Operation 1628 [2/5] (2.37ns)   --->   "%sum_1 = dacc i64 @_ssdm_op_DACC, i64 %div_i, i1 %icmp_ln136" [likelihood_kernel.cpp:136]   --->   Operation 1628 'dacc' 'sum_1' <Predicate = (!icmp_ln115)> <Delay = 2.37> <CoreInst = "DAcc_nodsp">   --->   Core 14 'DAcc_nodsp' <Latency = 4> <II = 1> <Delay = 2.37> <FuncUnit> <Opcode : 'dacc'> <InPorts = 2> <OutPorts = 1>

State 190 <SV = 180> <Delay = 2.37>
ST_190 : Operation 1629 [1/1] (0.00ns)   --->   "%specpipeline_ln112 = specpipeline void @_ssdm_op_SpecPipeline, i32 1, i32 0, i32 0, i32 0, void @empty_18" [likelihood_kernel.cpp:112]   --->   Operation 1629 'specpipeline' 'specpipeline_ln112' <Predicate = (!icmp_ln115)> <Delay = 0.00>
ST_190 : Operation 1630 [1/1] (0.00ns)   --->   "%speclooptripcount_ln112 = speclooptripcount void @_ssdm_op_SpecLoopTripCount, i64 70, i64 80, i64 75" [likelihood_kernel.cpp:112]   --->   Operation 1630 'speclooptripcount' 'speclooptripcount_ln112' <Predicate = (!icmp_ln115)> <Delay = 0.00>
ST_190 : Operation 1631 [1/1] (0.00ns)   --->   "%specloopname_ln112 = specloopname void @_ssdm_op_SpecLoopName, void @empty_26" [likelihood_kernel.cpp:112]   --->   Operation 1631 'specloopname' 'specloopname_ln112' <Predicate = (!icmp_ln115)> <Delay = 0.00>
ST_190 : Operation 1632 [1/5] (2.37ns)   --->   "%sum_1 = dacc i64 @_ssdm_op_DACC, i64 %div_i, i1 %icmp_ln136" [likelihood_kernel.cpp:136]   --->   Operation 1632 'dacc' 'sum_1' <Predicate = (!icmp_ln115)> <Delay = 2.37> <CoreInst = "DAcc_nodsp">   --->   Core 14 'DAcc_nodsp' <Latency = 4> <II = 1> <Delay = 2.37> <FuncUnit> <Opcode : 'dacc'> <InPorts = 2> <OutPorts = 1>
ST_190 : Operation 1633 [1/1] (0.00ns)   --->   "%br_ln0 = br void"   --->   Operation 1633 'br' 'br_ln0' <Predicate = (!icmp_ln115)> <Delay = 0.00>

State 191 <SV = 103> <Delay = 2.35>
ST_191 : Operation 1634 [31/31] (2.35ns)   --->   "%div31_i = ddiv i64 %sum, i64 %conv30_i" [likelihood_kernel.cpp:139]   --->   Operation 1634 'ddiv' 'div31_i' <Predicate = true> <Delay = 2.35> <CoreInst = "DDiv">   --->   Core 39 'DDiv' <Latency = 30> <II = 1> <Delay = 2.35> <FuncUnit> <Opcode : 'ddiv' 'drem'> <InPorts = 2> <OutPorts = 1>
ST_191 : Operation 1635 [1/1] (0.00ns)   --->   "%buffer_likelihood_0_addr = getelementptr i64 %buffer_likelihood_0, i64 0, i64 %zext_ln110_1" [likelihood_kernel.cpp:139]   --->   Operation 1635 'getelementptr' 'buffer_likelihood_0_addr' <Predicate = true> <Delay = 0.00>
ST_191 : Operation 1636 [1/1] (0.00ns)   --->   "%buffer_likelihood_1_addr = getelementptr i64 %buffer_likelihood_1, i64 0, i64 %zext_ln110_1" [likelihood_kernel.cpp:139]   --->   Operation 1636 'getelementptr' 'buffer_likelihood_1_addr' <Predicate = true> <Delay = 0.00>
ST_191 : Operation 1637 [1/1] (0.00ns)   --->   "%buffer_likelihood_2_addr = getelementptr i64 %buffer_likelihood_2, i64 0, i64 %zext_ln110_1" [likelihood_kernel.cpp:139]   --->   Operation 1637 'getelementptr' 'buffer_likelihood_2_addr' <Predicate = true> <Delay = 0.00>
ST_191 : Operation 1638 [1/1] (0.00ns)   --->   "%buffer_likelihood_3_addr = getelementptr i64 %buffer_likelihood_3, i64 0, i64 %zext_ln110_1" [likelihood_kernel.cpp:139]   --->   Operation 1638 'getelementptr' 'buffer_likelihood_3_addr' <Predicate = true> <Delay = 0.00>

State 192 <SV = 104> <Delay = 2.35>
ST_192 : Operation 1639 [30/31] (2.35ns)   --->   "%div31_i = ddiv i64 %sum, i64 %conv30_i" [likelihood_kernel.cpp:139]   --->   Operation 1639 'ddiv' 'div31_i' <Predicate = true> <Delay = 2.35> <CoreInst = "DDiv">   --->   Core 39 'DDiv' <Latency = 30> <II = 1> <Delay = 2.35> <FuncUnit> <Opcode : 'ddiv' 'drem'> <InPorts = 2> <OutPorts = 1>

State 193 <SV = 105> <Delay = 2.35>
ST_193 : Operation 1640 [29/31] (2.35ns)   --->   "%div31_i = ddiv i64 %sum, i64 %conv30_i" [likelihood_kernel.cpp:139]   --->   Operation 1640 'ddiv' 'div31_i' <Predicate = true> <Delay = 2.35> <CoreInst = "DDiv">   --->   Core 39 'DDiv' <Latency = 30> <II = 1> <Delay = 2.35> <FuncUnit> <Opcode : 'ddiv' 'drem'> <InPorts = 2> <OutPorts = 1>

State 194 <SV = 106> <Delay = 2.35>
ST_194 : Operation 1641 [28/31] (2.35ns)   --->   "%div31_i = ddiv i64 %sum, i64 %conv30_i" [likelihood_kernel.cpp:139]   --->   Operation 1641 'ddiv' 'div31_i' <Predicate = true> <Delay = 2.35> <CoreInst = "DDiv">   --->   Core 39 'DDiv' <Latency = 30> <II = 1> <Delay = 2.35> <FuncUnit> <Opcode : 'ddiv' 'drem'> <InPorts = 2> <OutPorts = 1>

State 195 <SV = 107> <Delay = 2.35>
ST_195 : Operation 1642 [27/31] (2.35ns)   --->   "%div31_i = ddiv i64 %sum, i64 %conv30_i" [likelihood_kernel.cpp:139]   --->   Operation 1642 'ddiv' 'div31_i' <Predicate = true> <Delay = 2.35> <CoreInst = "DDiv">   --->   Core 39 'DDiv' <Latency = 30> <II = 1> <Delay = 2.35> <FuncUnit> <Opcode : 'ddiv' 'drem'> <InPorts = 2> <OutPorts = 1>

State 196 <SV = 108> <Delay = 2.35>
ST_196 : Operation 1643 [26/31] (2.35ns)   --->   "%div31_i = ddiv i64 %sum, i64 %conv30_i" [likelihood_kernel.cpp:139]   --->   Operation 1643 'ddiv' 'div31_i' <Predicate = true> <Delay = 2.35> <CoreInst = "DDiv">   --->   Core 39 'DDiv' <Latency = 30> <II = 1> <Delay = 2.35> <FuncUnit> <Opcode : 'ddiv' 'drem'> <InPorts = 2> <OutPorts = 1>

State 197 <SV = 109> <Delay = 2.35>
ST_197 : Operation 1644 [25/31] (2.35ns)   --->   "%div31_i = ddiv i64 %sum, i64 %conv30_i" [likelihood_kernel.cpp:139]   --->   Operation 1644 'ddiv' 'div31_i' <Predicate = true> <Delay = 2.35> <CoreInst = "DDiv">   --->   Core 39 'DDiv' <Latency = 30> <II = 1> <Delay = 2.35> <FuncUnit> <Opcode : 'ddiv' 'drem'> <InPorts = 2> <OutPorts = 1>

State 198 <SV = 110> <Delay = 2.35>
ST_198 : Operation 1645 [24/31] (2.35ns)   --->   "%div31_i = ddiv i64 %sum, i64 %conv30_i" [likelihood_kernel.cpp:139]   --->   Operation 1645 'ddiv' 'div31_i' <Predicate = true> <Delay = 2.35> <CoreInst = "DDiv">   --->   Core 39 'DDiv' <Latency = 30> <II = 1> <Delay = 2.35> <FuncUnit> <Opcode : 'ddiv' 'drem'> <InPorts = 2> <OutPorts = 1>

State 199 <SV = 111> <Delay = 2.35>
ST_199 : Operation 1646 [23/31] (2.35ns)   --->   "%div31_i = ddiv i64 %sum, i64 %conv30_i" [likelihood_kernel.cpp:139]   --->   Operation 1646 'ddiv' 'div31_i' <Predicate = true> <Delay = 2.35> <CoreInst = "DDiv">   --->   Core 39 'DDiv' <Latency = 30> <II = 1> <Delay = 2.35> <FuncUnit> <Opcode : 'ddiv' 'drem'> <InPorts = 2> <OutPorts = 1>

State 200 <SV = 112> <Delay = 2.35>
ST_200 : Operation 1647 [22/31] (2.35ns)   --->   "%div31_i = ddiv i64 %sum, i64 %conv30_i" [likelihood_kernel.cpp:139]   --->   Operation 1647 'ddiv' 'div31_i' <Predicate = true> <Delay = 2.35> <CoreInst = "DDiv">   --->   Core 39 'DDiv' <Latency = 30> <II = 1> <Delay = 2.35> <FuncUnit> <Opcode : 'ddiv' 'drem'> <InPorts = 2> <OutPorts = 1>

State 201 <SV = 113> <Delay = 2.35>
ST_201 : Operation 1648 [21/31] (2.35ns)   --->   "%div31_i = ddiv i64 %sum, i64 %conv30_i" [likelihood_kernel.cpp:139]   --->   Operation 1648 'ddiv' 'div31_i' <Predicate = true> <Delay = 2.35> <CoreInst = "DDiv">   --->   Core 39 'DDiv' <Latency = 30> <II = 1> <Delay = 2.35> <FuncUnit> <Opcode : 'ddiv' 'drem'> <InPorts = 2> <OutPorts = 1>

State 202 <SV = 114> <Delay = 2.35>
ST_202 : Operation 1649 [20/31] (2.35ns)   --->   "%div31_i = ddiv i64 %sum, i64 %conv30_i" [likelihood_kernel.cpp:139]   --->   Operation 1649 'ddiv' 'div31_i' <Predicate = true> <Delay = 2.35> <CoreInst = "DDiv">   --->   Core 39 'DDiv' <Latency = 30> <II = 1> <Delay = 2.35> <FuncUnit> <Opcode : 'ddiv' 'drem'> <InPorts = 2> <OutPorts = 1>

State 203 <SV = 115> <Delay = 2.35>
ST_203 : Operation 1650 [19/31] (2.35ns)   --->   "%div31_i = ddiv i64 %sum, i64 %conv30_i" [likelihood_kernel.cpp:139]   --->   Operation 1650 'ddiv' 'div31_i' <Predicate = true> <Delay = 2.35> <CoreInst = "DDiv">   --->   Core 39 'DDiv' <Latency = 30> <II = 1> <Delay = 2.35> <FuncUnit> <Opcode : 'ddiv' 'drem'> <InPorts = 2> <OutPorts = 1>

State 204 <SV = 116> <Delay = 2.35>
ST_204 : Operation 1651 [18/31] (2.35ns)   --->   "%div31_i = ddiv i64 %sum, i64 %conv30_i" [likelihood_kernel.cpp:139]   --->   Operation 1651 'ddiv' 'div31_i' <Predicate = true> <Delay = 2.35> <CoreInst = "DDiv">   --->   Core 39 'DDiv' <Latency = 30> <II = 1> <Delay = 2.35> <FuncUnit> <Opcode : 'ddiv' 'drem'> <InPorts = 2> <OutPorts = 1>

State 205 <SV = 117> <Delay = 2.35>
ST_205 : Operation 1652 [17/31] (2.35ns)   --->   "%div31_i = ddiv i64 %sum, i64 %conv30_i" [likelihood_kernel.cpp:139]   --->   Operation 1652 'ddiv' 'div31_i' <Predicate = true> <Delay = 2.35> <CoreInst = "DDiv">   --->   Core 39 'DDiv' <Latency = 30> <II = 1> <Delay = 2.35> <FuncUnit> <Opcode : 'ddiv' 'drem'> <InPorts = 2> <OutPorts = 1>

State 206 <SV = 118> <Delay = 2.35>
ST_206 : Operation 1653 [16/31] (2.35ns)   --->   "%div31_i = ddiv i64 %sum, i64 %conv30_i" [likelihood_kernel.cpp:139]   --->   Operation 1653 'ddiv' 'div31_i' <Predicate = true> <Delay = 2.35> <CoreInst = "DDiv">   --->   Core 39 'DDiv' <Latency = 30> <II = 1> <Delay = 2.35> <FuncUnit> <Opcode : 'ddiv' 'drem'> <InPorts = 2> <OutPorts = 1>

State 207 <SV = 119> <Delay = 2.35>
ST_207 : Operation 1654 [15/31] (2.35ns)   --->   "%div31_i = ddiv i64 %sum, i64 %conv30_i" [likelihood_kernel.cpp:139]   --->   Operation 1654 'ddiv' 'div31_i' <Predicate = true> <Delay = 2.35> <CoreInst = "DDiv">   --->   Core 39 'DDiv' <Latency = 30> <II = 1> <Delay = 2.35> <FuncUnit> <Opcode : 'ddiv' 'drem'> <InPorts = 2> <OutPorts = 1>

State 208 <SV = 120> <Delay = 2.35>
ST_208 : Operation 1655 [14/31] (2.35ns)   --->   "%div31_i = ddiv i64 %sum, i64 %conv30_i" [likelihood_kernel.cpp:139]   --->   Operation 1655 'ddiv' 'div31_i' <Predicate = true> <Delay = 2.35> <CoreInst = "DDiv">   --->   Core 39 'DDiv' <Latency = 30> <II = 1> <Delay = 2.35> <FuncUnit> <Opcode : 'ddiv' 'drem'> <InPorts = 2> <OutPorts = 1>

State 209 <SV = 121> <Delay = 2.35>
ST_209 : Operation 1656 [13/31] (2.35ns)   --->   "%div31_i = ddiv i64 %sum, i64 %conv30_i" [likelihood_kernel.cpp:139]   --->   Operation 1656 'ddiv' 'div31_i' <Predicate = true> <Delay = 2.35> <CoreInst = "DDiv">   --->   Core 39 'DDiv' <Latency = 30> <II = 1> <Delay = 2.35> <FuncUnit> <Opcode : 'ddiv' 'drem'> <InPorts = 2> <OutPorts = 1>

State 210 <SV = 122> <Delay = 2.35>
ST_210 : Operation 1657 [12/31] (2.35ns)   --->   "%div31_i = ddiv i64 %sum, i64 %conv30_i" [likelihood_kernel.cpp:139]   --->   Operation 1657 'ddiv' 'div31_i' <Predicate = true> <Delay = 2.35> <CoreInst = "DDiv">   --->   Core 39 'DDiv' <Latency = 30> <II = 1> <Delay = 2.35> <FuncUnit> <Opcode : 'ddiv' 'drem'> <InPorts = 2> <OutPorts = 1>

State 211 <SV = 123> <Delay = 2.35>
ST_211 : Operation 1658 [11/31] (2.35ns)   --->   "%div31_i = ddiv i64 %sum, i64 %conv30_i" [likelihood_kernel.cpp:139]   --->   Operation 1658 'ddiv' 'div31_i' <Predicate = true> <Delay = 2.35> <CoreInst = "DDiv">   --->   Core 39 'DDiv' <Latency = 30> <II = 1> <Delay = 2.35> <FuncUnit> <Opcode : 'ddiv' 'drem'> <InPorts = 2> <OutPorts = 1>

State 212 <SV = 124> <Delay = 2.35>
ST_212 : Operation 1659 [10/31] (2.35ns)   --->   "%div31_i = ddiv i64 %sum, i64 %conv30_i" [likelihood_kernel.cpp:139]   --->   Operation 1659 'ddiv' 'div31_i' <Predicate = true> <Delay = 2.35> <CoreInst = "DDiv">   --->   Core 39 'DDiv' <Latency = 30> <II = 1> <Delay = 2.35> <FuncUnit> <Opcode : 'ddiv' 'drem'> <InPorts = 2> <OutPorts = 1>

State 213 <SV = 125> <Delay = 2.35>
ST_213 : Operation 1660 [9/31] (2.35ns)   --->   "%div31_i = ddiv i64 %sum, i64 %conv30_i" [likelihood_kernel.cpp:139]   --->   Operation 1660 'ddiv' 'div31_i' <Predicate = true> <Delay = 2.35> <CoreInst = "DDiv">   --->   Core 39 'DDiv' <Latency = 30> <II = 1> <Delay = 2.35> <FuncUnit> <Opcode : 'ddiv' 'drem'> <InPorts = 2> <OutPorts = 1>

State 214 <SV = 126> <Delay = 2.35>
ST_214 : Operation 1661 [8/31] (2.35ns)   --->   "%div31_i = ddiv i64 %sum, i64 %conv30_i" [likelihood_kernel.cpp:139]   --->   Operation 1661 'ddiv' 'div31_i' <Predicate = true> <Delay = 2.35> <CoreInst = "DDiv">   --->   Core 39 'DDiv' <Latency = 30> <II = 1> <Delay = 2.35> <FuncUnit> <Opcode : 'ddiv' 'drem'> <InPorts = 2> <OutPorts = 1>

State 215 <SV = 127> <Delay = 2.35>
ST_215 : Operation 1662 [7/31] (2.35ns)   --->   "%div31_i = ddiv i64 %sum, i64 %conv30_i" [likelihood_kernel.cpp:139]   --->   Operation 1662 'ddiv' 'div31_i' <Predicate = true> <Delay = 2.35> <CoreInst = "DDiv">   --->   Core 39 'DDiv' <Latency = 30> <II = 1> <Delay = 2.35> <FuncUnit> <Opcode : 'ddiv' 'drem'> <InPorts = 2> <OutPorts = 1>

State 216 <SV = 128> <Delay = 2.35>
ST_216 : Operation 1663 [6/31] (2.35ns)   --->   "%div31_i = ddiv i64 %sum, i64 %conv30_i" [likelihood_kernel.cpp:139]   --->   Operation 1663 'ddiv' 'div31_i' <Predicate = true> <Delay = 2.35> <CoreInst = "DDiv">   --->   Core 39 'DDiv' <Latency = 30> <II = 1> <Delay = 2.35> <FuncUnit> <Opcode : 'ddiv' 'drem'> <InPorts = 2> <OutPorts = 1>

State 217 <SV = 129> <Delay = 2.35>
ST_217 : Operation 1664 [5/31] (2.35ns)   --->   "%div31_i = ddiv i64 %sum, i64 %conv30_i" [likelihood_kernel.cpp:139]   --->   Operation 1664 'ddiv' 'div31_i' <Predicate = true> <Delay = 2.35> <CoreInst = "DDiv">   --->   Core 39 'DDiv' <Latency = 30> <II = 1> <Delay = 2.35> <FuncUnit> <Opcode : 'ddiv' 'drem'> <InPorts = 2> <OutPorts = 1>

State 218 <SV = 130> <Delay = 2.35>
ST_218 : Operation 1665 [4/31] (2.35ns)   --->   "%div31_i = ddiv i64 %sum, i64 %conv30_i" [likelihood_kernel.cpp:139]   --->   Operation 1665 'ddiv' 'div31_i' <Predicate = true> <Delay = 2.35> <CoreInst = "DDiv">   --->   Core 39 'DDiv' <Latency = 30> <II = 1> <Delay = 2.35> <FuncUnit> <Opcode : 'ddiv' 'drem'> <InPorts = 2> <OutPorts = 1>

State 219 <SV = 131> <Delay = 2.35>
ST_219 : Operation 1666 [3/31] (2.35ns)   --->   "%div31_i = ddiv i64 %sum, i64 %conv30_i" [likelihood_kernel.cpp:139]   --->   Operation 1666 'ddiv' 'div31_i' <Predicate = true> <Delay = 2.35> <CoreInst = "DDiv">   --->   Core 39 'DDiv' <Latency = 30> <II = 1> <Delay = 2.35> <FuncUnit> <Opcode : 'ddiv' 'drem'> <InPorts = 2> <OutPorts = 1>

State 220 <SV = 132> <Delay = 2.35>
ST_220 : Operation 1667 [2/31] (2.35ns)   --->   "%div31_i = ddiv i64 %sum, i64 %conv30_i" [likelihood_kernel.cpp:139]   --->   Operation 1667 'ddiv' 'div31_i' <Predicate = true> <Delay = 2.35> <CoreInst = "DDiv">   --->   Core 39 'DDiv' <Latency = 30> <II = 1> <Delay = 2.35> <FuncUnit> <Opcode : 'ddiv' 'drem'> <InPorts = 2> <OutPorts = 1>

State 221 <SV = 133> <Delay = 2.35>
ST_221 : Operation 1668 [1/31] (2.35ns)   --->   "%div31_i = ddiv i64 %sum, i64 %conv30_i" [likelihood_kernel.cpp:139]   --->   Operation 1668 'ddiv' 'div31_i' <Predicate = true> <Delay = 2.35> <CoreInst = "DDiv">   --->   Core 39 'DDiv' <Latency = 30> <II = 1> <Delay = 2.35> <FuncUnit> <Opcode : 'ddiv' 'drem'> <InPorts = 2> <OutPorts = 1>
ST_221 : Operation 1669 [1/1] (0.65ns)   --->   "%switch_ln139 = switch i2 %trunc_ln110, void %branch7, i2 0, void %branch4, i2 1, void %branch5, i2 2, void %branch6" [likelihood_kernel.cpp:139]   --->   Operation 1669 'switch' 'switch_ln139' <Predicate = true> <Delay = 0.65>

State 222 <SV = 134> <Delay = 1.20>
ST_222 : Operation 1670 [1/1] (1.20ns)   --->   "%store_ln139 = store i64 %div31_i, i4 %buffer_likelihood_2_addr" [likelihood_kernel.cpp:139]   --->   Operation 1670 'store' 'store_ln139' <Predicate = (trunc_ln110 == 2)> <Delay = 1.20> <CoreInst = "RAM_2P_BRAM">   --->   Core 94 'RAM_2P_BRAM' <Latency = 1> <II = 1> <Delay = 1.20> <Storage> <Opcode : 'load' 'store'> <Ports = 2> <Width = 64> <Depth = 16> <RAM>
ST_222 : Operation 1671 [1/1] (0.00ns)   --->   "%br_ln139 = br void %._crit_edge.loopexit781" [likelihood_kernel.cpp:139]   --->   Operation 1671 'br' 'br_ln139' <Predicate = (trunc_ln110 == 2)> <Delay = 0.00>
ST_222 : Operation 1672 [1/1] (1.20ns)   --->   "%store_ln139 = store i64 %div31_i, i4 %buffer_likelihood_1_addr" [likelihood_kernel.cpp:139]   --->   Operation 1672 'store' 'store_ln139' <Predicate = (trunc_ln110 == 1)> <Delay = 1.20> <CoreInst = "RAM_2P_BRAM">   --->   Core 94 'RAM_2P_BRAM' <Latency = 1> <II = 1> <Delay = 1.20> <Storage> <Opcode : 'load' 'store'> <Ports = 2> <Width = 64> <Depth = 16> <RAM>
ST_222 : Operation 1673 [1/1] (0.00ns)   --->   "%br_ln139 = br void %._crit_edge.loopexit781" [likelihood_kernel.cpp:139]   --->   Operation 1673 'br' 'br_ln139' <Predicate = (trunc_ln110 == 1)> <Delay = 0.00>
ST_222 : Operation 1674 [1/1] (1.20ns)   --->   "%store_ln139 = store i64 %div31_i, i4 %buffer_likelihood_0_addr" [likelihood_kernel.cpp:139]   --->   Operation 1674 'store' 'store_ln139' <Predicate = (trunc_ln110 == 0)> <Delay = 1.20> <CoreInst = "RAM_2P_BRAM">   --->   Core 94 'RAM_2P_BRAM' <Latency = 1> <II = 1> <Delay = 1.20> <Storage> <Opcode : 'load' 'store'> <Ports = 2> <Width = 64> <Depth = 16> <RAM>
ST_222 : Operation 1675 [1/1] (0.00ns)   --->   "%br_ln139 = br void %._crit_edge.loopexit781" [likelihood_kernel.cpp:139]   --->   Operation 1675 'br' 'br_ln139' <Predicate = (trunc_ln110 == 0)> <Delay = 0.00>
ST_222 : Operation 1676 [1/1] (1.20ns)   --->   "%store_ln139 = store i64 %div31_i, i4 %buffer_likelihood_3_addr" [likelihood_kernel.cpp:139]   --->   Operation 1676 'store' 'store_ln139' <Predicate = (trunc_ln110 == 3)> <Delay = 1.20> <CoreInst = "RAM_2P_BRAM">   --->   Core 94 'RAM_2P_BRAM' <Latency = 1> <II = 1> <Delay = 1.20> <Storage> <Opcode : 'load' 'store'> <Ports = 2> <Width = 64> <Depth = 16> <RAM>
ST_222 : Operation 1677 [1/1] (0.00ns)   --->   "%br_ln139 = br void %._crit_edge.loopexit781" [likelihood_kernel.cpp:139]   --->   Operation 1677 'br' 'br_ln139' <Predicate = (trunc_ln110 == 3)> <Delay = 0.00>
ST_222 : Operation 1678 [1/1] (0.00ns)   --->   "%br_ln0 = br void"   --->   Operation 1678 'br' 'br_ln0' <Predicate = true> <Delay = 0.00>

State 223 <SV = 91> <Delay = 2.43>
ST_223 : Operation 1679 [1/1] (0.00ns)   --->   "%sext_ln152_1 = sext i30 %div1_i" [likelihood_kernel.cpp:152]   --->   Operation 1679 'sext' 'sext_ln152_1' <Predicate = true> <Delay = 0.00>
ST_223 : Operation 1680 [1/1] (0.00ns)   --->   "%br_ln152 = br i1 %icmp_ln152, void %._crit_edge88, void %.lr.ph87" [likelihood_kernel.cpp:152]   --->   Operation 1680 'br' 'br_ln152' <Predicate = true> <Delay = 0.00>
ST_223 : Operation 1681 [1/1] (0.00ns)   --->   "%trunc_ln152 = trunc i30 %div1_i" [likelihood_kernel.cpp:152]   --->   Operation 1681 'trunc' 'trunc_ln152' <Predicate = (icmp_ln152)> <Delay = 0.00>
ST_223 : Operation 1682 [1/1] (0.00ns)   --->   "%trunc_ln7 = partselect i58 @_ssdm_op_PartSelect.i58.i64.i32.i32, i64 %add_ln232_1, i32 6, i32 63" [likelihood_kernel.cpp:152]   --->   Operation 1682 'partselect' 'trunc_ln7' <Predicate = (icmp_ln152)> <Delay = 0.00>
ST_223 : Operation 1683 [1/1] (0.00ns)   --->   "%sext_ln152 = sext i58 %trunc_ln7" [likelihood_kernel.cpp:152]   --->   Operation 1683 'sext' 'sext_ln152' <Predicate = (icmp_ln152)> <Delay = 0.00>
ST_223 : Operation 1684 [1/1] (0.00ns)   --->   "%gmem4_addr = getelementptr i512 %gmem4, i64 %sext_ln152" [likelihood_kernel.cpp:152]   --->   Operation 1684 'getelementptr' 'gmem4_addr' <Predicate = (icmp_ln152)> <Delay = 0.00>
ST_223 : Operation 1685 [1/1] (2.43ns)   --->   "%empty_47 = writereq i1 @_ssdm_op_WriteReq.m_axi.p1i512, i512 %gmem4_addr, i32 %sext_ln152_1" [likelihood_kernel.cpp:152]   --->   Operation 1685 'writereq' 'empty_47' <Predicate = (icmp_ln152)> <Delay = 2.43> <CoreInst = "m_axi">   --->   Core 121 'm_axi' <Latency = 6> <II = 1> <Delay = 1.00> <Adapter> <Opcode : 'read' 'write' 'readreq' 'writereq' 'writeresp'>
ST_223 : Operation 1686 [1/1] (0.38ns)   --->   "%br_ln152 = br void" [likelihood_kernel.cpp:152]   --->   Operation 1686 'br' 'br_ln152' <Predicate = (icmp_ln152)> <Delay = 0.38>

State 224 <SV = 92> <Delay = 1.20>
ST_224 : Operation 1687 [1/1] (0.00ns)   --->   "%w = phi i28 %add_ln152, void %.split30, i28 0, void %.lr.ph87" [likelihood_kernel.cpp:152]   --->   Operation 1687 'phi' 'w' <Predicate = true> <Delay = 0.00>
ST_224 : Operation 1688 [1/1] (0.85ns)   --->   "%add_ln152 = add i28 %w, i28 1" [likelihood_kernel.cpp:152]   --->   Operation 1688 'add' 'add_ln152' <Predicate = true> <Delay = 0.85> <CoreInst = "Adder">   --->   Core 1 'Adder' <Latency = 0> <II = 1> <Delay = 0.88> <FuncUnit> <Opcode : 'add' 'sub'> <InPorts = 2> <OutPorts = 1>
ST_224 : Operation 1689 [1/1] (0.81ns)   --->   "%icmp_ln152_1 = icmp_eq  i28 %w, i28 %trunc_ln152" [likelihood_kernel.cpp:152]   --->   Operation 1689 'icmp' 'icmp_ln152_1' <Predicate = true> <Delay = 0.81> <CoreInst = "Cmp">   --->   Core 9 'Cmp' <Latency = 0> <II = 1> <Delay = 0.82> <FuncUnit> <Opcode : 'icmp'> <InPorts = 2> <OutPorts = 1>
ST_224 : Operation 1690 [1/1] (0.00ns)   --->   "%br_ln152 = br i1 %icmp_ln152_1, void %.split30, void %._crit_edge88.loopexit" [likelihood_kernel.cpp:152]   --->   Operation 1690 'br' 'br_ln152' <Predicate = true> <Delay = 0.00>
ST_224 : Operation 1691 [1/1] (0.00ns)   --->   "%trunc_ln161 = trunc i28 %w" [likelihood_kernel.cpp:161]   --->   Operation 1691 'trunc' 'trunc_ln161' <Predicate = (!icmp_ln152_1)> <Delay = 0.00>
ST_224 : Operation 1692 [1/1] (0.00ns)   --->   "%shl_ln5 = bitconcatenate i4 @_ssdm_op_BitConcatenate.i4.i3.i1, i3 %trunc_ln161, i1 0" [likelihood_kernel.cpp:161]   --->   Operation 1692 'bitconcatenate' 'shl_ln5' <Predicate = (!icmp_ln152_1)> <Delay = 0.00>
ST_224 : Operation 1693 [1/1] (0.00ns)   --->   "%zext_ln161 = zext i4 %shl_ln5" [likelihood_kernel.cpp:161]   --->   Operation 1693 'zext' 'zext_ln161' <Predicate = (!icmp_ln152_1)> <Delay = 0.00>
ST_224 : Operation 1694 [1/1] (0.00ns)   --->   "%buffer_likelihood_0_addr_1 = getelementptr i64 %buffer_likelihood_0, i64 0, i64 %zext_ln161" [likelihood_kernel.cpp:161]   --->   Operation 1694 'getelementptr' 'buffer_likelihood_0_addr_1' <Predicate = (!icmp_ln152_1)> <Delay = 0.00>
ST_224 : Operation 1695 [2/2] (1.20ns)   --->   "%conv = load i4 %buffer_likelihood_0_addr_1" [likelihood_kernel.cpp:161]   --->   Operation 1695 'load' 'conv' <Predicate = (!icmp_ln152_1)> <Delay = 1.20> <CoreInst = "RAM_2P_BRAM">   --->   Core 94 'RAM_2P_BRAM' <Latency = 1> <II = 1> <Delay = 1.20> <Storage> <Opcode : 'load' 'store'> <Ports = 2> <Width = 64> <Depth = 16> <RAM>
ST_224 : Operation 1696 [1/1] (0.00ns)   --->   "%buffer_likelihood_1_addr_1 = getelementptr i64 %buffer_likelihood_1, i64 0, i64 %zext_ln161" [likelihood_kernel.cpp:161]   --->   Operation 1696 'getelementptr' 'buffer_likelihood_1_addr_1' <Predicate = (!icmp_ln152_1)> <Delay = 0.00>
ST_224 : Operation 1697 [2/2] (1.20ns)   --->   "%conv_1 = load i4 %buffer_likelihood_1_addr_1" [likelihood_kernel.cpp:161]   --->   Operation 1697 'load' 'conv_1' <Predicate = (!icmp_ln152_1)> <Delay = 1.20> <CoreInst = "RAM_2P_BRAM">   --->   Core 94 'RAM_2P_BRAM' <Latency = 1> <II = 1> <Delay = 1.20> <Storage> <Opcode : 'load' 'store'> <Ports = 2> <Width = 64> <Depth = 16> <RAM>
ST_224 : Operation 1698 [1/1] (0.00ns)   --->   "%buffer_likelihood_2_addr_1 = getelementptr i64 %buffer_likelihood_2, i64 0, i64 %zext_ln161" [likelihood_kernel.cpp:161]   --->   Operation 1698 'getelementptr' 'buffer_likelihood_2_addr_1' <Predicate = (!icmp_ln152_1)> <Delay = 0.00>
ST_224 : Operation 1699 [2/2] (1.20ns)   --->   "%conv_2 = load i4 %buffer_likelihood_2_addr_1" [likelihood_kernel.cpp:161]   --->   Operation 1699 'load' 'conv_2' <Predicate = (!icmp_ln152_1)> <Delay = 1.20> <CoreInst = "RAM_2P_BRAM">   --->   Core 94 'RAM_2P_BRAM' <Latency = 1> <II = 1> <Delay = 1.20> <Storage> <Opcode : 'load' 'store'> <Ports = 2> <Width = 64> <Depth = 16> <RAM>
ST_224 : Operation 1700 [1/1] (0.00ns)   --->   "%buffer_likelihood_3_addr_1 = getelementptr i64 %buffer_likelihood_3, i64 0, i64 %zext_ln161" [likelihood_kernel.cpp:161]   --->   Operation 1700 'getelementptr' 'buffer_likelihood_3_addr_1' <Predicate = (!icmp_ln152_1)> <Delay = 0.00>
ST_224 : Operation 1701 [2/2] (1.20ns)   --->   "%conv_3 = load i4 %buffer_likelihood_3_addr_1" [likelihood_kernel.cpp:161]   --->   Operation 1701 'load' 'conv_3' <Predicate = (!icmp_ln152_1)> <Delay = 1.20> <CoreInst = "RAM_2P_BRAM">   --->   Core 94 'RAM_2P_BRAM' <Latency = 1> <II = 1> <Delay = 1.20> <Storage> <Opcode : 'load' 'store'> <Ports = 2> <Width = 64> <Depth = 16> <RAM>
ST_224 : Operation 1702 [1/1] (0.00ns)   --->   "%or_ln161 = or i4 %shl_ln5, i4 1" [likelihood_kernel.cpp:161]   --->   Operation 1702 'or' 'or_ln161' <Predicate = (!icmp_ln152_1)> <Delay = 0.00>
ST_224 : Operation 1703 [1/1] (0.00ns)   --->   "%zext_ln161_1 = zext i4 %or_ln161" [likelihood_kernel.cpp:161]   --->   Operation 1703 'zext' 'zext_ln161_1' <Predicate = (!icmp_ln152_1)> <Delay = 0.00>
ST_224 : Operation 1704 [1/1] (0.00ns)   --->   "%buffer_likelihood_0_addr_2 = getelementptr i64 %buffer_likelihood_0, i64 0, i64 %zext_ln161_1" [likelihood_kernel.cpp:161]   --->   Operation 1704 'getelementptr' 'buffer_likelihood_0_addr_2' <Predicate = (!icmp_ln152_1)> <Delay = 0.00>
ST_224 : Operation 1705 [2/2] (1.20ns)   --->   "%conv_4 = load i4 %buffer_likelihood_0_addr_2" [likelihood_kernel.cpp:161]   --->   Operation 1705 'load' 'conv_4' <Predicate = (!icmp_ln152_1)> <Delay = 1.20> <CoreInst = "RAM_2P_BRAM">   --->   Core 94 'RAM_2P_BRAM' <Latency = 1> <II = 1> <Delay = 1.20> <Storage> <Opcode : 'load' 'store'> <Ports = 2> <Width = 64> <Depth = 16> <RAM>
ST_224 : Operation 1706 [1/1] (0.00ns)   --->   "%buffer_likelihood_1_addr_2 = getelementptr i64 %buffer_likelihood_1, i64 0, i64 %zext_ln161_1" [likelihood_kernel.cpp:161]   --->   Operation 1706 'getelementptr' 'buffer_likelihood_1_addr_2' <Predicate = (!icmp_ln152_1)> <Delay = 0.00>
ST_224 : Operation 1707 [2/2] (1.20ns)   --->   "%conv_5 = load i4 %buffer_likelihood_1_addr_2" [likelihood_kernel.cpp:161]   --->   Operation 1707 'load' 'conv_5' <Predicate = (!icmp_ln152_1)> <Delay = 1.20> <CoreInst = "RAM_2P_BRAM">   --->   Core 94 'RAM_2P_BRAM' <Latency = 1> <II = 1> <Delay = 1.20> <Storage> <Opcode : 'load' 'store'> <Ports = 2> <Width = 64> <Depth = 16> <RAM>
ST_224 : Operation 1708 [1/1] (0.00ns)   --->   "%buffer_likelihood_2_addr_2 = getelementptr i64 %buffer_likelihood_2, i64 0, i64 %zext_ln161_1" [likelihood_kernel.cpp:161]   --->   Operation 1708 'getelementptr' 'buffer_likelihood_2_addr_2' <Predicate = (!icmp_ln152_1)> <Delay = 0.00>
ST_224 : Operation 1709 [2/2] (1.20ns)   --->   "%conv_6 = load i4 %buffer_likelihood_2_addr_2" [likelihood_kernel.cpp:161]   --->   Operation 1709 'load' 'conv_6' <Predicate = (!icmp_ln152_1)> <Delay = 1.20> <CoreInst = "RAM_2P_BRAM">   --->   Core 94 'RAM_2P_BRAM' <Latency = 1> <II = 1> <Delay = 1.20> <Storage> <Opcode : 'load' 'store'> <Ports = 2> <Width = 64> <Depth = 16> <RAM>
ST_224 : Operation 1710 [1/1] (0.00ns)   --->   "%buffer_likelihood_3_addr_2 = getelementptr i64 %buffer_likelihood_3, i64 0, i64 %zext_ln161_1" [likelihood_kernel.cpp:161]   --->   Operation 1710 'getelementptr' 'buffer_likelihood_3_addr_2' <Predicate = (!icmp_ln152_1)> <Delay = 0.00>
ST_224 : Operation 1711 [2/2] (1.20ns)   --->   "%conv_7 = load i4 %buffer_likelihood_3_addr_2" [likelihood_kernel.cpp:161]   --->   Operation 1711 'load' 'conv_7' <Predicate = (!icmp_ln152_1)> <Delay = 1.20> <CoreInst = "RAM_2P_BRAM">   --->   Core 94 'RAM_2P_BRAM' <Latency = 1> <II = 1> <Delay = 1.20> <Storage> <Opcode : 'load' 'store'> <Ports = 2> <Width = 64> <Depth = 16> <RAM>

State 225 <SV = 93> <Delay = 1.20>
ST_225 : Operation 1712 [1/2] (1.20ns)   --->   "%conv = load i4 %buffer_likelihood_0_addr_1" [likelihood_kernel.cpp:161]   --->   Operation 1712 'load' 'conv' <Predicate = (!icmp_ln152_1)> <Delay = 1.20> <CoreInst = "RAM_2P_BRAM">   --->   Core 94 'RAM_2P_BRAM' <Latency = 1> <II = 1> <Delay = 1.20> <Storage> <Opcode : 'load' 'store'> <Ports = 2> <Width = 64> <Depth = 16> <RAM>
ST_225 : Operation 1713 [1/2] (1.20ns)   --->   "%conv_1 = load i4 %buffer_likelihood_1_addr_1" [likelihood_kernel.cpp:161]   --->   Operation 1713 'load' 'conv_1' <Predicate = (!icmp_ln152_1)> <Delay = 1.20> <CoreInst = "RAM_2P_BRAM">   --->   Core 94 'RAM_2P_BRAM' <Latency = 1> <II = 1> <Delay = 1.20> <Storage> <Opcode : 'load' 'store'> <Ports = 2> <Width = 64> <Depth = 16> <RAM>
ST_225 : Operation 1714 [1/2] (1.20ns)   --->   "%conv_2 = load i4 %buffer_likelihood_2_addr_1" [likelihood_kernel.cpp:161]   --->   Operation 1714 'load' 'conv_2' <Predicate = (!icmp_ln152_1)> <Delay = 1.20> <CoreInst = "RAM_2P_BRAM">   --->   Core 94 'RAM_2P_BRAM' <Latency = 1> <II = 1> <Delay = 1.20> <Storage> <Opcode : 'load' 'store'> <Ports = 2> <Width = 64> <Depth = 16> <RAM>
ST_225 : Operation 1715 [1/2] (1.20ns)   --->   "%conv_3 = load i4 %buffer_likelihood_3_addr_1" [likelihood_kernel.cpp:161]   --->   Operation 1715 'load' 'conv_3' <Predicate = (!icmp_ln152_1)> <Delay = 1.20> <CoreInst = "RAM_2P_BRAM">   --->   Core 94 'RAM_2P_BRAM' <Latency = 1> <II = 1> <Delay = 1.20> <Storage> <Opcode : 'load' 'store'> <Ports = 2> <Width = 64> <Depth = 16> <RAM>
ST_225 : Operation 1716 [1/2] (1.20ns)   --->   "%conv_4 = load i4 %buffer_likelihood_0_addr_2" [likelihood_kernel.cpp:161]   --->   Operation 1716 'load' 'conv_4' <Predicate = (!icmp_ln152_1)> <Delay = 1.20> <CoreInst = "RAM_2P_BRAM">   --->   Core 94 'RAM_2P_BRAM' <Latency = 1> <II = 1> <Delay = 1.20> <Storage> <Opcode : 'load' 'store'> <Ports = 2> <Width = 64> <Depth = 16> <RAM>
ST_225 : Operation 1717 [1/2] (1.20ns)   --->   "%conv_5 = load i4 %buffer_likelihood_1_addr_2" [likelihood_kernel.cpp:161]   --->   Operation 1717 'load' 'conv_5' <Predicate = (!icmp_ln152_1)> <Delay = 1.20> <CoreInst = "RAM_2P_BRAM">   --->   Core 94 'RAM_2P_BRAM' <Latency = 1> <II = 1> <Delay = 1.20> <Storage> <Opcode : 'load' 'store'> <Ports = 2> <Width = 64> <Depth = 16> <RAM>
ST_225 : Operation 1718 [1/2] (1.20ns)   --->   "%conv_6 = load i4 %buffer_likelihood_2_addr_2" [likelihood_kernel.cpp:161]   --->   Operation 1718 'load' 'conv_6' <Predicate = (!icmp_ln152_1)> <Delay = 1.20> <CoreInst = "RAM_2P_BRAM">   --->   Core 94 'RAM_2P_BRAM' <Latency = 1> <II = 1> <Delay = 1.20> <Storage> <Opcode : 'load' 'store'> <Ports = 2> <Width = 64> <Depth = 16> <RAM>
ST_225 : Operation 1719 [1/2] (1.20ns)   --->   "%conv_7 = load i4 %buffer_likelihood_3_addr_2" [likelihood_kernel.cpp:161]   --->   Operation 1719 'load' 'conv_7' <Predicate = (!icmp_ln152_1)> <Delay = 1.20> <CoreInst = "RAM_2P_BRAM">   --->   Core 94 'RAM_2P_BRAM' <Latency = 1> <II = 1> <Delay = 1.20> <Storage> <Opcode : 'load' 'store'> <Ports = 2> <Width = 64> <Depth = 16> <RAM>

State 226 <SV = 94> <Delay = 2.43>
ST_226 : Operation 1720 [1/1] (0.00ns)   --->   "%specpipeline_ln152 = specpipeline void @_ssdm_op_SpecPipeline, i32 1, i32 0, i32 0, i32 0, void @empty_18" [likelihood_kernel.cpp:152]   --->   Operation 1720 'specpipeline' 'specpipeline_ln152' <Predicate = (!icmp_ln152_1)> <Delay = 0.00>
ST_226 : Operation 1721 [1/1] (0.00ns)   --->   "%speclooptripcount_ln152 = speclooptripcount void @_ssdm_op_SpecLoopTripCount, i64 8, i64 8, i64 8" [likelihood_kernel.cpp:152]   --->   Operation 1721 'speclooptripcount' 'speclooptripcount_ln152' <Predicate = (!icmp_ln152_1)> <Delay = 0.00>
ST_226 : Operation 1722 [1/1] (0.00ns)   --->   "%specloopname_ln152 = specloopname void @_ssdm_op_SpecLoopName, void @empty_11" [likelihood_kernel.cpp:152]   --->   Operation 1722 'specloopname' 'specloopname_ln152' <Predicate = (!icmp_ln152_1)> <Delay = 0.00>
ST_226 : Operation 1723 [1/1] (0.00ns)   --->   "%bits = bitcast i64 %conv" [likelihood_kernel.cpp:33]   --->   Operation 1723 'bitcast' 'bits' <Predicate = (!icmp_ln152_1)> <Delay = 0.00>
ST_226 : Operation 1724 [1/1] (0.00ns)   --->   "%bits_1 = bitcast i64 %conv_1" [likelihood_kernel.cpp:33]   --->   Operation 1724 'bitcast' 'bits_1' <Predicate = (!icmp_ln152_1)> <Delay = 0.00>
ST_226 : Operation 1725 [1/1] (0.00ns)   --->   "%bits_2 = bitcast i64 %conv_2" [likelihood_kernel.cpp:33]   --->   Operation 1725 'bitcast' 'bits_2' <Predicate = (!icmp_ln152_1)> <Delay = 0.00>
ST_226 : Operation 1726 [1/1] (0.00ns)   --->   "%bits_3 = bitcast i64 %conv_3" [likelihood_kernel.cpp:33]   --->   Operation 1726 'bitcast' 'bits_3' <Predicate = (!icmp_ln152_1)> <Delay = 0.00>
ST_226 : Operation 1727 [1/1] (0.00ns)   --->   "%bits_4 = bitcast i64 %conv_4" [likelihood_kernel.cpp:33]   --->   Operation 1727 'bitcast' 'bits_4' <Predicate = (!icmp_ln152_1)> <Delay = 0.00>
ST_226 : Operation 1728 [1/1] (0.00ns)   --->   "%bits_5 = bitcast i64 %conv_5" [likelihood_kernel.cpp:33]   --->   Operation 1728 'bitcast' 'bits_5' <Predicate = (!icmp_ln152_1)> <Delay = 0.00>
ST_226 : Operation 1729 [1/1] (0.00ns)   --->   "%bits_6 = bitcast i64 %conv_6" [likelihood_kernel.cpp:33]   --->   Operation 1729 'bitcast' 'bits_6' <Predicate = (!icmp_ln152_1)> <Delay = 0.00>
ST_226 : Operation 1730 [1/1] (0.00ns)   --->   "%bits_7 = bitcast i64 %conv_7" [likelihood_kernel.cpp:33]   --->   Operation 1730 'bitcast' 'bits_7' <Predicate = (!icmp_ln152_1)> <Delay = 0.00>
ST_226 : Operation 1731 [1/1] (0.00ns)   --->   "%p_Result_17 = bitconcatenate i512 @_ssdm_op_BitConcatenate.i512.i64.i64.i64.i64.i64.i64.i64.i64, i64 %bits_7, i64 %bits_6, i64 %bits_5, i64 %bits_4, i64 %bits_3, i64 %bits_2, i64 %bits_1, i64 %bits"   --->   Operation 1731 'bitconcatenate' 'p_Result_17' <Predicate = (!icmp_ln152_1)> <Delay = 0.00>
ST_226 : Operation 1732 [1/1] (2.43ns)   --->   "%write_ln165 = write void @_ssdm_op_Write.m_axi.p1i512, i512 %gmem4_addr, i512 %p_Result_17, i64 18446744073709551615" [likelihood_kernel.cpp:165]   --->   Operation 1732 'write' 'write_ln165' <Predicate = (!icmp_ln152_1)> <Delay = 2.43> <CoreInst = "m_axi">   --->   Core 121 'm_axi' <Latency = 5> <II = 1> <Delay = 1.00> <Adapter> <Opcode : 'read' 'write' 'readreq' 'writereq' 'writeresp'>
ST_226 : Operation 1733 [1/1] (0.00ns)   --->   "%br_ln0 = br void"   --->   Operation 1733 'br' 'br_ln0' <Predicate = (!icmp_ln152_1)> <Delay = 0.00>

State 227 <SV = 93> <Delay = 2.43>
ST_227 : Operation 1734 [5/5] (2.43ns)   --->   "%empty_48 = writeresp i1 @_ssdm_op_WriteResp.m_axi.p1i512, i512 %gmem4_addr" [likelihood_kernel.cpp:169]   --->   Operation 1734 'writeresp' 'empty_48' <Predicate = true> <Delay = 2.43> <CoreInst = "m_axi">   --->   Core 121 'm_axi' <Latency = 6> <II = 1> <Delay = 1.00> <Adapter> <Opcode : 'read' 'write' 'readreq' 'writereq' 'writeresp'>

State 228 <SV = 94> <Delay = 2.43>
ST_228 : Operation 1735 [4/5] (2.43ns)   --->   "%empty_48 = writeresp i1 @_ssdm_op_WriteResp.m_axi.p1i512, i512 %gmem4_addr" [likelihood_kernel.cpp:169]   --->   Operation 1735 'writeresp' 'empty_48' <Predicate = true> <Delay = 2.43> <CoreInst = "m_axi">   --->   Core 121 'm_axi' <Latency = 6> <II = 1> <Delay = 1.00> <Adapter> <Opcode : 'read' 'write' 'readreq' 'writereq' 'writeresp'>

State 229 <SV = 95> <Delay = 2.43>
ST_229 : Operation 1736 [3/5] (2.43ns)   --->   "%empty_48 = writeresp i1 @_ssdm_op_WriteResp.m_axi.p1i512, i512 %gmem4_addr" [likelihood_kernel.cpp:169]   --->   Operation 1736 'writeresp' 'empty_48' <Predicate = true> <Delay = 2.43> <CoreInst = "m_axi">   --->   Core 121 'm_axi' <Latency = 6> <II = 1> <Delay = 1.00> <Adapter> <Opcode : 'read' 'write' 'readreq' 'writereq' 'writeresp'>

State 230 <SV = 96> <Delay = 2.43>
ST_230 : Operation 1737 [2/5] (2.43ns)   --->   "%empty_48 = writeresp i1 @_ssdm_op_WriteResp.m_axi.p1i512, i512 %gmem4_addr" [likelihood_kernel.cpp:169]   --->   Operation 1737 'writeresp' 'empty_48' <Predicate = true> <Delay = 2.43> <CoreInst = "m_axi">   --->   Core 121 'm_axi' <Latency = 6> <II = 1> <Delay = 1.00> <Adapter> <Opcode : 'read' 'write' 'readreq' 'writereq' 'writeresp'>

State 231 <SV = 97> <Delay = 2.43>
ST_231 : Operation 1738 [1/5] (2.43ns)   --->   "%empty_48 = writeresp i1 @_ssdm_op_WriteResp.m_axi.p1i512, i512 %gmem4_addr" [likelihood_kernel.cpp:169]   --->   Operation 1738 'writeresp' 'empty_48' <Predicate = (icmp_ln152)> <Delay = 2.43> <CoreInst = "m_axi">   --->   Core 121 'm_axi' <Latency = 6> <II = 1> <Delay = 1.00> <Adapter> <Opcode : 'read' 'write' 'readreq' 'writereq' 'writeresp'>
ST_231 : Operation 1739 [1/1] (0.00ns)   --->   "%br_ln169 = br void %._crit_edge88" [likelihood_kernel.cpp:169]   --->   Operation 1739 'br' 'br_ln169' <Predicate = (icmp_ln152)> <Delay = 0.00>
ST_231 : Operation 1740 [1/1] (0.00ns)   --->   "%trunc_ln169_1 = trunc i30 %div1_i" [likelihood_kernel.cpp:169]   --->   Operation 1740 'trunc' 'trunc_ln169_1' <Predicate = true> <Delay = 0.00>
ST_231 : Operation 1741 [1/1] (0.00ns)   --->   "%shl_ln6 = bitconcatenate i32 @_ssdm_op_BitConcatenate.i32.i29.i3, i29 %trunc_ln169_1, i3 0" [likelihood_kernel.cpp:169]   --->   Operation 1741 'bitconcatenate' 'shl_ln6' <Predicate = true> <Delay = 0.00>
ST_231 : Operation 1742 [1/1] (0.00ns)   --->   "%sext_ln169 = sext i32 %shl_ln6" [likelihood_kernel.cpp:169]   --->   Operation 1742 'sext' 'sext_ln169' <Predicate = true> <Delay = 0.00>
ST_231 : Operation 1743 [1/1] (0.00ns)   --->   "%shl_ln169_1 = bitconcatenate i31 @_ssdm_op_BitConcatenate.i31.i25.i6, i25 %trunc_ln232, i6 0" [likelihood_kernel.cpp:169]   --->   Operation 1743 'bitconcatenate' 'shl_ln169_1' <Predicate = true> <Delay = 0.00>
ST_231 : Operation 1744 [1/1] (0.00ns)   --->   "%zext_ln169 = zext i31 %shl_ln169_1" [likelihood_kernel.cpp:169]   --->   Operation 1744 'zext' 'zext_ln169' <Predicate = true> <Delay = 0.00>
ST_231 : Operation 1745 [1/1] (0.00ns)   --->   "%sext_ln169_1 = sext i32 %shl_ln6" [likelihood_kernel.cpp:169]   --->   Operation 1745 'sext' 'sext_ln169_1' <Predicate = true> <Delay = 0.00>
ST_231 : Operation 1746 [1/1] (0.88ns)   --->   "%add_ln169 = add i33 %zext_ln169, i33 %sext_ln169_1" [likelihood_kernel.cpp:169]   --->   Operation 1746 'add' 'add_ln169' <Predicate = true> <Delay = 0.88> <CoreInst = "Adder">   --->   Core 1 'Adder' <Latency = 0> <II = 1> <Delay = 0.88> <FuncUnit> <Opcode : 'add' 'sub'> <InPorts = 2> <OutPorts = 1>
ST_231 : Operation 1747 [1/1] (0.00ns)   --->   "%tmp_17 = bitconcatenate i36 @_ssdm_op_BitConcatenate.i36.i33.i3, i33 %add_ln169, i3 0" [likelihood_kernel.cpp:169]   --->   Operation 1747 'bitconcatenate' 'tmp_17' <Predicate = true> <Delay = 0.00>
ST_231 : Operation 1748 [1/1] (0.00ns)   --->   "%sext_ln169_2 = sext i36 %tmp_17" [likelihood_kernel.cpp:169]   --->   Operation 1748 'sext' 'sext_ln169_2' <Predicate = true> <Delay = 0.00>
ST_231 : Operation 1749 [1/1] (0.38ns)   --->   "%br_ln169 = br void" [likelihood_kernel.cpp:169]   --->   Operation 1749 'br' 'br_ln169' <Predicate = true> <Delay = 0.38>

State 232 <SV = 98> <Delay = 1.20>
ST_232 : Operation 1750 [1/1] (0.00ns)   --->   "%x_1 = phi i64 %sext_ln169, void %._crit_edge88, i64 %add_ln169_1, void %.split32" [likelihood_kernel.cpp:169]   --->   Operation 1750 'phi' 'x_1' <Predicate = true> <Delay = 0.00>
ST_232 : Operation 1751 [1/1] (1.06ns)   --->   "%icmp_ln169 = icmp_slt  i64 %x_1, i64 %sext_ln66" [likelihood_kernel.cpp:169]   --->   Operation 1751 'icmp' 'icmp_ln169' <Predicate = true> <Delay = 1.06> <CoreInst = "Cmp">   --->   Core 9 'Cmp' <Latency = 0> <II = 1> <Delay = 0.82> <FuncUnit> <Opcode : 'icmp'> <InPorts = 2> <OutPorts = 1>
ST_232 : Operation 1752 [1/1] (0.00ns)   --->   "%br_ln169 = br i1 %icmp_ln169, void %._Z16store_likelihoodP7ap_uintILi512EEPKdii.exit_crit_edge.loopexit, void %.split32" [likelihood_kernel.cpp:169]   --->   Operation 1752 'br' 'br_ln169' <Predicate = true> <Delay = 0.00>
ST_232 : Operation 1753 [1/1] (0.00ns)   --->   "%trunc_ln172 = trunc i64 %x_1" [likelihood_kernel.cpp:172]   --->   Operation 1753 'trunc' 'trunc_ln172' <Predicate = (icmp_ln169)> <Delay = 0.00>
ST_232 : Operation 1754 [1/1] (0.00ns)   --->   "%lshr_ln2 = partselect i4 @_ssdm_op_PartSelect.i4.i64.i32.i32, i64 %x_1, i32 2, i32 5" [likelihood_kernel.cpp:172]   --->   Operation 1754 'partselect' 'lshr_ln2' <Predicate = (icmp_ln169)> <Delay = 0.00>
ST_232 : Operation 1755 [1/1] (0.00ns)   --->   "%zext_ln172_3 = zext i4 %lshr_ln2" [likelihood_kernel.cpp:172]   --->   Operation 1755 'zext' 'zext_ln172_3' <Predicate = (icmp_ln169)> <Delay = 0.00>
ST_232 : Operation 1756 [1/1] (0.00ns)   --->   "%buffer_likelihood_0_addr_3 = getelementptr i64 %buffer_likelihood_0, i64 0, i64 %zext_ln172_3" [likelihood_kernel.cpp:172]   --->   Operation 1756 'getelementptr' 'buffer_likelihood_0_addr_3' <Predicate = (icmp_ln169)> <Delay = 0.00>
ST_232 : Operation 1757 [2/2] (1.20ns)   --->   "%buffer_likelihood_0_load = load i4 %buffer_likelihood_0_addr_3" [likelihood_kernel.cpp:172]   --->   Operation 1757 'load' 'buffer_likelihood_0_load' <Predicate = (icmp_ln169)> <Delay = 1.20> <CoreInst = "RAM_2P_BRAM">   --->   Core 94 'RAM_2P_BRAM' <Latency = 1> <II = 1> <Delay = 1.20> <Storage> <Opcode : 'load' 'store'> <Ports = 2> <Width = 64> <Depth = 16> <RAM>
ST_232 : Operation 1758 [1/1] (0.00ns)   --->   "%buffer_likelihood_1_addr_3 = getelementptr i64 %buffer_likelihood_1, i64 0, i64 %zext_ln172_3" [likelihood_kernel.cpp:172]   --->   Operation 1758 'getelementptr' 'buffer_likelihood_1_addr_3' <Predicate = (icmp_ln169)> <Delay = 0.00>
ST_232 : Operation 1759 [2/2] (1.20ns)   --->   "%buffer_likelihood_1_load = load i4 %buffer_likelihood_1_addr_3" [likelihood_kernel.cpp:172]   --->   Operation 1759 'load' 'buffer_likelihood_1_load' <Predicate = (icmp_ln169)> <Delay = 1.20> <CoreInst = "RAM_2P_BRAM">   --->   Core 94 'RAM_2P_BRAM' <Latency = 1> <II = 1> <Delay = 1.20> <Storage> <Opcode : 'load' 'store'> <Ports = 2> <Width = 64> <Depth = 16> <RAM>
ST_232 : Operation 1760 [1/1] (0.00ns)   --->   "%buffer_likelihood_2_addr_3 = getelementptr i64 %buffer_likelihood_2, i64 0, i64 %zext_ln172_3" [likelihood_kernel.cpp:172]   --->   Operation 1760 'getelementptr' 'buffer_likelihood_2_addr_3' <Predicate = (icmp_ln169)> <Delay = 0.00>
ST_232 : Operation 1761 [2/2] (1.20ns)   --->   "%buffer_likelihood_2_load = load i4 %buffer_likelihood_2_addr_3" [likelihood_kernel.cpp:172]   --->   Operation 1761 'load' 'buffer_likelihood_2_load' <Predicate = (icmp_ln169)> <Delay = 1.20> <CoreInst = "RAM_2P_BRAM">   --->   Core 94 'RAM_2P_BRAM' <Latency = 1> <II = 1> <Delay = 1.20> <Storage> <Opcode : 'load' 'store'> <Ports = 2> <Width = 64> <Depth = 16> <RAM>
ST_232 : Operation 1762 [1/1] (0.00ns)   --->   "%buffer_likelihood_3_addr_3 = getelementptr i64 %buffer_likelihood_3, i64 0, i64 %zext_ln172_3" [likelihood_kernel.cpp:172]   --->   Operation 1762 'getelementptr' 'buffer_likelihood_3_addr_3' <Predicate = (icmp_ln169)> <Delay = 0.00>
ST_232 : Operation 1763 [2/2] (1.20ns)   --->   "%buffer_likelihood_3_load = load i4 %buffer_likelihood_3_addr_3" [likelihood_kernel.cpp:172]   --->   Operation 1763 'load' 'buffer_likelihood_3_load' <Predicate = (icmp_ln169)> <Delay = 1.20> <CoreInst = "RAM_2P_BRAM">   --->   Core 94 'RAM_2P_BRAM' <Latency = 1> <II = 1> <Delay = 1.20> <Storage> <Opcode : 'load' 'store'> <Ports = 2> <Width = 64> <Depth = 16> <RAM>
ST_232 : Operation 1764 [1/1] (1.14ns)   --->   "%add_ln169_1 = add i64 %x_1, i64 1" [likelihood_kernel.cpp:169]   --->   Operation 1764 'add' 'add_ln169_1' <Predicate = (icmp_ln169)> <Delay = 1.14> <CoreInst = "Adder">   --->   Core 1 'Adder' <Latency = 0> <II = 1> <Delay = 0.88> <FuncUnit> <Opcode : 'add' 'sub'> <InPorts = 2> <OutPorts = 1>

State 233 <SV = 99> <Delay = 1.65>
ST_233 : Operation 1765 [1/1] (0.00ns)   --->   "%indvar146 = phi i64 0, void %._crit_edge88, i64 %add_ln169_2, void %.split32" [likelihood_kernel.cpp:169]   --->   Operation 1765 'phi' 'indvar146' <Predicate = true> <Delay = 0.00>
ST_233 : Operation 1766 [1/1] (1.14ns)   --->   "%add_ln169_2 = add i64 %indvar146, i64 1" [likelihood_kernel.cpp:169]   --->   Operation 1766 'add' 'add_ln169_2' <Predicate = true> <Delay = 1.14> <CoreInst = "Adder">   --->   Core 1 'Adder' <Latency = 0> <II = 1> <Delay = 0.88> <FuncUnit> <Opcode : 'add' 'sub'> <InPorts = 2> <OutPorts = 1>
ST_233 : Operation 1767 [1/1] (0.00ns)   --->   "%zext_ln172_2 = zext i2 %trunc_ln172" [likelihood_kernel.cpp:172]   --->   Operation 1767 'zext' 'zext_ln172_2' <Predicate = (icmp_ln169)> <Delay = 0.00>
ST_233 : Operation 1768 [1/2] (1.20ns)   --->   "%buffer_likelihood_0_load = load i4 %buffer_likelihood_0_addr_3" [likelihood_kernel.cpp:172]   --->   Operation 1768 'load' 'buffer_likelihood_0_load' <Predicate = (icmp_ln169)> <Delay = 1.20> <CoreInst = "RAM_2P_BRAM">   --->   Core 94 'RAM_2P_BRAM' <Latency = 1> <II = 1> <Delay = 1.20> <Storage> <Opcode : 'load' 'store'> <Ports = 2> <Width = 64> <Depth = 16> <RAM>
ST_233 : Operation 1769 [1/2] (1.20ns)   --->   "%buffer_likelihood_1_load = load i4 %buffer_likelihood_1_addr_3" [likelihood_kernel.cpp:172]   --->   Operation 1769 'load' 'buffer_likelihood_1_load' <Predicate = (icmp_ln169)> <Delay = 1.20> <CoreInst = "RAM_2P_BRAM">   --->   Core 94 'RAM_2P_BRAM' <Latency = 1> <II = 1> <Delay = 1.20> <Storage> <Opcode : 'load' 'store'> <Ports = 2> <Width = 64> <Depth = 16> <RAM>
ST_233 : Operation 1770 [1/2] (1.20ns)   --->   "%buffer_likelihood_2_load = load i4 %buffer_likelihood_2_addr_3" [likelihood_kernel.cpp:172]   --->   Operation 1770 'load' 'buffer_likelihood_2_load' <Predicate = (icmp_ln169)> <Delay = 1.20> <CoreInst = "RAM_2P_BRAM">   --->   Core 94 'RAM_2P_BRAM' <Latency = 1> <II = 1> <Delay = 1.20> <Storage> <Opcode : 'load' 'store'> <Ports = 2> <Width = 64> <Depth = 16> <RAM>
ST_233 : Operation 1771 [1/2] (1.20ns)   --->   "%buffer_likelihood_3_load = load i4 %buffer_likelihood_3_addr_3" [likelihood_kernel.cpp:172]   --->   Operation 1771 'load' 'buffer_likelihood_3_load' <Predicate = (icmp_ln169)> <Delay = 1.20> <CoreInst = "RAM_2P_BRAM">   --->   Core 94 'RAM_2P_BRAM' <Latency = 1> <II = 1> <Delay = 1.20> <Storage> <Opcode : 'load' 'store'> <Ports = 2> <Width = 64> <Depth = 16> <RAM>
ST_233 : Operation 1772 [1/1] (0.45ns)   --->   "%tmp = mux i64 @_ssdm_op_Mux.ap_auto.4double.i64, i64 %buffer_likelihood_0_load, i64 %buffer_likelihood_1_load, i64 %buffer_likelihood_2_load, i64 %buffer_likelihood_3_load, i64 %zext_ln172_2" [likelihood_kernel.cpp:172]   --->   Operation 1772 'mux' 'tmp' <Predicate = (icmp_ln169)> <Delay = 0.45> <CoreInst = "Multiplexer">   --->   Core 76 'Multiplexer' <Latency = 0> <II = 1> <Delay = 0.45> <FuncUnit> <Opcode : 'mux'> <InPorts = 2> <OutPorts = 1>
ST_233 : Operation 1773 [1/1] (0.00ns)   --->   "%shl_ln172_3 = shl i64 %indvar146, i64 3" [likelihood_kernel.cpp:172]   --->   Operation 1773 'shl' 'shl_ln172_3' <Predicate = (icmp_ln169)> <Delay = 0.00>
ST_233 : Operation 1774 [1/1] (0.00ns)   --->   "%trunc_ln172_1 = trunc i64 %indvar146" [likelihood_kernel.cpp:172]   --->   Operation 1774 'trunc' 'trunc_ln172_1' <Predicate = (icmp_ln169)> <Delay = 0.00>
ST_233 : Operation 1775 [1/1] (0.00ns) (grouped into TernaryAdder)   --->   "%add_ln172_2 = add i64 %shl_ln172_3, i64 %likelihood_read" [likelihood_kernel.cpp:172]   --->   Operation 1775 'add' 'add_ln172_2' <Predicate = (icmp_ln169)> <Delay = 0.00> <CoreInst = "TAddSub">   --->   Core 10 'TAddSub' <Latency = 0> <II = 1> <Delay = 0.42> <IPBlock> <Opcode : 'add' 'sub'> <InPorts = 3> <OutPorts = 1> <Sync>
ST_233 : Operation 1776 [1/1] (0.84ns) (root node of TernaryAdder)   --->   "%add_ln172 = add i64 %add_ln172_2, i64 %sext_ln169_2" [likelihood_kernel.cpp:172]   --->   Operation 1776 'add' 'add_ln172' <Predicate = (icmp_ln169)> <Delay = 0.84> <CoreInst = "TAddSub">   --->   Core 10 'TAddSub' <Latency = 0> <II = 1> <Delay = 0.42> <IPBlock> <Opcode : 'add' 'sub'> <InPorts = 3> <OutPorts = 1> <Sync>
ST_233 : Operation 1777 [1/1] (0.00ns)   --->   "%trunc_ln9 = partselect i58 @_ssdm_op_PartSelect.i58.i64.i32.i32, i64 %add_ln172, i32 6, i32 63" [likelihood_kernel.cpp:172]   --->   Operation 1777 'partselect' 'trunc_ln9' <Predicate = (icmp_ln169)> <Delay = 0.00>

State 234 <SV = 100> <Delay = 2.43>
ST_234 : Operation 1778 [1/1] (0.00ns)   --->   "%bitcast_ln172 = bitcast i64 %tmp" [likelihood_kernel.cpp:172]   --->   Operation 1778 'bitcast' 'bitcast_ln172' <Predicate = (icmp_ln169)> <Delay = 0.00>
ST_234 : Operation 1779 [1/1] (0.00ns)   --->   "%trunc_ln172_2 = bitconcatenate i6 @_ssdm_op_BitConcatenate.i6.i3.i3, i3 %trunc_ln172_1, i3 0" [likelihood_kernel.cpp:172]   --->   Operation 1779 'bitconcatenate' 'trunc_ln172_2' <Predicate = (icmp_ln169)> <Delay = 0.00>
ST_234 : Operation 1780 [1/1] (0.00ns)   --->   "%zext_ln172 = zext i64 %bitcast_ln172" [likelihood_kernel.cpp:172]   --->   Operation 1780 'zext' 'zext_ln172' <Predicate = (icmp_ln169)> <Delay = 0.00>
ST_234 : Operation 1781 [1/1] (0.70ns)   --->   "%add_ln172_1 = add i6 %trunc_ln169, i6 %trunc_ln172_2" [likelihood_kernel.cpp:172]   --->   Operation 1781 'add' 'add_ln172_1' <Predicate = (icmp_ln169)> <Delay = 0.70> <CoreInst = "Adder">   --->   Core 1 'Adder' <Latency = 0> <II = 1> <Delay = 0.88> <FuncUnit> <Opcode : 'add' 'sub'> <InPorts = 2> <OutPorts = 1>
ST_234 : Operation 1782 [1/1] (0.00ns)   --->   "%zext_ln172_1 = zext i6 %add_ln172_1" [likelihood_kernel.cpp:172]   --->   Operation 1782 'zext' 'zext_ln172_1' <Predicate = (icmp_ln169)> <Delay = 0.00>
ST_234 : Operation 1783 [1/1] (0.72ns)   --->   "%shl_ln172 = shl i64 255, i64 %zext_ln172_1" [likelihood_kernel.cpp:172]   --->   Operation 1783 'shl' 'shl_ln172' <Predicate = (icmp_ln169)> <Delay = 0.72> <CoreInst = "Shifter">   --->   Core 75 'Shifter' <Latency = 0> <II = 1> <Delay = 1.12> <FuncUnit> <Opcode : 'shl' 'lshr' 'ashr'> <InPorts = 2> <OutPorts = 1>
ST_234 : Operation 1784 [1/1] (0.00ns)   --->   "%shl_ln172_2 = bitconcatenate i9 @_ssdm_op_BitConcatenate.i9.i6.i3, i6 %add_ln172_1, i3 0" [likelihood_kernel.cpp:172]   --->   Operation 1784 'bitconcatenate' 'shl_ln172_2' <Predicate = (icmp_ln169)> <Delay = 0.00>
ST_234 : Operation 1785 [1/1] (0.00ns)   --->   "%zext_ln172_4 = zext i9 %shl_ln172_2" [likelihood_kernel.cpp:172]   --->   Operation 1785 'zext' 'zext_ln172_4' <Predicate = (icmp_ln169)> <Delay = 0.00>
ST_234 : Operation 1786 [1/1] (1.09ns)   --->   "%shl_ln172_1 = shl i512 %zext_ln172, i512 %zext_ln172_4" [likelihood_kernel.cpp:172]   --->   Operation 1786 'shl' 'shl_ln172_1' <Predicate = (icmp_ln169)> <Delay = 1.09> <CoreInst = "Shifter">   --->   Core 75 'Shifter' <Latency = 0> <II = 1> <Delay = 1.12> <FuncUnit> <Opcode : 'shl' 'lshr' 'ashr'> <InPorts = 2> <OutPorts = 1>
ST_234 : Operation 1787 [1/1] (0.00ns)   --->   "%sext_ln172 = sext i58 %trunc_ln9" [likelihood_kernel.cpp:172]   --->   Operation 1787 'sext' 'sext_ln172' <Predicate = (icmp_ln169)> <Delay = 0.00>
ST_234 : Operation 1788 [1/1] (0.00ns)   --->   "%gmem4_addr_1 = getelementptr i512 %gmem4, i64 %sext_ln172" [likelihood_kernel.cpp:172]   --->   Operation 1788 'getelementptr' 'gmem4_addr_1' <Predicate = (icmp_ln169)> <Delay = 0.00>
ST_234 : Operation 1789 [1/1] (2.43ns)   --->   "%empty_49 = writereq i1 @_ssdm_op_WriteReq.m_axi.p1i512, i512 %gmem4_addr_1, i32 1" [likelihood_kernel.cpp:172]   --->   Operation 1789 'writereq' 'empty_49' <Predicate = (icmp_ln169)> <Delay = 2.43> <CoreInst = "m_axi">   --->   Core 121 'm_axi' <Latency = 6> <II = 1> <Delay = 1.00> <Adapter> <Opcode : 'read' 'write' 'readreq' 'writereq' 'writeresp'>

State 235 <SV = 101> <Delay = 2.43>
ST_235 : Operation 1790 [1/1] (2.43ns)   --->   "%write_ln172 = write void @_ssdm_op_Write.m_axi.p1i512, i512 %gmem4_addr_1, i512 %shl_ln172_1, i64 %shl_ln172" [likelihood_kernel.cpp:172]   --->   Operation 1790 'write' 'write_ln172' <Predicate = (icmp_ln169)> <Delay = 2.43> <CoreInst = "m_axi">   --->   Core 121 'm_axi' <Latency = 5> <II = 1> <Delay = 1.00> <Adapter> <Opcode : 'read' 'write' 'readreq' 'writereq' 'writeresp'>

State 236 <SV = 102> <Delay = 2.43>
ST_236 : Operation 1791 [5/5] (2.43ns)   --->   "%empty_50 = writeresp i1 @_ssdm_op_WriteResp.m_axi.p1i512, i512 %gmem4_addr_1" [likelihood_kernel.cpp:172]   --->   Operation 1791 'writeresp' 'empty_50' <Predicate = (icmp_ln169)> <Delay = 2.43> <CoreInst = "m_axi">   --->   Core 121 'm_axi' <Latency = 6> <II = 1> <Delay = 1.00> <Adapter> <Opcode : 'read' 'write' 'readreq' 'writereq' 'writeresp'>

State 237 <SV = 103> <Delay = 2.43>
ST_237 : Operation 1792 [4/5] (2.43ns)   --->   "%empty_50 = writeresp i1 @_ssdm_op_WriteResp.m_axi.p1i512, i512 %gmem4_addr_1" [likelihood_kernel.cpp:172]   --->   Operation 1792 'writeresp' 'empty_50' <Predicate = (icmp_ln169)> <Delay = 2.43> <CoreInst = "m_axi">   --->   Core 121 'm_axi' <Latency = 6> <II = 1> <Delay = 1.00> <Adapter> <Opcode : 'read' 'write' 'readreq' 'writereq' 'writeresp'>

State 238 <SV = 104> <Delay = 2.43>
ST_238 : Operation 1793 [3/5] (2.43ns)   --->   "%empty_50 = writeresp i1 @_ssdm_op_WriteResp.m_axi.p1i512, i512 %gmem4_addr_1" [likelihood_kernel.cpp:172]   --->   Operation 1793 'writeresp' 'empty_50' <Predicate = (icmp_ln169)> <Delay = 2.43> <CoreInst = "m_axi">   --->   Core 121 'm_axi' <Latency = 6> <II = 1> <Delay = 1.00> <Adapter> <Opcode : 'read' 'write' 'readreq' 'writereq' 'writeresp'>

State 239 <SV = 105> <Delay = 2.43>
ST_239 : Operation 1794 [2/5] (2.43ns)   --->   "%empty_50 = writeresp i1 @_ssdm_op_WriteResp.m_axi.p1i512, i512 %gmem4_addr_1" [likelihood_kernel.cpp:172]   --->   Operation 1794 'writeresp' 'empty_50' <Predicate = (icmp_ln169)> <Delay = 2.43> <CoreInst = "m_axi">   --->   Core 121 'm_axi' <Latency = 6> <II = 1> <Delay = 1.00> <Adapter> <Opcode : 'read' 'write' 'readreq' 'writereq' 'writeresp'>

State 240 <SV = 106> <Delay = 2.43>
ST_240 : Operation 1795 [1/1] (0.00ns)   --->   "%specpipeline_ln169 = specpipeline void @_ssdm_op_SpecPipeline, i32 1, i32 0, i32 0, i32 0, void @empty_18" [likelihood_kernel.cpp:169]   --->   Operation 1795 'specpipeline' 'specpipeline_ln169' <Predicate = (icmp_ln169)> <Delay = 0.00>
ST_240 : Operation 1796 [1/1] (0.00ns)   --->   "%specloopname_ln169 = specloopname void @_ssdm_op_SpecLoopName, void @empty_27" [likelihood_kernel.cpp:169]   --->   Operation 1796 'specloopname' 'specloopname_ln169' <Predicate = (icmp_ln169)> <Delay = 0.00>
ST_240 : Operation 1797 [1/5] (2.43ns)   --->   "%empty_50 = writeresp i1 @_ssdm_op_WriteResp.m_axi.p1i512, i512 %gmem4_addr_1" [likelihood_kernel.cpp:172]   --->   Operation 1797 'writeresp' 'empty_50' <Predicate = (icmp_ln169)> <Delay = 2.43> <CoreInst = "m_axi">   --->   Core 121 'm_axi' <Latency = 6> <II = 1> <Delay = 1.00> <Adapter> <Opcode : 'read' 'write' 'readreq' 'writereq' 'writeresp'>
ST_240 : Operation 1798 [1/1] (0.00ns)   --->   "%br_ln0 = br void"   --->   Operation 1798 'br' 'br_ln0' <Predicate = (icmp_ln169)> <Delay = 0.00>

State 241 <SV = 100> <Delay = 0.00>
ST_241 : Operation 1799 [1/1] (0.00ns)   --->   "%br_ln0 = br void"   --->   Operation 1799 'br' 'br_ln0' <Predicate = true> <Delay = 0.00>


============================================================
+ Verbose Summary: Timing violations
============================================================
Target clock period: 3.33ns, clock uncertainty: 0.899ns.

 <State 1>: 1ns
The critical path consists of the following:
	s_axi read on port 'likelihood' [57]  (1 ns)

 <State 2>: 1.15ns
The critical path consists of the following:
	'phi' operation ('i', likelihood_kernel.cpp:43) with incoming values : ('add_ln43', likelihood_kernel.cpp:43) [91]  (0 ns)
	'add' operation ('add_ln47', likelihood_kernel.cpp:47) [105]  (1.15 ns)

 <State 3>: 2.43ns
The critical path consists of the following:
	'getelementptr' operation ('gmem2_addr', likelihood_kernel.cpp:47) [108]  (0 ns)
	bus request on port 'gmem2' (likelihood_kernel.cpp:47) [109]  (2.43 ns)

 <State 4>: 2.43ns
The critical path consists of the following:
	bus request on port 'gmem2' (likelihood_kernel.cpp:47) [109]  (2.43 ns)

 <State 5>: 2.43ns
The critical path consists of the following:
	bus request on port 'gmem2' (likelihood_kernel.cpp:47) [109]  (2.43 ns)

 <State 6>: 2.43ns
The critical path consists of the following:
	bus request on port 'gmem2' (likelihood_kernel.cpp:47) [109]  (2.43 ns)

 <State 7>: 2.43ns
The critical path consists of the following:
	bus request on port 'gmem2' (likelihood_kernel.cpp:47) [109]  (2.43 ns)

 <State 8>: 2.43ns
The critical path consists of the following:
	bus request on port 'gmem2' (likelihood_kernel.cpp:47) [109]  (2.43 ns)

 <State 9>: 2.43ns
The critical path consists of the following:
	bus request on port 'gmem2' (likelihood_kernel.cpp:47) [109]  (2.43 ns)

 <State 10>: 2.43ns
The critical path consists of the following:
	bus read on port 'gmem2' (likelihood_kernel.cpp:47) [110]  (2.43 ns)

 <State 11>: 1.2ns
The critical path consists of the following:
	'getelementptr' operation ('buffer_objxy_2_addr', likelihood_kernel.cpp:47) [117]  (0 ns)
	'store' operation ('store_ln47', likelihood_kernel.cpp:47) of variable 'bitcast_ln47', likelihood_kernel.cpp:47 on array 'buffer_objxy[2]', likelihood_kernel.cpp:208 [121]  (1.2 ns)

 <State 12>: 2.22ns
The critical path consists of the following:
	'sitodp' operation ('conv30_i') [137]  (2.22 ns)

 <State 13>: 2.22ns
The critical path consists of the following:
	'sitodp' operation ('conv30_i') [137]  (2.22 ns)

 <State 14>: 2.22ns
The critical path consists of the following:
	'sitodp' operation ('conv30_i') [137]  (2.22 ns)

 <State 15>: 2.22ns
The critical path consists of the following:
	'sitodp' operation ('conv30_i') [137]  (2.22 ns)

 <State 16>: 2.22ns
The critical path consists of the following:
	'sitodp' operation ('conv30_i') [137]  (2.22 ns)

 <State 17>: 1.97ns
The critical path consists of the following:
	'phi' operation ('base', likelihood_kernel.cpp:232) with incoming values : ('add_ln232', likelihood_kernel.cpp:232) [278]  (0 ns)
	'add' operation ('add_ln232', likelihood_kernel.cpp:232) [287]  (0.88 ns)
	'icmp' operation ('icmp_ln232', likelihood_kernel.cpp:232) [288]  (0.859 ns)
	'select' operation ('tileSize', likelihood_kernel.cpp:232) [291]  (0.227 ns)

 <State 18>: 0.88ns
The critical path consists of the following:
	'sub' operation ('sub_ln63', likelihood_kernel.cpp:63) [295]  (0.88 ns)

 <State 19>: 1.99ns
The critical path consists of the following:
	'add' operation ('add_ln63', likelihood_kernel.cpp:63) [293]  (0.88 ns)
	'select' operation ('num_words', likelihood_kernel.cpp:63) [301]  (0.276 ns)
	'icmp' operation ('icmp_ln70', likelihood_kernel.cpp:70) [303]  (0.836 ns)

 <State 20>: 2.43ns
The critical path consists of the following:
	'getelementptr' operation ('gmem0_addr', likelihood_kernel.cpp:71) [311]  (0 ns)
	bus request on port 'gmem0' (likelihood_kernel.cpp:71) [312]  (2.43 ns)

 <State 21>: 2.43ns
The critical path consists of the following:
	bus request on port 'gmem0' (likelihood_kernel.cpp:71) [312]  (2.43 ns)

 <State 22>: 2.43ns
The critical path consists of the following:
	bus request on port 'gmem0' (likelihood_kernel.cpp:71) [312]  (2.43 ns)

 <State 23>: 2.43ns
The critical path consists of the following:
	bus request on port 'gmem0' (likelihood_kernel.cpp:71) [312]  (2.43 ns)

 <State 24>: 2.43ns
The critical path consists of the following:
	bus request on port 'gmem0' (likelihood_kernel.cpp:71) [312]  (2.43 ns)

 <State 25>: 2.43ns
The critical path consists of the following:
	bus request on port 'gmem0' (likelihood_kernel.cpp:71) [312]  (2.43 ns)

 <State 26>: 2.43ns
The critical path consists of the following:
	bus request on port 'gmem0' (likelihood_kernel.cpp:71) [312]  (2.43 ns)

 <State 27>: 2.43ns
The critical path consists of the following:
	bus read on port 'gmem0' (likelihood_kernel.cpp:71) [313]  (2.43 ns)

 <State 28>: 2.06ns
The critical path consists of the following:
	'store' operation ('store_ln83', likelihood_kernel.cpp:83) of variable 'bitcast_ln24_6', likelihood_kernel.cpp:24 on array 'buffer_X[3]', likelihood_kernel.cpp:209 [361]  (1.2 ns)
	blocking operation 0.859 ns on control path)

 <State 29>: 2.06ns
The critical path consists of the following:
	'store' operation ('store_ln83', likelihood_kernel.cpp:83) of variable 'bitcast_ln24_14', likelihood_kernel.cpp:24 on array 'buffer_X[3]', likelihood_kernel.cpp:209 [406]  (1.2 ns)
	blocking operation 0.859 ns on control path)

 <State 30>: 2.43ns
The critical path consists of the following:
	'getelementptr' operation ('gmem0_addr_1', likelihood_kernel.cpp:71) [421]  (0 ns)
	bus request on port 'gmem0' (likelihood_kernel.cpp:71) [422]  (2.43 ns)

 <State 31>: 2.43ns
The critical path consists of the following:
	bus request on port 'gmem0' (likelihood_kernel.cpp:71) [422]  (2.43 ns)

 <State 32>: 2.43ns
The critical path consists of the following:
	bus request on port 'gmem0' (likelihood_kernel.cpp:71) [422]  (2.43 ns)

 <State 33>: 2.43ns
The critical path consists of the following:
	bus request on port 'gmem0' (likelihood_kernel.cpp:71) [422]  (2.43 ns)

 <State 34>: 2.43ns
The critical path consists of the following:
	bus request on port 'gmem0' (likelihood_kernel.cpp:71) [422]  (2.43 ns)

 <State 35>: 2.43ns
The critical path consists of the following:
	bus request on port 'gmem0' (likelihood_kernel.cpp:71) [422]  (2.43 ns)

 <State 36>: 2.43ns
The critical path consists of the following:
	bus request on port 'gmem0' (likelihood_kernel.cpp:71) [422]  (2.43 ns)

 <State 37>: 2.43ns
The critical path consists of the following:
	bus read on port 'gmem0' (likelihood_kernel.cpp:71) [423]  (2.43 ns)

 <State 38>: 2.06ns
The critical path consists of the following:
	'store' operation ('store_ln83', likelihood_kernel.cpp:83) of variable 'bitcast_ln24_20', likelihood_kernel.cpp:24 on array 'buffer_X[2]', likelihood_kernel.cpp:209 [458]  (1.2 ns)
	blocking operation 0.859 ns on control path)

 <State 39>: 2.06ns
The critical path consists of the following:
	'store' operation ('store_ln83', likelihood_kernel.cpp:83) of variable 'bitcast_ln24_30', likelihood_kernel.cpp:24 on array 'buffer_X[3]', likelihood_kernel.cpp:209 [514]  (1.2 ns)
	blocking operation 0.859 ns on control path)

 <State 40>: 2.43ns
The critical path consists of the following:
	'getelementptr' operation ('gmem0_addr_2', likelihood_kernel.cpp:71) [528]  (0 ns)
	bus request on port 'gmem0' (likelihood_kernel.cpp:71) [529]  (2.43 ns)

 <State 41>: 2.43ns
The critical path consists of the following:
	bus request on port 'gmem0' (likelihood_kernel.cpp:71) [529]  (2.43 ns)

 <State 42>: 2.43ns
The critical path consists of the following:
	bus request on port 'gmem0' (likelihood_kernel.cpp:71) [529]  (2.43 ns)

 <State 43>: 2.43ns
The critical path consists of the following:
	bus request on port 'gmem0' (likelihood_kernel.cpp:71) [529]  (2.43 ns)

 <State 44>: 2.43ns
The critical path consists of the following:
	bus request on port 'gmem0' (likelihood_kernel.cpp:71) [529]  (2.43 ns)

 <State 45>: 2.43ns
The critical path consists of the following:
	bus request on port 'gmem0' (likelihood_kernel.cpp:71) [529]  (2.43 ns)

 <State 46>: 2.43ns
The critical path consists of the following:
	bus request on port 'gmem0' (likelihood_kernel.cpp:71) [529]  (2.43 ns)

 <State 47>: 2.43ns
The critical path consists of the following:
	bus read on port 'gmem0' (likelihood_kernel.cpp:71) [530]  (2.43 ns)

 <State 48>: 2.06ns
The critical path consists of the following:
	'store' operation ('store_ln83', likelihood_kernel.cpp:83) of variable 'bitcast_ln24_32', likelihood_kernel.cpp:24 on array 'buffer_X[0]', likelihood_kernel.cpp:209 [543]  (1.2 ns)
	blocking operation 0.859 ns on control path)

 <State 49>: 2.06ns
The critical path consists of the following:
	'store' operation ('store_ln83', likelihood_kernel.cpp:83) of variable 'bitcast_ln24_44', likelihood_kernel.cpp:24 on array 'buffer_X[2]', likelihood_kernel.cpp:209 [609]  (1.2 ns)
	blocking operation 0.859 ns on control path)

 <State 50>: 2.43ns
The critical path consists of the following:
	'getelementptr' operation ('gmem0_addr_3', likelihood_kernel.cpp:71) [635]  (0 ns)
	bus request on port 'gmem0' (likelihood_kernel.cpp:71) [636]  (2.43 ns)

 <State 51>: 2.43ns
The critical path consists of the following:
	bus request on port 'gmem0' (likelihood_kernel.cpp:71) [636]  (2.43 ns)

 <State 52>: 2.43ns
The critical path consists of the following:
	bus request on port 'gmem0' (likelihood_kernel.cpp:71) [636]  (2.43 ns)

 <State 53>: 2.43ns
The critical path consists of the following:
	bus request on port 'gmem0' (likelihood_kernel.cpp:71) [636]  (2.43 ns)

 <State 54>: 2.43ns
The critical path consists of the following:
	bus request on port 'gmem0' (likelihood_kernel.cpp:71) [636]  (2.43 ns)

 <State 55>: 2.43ns
The critical path consists of the following:
	bus request on port 'gmem0' (likelihood_kernel.cpp:71) [636]  (2.43 ns)

 <State 56>: 2.43ns
The critical path consists of the following:
	bus request on port 'gmem0' (likelihood_kernel.cpp:71) [636]  (2.43 ns)

 <State 57>: 2.43ns
The critical path consists of the following:
	bus read on port 'gmem0' (likelihood_kernel.cpp:71) [637]  (2.43 ns)

 <State 58>: 2.06ns
The critical path consists of the following:
	'store' operation ('store_ln83', likelihood_kernel.cpp:83) of variable 'bitcast_ln24_48', likelihood_kernel.cpp:24 on array 'buffer_X[0]', likelihood_kernel.cpp:209 [650]  (1.2 ns)
	blocking operation 0.859 ns on control path)

 <State 59>: 2.06ns
The critical path consists of the following:
	'store' operation ('store_ln83', likelihood_kernel.cpp:83) of variable 'bitcast_ln24_56', likelihood_kernel.cpp:24 on array 'buffer_X[0]', likelihood_kernel.cpp:209 [694]  (1.2 ns)
	blocking operation 0.859 ns on control path)

 <State 60>: 2.43ns
The critical path consists of the following:
	'getelementptr' operation ('gmem0_addr_4', likelihood_kernel.cpp:71) [742]  (0 ns)
	bus request on port 'gmem0' (likelihood_kernel.cpp:71) [743]  (2.43 ns)

 <State 61>: 2.43ns
The critical path consists of the following:
	bus request on port 'gmem0' (likelihood_kernel.cpp:71) [743]  (2.43 ns)

 <State 62>: 2.43ns
The critical path consists of the following:
	bus request on port 'gmem0' (likelihood_kernel.cpp:71) [743]  (2.43 ns)

 <State 63>: 2.43ns
The critical path consists of the following:
	bus request on port 'gmem0' (likelihood_kernel.cpp:71) [743]  (2.43 ns)

 <State 64>: 2.43ns
The critical path consists of the following:
	bus request on port 'gmem0' (likelihood_kernel.cpp:71) [743]  (2.43 ns)

 <State 65>: 2.43ns
The critical path consists of the following:
	bus request on port 'gmem0' (likelihood_kernel.cpp:71) [743]  (2.43 ns)

 <State 66>: 2.43ns
The critical path consists of the following:
	bus request on port 'gmem0' (likelihood_kernel.cpp:71) [743]  (2.43 ns)

 <State 67>: 2.43ns
The critical path consists of the following:
	bus read on port 'gmem0' (likelihood_kernel.cpp:71) [744]  (2.43 ns)

 <State 68>: 2.06ns
The critical path consists of the following:
	'store' operation ('store_ln83', likelihood_kernel.cpp:83) of variable 'bitcast_ln24_68', likelihood_kernel.cpp:24 on array 'buffer_X[2]', likelihood_kernel.cpp:209 [779]  (1.2 ns)
	blocking operation 0.859 ns on control path)

 <State 69>: 2.06ns
The critical path consists of the following:
	'store' operation ('store_ln83', likelihood_kernel.cpp:83) of variable 'bitcast_ln24_72', likelihood_kernel.cpp:24 on array 'buffer_X[0]', likelihood_kernel.cpp:209 [801]  (1.2 ns)
	blocking operation 0.859 ns on control path)

 <State 70>: 2.43ns
The critical path consists of the following:
	'getelementptr' operation ('gmem0_addr_5', likelihood_kernel.cpp:71) [848]  (0 ns)
	bus request on port 'gmem0' (likelihood_kernel.cpp:71) [849]  (2.43 ns)

 <State 71>: 2.43ns
The critical path consists of the following:
	bus request on port 'gmem0' (likelihood_kernel.cpp:71) [849]  (2.43 ns)

 <State 72>: 2.43ns
The critical path consists of the following:
	bus request on port 'gmem0' (likelihood_kernel.cpp:71) [849]  (2.43 ns)

 <State 73>: 2.43ns
The critical path consists of the following:
	bus request on port 'gmem0' (likelihood_kernel.cpp:71) [849]  (2.43 ns)

 <State 74>: 2.43ns
The critical path consists of the following:
	bus request on port 'gmem0' (likelihood_kernel.cpp:71) [849]  (2.43 ns)

 <State 75>: 2.43ns
The critical path consists of the following:
	bus request on port 'gmem0' (likelihood_kernel.cpp:71) [849]  (2.43 ns)

 <State 76>: 2.43ns
The critical path consists of the following:
	bus request on port 'gmem0' (likelihood_kernel.cpp:71) [849]  (2.43 ns)

 <State 77>: 2.43ns
The critical path consists of the following:
	bus read on port 'gmem0' (likelihood_kernel.cpp:71) [850]  (2.43 ns)

 <State 78>: 2.06ns
The critical path consists of the following:
	'store' operation ('store_ln83', likelihood_kernel.cpp:83) of variable 'bitcast_ln24_84', likelihood_kernel.cpp:24 on array 'buffer_X[2]', likelihood_kernel.cpp:209 [885]  (1.2 ns)
	blocking operation 0.859 ns on control path)

 <State 79>: 2.06ns
The critical path consists of the following:
	'store' operation ('store_ln83', likelihood_kernel.cpp:83) of variable 'bitcast_ln24_94', likelihood_kernel.cpp:24 on array 'buffer_X[3]', likelihood_kernel.cpp:209 [940]  (1.2 ns)
	blocking operation 0.859 ns on control path)

 <State 80>: 2.43ns
The critical path consists of the following:
	'getelementptr' operation ('gmem0_addr_6', likelihood_kernel.cpp:71) [954]  (0 ns)
	bus request on port 'gmem0' (likelihood_kernel.cpp:71) [955]  (2.43 ns)

 <State 81>: 2.43ns
The critical path consists of the following:
	bus request on port 'gmem0' (likelihood_kernel.cpp:71) [955]  (2.43 ns)

 <State 82>: 2.43ns
The critical path consists of the following:
	bus request on port 'gmem0' (likelihood_kernel.cpp:71) [955]  (2.43 ns)

 <State 83>: 2.43ns
The critical path consists of the following:
	bus request on port 'gmem0' (likelihood_kernel.cpp:71) [955]  (2.43 ns)

 <State 84>: 2.43ns
The critical path consists of the following:
	bus request on port 'gmem0' (likelihood_kernel.cpp:71) [955]  (2.43 ns)

 <State 85>: 2.43ns
The critical path consists of the following:
	bus request on port 'gmem0' (likelihood_kernel.cpp:71) [955]  (2.43 ns)

 <State 86>: 2.43ns
The critical path consists of the following:
	bus request on port 'gmem0' (likelihood_kernel.cpp:71) [955]  (2.43 ns)

 <State 87>: 2.43ns
The critical path consists of the following:
	bus read on port 'gmem0' (likelihood_kernel.cpp:71) [956]  (2.43 ns)

 <State 88>: 2.06ns
The critical path consists of the following:
	'store' operation ('store_ln83', likelihood_kernel.cpp:83) of variable 'bitcast_ln24_98', likelihood_kernel.cpp:24 on array 'buffer_X[1]', likelihood_kernel.cpp:209 [980]  (1.2 ns)
	blocking operation 0.859 ns on control path)

 <State 89>: 2.06ns
The critical path consists of the following:
	'store' operation ('store_ln83', likelihood_kernel.cpp:83) of variable 'bitcast_ln24_104', likelihood_kernel.cpp:24 on array 'buffer_X[0]', likelihood_kernel.cpp:209 [1013]  (1.2 ns)
	blocking operation 0.859 ns on control path)

 <State 90>: 2.43ns
The critical path consists of the following:
	'getelementptr' operation ('gmem0_addr_7', likelihood_kernel.cpp:71) [1061]  (0 ns)
	bus request on port 'gmem0' (likelihood_kernel.cpp:71) [1062]  (2.43 ns)

 <State 91>: 2.43ns
The critical path consists of the following:
	bus request on port 'gmem0' (likelihood_kernel.cpp:71) [1062]  (2.43 ns)

 <State 92>: 2.43ns
The critical path consists of the following:
	bus request on port 'gmem0' (likelihood_kernel.cpp:71) [1062]  (2.43 ns)

 <State 93>: 2.43ns
The critical path consists of the following:
	bus request on port 'gmem0' (likelihood_kernel.cpp:71) [1062]  (2.43 ns)

 <State 94>: 2.43ns
The critical path consists of the following:
	bus request on port 'gmem0' (likelihood_kernel.cpp:71) [1062]  (2.43 ns)

 <State 95>: 2.43ns
The critical path consists of the following:
	bus request on port 'gmem0' (likelihood_kernel.cpp:71) [1062]  (2.43 ns)

 <State 96>: 2.43ns
The critical path consists of the following:
	bus request on port 'gmem0' (likelihood_kernel.cpp:71) [1062]  (2.43 ns)

 <State 97>: 2.43ns
The critical path consists of the following:
	bus read on port 'gmem0' (likelihood_kernel.cpp:71) [1063]  (2.43 ns)

 <State 98>: 2.06ns
The critical path consists of the following:
	'store' operation ('store_ln83', likelihood_kernel.cpp:83) of variable 'bitcast_ln24_112', likelihood_kernel.cpp:24 on array 'buffer_X[0]', likelihood_kernel.cpp:209 [1076]  (1.2 ns)
	blocking operation 0.859 ns on control path)

 <State 99>: 2.06ns
The critical path consists of the following:
	'store' operation ('store_ln83', likelihood_kernel.cpp:83) of variable 'bitcast_ln24_120', likelihood_kernel.cpp:24 on array 'buffer_X[0]', likelihood_kernel.cpp:209 [1120]  (1.2 ns)
	blocking operation 0.859 ns on control path)

 <State 100>: 2.02ns
The critical path consists of the following:
	'sub' operation ('p_neg5', likelihood_kernel.cpp:232) [1368]  (0.88 ns)
	'sub' operation ('p_neg_t7', likelihood_kernel.cpp:232) [1371]  (0.862 ns)
	'select' operation ('div1_i', likelihood_kernel.cpp:232) [1374]  (0.276 ns)

 <State 101>: 1.65ns
The critical path consists of the following:
	'load' operation ('buffer_X_0_load', likelihood_kernel.cpp:110) on array 'buffer_X[0]', likelihood_kernel.cpp:209 [1178]  (1.2 ns)
	'mux' operation ('value', likelihood_kernel.cpp:110) [1185]  (0.453 ns)

 <State 102>: 1.91ns
The critical path consists of the following:
	'dadd' operation ('x', likelihood_kernel.cpp:14->likelihood_kernel.cpp:110) [1186]  (1.91 ns)

 <State 103>: 1.91ns
The critical path consists of the following:
	'dadd' operation ('x', likelihood_kernel.cpp:14->likelihood_kernel.cpp:110) [1186]  (1.91 ns)

 <State 104>: 1.91ns
The critical path consists of the following:
	'dadd' operation ('x', likelihood_kernel.cpp:14->likelihood_kernel.cpp:110) [1186]  (1.91 ns)

 <State 105>: 1.91ns
The critical path consists of the following:
	'dadd' operation ('x', likelihood_kernel.cpp:14->likelihood_kernel.cpp:110) [1186]  (1.91 ns)

 <State 106>: 1.91ns
The critical path consists of the following:
	'dadd' operation ('x', likelihood_kernel.cpp:14->likelihood_kernel.cpp:110) [1186]  (1.91 ns)

 <State 107>: 1.91ns
The critical path consists of the following:
	'dadd' operation ('x', likelihood_kernel.cpp:14->likelihood_kernel.cpp:110) [1186]  (1.91 ns)

 <State 108>: 1.91ns
The critical path consists of the following:
	'dadd' operation ('x', likelihood_kernel.cpp:14->likelihood_kernel.cpp:110) [1186]  (1.91 ns)

 <State 109>: 1.91ns
The critical path consists of the following:
	'dadd' operation ('x', likelihood_kernel.cpp:14->likelihood_kernel.cpp:110) [1186]  (1.91 ns)

 <State 110>: 2.16ns
The critical path consists of the following:
	'add' operation ('sh', /wrk/ci/prod/2020.2/rdi_builds/continuous/2020_11_18_3064766/src/shared/hls/clib/src/hls/utils/x_hls_utils.h:510) [1194]  (0.735 ns)
	'select' operation ('ush') [1198]  (0.299 ns)
	'lshr' operation ('r.V') [1201]  (0 ns)
	'select' operation ('val') [1206]  (1.13 ns)

 <State 111>: 1.11ns
The critical path consists of the following:
	'sub' operation ('result.V') [1207]  (0.88 ns)
	'select' operation ('result.V', /wrk/ci/prod/2020.2/rdi_builds/continuous/2020_11_18_3064766/src/shared/hls/clib/hlsmath/include/FloatingPoint/hls_case_IEEE754.h:59) [1208]  (0.227 ns)

 <State 112>: 1.2ns
The critical path consists of the following:
	'phi' operation ('y', likelihood_kernel.cpp:115) with incoming values : ('add_ln115', likelihood_kernel.cpp:115) [1243]  (0 ns)
	'getelementptr' operation ('buffer_objxy_0_addr_1', likelihood_kernel.cpp:120) [1257]  (0 ns)
	'load' operation ('buffer_objxy_0_load', likelihood_kernel.cpp:120) on array 'buffer_objxy[0]', likelihood_kernel.cpp:208 [1258]  (1.2 ns)

 <State 113>: 1.65ns
The critical path consists of the following:
	'load' operation ('buffer_objxy_0_load', likelihood_kernel.cpp:120) on array 'buffer_objxy[0]', likelihood_kernel.cpp:208 [1258]  (1.2 ns)
	'mux' operation ('value', likelihood_kernel.cpp:120) [1265]  (0.453 ns)

 <State 114>: 1.91ns
The critical path consists of the following:
	'dadd' operation ('x', likelihood_kernel.cpp:14->likelihood_kernel.cpp:120) [1266]  (1.91 ns)

 <State 115>: 1.91ns
The critical path consists of the following:
	'dadd' operation ('x', likelihood_kernel.cpp:14->likelihood_kernel.cpp:120) [1266]  (1.91 ns)

 <State 116>: 1.91ns
The critical path consists of the following:
	'dadd' operation ('x', likelihood_kernel.cpp:14->likelihood_kernel.cpp:120) [1266]  (1.91 ns)

 <State 117>: 1.91ns
The critical path consists of the following:
	'dadd' operation ('x', likelihood_kernel.cpp:14->likelihood_kernel.cpp:120) [1266]  (1.91 ns)

 <State 118>: 1.91ns
The critical path consists of the following:
	'dadd' operation ('x', likelihood_kernel.cpp:14->likelihood_kernel.cpp:120) [1266]  (1.91 ns)

 <State 119>: 1.91ns
The critical path consists of the following:
	'dadd' operation ('x', likelihood_kernel.cpp:14->likelihood_kernel.cpp:120) [1266]  (1.91 ns)

 <State 120>: 1.91ns
The critical path consists of the following:
	'dadd' operation ('x', likelihood_kernel.cpp:14->likelihood_kernel.cpp:120) [1266]  (1.91 ns)

 <State 121>: 1.91ns
The critical path consists of the following:
	'dadd' operation ('x', likelihood_kernel.cpp:14->likelihood_kernel.cpp:120) [1266]  (1.91 ns)

 <State 122>: 2.16ns
The critical path consists of the following:
	'add' operation ('sh', /wrk/ci/prod/2020.2/rdi_builds/continuous/2020_11_18_3064766/src/shared/hls/clib/src/hls/utils/x_hls_utils.h:510) [1274]  (0.735 ns)
	'select' operation ('ush') [1278]  (0.299 ns)
	'lshr' operation ('r.V') [1281]  (0 ns)
	'select' operation ('val') [1286]  (1.13 ns)

 <State 123>: 1.76ns
The critical path consists of the following:
	'sub' operation ('result.V') [1311]  (0.88 ns)
	'select' operation ('result.V', /wrk/ci/prod/2020.2/rdi_builds/continuous/2020_11_18_3064766/src/shared/hls/clib/hlsmath/include/FloatingPoint/hls_case_IEEE754.h:59) [1312]  (0 ns)
	'add' operation ('indX', likelihood_kernel.cpp:123) [1313]  (0.88 ns)

 <State 124>: 2.29ns
The critical path consists of the following:
	'mul' operation ('mul_ln126', likelihood_kernel.cpp:126) [1314]  (2.29 ns)

 <State 125>: 2.29ns
The critical path consists of the following:
	'mul' operation ('mul_ln126', likelihood_kernel.cpp:126) [1314]  (2.29 ns)

 <State 126>: 0.731ns
The critical path consists of the following:
	'add' operation ('add_ln126_2', likelihood_kernel.cpp:126) [1315]  (0 ns)
	'add' operation ('add_ln126', likelihood_kernel.cpp:126) [1316]  (0.731 ns)

 <State 127>: 2.29ns
The critical path consists of the following:
	'mul' operation ('mul_ln126_1', likelihood_kernel.cpp:126) [1317]  (2.29 ns)

 <State 128>: 2.29ns
The critical path consists of the following:
	'mul' operation ('mul_ln126_1', likelihood_kernel.cpp:126) [1317]  (2.29 ns)

 <State 129>: 1.99ns
The critical path consists of the following:
	'add' operation ('add_ln126_1', likelihood_kernel.cpp:126) [1318]  (0.88 ns)
	'sub' operation ('neg', likelihood_kernel.cpp:126) [1319]  (0.88 ns)
	'select' operation ('idx', likelihood_kernel.cpp:126) [1321]  (0.227 ns)

 <State 130>: 2.21ns
The critical path consists of the following:
	'icmp' operation ('icmp_ln128', likelihood_kernel.cpp:128) [1323]  (1.06 ns)
	'xor' operation ('xor_ln128', likelihood_kernel.cpp:128) [1324]  (0 ns)
	'select' operation ('select_ln128', likelihood_kernel.cpp:128) [1325]  (0 ns)
	'add' operation ('add_ln132', likelihood_kernel.cpp:132) [1328]  (1.15 ns)

 <State 131>: 2.43ns
The critical path consists of the following:
	bus request on port 'gmem3' (likelihood_kernel.cpp:132) [1332]  (2.43 ns)

 <State 132>: 2.43ns
The critical path consists of the following:
	bus request on port 'gmem3' (likelihood_kernel.cpp:132) [1332]  (2.43 ns)

 <State 133>: 2.43ns
The critical path consists of the following:
	bus request on port 'gmem3' (likelihood_kernel.cpp:132) [1332]  (2.43 ns)

 <State 134>: 2.43ns
The critical path consists of the following:
	bus request on port 'gmem3' (likelihood_kernel.cpp:132) [1332]  (2.43 ns)

 <State 135>: 2.43ns
The critical path consists of the following:
	bus request on port 'gmem3' (likelihood_kernel.cpp:132) [1332]  (2.43 ns)

 <State 136>: 2.43ns
The critical path consists of the following:
	bus request on port 'gmem3' (likelihood_kernel.cpp:132) [1332]  (2.43 ns)

 <State 137>: 2.43ns
The critical path consists of the following:
	bus request on port 'gmem3' (likelihood_kernel.cpp:132) [1332]  (2.43 ns)

 <State 138>: 2.43ns
The critical path consists of the following:
	bus read on port 'gmem3' (likelihood_kernel.cpp:132) [1333]  (2.43 ns)

 <State 139>: 0.88ns
The critical path consists of the following:
	'add' operation ('a', likelihood_kernel.cpp:133) [1334]  (0.88 ns)

 <State 140>: 2.29ns
The critical path consists of the following:
	'mul' operation ('mul_ln136', likelihood_kernel.cpp:136) [1336]  (2.29 ns)

 <State 141>: 2.29ns
The critical path consists of the following:
	'mul' operation ('mul_ln136', likelihood_kernel.cpp:136) [1336]  (2.29 ns)

 <State 142>: 2.22ns
The critical path consists of the following:
	'sitodp' operation ('conv25_i', likelihood_kernel.cpp:136) [1337]  (2.22 ns)

 <State 143>: 2.22ns
The critical path consists of the following:
	'sitodp' operation ('conv25_i', likelihood_kernel.cpp:136) [1337]  (2.22 ns)

 <State 144>: 2.22ns
The critical path consists of the following:
	'sitodp' operation ('conv25_i', likelihood_kernel.cpp:136) [1337]  (2.22 ns)

 <State 145>: 2.22ns
The critical path consists of the following:
	'sitodp' operation ('conv25_i', likelihood_kernel.cpp:136) [1337]  (2.22 ns)

 <State 146>: 2.22ns
The critical path consists of the following:
	'sitodp' operation ('conv25_i', likelihood_kernel.cpp:136) [1337]  (2.22 ns)

 <State 147>: 1.91ns
The critical path consists of the following:
	'dsub' operation ('sub28_i', likelihood_kernel.cpp:136) [1340]  (1.91 ns)

 <State 148>: 1.91ns
The critical path consists of the following:
	'dsub' operation ('sub28_i', likelihood_kernel.cpp:136) [1340]  (1.91 ns)

 <State 149>: 1.91ns
The critical path consists of the following:
	'dsub' operation ('sub28_i', likelihood_kernel.cpp:136) [1340]  (1.91 ns)

 <State 150>: 1.91ns
The critical path consists of the following:
	'dsub' operation ('sub28_i', likelihood_kernel.cpp:136) [1340]  (1.91 ns)

 <State 151>: 1.91ns
The critical path consists of the following:
	'dsub' operation ('sub28_i', likelihood_kernel.cpp:136) [1340]  (1.91 ns)

 <State 152>: 1.91ns
The critical path consists of the following:
	'dsub' operation ('sub28_i', likelihood_kernel.cpp:136) [1340]  (1.91 ns)

 <State 153>: 1.91ns
The critical path consists of the following:
	'dsub' operation ('sub28_i', likelihood_kernel.cpp:136) [1340]  (1.91 ns)

 <State 154>: 1.91ns
The critical path consists of the following:
	'dsub' operation ('sub28_i', likelihood_kernel.cpp:136) [1340]  (1.91 ns)

 <State 155>: 2.35ns
The critical path consists of the following:
	'ddiv' operation ('div_i', likelihood_kernel.cpp:136) [1341]  (2.35 ns)

 <State 156>: 2.35ns
The critical path consists of the following:
	'ddiv' operation ('div_i', likelihood_kernel.cpp:136) [1341]  (2.35 ns)

 <State 157>: 2.35ns
The critical path consists of the following:
	'ddiv' operation ('div_i', likelihood_kernel.cpp:136) [1341]  (2.35 ns)

 <State 158>: 2.35ns
The critical path consists of the following:
	'ddiv' operation ('div_i', likelihood_kernel.cpp:136) [1341]  (2.35 ns)

 <State 159>: 2.35ns
The critical path consists of the following:
	'ddiv' operation ('div_i', likelihood_kernel.cpp:136) [1341]  (2.35 ns)

 <State 160>: 2.35ns
The critical path consists of the following:
	'ddiv' operation ('div_i', likelihood_kernel.cpp:136) [1341]  (2.35 ns)

 <State 161>: 2.35ns
The critical path consists of the following:
	'ddiv' operation ('div_i', likelihood_kernel.cpp:136) [1341]  (2.35 ns)

 <State 162>: 2.35ns
The critical path consists of the following:
	'ddiv' operation ('div_i', likelihood_kernel.cpp:136) [1341]  (2.35 ns)

 <State 163>: 2.35ns
The critical path consists of the following:
	'ddiv' operation ('div_i', likelihood_kernel.cpp:136) [1341]  (2.35 ns)

 <State 164>: 2.35ns
The critical path consists of the following:
	'ddiv' operation ('div_i', likelihood_kernel.cpp:136) [1341]  (2.35 ns)

 <State 165>: 2.35ns
The critical path consists of the following:
	'ddiv' operation ('div_i', likelihood_kernel.cpp:136) [1341]  (2.35 ns)

 <State 166>: 2.35ns
The critical path consists of the following:
	'ddiv' operation ('div_i', likelihood_kernel.cpp:136) [1341]  (2.35 ns)

 <State 167>: 2.35ns
The critical path consists of the following:
	'ddiv' operation ('div_i', likelihood_kernel.cpp:136) [1341]  (2.35 ns)

 <State 168>: 2.35ns
The critical path consists of the following:
	'ddiv' operation ('div_i', likelihood_kernel.cpp:136) [1341]  (2.35 ns)

 <State 169>: 2.35ns
The critical path consists of the following:
	'ddiv' operation ('div_i', likelihood_kernel.cpp:136) [1341]  (2.35 ns)

 <State 170>: 2.35ns
The critical path consists of the following:
	'ddiv' operation ('div_i', likelihood_kernel.cpp:136) [1341]  (2.35 ns)

 <State 171>: 2.35ns
The critical path consists of the following:
	'ddiv' operation ('div_i', likelihood_kernel.cpp:136) [1341]  (2.35 ns)

 <State 172>: 2.35ns
The critical path consists of the following:
	'ddiv' operation ('div_i', likelihood_kernel.cpp:136) [1341]  (2.35 ns)

 <State 173>: 2.35ns
The critical path consists of the following:
	'ddiv' operation ('div_i', likelihood_kernel.cpp:136) [1341]  (2.35 ns)

 <State 174>: 2.35ns
The critical path consists of the following:
	'ddiv' operation ('div_i', likelihood_kernel.cpp:136) [1341]  (2.35 ns)

 <State 175>: 2.35ns
The critical path consists of the following:
	'ddiv' operation ('div_i', likelihood_kernel.cpp:136) [1341]  (2.35 ns)

 <State 176>: 2.35ns
The critical path consists of the following:
	'ddiv' operation ('div_i', likelihood_kernel.cpp:136) [1341]  (2.35 ns)

 <State 177>: 2.35ns
The critical path consists of the following:
	'ddiv' operation ('div_i', likelihood_kernel.cpp:136) [1341]  (2.35 ns)

 <State 178>: 2.35ns
The critical path consists of the following:
	'ddiv' operation ('div_i', likelihood_kernel.cpp:136) [1341]  (2.35 ns)

 <State 179>: 2.35ns
The critical path consists of the following:
	'ddiv' operation ('div_i', likelihood_kernel.cpp:136) [1341]  (2.35 ns)

 <State 180>: 2.35ns
The critical path consists of the following:
	'ddiv' operation ('div_i', likelihood_kernel.cpp:136) [1341]  (2.35 ns)

 <State 181>: 2.35ns
The critical path consists of the following:
	'ddiv' operation ('div_i', likelihood_kernel.cpp:136) [1341]  (2.35 ns)

 <State 182>: 2.35ns
The critical path consists of the following:
	'ddiv' operation ('div_i', likelihood_kernel.cpp:136) [1341]  (2.35 ns)

 <State 183>: 2.35ns
The critical path consists of the following:
	'ddiv' operation ('div_i', likelihood_kernel.cpp:136) [1341]  (2.35 ns)

 <State 184>: 2.35ns
The critical path consists of the following:
	'ddiv' operation ('div_i', likelihood_kernel.cpp:136) [1341]  (2.35 ns)

 <State 185>: 2.35ns
The critical path consists of the following:
	'ddiv' operation ('div_i', likelihood_kernel.cpp:136) [1341]  (2.35 ns)

 <State 186>: 2.37ns
The critical path consists of the following:
	'dacc' operation ('sum', likelihood_kernel.cpp:136) [1343]  (2.37 ns)

 <State 187>: 2.37ns
The critical path consists of the following:
	'dacc' operation ('sum', likelihood_kernel.cpp:136) [1343]  (2.37 ns)

 <State 188>: 2.37ns
The critical path consists of the following:
	'dacc' operation ('sum', likelihood_kernel.cpp:136) [1343]  (2.37 ns)

 <State 189>: 2.37ns
The critical path consists of the following:
	'dacc' operation ('sum', likelihood_kernel.cpp:136) [1343]  (2.37 ns)

 <State 190>: 2.37ns
The critical path consists of the following:
	'dacc' operation ('sum', likelihood_kernel.cpp:136) [1343]  (2.37 ns)

 <State 191>: 2.35ns
The critical path consists of the following:
	'ddiv' operation ('div31_i', likelihood_kernel.cpp:139) [1346]  (2.35 ns)

 <State 192>: 2.35ns
The critical path consists of the following:
	'ddiv' operation ('div31_i', likelihood_kernel.cpp:139) [1346]  (2.35 ns)

 <State 193>: 2.35ns
The critical path consists of the following:
	'ddiv' operation ('div31_i', likelihood_kernel.cpp:139) [1346]  (2.35 ns)

 <State 194>: 2.35ns
The critical path consists of the following:
	'ddiv' operation ('div31_i', likelihood_kernel.cpp:139) [1346]  (2.35 ns)

 <State 195>: 2.35ns
The critical path consists of the following:
	'ddiv' operation ('div31_i', likelihood_kernel.cpp:139) [1346]  (2.35 ns)

 <State 196>: 2.35ns
The critical path consists of the following:
	'ddiv' operation ('div31_i', likelihood_kernel.cpp:139) [1346]  (2.35 ns)

 <State 197>: 2.35ns
The critical path consists of the following:
	'ddiv' operation ('div31_i', likelihood_kernel.cpp:139) [1346]  (2.35 ns)

 <State 198>: 2.35ns
The critical path consists of the following:
	'ddiv' operation ('div31_i', likelihood_kernel.cpp:139) [1346]  (2.35 ns)

 <State 199>: 2.35ns
The critical path consists of the following:
	'ddiv' operation ('div31_i', likelihood_kernel.cpp:139) [1346]  (2.35 ns)

 <State 200>: 2.35ns
The critical path consists of the following:
	'ddiv' operation ('div31_i', likelihood_kernel.cpp:139) [1346]  (2.35 ns)

 <State 201>: 2.35ns
The critical path consists of the following:
	'ddiv' operation ('div31_i', likelihood_kernel.cpp:139) [1346]  (2.35 ns)

 <State 202>: 2.35ns
The critical path consists of the following:
	'ddiv' operation ('div31_i', likelihood_kernel.cpp:139) [1346]  (2.35 ns)

 <State 203>: 2.35ns
The critical path consists of the following:
	'ddiv' operation ('div31_i', likelihood_kernel.cpp:139) [1346]  (2.35 ns)

 <State 204>: 2.35ns
The critical path consists of the following:
	'ddiv' operation ('div31_i', likelihood_kernel.cpp:139) [1346]  (2.35 ns)

 <State 205>: 2.35ns
The critical path consists of the following:
	'ddiv' operation ('div31_i', likelihood_kernel.cpp:139) [1346]  (2.35 ns)

 <State 206>: 2.35ns
The critical path consists of the following:
	'ddiv' operation ('div31_i', likelihood_kernel.cpp:139) [1346]  (2.35 ns)

 <State 207>: 2.35ns
The critical path consists of the following:
	'ddiv' operation ('div31_i', likelihood_kernel.cpp:139) [1346]  (2.35 ns)

 <State 208>: 2.35ns
The critical path consists of the following:
	'ddiv' operation ('div31_i', likelihood_kernel.cpp:139) [1346]  (2.35 ns)

 <State 209>: 2.35ns
The critical path consists of the following:
	'ddiv' operation ('div31_i', likelihood_kernel.cpp:139) [1346]  (2.35 ns)

 <State 210>: 2.35ns
The critical path consists of the following:
	'ddiv' operation ('div31_i', likelihood_kernel.cpp:139) [1346]  (2.35 ns)

 <State 211>: 2.35ns
The critical path consists of the following:
	'ddiv' operation ('div31_i', likelihood_kernel.cpp:139) [1346]  (2.35 ns)

 <State 212>: 2.35ns
The critical path consists of the following:
	'ddiv' operation ('div31_i', likelihood_kernel.cpp:139) [1346]  (2.35 ns)

 <State 213>: 2.35ns
The critical path consists of the following:
	'ddiv' operation ('div31_i', likelihood_kernel.cpp:139) [1346]  (2.35 ns)

 <State 214>: 2.35ns
The critical path consists of the following:
	'ddiv' operation ('div31_i', likelihood_kernel.cpp:139) [1346]  (2.35 ns)

 <State 215>: 2.35ns
The critical path consists of the following:
	'ddiv' operation ('div31_i', likelihood_kernel.cpp:139) [1346]  (2.35 ns)

 <State 216>: 2.35ns
The critical path consists of the following:
	'ddiv' operation ('div31_i', likelihood_kernel.cpp:139) [1346]  (2.35 ns)

 <State 217>: 2.35ns
The critical path consists of the following:
	'ddiv' operation ('div31_i', likelihood_kernel.cpp:139) [1346]  (2.35 ns)

 <State 218>: 2.35ns
The critical path consists of the following:
	'ddiv' operation ('div31_i', likelihood_kernel.cpp:139) [1346]  (2.35 ns)

 <State 219>: 2.35ns
The critical path consists of the following:
	'ddiv' operation ('div31_i', likelihood_kernel.cpp:139) [1346]  (2.35 ns)

 <State 220>: 2.35ns
The critical path consists of the following:
	'ddiv' operation ('div31_i', likelihood_kernel.cpp:139) [1346]  (2.35 ns)

 <State 221>: 2.35ns
The critical path consists of the following:
	'ddiv' operation ('div31_i', likelihood_kernel.cpp:139) [1346]  (2.35 ns)

 <State 222>: 1.2ns
The critical path consists of the following:
	'store' operation ('store_ln139', likelihood_kernel.cpp:139) of variable 'div31_i', likelihood_kernel.cpp:139 on array 'buffer_likelihood[2]', likelihood_kernel.cpp:211 [1353]  (1.2 ns)

 <State 223>: 2.43ns
The critical path consists of the following:
	bus request on port 'gmem4' (likelihood_kernel.cpp:152) [1384]  (2.43 ns)

 <State 224>: 1.2ns
The critical path consists of the following:
	'phi' operation ('w', likelihood_kernel.cpp:152) with incoming values : ('add_ln152', likelihood_kernel.cpp:152) [1387]  (0 ns)
	'getelementptr' operation ('buffer_likelihood_0_addr_1', likelihood_kernel.cpp:161) [1398]  (0 ns)
	'load' operation ('val', likelihood_kernel.cpp:161) on array 'buffer_likelihood[0]', likelihood_kernel.cpp:211 [1399]  (1.2 ns)

 <State 225>: 1.2ns
The critical path consists of the following:
	'load' operation ('val', likelihood_kernel.cpp:161) on array 'buffer_likelihood[0]', likelihood_kernel.cpp:211 [1399]  (1.2 ns)

 <State 226>: 2.43ns
The critical path consists of the following:
	bus write on port 'gmem4' (likelihood_kernel.cpp:165) [1425]  (2.43 ns)

 <State 227>: 2.43ns
The critical path consists of the following:
	bus response on port 'gmem4' (likelihood_kernel.cpp:169) [1428]  (2.43 ns)

 <State 228>: 2.43ns
The critical path consists of the following:
	bus response on port 'gmem4' (likelihood_kernel.cpp:169) [1428]  (2.43 ns)

 <State 229>: 2.43ns
The critical path consists of the following:
	bus response on port 'gmem4' (likelihood_kernel.cpp:169) [1428]  (2.43 ns)

 <State 230>: 2.43ns
The critical path consists of the following:
	bus response on port 'gmem4' (likelihood_kernel.cpp:169) [1428]  (2.43 ns)

 <State 231>: 2.43ns
The critical path consists of the following:
	bus response on port 'gmem4' (likelihood_kernel.cpp:169) [1428]  (2.43 ns)

 <State 232>: 1.2ns
The critical path consists of the following:
	'phi' operation ('x', likelihood_kernel.cpp:169) with incoming values : ('sext_ln169', likelihood_kernel.cpp:169) ('add_ln169_1', likelihood_kernel.cpp:169) [1443]  (0 ns)
	'getelementptr' operation ('buffer_likelihood_0_addr_3', likelihood_kernel.cpp:172) [1454]  (0 ns)
	'load' operation ('buffer_likelihood_0_load', likelihood_kernel.cpp:172) on array 'buffer_likelihood[0]', likelihood_kernel.cpp:211 [1455]  (1.2 ns)

 <State 233>: 1.65ns
The critical path consists of the following:
	'load' operation ('buffer_likelihood_0_load', likelihood_kernel.cpp:172) on array 'buffer_likelihood[0]', likelihood_kernel.cpp:211 [1455]  (1.2 ns)
	'mux' operation ('tmp', likelihood_kernel.cpp:172) [1462]  (0.453 ns)

 <State 234>: 2.43ns
The critical path consists of the following:
	'getelementptr' operation ('gmem4_addr_1', likelihood_kernel.cpp:172) [1478]  (0 ns)
	bus request on port 'gmem4' (likelihood_kernel.cpp:172) [1479]  (2.43 ns)

 <State 235>: 2.43ns
The critical path consists of the following:
	bus write on port 'gmem4' (likelihood_kernel.cpp:172) [1480]  (2.43 ns)

 <State 236>: 2.43ns
The critical path consists of the following:
	bus response on port 'gmem4' (likelihood_kernel.cpp:172) [1481]  (2.43 ns)

 <State 237>: 2.43ns
The critical path consists of the following:
	bus response on port 'gmem4' (likelihood_kernel.cpp:172) [1481]  (2.43 ns)

 <State 238>: 2.43ns
The critical path consists of the following:
	bus response on port 'gmem4' (likelihood_kernel.cpp:172) [1481]  (2.43 ns)

 <State 239>: 2.43ns
The critical path consists of the following:
	bus response on port 'gmem4' (likelihood_kernel.cpp:172) [1481]  (2.43 ns)

 <State 240>: 2.43ns
The critical path consists of the following:
	bus response on port 'gmem4' (likelihood_kernel.cpp:172) [1481]  (2.43 ns)

 <State 241>: 0ns
The critical path consists of the following:


============================================================
+ Verbose Summary: Binding
============================================================
N/A
* FSMD analyzer results:
  - Output states:
 - Input state : 
  - Chain level:
	State 1
	State 2
	State 3
	State 4
	State 5
	State 6
	State 7
	State 8
	State 9
	State 10
	State 11
	State 12
	State 13
	State 14
	State 15
	State 16
	State 17
	State 18
	State 19
	State 20
	State 21
	State 22
	State 23
	State 24
	State 25
	State 26
	State 27
	State 28
	State 29
	State 30
	State 31
	State 32
	State 33
	State 34
	State 35
	State 36
	State 37
	State 38
	State 39
	State 40
	State 41
	State 42
	State 43
	State 44
	State 45
	State 46
	State 47
	State 48
	State 49
	State 50
	State 51
	State 52
	State 53
	State 54
	State 55
	State 56
	State 57
	State 58
	State 59
	State 60
	State 61
	State 62
	State 63
	State 64
	State 65
	State 66
	State 67
	State 68
	State 69
	State 70
	State 71
	State 72
	State 73
	State 74
	State 75
	State 76
	State 77
	State 78
	State 79
	State 80
	State 81
	State 82
	State 83
	State 84
	State 85
	State 86
	State 87
	State 88
	State 89
	State 90
	State 91
	State 92
	State 93
	State 94
	State 95
	State 96
	State 97
	State 98
	State 99
	State 100
	State 101
	State 102
	State 103
	State 104
	State 105
	State 106
	State 107
	State 108
	State 109
	State 110
	State 111
	State 112
	State 113
	State 114
	State 115
	State 116
	State 117
	State 118
	State 119
	State 120
	State 121
	State 122
	State 123
	State 124
	State 125
	State 126
	State 127
	State 128
	State 129
	State 130
	State 131
	State 132
	State 133
	State 134
	State 135
	State 136
	State 137
	State 138
	State 139
	State 140
	State 141
	State 142
	State 143
	State 144
	State 145
	State 146
	State 147
	State 148
	State 149
	State 150
	State 151
	State 152
	State 153
	State 154
	State 155
	State 156
	State 157
	State 158
	State 159
	State 160
	State 161
	State 162
	State 163
	State 164
	State 165
	State 166
	State 167
	State 168
	State 169
	State 170
	State 171
	State 172
	State 173
	State 174
	State 175
	State 176
	State 177
	State 178
	State 179
	State 180
	State 181
	State 182
	State 183
	State 184
	State 185
	State 186
	State 187
	State 188
	State 189
	State 190
	State 191
	State 192
	State 193
	State 194
	State 195
	State 196
	State 197
	State 198
	State 199
	State 200
	State 201
	State 202
	State 203
	State 204
	State 205
	State 206
	State 207
	State 208
	State 209
	State 210
	State 211
	State 212
	State 213
	State 214
	State 215
	State 216
	State 217
	State 218
	State 219
	State 220
	State 221
	State 222
	State 223
	State 224
	State 225
	State 226
	State 227
	State 228
	State 229
	State 230
	State 231
	State 232
	State 233
	State 234
	State 235
	State 236
	State 237
	State 238
	State 239
	State 240
	State 241


============================================================
+ Verbose Summary: Datapath Resource usage 
============================================================
N/A
