

================================================================
== Vitis HLS Report for 'likelihood_kernel'
================================================================
* Date:           Tue Mar 24 15:10:38 2026

* Version:        2020.2 (Build 3064766 on Wed Nov 18 09:12:47 MST 2020)
* Project:        likelihood_buffer.prj
* Solution:       solution1 (Vivado IP Flow Target)
* Product family: virtexuplus
* Target device:  xcu50-fsvh2104-2-e


================================================================
== Performance Estimates
================================================================
+ Timing: 
    * Summary: 
    +--------+---------+----------+------------+
    |  Clock |  Target | Estimated| Uncertainty|
    +--------+---------+----------+------------+
    |ap_clk  |  3.33 ns|  2.431 ns|     0.90 ns|
    +--------+---------+----------+------------+

+ Latency: 
    * Summary: 
    +---------+---------+----------+----------+-----+--------+---------+
    |  Latency (cycles) |  Latency (absolute) |   Interval   | Pipeline|
    |   min   |   max   |    min   |    max   | min |   max  |   Type  |
    +---------+---------+----------+----------+-----+--------+---------+
    |       45|   443263|  0.150 us|  1.476 ms|   46|  443264|     none|
    +---------+---------+----------+----------+-----+--------+---------+

    + Detail: 
        * Instance: 
        N/A

        * Loop: 
        +-----------------------+---------+---------+-----------+-----------+-----------+-----------+----------+
        |                       |  Latency (cycles) | Iteration |  Initiation Interval  |    Trip   |          |
        |       Loop Name       |   min   |   max   |  Latency  |  achieved |   target  |   Count   | Pipelined|
        +-----------------------+---------+---------+-----------+-----------+-----------+-----------+----------+
        |- loadObjxy            |      150|      170|         12|          1|          1|  140 ~ 160|       yes|
        |- Particle_loop        |        3|   443040|  3 ~ 13845|          -|          -|     1 ~ 32|        no|
        | + loadParticles       |       65|       65|          3|          1|          1|         64|       yes|
        | + computeLikelihood   |     2176|    13696|   34 ~ 214|          -|          -|         64|        no|
        |  ++ computeIndices    |       77|       87|          9|          1|          1|    70 ~ 80|       yes|
        |  ++ accumuLikelihood  |       79|       89|         11|          1|          1|    70 ~ 80|       yes|
        | + storeLikelihood     |       65|       65|          3|          1|          1|         64|       yes|
        +-----------------------+---------+---------+-----------+-----------+-----------+-----------+----------+

============================================================
+ Verbose Summary: Synthesis Manager
============================================================
InlineROM: 1
ExposeGlobal: 0
============================================================
+ Verbose Summary: CDFG Model
============================================================
IsTopModel: 1
ResetActiveHigh: 1
IsCombinational: 0
IsDatapathOnly: 0
HasWiredReturn: 1
HasMFsm: 0
HasVarLatency: 1
IsPipeline: 0
IsRtlPipelined: 0
IsInstanceOverlapped: 0
IsDontTouch: 0
HasImplIP: 0
IsGatedGlobalClock: 0

+ Individual pipeline summary: 
  * Pipeline-0: initiation interval (II) = 1, depth = 12
  * Pipeline-1: initiation interval (II) = 1, depth = 3
  * Pipeline-2: initiation interval (II) = 1, depth = 9
  * Pipeline-3: initiation interval (II) = 1, depth = 11
  * Pipeline-4: initiation interval (II) = 1, depth = 3


============================================================
+ Verbose Summary: Schedule
============================================================
* Number of FSM states : 142
* Pipeline : 5
  Pipeline-0 : II = 1, D = 12, States = { 9 10 11 12 13 14 15 16 17 18 19 20 }
  Pipeline-1 : II = 1, D = 3, States = { 74 75 76 }
  Pipeline-2 : II = 1, D = 9, States = { 90 91 92 93 94 95 96 97 98 }
  Pipeline-3 : II = 1, D = 11, States = { 100 101 102 103 104 105 106 107 108 109 110 }
  Pipeline-4 : II = 1, D = 3, States = { 135 136 137 }
* Dataflow Pipeline: 0

* FSM state transitions: 
1 --> 2 21 
2 --> 3 
3 --> 4 
4 --> 5 
5 --> 6 
6 --> 7 
7 --> 8 
8 --> 9 
9 --> 21 10 
10 --> 11 
11 --> 12 
12 --> 13 
13 --> 14 
14 --> 15 
15 --> 16 
16 --> 17 
17 --> 18 
18 --> 19 
19 --> 20 
20 --> 9 
21 --> 22 
22 --> 23 
23 --> 24 
24 --> 25 
25 --> 26 
26 --> 27 
27 --> 28 
28 --> 29 
29 --> 30 
30 --> 31 
31 --> 32 
32 --> 33 
33 --> 34 
34 --> 35 
35 --> 36 
36 --> 37 
37 --> 38 
38 --> 39 
39 --> 40 
40 --> 41 
41 --> 42 
42 --> 43 
43 --> 44 
44 --> 45 
45 --> 46 
46 --> 47 
47 --> 48 
48 --> 49 
49 --> 50 
50 --> 51 
51 --> 52 
52 --> 53 
53 --> 54 
54 --> 55 
55 --> 56 
56 --> 57 
57 --> 58 
58 --> 59 
59 --> 60 
60 --> 61 
61 --> 62 
62 --> 63 
63 --> 64 
64 --> 65 
65 --> 66 
66 --> 67 142 
67 --> 68 
68 --> 69 
69 --> 70 
70 --> 71 
71 --> 72 
72 --> 73 
73 --> 74 
74 --> 77 75 
75 --> 76 
76 --> 74 
77 --> 78 
78 --> 79 134 
79 --> 80 
80 --> 81 
81 --> 82 
82 --> 83 
83 --> 84 
84 --> 85 
85 --> 86 
86 --> 87 
87 --> 88 
88 --> 89 
89 --> 112 90 
90 --> 99 91 
91 --> 92 
92 --> 93 
93 --> 94 
94 --> 95 
95 --> 96 
96 --> 97 
97 --> 98 
98 --> 90 
99 --> 100 
100 --> 111 101 
101 --> 102 
102 --> 103 
103 --> 104 
104 --> 105 
105 --> 106 
106 --> 107 
107 --> 108 
108 --> 109 
109 --> 110 
110 --> 100 
111 --> 112 
112 --> 113 
113 --> 114 
114 --> 115 
115 --> 116 
116 --> 117 
117 --> 118 
118 --> 119 
119 --> 120 
120 --> 121 
121 --> 122 
122 --> 123 
123 --> 124 
124 --> 125 
125 --> 126 
126 --> 127 
127 --> 128 
128 --> 129 
129 --> 130 
130 --> 131 
131 --> 132 
132 --> 133 
133 --> 78 
134 --> 135 
135 --> 138 136 
136 --> 137 
137 --> 135 
138 --> 139 
139 --> 140 
140 --> 141 
141 --> 142 
142 --> 65 

* FSM state operations: 

State 1 <SV = 0> <Delay = 1.85>
ST_1 : Operation 143 [1/1] (0.00ns)   --->   "%spectopmodule_ln0 = spectopmodule void @_ssdm_op_SpecTopModule, void @empty_19"   --->   Operation 143 'spectopmodule' 'spectopmodule_ln0' <Predicate = true> <Delay = 0.00>
ST_1 : Operation 144 [1/1] (0.00ns)   --->   "%specinterface_ln0 = specinterface void @_ssdm_op_SpecInterface, i64 %gmem0, void @empty_13, i32 0, i32 0, void @empty_25, i32 0, i32 0, void @empty_17, void @empty_10, void @empty_25, i32 16, i32 16, i32 16, i32 16, void @empty_25, void @empty_25"   --->   Operation 144 'specinterface' 'specinterface_ln0' <Predicate = true> <Delay = 0.00>
ST_1 : Operation 145 [1/1] (0.00ns)   --->   "%specbitsmap_ln0 = specbitsmap void @_ssdm_op_SpecBitsMap, i64 %gmem0"   --->   Operation 145 'specbitsmap' 'specbitsmap_ln0' <Predicate = true> <Delay = 0.00>
ST_1 : Operation 146 [1/1] (0.00ns)   --->   "%specinterface_ln0 = specinterface void @_ssdm_op_SpecInterface, i64 %gmem1, void @empty_13, i32 0, i32 0, void @empty_25, i32 0, i32 0, void @empty_9, void @empty_10, void @empty_25, i32 16, i32 16, i32 16, i32 16, void @empty_25, void @empty_25"   --->   Operation 146 'specinterface' 'specinterface_ln0' <Predicate = true> <Delay = 0.00>
ST_1 : Operation 147 [1/1] (0.00ns)   --->   "%specbitsmap_ln0 = specbitsmap void @_ssdm_op_SpecBitsMap, i64 %gmem1"   --->   Operation 147 'specbitsmap' 'specbitsmap_ln0' <Predicate = true> <Delay = 0.00>
ST_1 : Operation 148 [1/1] (0.00ns)   --->   "%specinterface_ln0 = specinterface void @_ssdm_op_SpecInterface, i64 %gmem2, void @empty_13, i32 0, i32 0, void @empty_25, i32 0, i32 0, void @empty_26, void @empty_10, void @empty_25, i32 16, i32 16, i32 16, i32 16, void @empty_25, void @empty_25"   --->   Operation 148 'specinterface' 'specinterface_ln0' <Predicate = true> <Delay = 0.00>
ST_1 : Operation 149 [1/1] (0.00ns)   --->   "%specbitsmap_ln0 = specbitsmap void @_ssdm_op_SpecBitsMap, i64 %gmem2"   --->   Operation 149 'specbitsmap' 'specbitsmap_ln0' <Predicate = true> <Delay = 0.00>
ST_1 : Operation 150 [1/1] (0.00ns)   --->   "%specinterface_ln0 = specinterface void @_ssdm_op_SpecInterface, i32 %gmem3, void @empty_13, i32 0, i32 0, void @empty_25, i32 0, i32 0, void @empty_22, void @empty_10, void @empty_25, i32 16, i32 16, i32 16, i32 16, void @empty_25, void @empty_25"   --->   Operation 150 'specinterface' 'specinterface_ln0' <Predicate = true> <Delay = 0.00>
ST_1 : Operation 151 [1/1] (0.00ns)   --->   "%specbitsmap_ln0 = specbitsmap void @_ssdm_op_SpecBitsMap, i32 %gmem3"   --->   Operation 151 'specbitsmap' 'specbitsmap_ln0' <Predicate = true> <Delay = 0.00>
ST_1 : Operation 152 [1/1] (0.00ns)   --->   "%specinterface_ln0 = specinterface void @_ssdm_op_SpecInterface, i64 %gmem4, void @empty_13, i32 0, i32 0, void @empty_25, i32 0, i32 0, void @empty_5, void @empty_10, void @empty_25, i32 16, i32 16, i32 16, i32 16, void @empty_25, void @empty_25"   --->   Operation 152 'specinterface' 'specinterface_ln0' <Predicate = true> <Delay = 0.00>
ST_1 : Operation 153 [1/1] (0.00ns)   --->   "%specbitsmap_ln0 = specbitsmap void @_ssdm_op_SpecBitsMap, i64 %gmem4"   --->   Operation 153 'specbitsmap' 'specbitsmap_ln0' <Predicate = true> <Delay = 0.00>
ST_1 : Operation 154 [1/1] (0.00ns)   --->   "%specbitsmap_ln0 = specbitsmap void @_ssdm_op_SpecBitsMap, i32 %Nparticles"   --->   Operation 154 'specbitsmap' 'specbitsmap_ln0' <Predicate = true> <Delay = 0.00>
ST_1 : Operation 155 [1/1] (0.00ns)   --->   "%specinterface_ln0 = specinterface void @_ssdm_op_SpecInterface, i32 %Nparticles, void @empty_6, i32 0, i32 0, void @empty_25, i32 0, i32 0, void @empty_4, void @empty_3, void @empty_25, i32 0, i32 0, i32 0, i32 0, void @empty_25, void @empty_25"   --->   Operation 155 'specinterface' 'specinterface_ln0' <Predicate = true> <Delay = 0.00>
ST_1 : Operation 156 [1/1] (0.00ns)   --->   "%specinterface_ln0 = specinterface void @_ssdm_op_SpecInterface, i32 %Nparticles, void @empty_2, i32 0, i32 0, void @empty_25, i32 0, i32 0, void @empty_25, void @empty_25, void @empty_25, i32 0, i32 0, i32 0, i32 0, void @empty_25, void @empty_25"   --->   Operation 156 'specinterface' 'specinterface_ln0' <Predicate = true> <Delay = 0.00>
ST_1 : Operation 157 [1/1] (0.00ns)   --->   "%specbitsmap_ln0 = specbitsmap void @_ssdm_op_SpecBitsMap, i32 %countOnes"   --->   Operation 157 'specbitsmap' 'specbitsmap_ln0' <Predicate = true> <Delay = 0.00>
ST_1 : Operation 158 [1/1] (0.00ns)   --->   "%specinterface_ln0 = specinterface void @_ssdm_op_SpecInterface, i32 %countOnes, void @empty_6, i32 0, i32 0, void @empty_25, i32 0, i32 0, void @empty_4, void @empty_1, void @empty_25, i32 0, i32 0, i32 0, i32 0, void @empty_25, void @empty_25"   --->   Operation 158 'specinterface' 'specinterface_ln0' <Predicate = true> <Delay = 0.00>
ST_1 : Operation 159 [1/1] (0.00ns)   --->   "%specinterface_ln0 = specinterface void @_ssdm_op_SpecInterface, i32 %countOnes, void @empty_2, i32 0, i32 0, void @empty_25, i32 0, i32 0, void @empty_25, void @empty_25, void @empty_25, i32 0, i32 0, i32 0, i32 0, void @empty_25, void @empty_25"   --->   Operation 159 'specinterface' 'specinterface_ln0' <Predicate = true> <Delay = 0.00>
ST_1 : Operation 160 [1/1] (0.00ns)   --->   "%specbitsmap_ln0 = specbitsmap void @_ssdm_op_SpecBitsMap, i32 %IszY"   --->   Operation 160 'specbitsmap' 'specbitsmap_ln0' <Predicate = true> <Delay = 0.00>
ST_1 : Operation 161 [1/1] (0.00ns)   --->   "%specinterface_ln0 = specinterface void @_ssdm_op_SpecInterface, i32 %IszY, void @empty_6, i32 0, i32 0, void @empty_25, i32 0, i32 0, void @empty_4, void @empty_0, void @empty_25, i32 0, i32 0, i32 0, i32 0, void @empty_25, void @empty_25"   --->   Operation 161 'specinterface' 'specinterface_ln0' <Predicate = true> <Delay = 0.00>
ST_1 : Operation 162 [1/1] (0.00ns)   --->   "%specinterface_ln0 = specinterface void @_ssdm_op_SpecInterface, i32 %IszY, void @empty_2, i32 0, i32 0, void @empty_25, i32 0, i32 0, void @empty_25, void @empty_25, void @empty_25, i32 0, i32 0, i32 0, i32 0, void @empty_25, void @empty_25"   --->   Operation 162 'specinterface' 'specinterface_ln0' <Predicate = true> <Delay = 0.00>
ST_1 : Operation 163 [1/1] (0.00ns)   --->   "%specbitsmap_ln0 = specbitsmap void @_ssdm_op_SpecBitsMap, i32 %Nfr"   --->   Operation 163 'specbitsmap' 'specbitsmap_ln0' <Predicate = true> <Delay = 0.00>
ST_1 : Operation 164 [1/1] (0.00ns)   --->   "%specinterface_ln0 = specinterface void @_ssdm_op_SpecInterface, i32 %Nfr, void @empty_6, i32 0, i32 0, void @empty_25, i32 0, i32 0, void @empty_4, void @empty, void @empty_25, i32 0, i32 0, i32 0, i32 0, void @empty_25, void @empty_25"   --->   Operation 164 'specinterface' 'specinterface_ln0' <Predicate = true> <Delay = 0.00>
ST_1 : Operation 165 [1/1] (0.00ns)   --->   "%specinterface_ln0 = specinterface void @_ssdm_op_SpecInterface, i32 %Nfr, void @empty_2, i32 0, i32 0, void @empty_25, i32 0, i32 0, void @empty_25, void @empty_25, void @empty_25, i32 0, i32 0, i32 0, i32 0, void @empty_25, void @empty_25"   --->   Operation 165 'specinterface' 'specinterface_ln0' <Predicate = true> <Delay = 0.00>
ST_1 : Operation 166 [1/1] (0.00ns)   --->   "%specbitsmap_ln0 = specbitsmap void @_ssdm_op_SpecBitsMap, i32 %k"   --->   Operation 166 'specbitsmap' 'specbitsmap_ln0' <Predicate = true> <Delay = 0.00>
ST_1 : Operation 167 [1/1] (0.00ns)   --->   "%specinterface_ln0 = specinterface void @_ssdm_op_SpecInterface, i32 %k, void @empty_6, i32 0, i32 0, void @empty_25, i32 0, i32 0, void @empty_4, void @empty_11, void @empty_25, i32 0, i32 0, i32 0, i32 0, void @empty_25, void @empty_25"   --->   Operation 167 'specinterface' 'specinterface_ln0' <Predicate = true> <Delay = 0.00>
ST_1 : Operation 168 [1/1] (0.00ns)   --->   "%specinterface_ln0 = specinterface void @_ssdm_op_SpecInterface, i32 %k, void @empty_2, i32 0, i32 0, void @empty_25, i32 0, i32 0, void @empty_25, void @empty_25, void @empty_25, i32 0, i32 0, i32 0, i32 0, void @empty_25, void @empty_25"   --->   Operation 168 'specinterface' 'specinterface_ln0' <Predicate = true> <Delay = 0.00>
ST_1 : Operation 169 [1/1] (0.00ns)   --->   "%specbitsmap_ln0 = specbitsmap void @_ssdm_op_SpecBitsMap, i64 %max_size"   --->   Operation 169 'specbitsmap' 'specbitsmap_ln0' <Predicate = true> <Delay = 0.00>
ST_1 : Operation 170 [1/1] (0.00ns)   --->   "%specinterface_ln0 = specinterface void @_ssdm_op_SpecInterface, i64 %max_size, void @empty_6, i32 0, i32 0, void @empty_25, i32 0, i32 0, void @empty_4, void @empty_18, void @empty_25, i32 0, i32 0, i32 0, i32 0, void @empty_25, void @empty_25"   --->   Operation 170 'specinterface' 'specinterface_ln0' <Predicate = true> <Delay = 0.00>
ST_1 : Operation 171 [1/1] (0.00ns)   --->   "%specinterface_ln0 = specinterface void @_ssdm_op_SpecInterface, i64 %max_size, void @empty_2, i32 0, i32 0, void @empty_25, i32 0, i32 0, void @empty_25, void @empty_25, void @empty_25, i32 0, i32 0, i32 0, i32 0, void @empty_25, void @empty_25"   --->   Operation 171 'specinterface' 'specinterface_ln0' <Predicate = true> <Delay = 0.00>
ST_1 : Operation 172 [1/1] (0.00ns)   --->   "%specinterface_ln0 = specinterface void @_ssdm_op_SpecInterface, i64 %arrayX, void @empty_6, i32 0, i32 0, void @empty_25, i32 0, i32 0, void @empty_4, void @empty_12, void @empty_25, i32 0, i32 0, i32 0, i32 0, void @empty_25, void @empty_24"   --->   Operation 172 'specinterface' 'specinterface_ln0' <Predicate = true> <Delay = 0.00>
ST_1 : Operation 173 [1/1] (0.00ns)   --->   "%specinterface_ln0 = specinterface void @_ssdm_op_SpecInterface, i64 %arrayX, void @empty_2, i32 0, i32 0, void @empty_25, i32 0, i32 0, void @empty_25, void @empty_25, void @empty_25, i32 0, i32 0, i32 0, i32 0, void @empty_25, void @empty_24"   --->   Operation 173 'specinterface' 'specinterface_ln0' <Predicate = true> <Delay = 0.00>
ST_1 : Operation 174 [1/1] (0.00ns)   --->   "%specinterface_ln0 = specinterface void @_ssdm_op_SpecInterface, i64 %arrayY, void @empty_6, i32 0, i32 0, void @empty_25, i32 0, i32 0, void @empty_4, void @empty_23, void @empty_25, i32 0, i32 0, i32 0, i32 0, void @empty_25, void @empty_24"   --->   Operation 174 'specinterface' 'specinterface_ln0' <Predicate = true> <Delay = 0.00>
ST_1 : Operation 175 [1/1] (0.00ns)   --->   "%specinterface_ln0 = specinterface void @_ssdm_op_SpecInterface, i64 %arrayY, void @empty_2, i32 0, i32 0, void @empty_25, i32 0, i32 0, void @empty_25, void @empty_25, void @empty_25, i32 0, i32 0, i32 0, i32 0, void @empty_25, void @empty_24"   --->   Operation 175 'specinterface' 'specinterface_ln0' <Predicate = true> <Delay = 0.00>
ST_1 : Operation 176 [1/1] (0.00ns)   --->   "%specinterface_ln0 = specinterface void @_ssdm_op_SpecInterface, i64 %objxy, void @empty_6, i32 0, i32 0, void @empty_25, i32 0, i32 0, void @empty_4, void @empty_29, void @empty_25, i32 0, i32 0, i32 0, i32 0, void @empty_25, void @empty_24"   --->   Operation 176 'specinterface' 'specinterface_ln0' <Predicate = true> <Delay = 0.00>
ST_1 : Operation 177 [1/1] (0.00ns)   --->   "%specinterface_ln0 = specinterface void @_ssdm_op_SpecInterface, i64 %objxy, void @empty_2, i32 0, i32 0, void @empty_25, i32 0, i32 0, void @empty_25, void @empty_25, void @empty_25, i32 0, i32 0, i32 0, i32 0, void @empty_25, void @empty_24"   --->   Operation 177 'specinterface' 'specinterface_ln0' <Predicate = true> <Delay = 0.00>
ST_1 : Operation 178 [1/1] (0.00ns)   --->   "%specinterface_ln0 = specinterface void @_ssdm_op_SpecInterface, i64 %I, void @empty_6, i32 0, i32 0, void @empty_25, i32 0, i32 0, void @empty_4, void @empty_21, void @empty_25, i32 0, i32 0, i32 0, i32 0, void @empty_25, void @empty_24"   --->   Operation 178 'specinterface' 'specinterface_ln0' <Predicate = true> <Delay = 0.00>
ST_1 : Operation 179 [1/1] (0.00ns)   --->   "%specinterface_ln0 = specinterface void @_ssdm_op_SpecInterface, i64 %I, void @empty_2, i32 0, i32 0, void @empty_25, i32 0, i32 0, void @empty_25, void @empty_25, void @empty_25, i32 0, i32 0, i32 0, i32 0, void @empty_25, void @empty_24"   --->   Operation 179 'specinterface' 'specinterface_ln0' <Predicate = true> <Delay = 0.00>
ST_1 : Operation 180 [1/1] (0.00ns)   --->   "%specinterface_ln0 = specinterface void @_ssdm_op_SpecInterface, i64 %likelihood, void @empty_6, i32 0, i32 0, void @empty_25, i32 0, i32 0, void @empty_4, void @empty_20, void @empty_25, i32 0, i32 0, i32 0, i32 0, void @empty_25, void @empty_24"   --->   Operation 180 'specinterface' 'specinterface_ln0' <Predicate = true> <Delay = 0.00>
ST_1 : Operation 181 [1/1] (0.00ns)   --->   "%specinterface_ln0 = specinterface void @_ssdm_op_SpecInterface, i64 %likelihood, void @empty_2, i32 0, i32 0, void @empty_25, i32 0, i32 0, void @empty_25, void @empty_25, void @empty_25, i32 0, i32 0, i32 0, i32 0, void @empty_25, void @empty_24"   --->   Operation 181 'specinterface' 'specinterface_ln0' <Predicate = true> <Delay = 0.00>
ST_1 : Operation 182 [1/1] (0.00ns)   --->   "%specinterface_ln0 = specinterface void @_ssdm_op_SpecInterface, i32 0, void @empty_6, i32 0, i32 0, void @empty_25, i32 0, i32 0, void @empty_4, void @empty_25, void @empty_25, i32 0, i32 0, i32 0, i32 0, void @empty_25, void @empty_25"   --->   Operation 182 'specinterface' 'specinterface_ln0' <Predicate = true> <Delay = 0.00>
ST_1 : Operation 183 [1/1] (1.00ns)   --->   "%likelihood_read = read i64 @_ssdm_op_Read.s_axilite.i64, i64 %likelihood"   --->   Operation 183 'read' 'likelihood_read' <Predicate = true> <Delay = 1.00> <CoreInst = "s_axilite">   --->   Core 122 's_axilite' <Latency = 0> <II = 1> <Delay = 1.00> <Adapter> <Opcode : 'read' 'write'>
ST_1 : Operation 184 [1/1] (1.00ns)   --->   "%I_read = read i64 @_ssdm_op_Read.s_axilite.i64, i64 %I"   --->   Operation 184 'read' 'I_read' <Predicate = true> <Delay = 1.00> <CoreInst = "s_axilite">   --->   Core 122 's_axilite' <Latency = 0> <II = 1> <Delay = 1.00> <Adapter> <Opcode : 'read' 'write'>
ST_1 : Operation 185 [1/1] (1.00ns)   --->   "%objxy_read = read i64 @_ssdm_op_Read.s_axilite.i64, i64 %objxy"   --->   Operation 185 'read' 'objxy_read' <Predicate = true> <Delay = 1.00> <CoreInst = "s_axilite">   --->   Core 122 's_axilite' <Latency = 0> <II = 1> <Delay = 1.00> <Adapter> <Opcode : 'read' 'write'>
ST_1 : Operation 186 [1/1] (1.00ns)   --->   "%arrayY_read = read i64 @_ssdm_op_Read.s_axilite.i64, i64 %arrayY"   --->   Operation 186 'read' 'arrayY_read' <Predicate = true> <Delay = 1.00> <CoreInst = "s_axilite">   --->   Core 122 's_axilite' <Latency = 0> <II = 1> <Delay = 1.00> <Adapter> <Opcode : 'read' 'write'>
ST_1 : Operation 187 [1/1] (1.00ns)   --->   "%arrayX_read = read i64 @_ssdm_op_Read.s_axilite.i64, i64 %arrayX"   --->   Operation 187 'read' 'arrayX_read' <Predicate = true> <Delay = 1.00> <CoreInst = "s_axilite">   --->   Core 122 's_axilite' <Latency = 0> <II = 1> <Delay = 1.00> <Adapter> <Opcode : 'read' 'write'>
ST_1 : Operation 188 [1/1] (1.00ns)   --->   "%max_size_read = read i64 @_ssdm_op_Read.s_axilite.i64, i64 %max_size"   --->   Operation 188 'read' 'max_size_read' <Predicate = true> <Delay = 1.00> <CoreInst = "s_axilite">   --->   Core 122 's_axilite' <Latency = 0> <II = 1> <Delay = 1.00> <Adapter> <Opcode : 'read' 'write'>
ST_1 : Operation 189 [1/1] (1.00ns)   --->   "%k_read = read i32 @_ssdm_op_Read.s_axilite.i32, i32 %k"   --->   Operation 189 'read' 'k_read' <Predicate = true> <Delay = 1.00> <CoreInst = "s_axilite">   --->   Core 122 's_axilite' <Latency = 0> <II = 1> <Delay = 1.00> <Adapter> <Opcode : 'read' 'write'>
ST_1 : Operation 190 [1/1] (1.00ns)   --->   "%Nfr_read = read i32 @_ssdm_op_Read.s_axilite.i32, i32 %Nfr"   --->   Operation 190 'read' 'Nfr_read' <Predicate = true> <Delay = 1.00> <CoreInst = "s_axilite">   --->   Core 122 's_axilite' <Latency = 0> <II = 1> <Delay = 1.00> <Adapter> <Opcode : 'read' 'write'>
ST_1 : Operation 191 [1/1] (1.00ns)   --->   "%IszY_read = read i32 @_ssdm_op_Read.s_axilite.i32, i32 %IszY"   --->   Operation 191 'read' 'IszY_read' <Predicate = true> <Delay = 1.00> <CoreInst = "s_axilite">   --->   Core 122 's_axilite' <Latency = 0> <II = 1> <Delay = 1.00> <Adapter> <Opcode : 'read' 'write'>
ST_1 : Operation 192 [1/1] (1.00ns)   --->   "%countOnes_read = read i32 @_ssdm_op_Read.s_axilite.i32, i32 %countOnes"   --->   Operation 192 'read' 'countOnes_read' <Predicate = true> <Delay = 1.00> <CoreInst = "s_axilite">   --->   Core 122 's_axilite' <Latency = 0> <II = 1> <Delay = 1.00> <Adapter> <Opcode : 'read' 'write'>
ST_1 : Operation 193 [1/1] (1.00ns)   --->   "%Nparticles_read = read i32 @_ssdm_op_Read.s_axilite.i32, i32 %Nparticles"   --->   Operation 193 'read' 'Nparticles_read' <Predicate = true> <Delay = 1.00> <CoreInst = "s_axilite">   --->   Core 122 's_axilite' <Latency = 0> <II = 1> <Delay = 1.00> <Adapter> <Opcode : 'read' 'write'>
ST_1 : Operation 194 [1/1] (0.00ns)   --->   "%ind_buffer = alloca i64 1" [likelihood_kernel.cpp:67]   --->   Operation 194 'alloca' 'ind_buffer' <Predicate = true> <Delay = 0.00> <CoreInst = "RAM">   --->   Core 83 'RAM' <Latency = 1> <II = 1> <Delay = 0.60> <Storage> <Opcode : 'load' 'store'> <Ports = 2> <Width = 32> <Depth = 80> <RAM>
ST_1 : Operation 195 [1/1] (0.00ns)   --->   "%buffer_objxy = alloca i64 1" [likelihood_kernel.cpp:148]   --->   Operation 195 'alloca' 'buffer_objxy' <Predicate = true> <Delay = 0.00> <CoreInst = "RAM_1WnR">   --->   Core 84 'RAM_1WnR' <Latency = 1> <II = 1> <Delay = 1.19> <Storage> <Opcode : 'load' 'store'> <Ports = 17> <Width = 32> <Depth = 160> <RAM>
ST_1 : Operation 196 [1/1] (0.00ns)   --->   "%buffer_X = alloca i64 1" [likelihood_kernel.cpp:149]   --->   Operation 196 'alloca' 'buffer_X' <Predicate = true> <Delay = 0.00> <CoreInst = "RAM">   --->   Core 83 'RAM' <Latency = 1> <II = 1> <Delay = 0.71> <Storage> <Opcode : 'load' 'store'> <Ports = 2> <Width = 64> <Depth = 64> <RAM>
ST_1 : Operation 197 [1/1] (0.00ns)   --->   "%buffer_Y = alloca i64 1" [likelihood_kernel.cpp:150]   --->   Operation 197 'alloca' 'buffer_Y' <Predicate = true> <Delay = 0.00> <CoreInst = "RAM">   --->   Core 83 'RAM' <Latency = 1> <II = 1> <Delay = 0.71> <Storage> <Opcode : 'load' 'store'> <Ports = 2> <Width = 64> <Depth = 64> <RAM>
ST_1 : Operation 198 [1/1] (0.00ns)   --->   "%buffer_likelihood = alloca i64 1" [likelihood_kernel.cpp:151]   --->   Operation 198 'alloca' 'buffer_likelihood' <Predicate = true> <Delay = 0.00> <CoreInst = "RAM">   --->   Core 83 'RAM' <Latency = 1> <II = 1> <Delay = 0.71> <Storage> <Opcode : 'load' 'store'> <Ports = 2> <Width = 64> <Depth = 64> <RAM>
ST_1 : Operation 199 [1/1] (0.00ns)   --->   "%empty = trunc i32 %countOnes_read"   --->   Operation 199 'trunc' 'empty' <Predicate = true> <Delay = 0.00>
ST_1 : Operation 200 [1/1] (0.00ns)   --->   "%empty_39 = shl i32 %countOnes_read, i32 1"   --->   Operation 200 'shl' 'empty_39' <Predicate = true> <Delay = 0.00>
ST_1 : Operation 201 [1/1] (0.85ns)   --->   "%icmp_ln24 = icmp_sgt  i32 %empty_39, i32 0" [likelihood_kernel.cpp:24]   --->   Operation 201 'icmp' 'icmp_ln24' <Predicate = true> <Delay = 0.85> <CoreInst = "Cmp">   --->   Core 9 'Cmp' <Latency = 0> <II = 1> <Delay = 0.84> <FuncUnit> <Opcode : 'icmp'> <InPorts = 2> <OutPorts = 1>
ST_1 : Operation 202 [1/1] (0.00ns)   --->   "%br_ln24 = br i1 %icmp_ln24, void %_Z10load_objxyPKdPii.exit, void %.lr.ph62" [likelihood_kernel.cpp:24]   --->   Operation 202 'br' 'br_ln24' <Predicate = true> <Delay = 0.00>
ST_1 : Operation 203 [1/1] (0.00ns)   --->   "%trunc_ln = partselect i61 @_ssdm_op_PartSelect.i61.i64.i32.i32, i64 %objxy_read, i32 3, i32 63" [likelihood_kernel.cpp:24]   --->   Operation 203 'partselect' 'trunc_ln' <Predicate = (icmp_ln24)> <Delay = 0.00>

State 2 <SV = 1> <Delay = 2.43>
ST_2 : Operation 204 [1/1] (0.00ns)   --->   "%sext_ln24 = sext i61 %trunc_ln" [likelihood_kernel.cpp:24]   --->   Operation 204 'sext' 'sext_ln24' <Predicate = true> <Delay = 0.00>
ST_2 : Operation 205 [1/1] (0.00ns)   --->   "%gmem2_addr = getelementptr i64 %gmem2, i64 %sext_ln24" [likelihood_kernel.cpp:24]   --->   Operation 205 'getelementptr' 'gmem2_addr' <Predicate = true> <Delay = 0.00>
ST_2 : Operation 206 [7/7] (2.43ns)   --->   "%empty_40 = readreq i1 @_ssdm_op_ReadReq.m_axi.p1i64, i64 %gmem2_addr, i32 %empty_39" [likelihood_kernel.cpp:24]   --->   Operation 206 'readreq' 'empty_40' <Predicate = true> <Delay = 2.43> <CoreInst = "m_axi">   --->   Core 121 'm_axi' <Latency = 6> <II = 1> <Delay = 1.00> <Adapter> <Opcode : 'read' 'write' 'readreq' 'writereq' 'writeresp'>

State 3 <SV = 2> <Delay = 2.43>
ST_3 : Operation 207 [6/7] (2.43ns)   --->   "%empty_40 = readreq i1 @_ssdm_op_ReadReq.m_axi.p1i64, i64 %gmem2_addr, i32 %empty_39" [likelihood_kernel.cpp:24]   --->   Operation 207 'readreq' 'empty_40' <Predicate = true> <Delay = 2.43> <CoreInst = "m_axi">   --->   Core 121 'm_axi' <Latency = 6> <II = 1> <Delay = 1.00> <Adapter> <Opcode : 'read' 'write' 'readreq' 'writereq' 'writeresp'>

State 4 <SV = 3> <Delay = 2.43>
ST_4 : Operation 208 [5/7] (2.43ns)   --->   "%empty_40 = readreq i1 @_ssdm_op_ReadReq.m_axi.p1i64, i64 %gmem2_addr, i32 %empty_39" [likelihood_kernel.cpp:24]   --->   Operation 208 'readreq' 'empty_40' <Predicate = true> <Delay = 2.43> <CoreInst = "m_axi">   --->   Core 121 'm_axi' <Latency = 6> <II = 1> <Delay = 1.00> <Adapter> <Opcode : 'read' 'write' 'readreq' 'writereq' 'writeresp'>

State 5 <SV = 4> <Delay = 2.43>
ST_5 : Operation 209 [4/7] (2.43ns)   --->   "%empty_40 = readreq i1 @_ssdm_op_ReadReq.m_axi.p1i64, i64 %gmem2_addr, i32 %empty_39" [likelihood_kernel.cpp:24]   --->   Operation 209 'readreq' 'empty_40' <Predicate = true> <Delay = 2.43> <CoreInst = "m_axi">   --->   Core 121 'm_axi' <Latency = 6> <II = 1> <Delay = 1.00> <Adapter> <Opcode : 'read' 'write' 'readreq' 'writereq' 'writeresp'>

State 6 <SV = 5> <Delay = 2.43>
ST_6 : Operation 210 [3/7] (2.43ns)   --->   "%empty_40 = readreq i1 @_ssdm_op_ReadReq.m_axi.p1i64, i64 %gmem2_addr, i32 %empty_39" [likelihood_kernel.cpp:24]   --->   Operation 210 'readreq' 'empty_40' <Predicate = true> <Delay = 2.43> <CoreInst = "m_axi">   --->   Core 121 'm_axi' <Latency = 6> <II = 1> <Delay = 1.00> <Adapter> <Opcode : 'read' 'write' 'readreq' 'writereq' 'writeresp'>

State 7 <SV = 6> <Delay = 2.43>
ST_7 : Operation 211 [2/7] (2.43ns)   --->   "%empty_40 = readreq i1 @_ssdm_op_ReadReq.m_axi.p1i64, i64 %gmem2_addr, i32 %empty_39" [likelihood_kernel.cpp:24]   --->   Operation 211 'readreq' 'empty_40' <Predicate = true> <Delay = 2.43> <CoreInst = "m_axi">   --->   Core 121 'm_axi' <Latency = 6> <II = 1> <Delay = 1.00> <Adapter> <Opcode : 'read' 'write' 'readreq' 'writereq' 'writeresp'>

State 8 <SV = 7> <Delay = 2.43>
ST_8 : Operation 212 [1/1] (0.00ns)   --->   "%trunc_ln24_1 = bitconcatenate i31 @_ssdm_op_BitConcatenate.i31.i30.i1, i30 %empty, i1 0" [likelihood_kernel.cpp:24]   --->   Operation 212 'bitconcatenate' 'trunc_ln24_1' <Predicate = true> <Delay = 0.00>
ST_8 : Operation 213 [1/7] (2.43ns)   --->   "%empty_40 = readreq i1 @_ssdm_op_ReadReq.m_axi.p1i64, i64 %gmem2_addr, i32 %empty_39" [likelihood_kernel.cpp:24]   --->   Operation 213 'readreq' 'empty_40' <Predicate = true> <Delay = 2.43> <CoreInst = "m_axi">   --->   Core 121 'm_axi' <Latency = 6> <II = 1> <Delay = 1.00> <Adapter> <Opcode : 'read' 'write' 'readreq' 'writereq' 'writeresp'>
ST_8 : Operation 214 [1/1] (0.38ns)   --->   "%br_ln24 = br void" [likelihood_kernel.cpp:24]   --->   Operation 214 'br' 'br_ln24' <Predicate = true> <Delay = 0.38>

State 9 <SV = 8> <Delay = 0.84>
ST_9 : Operation 215 [1/1] (0.00ns)   --->   "%i = phi i8 0, void %.lr.ph62, i8 %add_ln24, void %.split15" [likelihood_kernel.cpp:24]   --->   Operation 215 'phi' 'i' <Predicate = true> <Delay = 0.00>
ST_9 : Operation 216 [1/1] (0.70ns)   --->   "%add_ln24 = add i8 %i, i8 1" [likelihood_kernel.cpp:24]   --->   Operation 216 'add' 'add_ln24' <Predicate = true> <Delay = 0.70> <CoreInst = "Adder">   --->   Core 1 'Adder' <Latency = 0> <II = 1> <Delay = 0.88> <FuncUnit> <Opcode : 'add' 'sub'> <InPorts = 2> <OutPorts = 1>
ST_9 : Operation 217 [1/1] (0.00ns)   --->   "%zext_ln24_1 = zext i8 %i" [likelihood_kernel.cpp:24]   --->   Operation 217 'zext' 'zext_ln24_1' <Predicate = true> <Delay = 0.00>
ST_9 : Operation 218 [1/1] (0.84ns)   --->   "%icmp_ln24_1 = icmp_eq  i31 %zext_ln24_1, i31 %trunc_ln24_1" [likelihood_kernel.cpp:24]   --->   Operation 218 'icmp' 'icmp_ln24_1' <Predicate = true> <Delay = 0.84> <CoreInst = "Cmp">   --->   Core 9 'Cmp' <Latency = 0> <II = 1> <Delay = 0.84> <FuncUnit> <Opcode : 'icmp'> <InPorts = 2> <OutPorts = 1>
ST_9 : Operation 219 [1/1] (0.00ns)   --->   "%br_ln24 = br i1 %icmp_ln24_1, void %.split15, void %_Z10load_objxyPKdPii.exit.loopexit" [likelihood_kernel.cpp:24]   --->   Operation 219 'br' 'br_ln24' <Predicate = true> <Delay = 0.00>

State 10 <SV = 9> <Delay = 2.43>
ST_10 : Operation 220 [1/1] (2.43ns)   --->   "%gmem2_addr_read = read i64 @_ssdm_op_Read.m_axi.p1i64, i64 %gmem2_addr" [likelihood_kernel.cpp:27]   --->   Operation 220 'read' 'gmem2_addr_read' <Predicate = (!icmp_ln24_1)> <Delay = 2.43> <CoreInst = "m_axi">   --->   Core 121 'm_axi' <Latency = 6> <II = 1> <Delay = 1.00> <Adapter> <Opcode : 'read' 'write' 'readreq' 'writereq' 'writeresp'>

State 11 <SV = 10> <Delay = 1.90>
ST_11 : Operation 221 [1/1] (0.00ns)   --->   "%bitcast_ln27 = bitcast i64 %gmem2_addr_read" [likelihood_kernel.cpp:27]   --->   Operation 221 'bitcast' 'bitcast_ln27' <Predicate = (!icmp_ln24_1)> <Delay = 0.00>
ST_11 : Operation 222 [8/8] (1.90ns)   --->   "%dc = dadd i64 %bitcast_ln27, i64 0.5" [likelihood_kernel.cpp:15->likelihood_kernel.cpp:27]   --->   Operation 222 'dadd' 'dc' <Predicate = (!icmp_ln24_1)> <Delay = 1.90> <CoreInst = "DAddSub_fulldsp">   --->   Core 37 'DAddSub_fulldsp' <Latency = 7> <II = 1> <Delay = 1.90> <FuncUnit> <Opcode : 'dadd' 'dsub'> <InPorts = 2> <OutPorts = 1>

State 12 <SV = 11> <Delay = 1.90>
ST_12 : Operation 223 [7/8] (1.90ns)   --->   "%dc = dadd i64 %bitcast_ln27, i64 0.5" [likelihood_kernel.cpp:15->likelihood_kernel.cpp:27]   --->   Operation 223 'dadd' 'dc' <Predicate = (!icmp_ln24_1)> <Delay = 1.90> <CoreInst = "DAddSub_fulldsp">   --->   Core 37 'DAddSub_fulldsp' <Latency = 7> <II = 1> <Delay = 1.90> <FuncUnit> <Opcode : 'dadd' 'dsub'> <InPorts = 2> <OutPorts = 1>

State 13 <SV = 12> <Delay = 1.90>
ST_13 : Operation 224 [6/8] (1.90ns)   --->   "%dc = dadd i64 %bitcast_ln27, i64 0.5" [likelihood_kernel.cpp:15->likelihood_kernel.cpp:27]   --->   Operation 224 'dadd' 'dc' <Predicate = (!icmp_ln24_1)> <Delay = 1.90> <CoreInst = "DAddSub_fulldsp">   --->   Core 37 'DAddSub_fulldsp' <Latency = 7> <II = 1> <Delay = 1.90> <FuncUnit> <Opcode : 'dadd' 'dsub'> <InPorts = 2> <OutPorts = 1>

State 14 <SV = 13> <Delay = 1.90>
ST_14 : Operation 225 [5/8] (1.90ns)   --->   "%dc = dadd i64 %bitcast_ln27, i64 0.5" [likelihood_kernel.cpp:15->likelihood_kernel.cpp:27]   --->   Operation 225 'dadd' 'dc' <Predicate = (!icmp_ln24_1)> <Delay = 1.90> <CoreInst = "DAddSub_fulldsp">   --->   Core 37 'DAddSub_fulldsp' <Latency = 7> <II = 1> <Delay = 1.90> <FuncUnit> <Opcode : 'dadd' 'dsub'> <InPorts = 2> <OutPorts = 1>

State 15 <SV = 14> <Delay = 1.90>
ST_15 : Operation 226 [4/8] (1.90ns)   --->   "%dc = dadd i64 %bitcast_ln27, i64 0.5" [likelihood_kernel.cpp:15->likelihood_kernel.cpp:27]   --->   Operation 226 'dadd' 'dc' <Predicate = (!icmp_ln24_1)> <Delay = 1.90> <CoreInst = "DAddSub_fulldsp">   --->   Core 37 'DAddSub_fulldsp' <Latency = 7> <II = 1> <Delay = 1.90> <FuncUnit> <Opcode : 'dadd' 'dsub'> <InPorts = 2> <OutPorts = 1>

State 16 <SV = 15> <Delay = 1.90>
ST_16 : Operation 227 [3/8] (1.90ns)   --->   "%dc = dadd i64 %bitcast_ln27, i64 0.5" [likelihood_kernel.cpp:15->likelihood_kernel.cpp:27]   --->   Operation 227 'dadd' 'dc' <Predicate = (!icmp_ln24_1)> <Delay = 1.90> <CoreInst = "DAddSub_fulldsp">   --->   Core 37 'DAddSub_fulldsp' <Latency = 7> <II = 1> <Delay = 1.90> <FuncUnit> <Opcode : 'dadd' 'dsub'> <InPorts = 2> <OutPorts = 1>

State 17 <SV = 16> <Delay = 1.90>
ST_17 : Operation 228 [2/8] (1.90ns)   --->   "%dc = dadd i64 %bitcast_ln27, i64 0.5" [likelihood_kernel.cpp:15->likelihood_kernel.cpp:27]   --->   Operation 228 'dadd' 'dc' <Predicate = (!icmp_ln24_1)> <Delay = 1.90> <CoreInst = "DAddSub_fulldsp">   --->   Core 37 'DAddSub_fulldsp' <Latency = 7> <II = 1> <Delay = 1.90> <FuncUnit> <Opcode : 'dadd' 'dsub'> <InPorts = 2> <OutPorts = 1>

State 18 <SV = 17> <Delay = 1.90>
ST_18 : Operation 229 [1/8] (1.90ns)   --->   "%dc = dadd i64 %bitcast_ln27, i64 0.5" [likelihood_kernel.cpp:15->likelihood_kernel.cpp:27]   --->   Operation 229 'dadd' 'dc' <Predicate = (!icmp_ln24_1)> <Delay = 1.90> <CoreInst = "DAddSub_fulldsp">   --->   Core 37 'DAddSub_fulldsp' <Latency = 7> <II = 1> <Delay = 1.90> <FuncUnit> <Opcode : 'dadd' 'dsub'> <InPorts = 2> <OutPorts = 1>

State 19 <SV = 18> <Delay = 2.16>
ST_19 : Operation 230 [1/1] (0.00ns)   --->   "%data_V = bitcast i64 %dc" [/wrk/ci/prod/2020.2/rdi_builds/continuous/2020_11_18_3064766/src/shared/hls/clib/src/hls/utils/x_hls_utils.h:483]   --->   Operation 230 'bitcast' 'data_V' <Predicate = (!icmp_ln24_1)> <Delay = 0.00>
ST_19 : Operation 231 [1/1] (0.00ns)   --->   "%p_Result_s = bitselect i1 @_ssdm_op_BitSelect.i1.i64.i32, i64 %data_V, i32 63"   --->   Operation 231 'bitselect' 'p_Result_s' <Predicate = (!icmp_ln24_1)> <Delay = 0.00>
ST_19 : Operation 232 [1/1] (0.00ns)   --->   "%tmp_13 = partselect i11 @_ssdm_op_PartSelect.i11.i64.i32.i32, i64 %data_V, i32 52, i32 62"   --->   Operation 232 'partselect' 'tmp_13' <Predicate = (!icmp_ln24_1)> <Delay = 0.00>
ST_19 : Operation 233 [1/1] (0.00ns)   --->   "%tmp_14 = trunc i64 %data_V"   --->   Operation 233 'trunc' 'tmp_14' <Predicate = (!icmp_ln24_1)> <Delay = 0.00>
ST_19 : Operation 234 [1/1] (0.00ns)   --->   "%mantissa = bitconcatenate i54 @_ssdm_op_BitConcatenate.i54.i1.i52.i1, i1 1, i52 %tmp_14, i1 0"   --->   Operation 234 'bitconcatenate' 'mantissa' <Predicate = (!icmp_ln24_1)> <Delay = 0.00>
ST_19 : Operation 235 [1/1] (0.00ns)   --->   "%zext_ln15 = zext i54 %mantissa" [/wrk/ci/prod/2020.2/rdi_builds/continuous/2020_11_18_3064766/src/shared/hls/clib/hlsmath/include/FloatingPoint/hls_case_IEEE754.h:15]   --->   Operation 235 'zext' 'zext_ln15' <Predicate = (!icmp_ln24_1)> <Delay = 0.00>
ST_19 : Operation 236 [1/1] (0.00ns)   --->   "%zext_ln510 = zext i11 %tmp_13" [/wrk/ci/prod/2020.2/rdi_builds/continuous/2020_11_18_3064766/src/shared/hls/clib/src/hls/utils/x_hls_utils.h:510]   --->   Operation 236 'zext' 'zext_ln510' <Predicate = (!icmp_ln24_1)> <Delay = 0.00>
ST_19 : Operation 237 [1/1] (0.73ns)   --->   "%add_ln510 = add i12 %zext_ln510, i12 3073" [/wrk/ci/prod/2020.2/rdi_builds/continuous/2020_11_18_3064766/src/shared/hls/clib/src/hls/utils/x_hls_utils.h:510]   --->   Operation 237 'add' 'add_ln510' <Predicate = (!icmp_ln24_1)> <Delay = 0.73> <CoreInst = "Adder">   --->   Core 1 'Adder' <Latency = 0> <II = 1> <Delay = 0.88> <FuncUnit> <Opcode : 'add' 'sub'> <InPorts = 2> <OutPorts = 1>
ST_19 : Operation 238 [1/1] (0.00ns)   --->   "%isNeg = bitselect i1 @_ssdm_op_BitSelect.i1.i12.i32, i12 %add_ln510, i32 11"   --->   Operation 238 'bitselect' 'isNeg' <Predicate = (!icmp_ln24_1)> <Delay = 0.00>
ST_19 : Operation 239 [1/1] (0.73ns)   --->   "%sub_ln1311 = sub i11 1023, i11 %tmp_13"   --->   Operation 239 'sub' 'sub_ln1311' <Predicate = (!icmp_ln24_1)> <Delay = 0.73> <CoreInst = "Adder">   --->   Core 1 'Adder' <Latency = 0> <II = 1> <Delay = 0.88> <FuncUnit> <Opcode : 'add' 'sub'> <InPorts = 2> <OutPorts = 1>
ST_19 : Operation 240 [1/1] (0.00ns)   --->   "%sext_ln1311 = sext i11 %sub_ln1311"   --->   Operation 240 'sext' 'sext_ln1311' <Predicate = (!icmp_ln24_1)> <Delay = 0.00>
ST_19 : Operation 241 [1/1] (0.29ns)   --->   "%ush = select i1 %isNeg, i12 %sext_ln1311, i12 %add_ln510"   --->   Operation 241 'select' 'ush' <Predicate = (!icmp_ln24_1)> <Delay = 0.29> <CoreInst = "Sel">   --->   Core 73 'Sel' <Latency = 0> <II = 1> <Delay = 0.22> <FuncUnit> <Opcode : 'select'> <InPorts = 3> <OutPorts = 1>
ST_19 : Operation 242 [1/1] (0.00ns)   --->   "%sh_prom_i_i_i_i_i_i_cast_cast_cast = sext i12 %ush"   --->   Operation 242 'sext' 'sh_prom_i_i_i_i_i_i_cast_cast_cast' <Predicate = (!icmp_ln24_1)> <Delay = 0.00>
ST_19 : Operation 243 [1/1] (0.00ns)   --->   "%sh_prom_i_i_i_i_i_i_cast_cast_cast_cast = zext i32 %sh_prom_i_i_i_i_i_i_cast_cast_cast"   --->   Operation 243 'zext' 'sh_prom_i_i_i_i_i_i_cast_cast_cast_cast' <Predicate = (!icmp_ln24_1)> <Delay = 0.00>
ST_19 : Operation 244 [1/1] (0.00ns) (grouped into LUT with out node val)   --->   "%r_V = lshr i137 %zext_ln15, i137 %sh_prom_i_i_i_i_i_i_cast_cast_cast_cast"   --->   Operation 244 'lshr' 'r_V' <Predicate = (!icmp_ln24_1)> <Delay = 0.00> <CoreInst = "Shifter">   --->   Core 75 'Shifter' <Latency = 0> <II = 1> <Delay = 1.12> <FuncUnit> <Opcode : 'shl' 'lshr' 'ashr'> <InPorts = 2> <OutPorts = 1>
ST_19 : Operation 245 [1/1] (0.00ns) (grouped into LUT with out node val)   --->   "%r_V_1 = shl i137 %zext_ln15, i137 %sh_prom_i_i_i_i_i_i_cast_cast_cast_cast"   --->   Operation 245 'shl' 'r_V_1' <Predicate = (!icmp_ln24_1)> <Delay = 0.00> <CoreInst = "Shifter">   --->   Core 75 'Shifter' <Latency = 0> <II = 1> <Delay = 1.12> <FuncUnit> <Opcode : 'shl' 'lshr' 'ashr'> <InPorts = 2> <OutPorts = 1>
ST_19 : Operation 246 [1/1] (0.00ns) (grouped into LUT with out node val)   --->   "%tmp = bitselect i1 @_ssdm_op_BitSelect.i1.i137.i32, i137 %r_V, i32 53"   --->   Operation 246 'bitselect' 'tmp' <Predicate = (!icmp_ln24_1)> <Delay = 0.00>
ST_19 : Operation 247 [1/1] (0.00ns) (grouped into LUT with out node val)   --->   "%zext_ln662 = zext i1 %tmp"   --->   Operation 247 'zext' 'zext_ln662' <Predicate = (!icmp_ln24_1)> <Delay = 0.00>
ST_19 : Operation 248 [1/1] (0.00ns) (grouped into LUT with out node val)   --->   "%tmp_7 = partselect i32 @_ssdm_op_PartSelect.i32.i137.i32.i32, i137 %r_V_1, i32 53, i32 84"   --->   Operation 248 'partselect' 'tmp_7' <Predicate = (!icmp_ln24_1)> <Delay = 0.00>
ST_19 : Operation 249 [1/1] (1.12ns) (out node of the LUT)   --->   "%val = select i1 %isNeg, i32 %zext_ln662, i32 %tmp_7"   --->   Operation 249 'select' 'val' <Predicate = (!icmp_ln24_1)> <Delay = 1.12> <CoreInst = "Sel">   --->   Core 73 'Sel' <Latency = 0> <II = 1> <Delay = 0.22> <FuncUnit> <Opcode : 'select'> <InPorts = 3> <OutPorts = 1>

State 20 <SV = 19> <Delay = 2.30>
ST_20 : Operation 250 [1/1] (0.00ns)   --->   "%zext_ln24 = zext i8 %i" [likelihood_kernel.cpp:24]   --->   Operation 250 'zext' 'zext_ln24' <Predicate = (!icmp_ln24_1)> <Delay = 0.00>
ST_20 : Operation 251 [1/1] (0.00ns)   --->   "%specpipeline_ln24 = specpipeline void @_ssdm_op_SpecPipeline, i32 1, i32 0, i32 0, i32 0, void @empty_25" [likelihood_kernel.cpp:24]   --->   Operation 251 'specpipeline' 'specpipeline_ln24' <Predicate = (!icmp_ln24_1)> <Delay = 0.00>
ST_20 : Operation 252 [1/1] (0.00ns)   --->   "%speclooptripcount_ln24 = speclooptripcount void @_ssdm_op_SpecLoopTripCount, i64 140, i64 160, i64 150" [likelihood_kernel.cpp:24]   --->   Operation 252 'speclooptripcount' 'speclooptripcount_ln24' <Predicate = (!icmp_ln24_1)> <Delay = 0.00>
ST_20 : Operation 253 [1/1] (0.00ns)   --->   "%specloopname_ln24 = specloopname void @_ssdm_op_SpecLoopName, void @empty_28" [likelihood_kernel.cpp:24]   --->   Operation 253 'specloopname' 'specloopname_ln24' <Predicate = (!icmp_ln24_1)> <Delay = 0.00>
ST_20 : Operation 254 [1/1] (0.88ns)   --->   "%result_V_2 = sub i32 0, i32 %val"   --->   Operation 254 'sub' 'result_V_2' <Predicate = (!icmp_ln24_1 & p_Result_s)> <Delay = 0.88> <CoreInst = "Adder">   --->   Core 1 'Adder' <Latency = 0> <II = 1> <Delay = 0.88> <FuncUnit> <Opcode : 'add' 'sub'> <InPorts = 2> <OutPorts = 1>
ST_20 : Operation 255 [1/1] (0.22ns)   --->   "%result_V = select i1 %p_Result_s, i32 %result_V_2, i32 %val" [/wrk/ci/prod/2020.2/rdi_builds/continuous/2020_11_18_3064766/src/shared/hls/clib/hlsmath/include/FloatingPoint/hls_case_IEEE754.h:59]   --->   Operation 255 'select' 'result_V' <Predicate = (!icmp_ln24_1)> <Delay = 0.22> <CoreInst = "Sel">   --->   Core 73 'Sel' <Latency = 0> <II = 1> <Delay = 0.22> <FuncUnit> <Opcode : 'select'> <InPorts = 3> <OutPorts = 1>
ST_20 : Operation 256 [1/1] (0.00ns)   --->   "%buffer_objxy_addr = getelementptr i32 %buffer_objxy, i64 0, i64 %zext_ln24" [likelihood_kernel.cpp:27]   --->   Operation 256 'getelementptr' 'buffer_objxy_addr' <Predicate = (!icmp_ln24_1)> <Delay = 0.00>
ST_20 : Operation 257 [1/1] (1.19ns)   --->   "%store_ln27 = store i32 %result_V, i8 %buffer_objxy_addr" [likelihood_kernel.cpp:27]   --->   Operation 257 'store' 'store_ln27' <Predicate = (!icmp_ln24_1)> <Delay = 1.19> <CoreInst = "RAM_1WnR">   --->   Core 84 'RAM_1WnR' <Latency = 1> <II = 1> <Delay = 1.19> <Storage> <Opcode : 'load' 'store'> <Ports = 17> <Width = 32> <Depth = 160> <RAM>
ST_20 : Operation 258 [1/1] (0.00ns)   --->   "%br_ln0 = br void"   --->   Operation 258 'br' 'br_ln0' <Predicate = (!icmp_ln24_1)> <Delay = 0.00>

State 21 <SV = 9> <Delay = 2.21>
ST_21 : Operation 259 [1/1] (0.00ns)   --->   "%br_ln0 = br void %_Z10load_objxyPKdPii.exit"   --->   Operation 259 'br' 'br_ln0' <Predicate = (icmp_ln24)> <Delay = 0.00>
ST_21 : Operation 260 [5/5] (2.21ns)   --->   "%conv_i = sitodp i32 %countOnes_read"   --->   Operation 260 'sitodp' 'conv_i' <Predicate = true> <Delay = 2.21> <CoreInst = "Int2Double">   --->   Core 66 'Int2Double' <Latency = 4> <II = 1> <Delay = 2.21> <FuncUnit> <Opcode : 'sitodp' 'uitodp'> <InPorts = 1> <OutPorts = 1>

State 22 <SV = 10> <Delay = 2.21>
ST_22 : Operation 261 [4/5] (2.21ns)   --->   "%conv_i = sitodp i32 %countOnes_read"   --->   Operation 261 'sitodp' 'conv_i' <Predicate = true> <Delay = 2.21> <CoreInst = "Int2Double">   --->   Core 66 'Int2Double' <Latency = 4> <II = 1> <Delay = 2.21> <FuncUnit> <Opcode : 'sitodp' 'uitodp'> <InPorts = 1> <OutPorts = 1>

State 23 <SV = 11> <Delay = 2.21>
ST_23 : Operation 262 [3/5] (2.21ns)   --->   "%conv_i = sitodp i32 %countOnes_read"   --->   Operation 262 'sitodp' 'conv_i' <Predicate = true> <Delay = 2.21> <CoreInst = "Int2Double">   --->   Core 66 'Int2Double' <Latency = 4> <II = 1> <Delay = 2.21> <FuncUnit> <Opcode : 'sitodp' 'uitodp'> <InPorts = 1> <OutPorts = 1>

State 24 <SV = 12> <Delay = 2.21>
ST_24 : Operation 263 [2/5] (2.21ns)   --->   "%conv_i = sitodp i32 %countOnes_read"   --->   Operation 263 'sitodp' 'conv_i' <Predicate = true> <Delay = 2.21> <CoreInst = "Int2Double">   --->   Core 66 'Int2Double' <Latency = 4> <II = 1> <Delay = 2.21> <FuncUnit> <Opcode : 'sitodp' 'uitodp'> <InPorts = 1> <OutPorts = 1>

State 25 <SV = 13> <Delay = 2.21>
ST_25 : Operation 264 [1/5] (2.21ns)   --->   "%conv_i = sitodp i32 %countOnes_read"   --->   Operation 264 'sitodp' 'conv_i' <Predicate = true> <Delay = 2.21> <CoreInst = "Int2Double">   --->   Core 66 'Int2Double' <Latency = 4> <II = 1> <Delay = 2.21> <FuncUnit> <Opcode : 'sitodp' 'uitodp'> <InPorts = 1> <OutPorts = 1>

State 26 <SV = 14> <Delay = 2.35>
ST_26 : Operation 265 [31/31] (2.35ns)   --->   "%inv_count = ddiv i64 1, i64 %conv_i"   --->   Operation 265 'ddiv' 'inv_count' <Predicate = true> <Delay = 2.35> <CoreInst = "DDiv">   --->   Core 39 'DDiv' <Latency = 30> <II = 1> <Delay = 2.35> <FuncUnit> <Opcode : 'ddiv' 'drem'> <InPorts = 2> <OutPorts = 1>

State 27 <SV = 15> <Delay = 2.35>
ST_27 : Operation 266 [30/31] (2.35ns)   --->   "%inv_count = ddiv i64 1, i64 %conv_i"   --->   Operation 266 'ddiv' 'inv_count' <Predicate = true> <Delay = 2.35> <CoreInst = "DDiv">   --->   Core 39 'DDiv' <Latency = 30> <II = 1> <Delay = 2.35> <FuncUnit> <Opcode : 'ddiv' 'drem'> <InPorts = 2> <OutPorts = 1>

State 28 <SV = 16> <Delay = 2.35>
ST_28 : Operation 267 [29/31] (2.35ns)   --->   "%inv_count = ddiv i64 1, i64 %conv_i"   --->   Operation 267 'ddiv' 'inv_count' <Predicate = true> <Delay = 2.35> <CoreInst = "DDiv">   --->   Core 39 'DDiv' <Latency = 30> <II = 1> <Delay = 2.35> <FuncUnit> <Opcode : 'ddiv' 'drem'> <InPorts = 2> <OutPorts = 1>

State 29 <SV = 17> <Delay = 2.35>
ST_29 : Operation 268 [28/31] (2.35ns)   --->   "%inv_count = ddiv i64 1, i64 %conv_i"   --->   Operation 268 'ddiv' 'inv_count' <Predicate = true> <Delay = 2.35> <CoreInst = "DDiv">   --->   Core 39 'DDiv' <Latency = 30> <II = 1> <Delay = 2.35> <FuncUnit> <Opcode : 'ddiv' 'drem'> <InPorts = 2> <OutPorts = 1>

State 30 <SV = 18> <Delay = 2.35>
ST_30 : Operation 269 [27/31] (2.35ns)   --->   "%inv_count = ddiv i64 1, i64 %conv_i"   --->   Operation 269 'ddiv' 'inv_count' <Predicate = true> <Delay = 2.35> <CoreInst = "DDiv">   --->   Core 39 'DDiv' <Latency = 30> <II = 1> <Delay = 2.35> <FuncUnit> <Opcode : 'ddiv' 'drem'> <InPorts = 2> <OutPorts = 1>

State 31 <SV = 19> <Delay = 2.35>
ST_31 : Operation 270 [26/31] (2.35ns)   --->   "%inv_count = ddiv i64 1, i64 %conv_i"   --->   Operation 270 'ddiv' 'inv_count' <Predicate = true> <Delay = 2.35> <CoreInst = "DDiv">   --->   Core 39 'DDiv' <Latency = 30> <II = 1> <Delay = 2.35> <FuncUnit> <Opcode : 'ddiv' 'drem'> <InPorts = 2> <OutPorts = 1>

State 32 <SV = 20> <Delay = 2.35>
ST_32 : Operation 271 [25/31] (2.35ns)   --->   "%inv_count = ddiv i64 1, i64 %conv_i"   --->   Operation 271 'ddiv' 'inv_count' <Predicate = true> <Delay = 2.35> <CoreInst = "DDiv">   --->   Core 39 'DDiv' <Latency = 30> <II = 1> <Delay = 2.35> <FuncUnit> <Opcode : 'ddiv' 'drem'> <InPorts = 2> <OutPorts = 1>

State 33 <SV = 21> <Delay = 2.35>
ST_33 : Operation 272 [24/31] (2.35ns)   --->   "%inv_count = ddiv i64 1, i64 %conv_i"   --->   Operation 272 'ddiv' 'inv_count' <Predicate = true> <Delay = 2.35> <CoreInst = "DDiv">   --->   Core 39 'DDiv' <Latency = 30> <II = 1> <Delay = 2.35> <FuncUnit> <Opcode : 'ddiv' 'drem'> <InPorts = 2> <OutPorts = 1>

State 34 <SV = 22> <Delay = 2.35>
ST_34 : Operation 273 [23/31] (2.35ns)   --->   "%inv_count = ddiv i64 1, i64 %conv_i"   --->   Operation 273 'ddiv' 'inv_count' <Predicate = true> <Delay = 2.35> <CoreInst = "DDiv">   --->   Core 39 'DDiv' <Latency = 30> <II = 1> <Delay = 2.35> <FuncUnit> <Opcode : 'ddiv' 'drem'> <InPorts = 2> <OutPorts = 1>

State 35 <SV = 23> <Delay = 2.35>
ST_35 : Operation 274 [22/31] (2.35ns)   --->   "%inv_count = ddiv i64 1, i64 %conv_i"   --->   Operation 274 'ddiv' 'inv_count' <Predicate = true> <Delay = 2.35> <CoreInst = "DDiv">   --->   Core 39 'DDiv' <Latency = 30> <II = 1> <Delay = 2.35> <FuncUnit> <Opcode : 'ddiv' 'drem'> <InPorts = 2> <OutPorts = 1>

State 36 <SV = 24> <Delay = 2.35>
ST_36 : Operation 275 [21/31] (2.35ns)   --->   "%inv_count = ddiv i64 1, i64 %conv_i"   --->   Operation 275 'ddiv' 'inv_count' <Predicate = true> <Delay = 2.35> <CoreInst = "DDiv">   --->   Core 39 'DDiv' <Latency = 30> <II = 1> <Delay = 2.35> <FuncUnit> <Opcode : 'ddiv' 'drem'> <InPorts = 2> <OutPorts = 1>

State 37 <SV = 25> <Delay = 2.35>
ST_37 : Operation 276 [20/31] (2.35ns)   --->   "%inv_count = ddiv i64 1, i64 %conv_i"   --->   Operation 276 'ddiv' 'inv_count' <Predicate = true> <Delay = 2.35> <CoreInst = "DDiv">   --->   Core 39 'DDiv' <Latency = 30> <II = 1> <Delay = 2.35> <FuncUnit> <Opcode : 'ddiv' 'drem'> <InPorts = 2> <OutPorts = 1>

State 38 <SV = 26> <Delay = 2.35>
ST_38 : Operation 277 [19/31] (2.35ns)   --->   "%inv_count = ddiv i64 1, i64 %conv_i"   --->   Operation 277 'ddiv' 'inv_count' <Predicate = true> <Delay = 2.35> <CoreInst = "DDiv">   --->   Core 39 'DDiv' <Latency = 30> <II = 1> <Delay = 2.35> <FuncUnit> <Opcode : 'ddiv' 'drem'> <InPorts = 2> <OutPorts = 1>

State 39 <SV = 27> <Delay = 2.35>
ST_39 : Operation 278 [18/31] (2.35ns)   --->   "%inv_count = ddiv i64 1, i64 %conv_i"   --->   Operation 278 'ddiv' 'inv_count' <Predicate = true> <Delay = 2.35> <CoreInst = "DDiv">   --->   Core 39 'DDiv' <Latency = 30> <II = 1> <Delay = 2.35> <FuncUnit> <Opcode : 'ddiv' 'drem'> <InPorts = 2> <OutPorts = 1>

State 40 <SV = 28> <Delay = 2.35>
ST_40 : Operation 279 [17/31] (2.35ns)   --->   "%inv_count = ddiv i64 1, i64 %conv_i"   --->   Operation 279 'ddiv' 'inv_count' <Predicate = true> <Delay = 2.35> <CoreInst = "DDiv">   --->   Core 39 'DDiv' <Latency = 30> <II = 1> <Delay = 2.35> <FuncUnit> <Opcode : 'ddiv' 'drem'> <InPorts = 2> <OutPorts = 1>

State 41 <SV = 29> <Delay = 2.35>
ST_41 : Operation 280 [16/31] (2.35ns)   --->   "%inv_count = ddiv i64 1, i64 %conv_i"   --->   Operation 280 'ddiv' 'inv_count' <Predicate = true> <Delay = 2.35> <CoreInst = "DDiv">   --->   Core 39 'DDiv' <Latency = 30> <II = 1> <Delay = 2.35> <FuncUnit> <Opcode : 'ddiv' 'drem'> <InPorts = 2> <OutPorts = 1>

State 42 <SV = 30> <Delay = 2.35>
ST_42 : Operation 281 [15/31] (2.35ns)   --->   "%inv_count = ddiv i64 1, i64 %conv_i"   --->   Operation 281 'ddiv' 'inv_count' <Predicate = true> <Delay = 2.35> <CoreInst = "DDiv">   --->   Core 39 'DDiv' <Latency = 30> <II = 1> <Delay = 2.35> <FuncUnit> <Opcode : 'ddiv' 'drem'> <InPorts = 2> <OutPorts = 1>

State 43 <SV = 31> <Delay = 2.35>
ST_43 : Operation 282 [14/31] (2.35ns)   --->   "%inv_count = ddiv i64 1, i64 %conv_i"   --->   Operation 282 'ddiv' 'inv_count' <Predicate = true> <Delay = 2.35> <CoreInst = "DDiv">   --->   Core 39 'DDiv' <Latency = 30> <II = 1> <Delay = 2.35> <FuncUnit> <Opcode : 'ddiv' 'drem'> <InPorts = 2> <OutPorts = 1>

State 44 <SV = 32> <Delay = 2.35>
ST_44 : Operation 283 [13/31] (2.35ns)   --->   "%inv_count = ddiv i64 1, i64 %conv_i"   --->   Operation 283 'ddiv' 'inv_count' <Predicate = true> <Delay = 2.35> <CoreInst = "DDiv">   --->   Core 39 'DDiv' <Latency = 30> <II = 1> <Delay = 2.35> <FuncUnit> <Opcode : 'ddiv' 'drem'> <InPorts = 2> <OutPorts = 1>

State 45 <SV = 33> <Delay = 2.35>
ST_45 : Operation 284 [12/31] (2.35ns)   --->   "%inv_count = ddiv i64 1, i64 %conv_i"   --->   Operation 284 'ddiv' 'inv_count' <Predicate = true> <Delay = 2.35> <CoreInst = "DDiv">   --->   Core 39 'DDiv' <Latency = 30> <II = 1> <Delay = 2.35> <FuncUnit> <Opcode : 'ddiv' 'drem'> <InPorts = 2> <OutPorts = 1>

State 46 <SV = 34> <Delay = 2.35>
ST_46 : Operation 285 [11/31] (2.35ns)   --->   "%inv_count = ddiv i64 1, i64 %conv_i"   --->   Operation 285 'ddiv' 'inv_count' <Predicate = true> <Delay = 2.35> <CoreInst = "DDiv">   --->   Core 39 'DDiv' <Latency = 30> <II = 1> <Delay = 2.35> <FuncUnit> <Opcode : 'ddiv' 'drem'> <InPorts = 2> <OutPorts = 1>

State 47 <SV = 35> <Delay = 2.35>
ST_47 : Operation 286 [10/31] (2.35ns)   --->   "%inv_count = ddiv i64 1, i64 %conv_i"   --->   Operation 286 'ddiv' 'inv_count' <Predicate = true> <Delay = 2.35> <CoreInst = "DDiv">   --->   Core 39 'DDiv' <Latency = 30> <II = 1> <Delay = 2.35> <FuncUnit> <Opcode : 'ddiv' 'drem'> <InPorts = 2> <OutPorts = 1>

State 48 <SV = 36> <Delay = 2.35>
ST_48 : Operation 287 [9/31] (2.35ns)   --->   "%inv_count = ddiv i64 1, i64 %conv_i"   --->   Operation 287 'ddiv' 'inv_count' <Predicate = true> <Delay = 2.35> <CoreInst = "DDiv">   --->   Core 39 'DDiv' <Latency = 30> <II = 1> <Delay = 2.35> <FuncUnit> <Opcode : 'ddiv' 'drem'> <InPorts = 2> <OutPorts = 1>

State 49 <SV = 37> <Delay = 2.35>
ST_49 : Operation 288 [8/31] (2.35ns)   --->   "%inv_count = ddiv i64 1, i64 %conv_i"   --->   Operation 288 'ddiv' 'inv_count' <Predicate = true> <Delay = 2.35> <CoreInst = "DDiv">   --->   Core 39 'DDiv' <Latency = 30> <II = 1> <Delay = 2.35> <FuncUnit> <Opcode : 'ddiv' 'drem'> <InPorts = 2> <OutPorts = 1>

State 50 <SV = 38> <Delay = 2.35>
ST_50 : Operation 289 [7/31] (2.35ns)   --->   "%inv_count = ddiv i64 1, i64 %conv_i"   --->   Operation 289 'ddiv' 'inv_count' <Predicate = true> <Delay = 2.35> <CoreInst = "DDiv">   --->   Core 39 'DDiv' <Latency = 30> <II = 1> <Delay = 2.35> <FuncUnit> <Opcode : 'ddiv' 'drem'> <InPorts = 2> <OutPorts = 1>

State 51 <SV = 39> <Delay = 2.35>
ST_51 : Operation 290 [6/31] (2.35ns)   --->   "%inv_count = ddiv i64 1, i64 %conv_i"   --->   Operation 290 'ddiv' 'inv_count' <Predicate = true> <Delay = 2.35> <CoreInst = "DDiv">   --->   Core 39 'DDiv' <Latency = 30> <II = 1> <Delay = 2.35> <FuncUnit> <Opcode : 'ddiv' 'drem'> <InPorts = 2> <OutPorts = 1>

State 52 <SV = 40> <Delay = 2.35>
ST_52 : Operation 291 [5/31] (2.35ns)   --->   "%inv_count = ddiv i64 1, i64 %conv_i"   --->   Operation 291 'ddiv' 'inv_count' <Predicate = true> <Delay = 2.35> <CoreInst = "DDiv">   --->   Core 39 'DDiv' <Latency = 30> <II = 1> <Delay = 2.35> <FuncUnit> <Opcode : 'ddiv' 'drem'> <InPorts = 2> <OutPorts = 1>

State 53 <SV = 41> <Delay = 2.35>
ST_53 : Operation 292 [4/31] (2.35ns)   --->   "%inv_count = ddiv i64 1, i64 %conv_i"   --->   Operation 292 'ddiv' 'inv_count' <Predicate = true> <Delay = 2.35> <CoreInst = "DDiv">   --->   Core 39 'DDiv' <Latency = 30> <II = 1> <Delay = 2.35> <FuncUnit> <Opcode : 'ddiv' 'drem'> <InPorts = 2> <OutPorts = 1>

State 54 <SV = 42> <Delay = 2.35>
ST_54 : Operation 293 [3/31] (2.35ns)   --->   "%inv_count = ddiv i64 1, i64 %conv_i"   --->   Operation 293 'ddiv' 'inv_count' <Predicate = true> <Delay = 2.35> <CoreInst = "DDiv">   --->   Core 39 'DDiv' <Latency = 30> <II = 1> <Delay = 2.35> <FuncUnit> <Opcode : 'ddiv' 'drem'> <InPorts = 2> <OutPorts = 1>

State 55 <SV = 43> <Delay = 2.35>
ST_55 : Operation 294 [2/31] (2.35ns)   --->   "%inv_count = ddiv i64 1, i64 %conv_i"   --->   Operation 294 'ddiv' 'inv_count' <Predicate = true> <Delay = 2.35> <CoreInst = "DDiv">   --->   Core 39 'DDiv' <Latency = 30> <II = 1> <Delay = 2.35> <FuncUnit> <Opcode : 'ddiv' 'drem'> <InPorts = 2> <OutPorts = 1>

State 56 <SV = 44> <Delay = 2.35>
ST_56 : Operation 295 [1/31] (2.35ns)   --->   "%inv_count = ddiv i64 1, i64 %conv_i"   --->   Operation 295 'ddiv' 'inv_count' <Predicate = true> <Delay = 2.35> <CoreInst = "DDiv">   --->   Core 39 'DDiv' <Latency = 30> <II = 1> <Delay = 2.35> <FuncUnit> <Opcode : 'ddiv' 'drem'> <InPorts = 2> <OutPorts = 1>

State 57 <SV = 45> <Delay = 2.32>
ST_57 : Operation 296 [8/8] (2.32ns)   --->   "%scale = dmul i64 %inv_count, i64 5.12"   --->   Operation 296 'dmul' 'scale' <Predicate = true> <Delay = 2.32> <CoreInst = "DMul_maxdsp">   --->   Core 49 'DMul_maxdsp' <Latency = 7> <II = 1> <Delay = 2.32> <FuncUnit> <Opcode : 'dmul'> <InPorts = 2> <OutPorts = 1>

State 58 <SV = 46> <Delay = 2.32>
ST_58 : Operation 297 [7/8] (2.32ns)   --->   "%scale = dmul i64 %inv_count, i64 5.12"   --->   Operation 297 'dmul' 'scale' <Predicate = true> <Delay = 2.32> <CoreInst = "DMul_maxdsp">   --->   Core 49 'DMul_maxdsp' <Latency = 7> <II = 1> <Delay = 2.32> <FuncUnit> <Opcode : 'dmul'> <InPorts = 2> <OutPorts = 1>

State 59 <SV = 47> <Delay = 2.32>
ST_59 : Operation 298 [6/8] (2.32ns)   --->   "%scale = dmul i64 %inv_count, i64 5.12"   --->   Operation 298 'dmul' 'scale' <Predicate = true> <Delay = 2.32> <CoreInst = "DMul_maxdsp">   --->   Core 49 'DMul_maxdsp' <Latency = 7> <II = 1> <Delay = 2.32> <FuncUnit> <Opcode : 'dmul'> <InPorts = 2> <OutPorts = 1>

State 60 <SV = 48> <Delay = 2.32>
ST_60 : Operation 299 [5/8] (2.32ns)   --->   "%scale = dmul i64 %inv_count, i64 5.12"   --->   Operation 299 'dmul' 'scale' <Predicate = true> <Delay = 2.32> <CoreInst = "DMul_maxdsp">   --->   Core 49 'DMul_maxdsp' <Latency = 7> <II = 1> <Delay = 2.32> <FuncUnit> <Opcode : 'dmul'> <InPorts = 2> <OutPorts = 1>

State 61 <SV = 49> <Delay = 2.32>
ST_61 : Operation 300 [4/8] (2.32ns)   --->   "%scale = dmul i64 %inv_count, i64 5.12"   --->   Operation 300 'dmul' 'scale' <Predicate = true> <Delay = 2.32> <CoreInst = "DMul_maxdsp">   --->   Core 49 'DMul_maxdsp' <Latency = 7> <II = 1> <Delay = 2.32> <FuncUnit> <Opcode : 'dmul'> <InPorts = 2> <OutPorts = 1>

State 62 <SV = 50> <Delay = 2.32>
ST_62 : Operation 301 [3/8] (2.32ns)   --->   "%scale = dmul i64 %inv_count, i64 5.12"   --->   Operation 301 'dmul' 'scale' <Predicate = true> <Delay = 2.32> <CoreInst = "DMul_maxdsp">   --->   Core 49 'DMul_maxdsp' <Latency = 7> <II = 1> <Delay = 2.32> <FuncUnit> <Opcode : 'dmul'> <InPorts = 2> <OutPorts = 1>

State 63 <SV = 51> <Delay = 2.32>
ST_63 : Operation 302 [2/8] (2.32ns)   --->   "%scale = dmul i64 %inv_count, i64 5.12"   --->   Operation 302 'dmul' 'scale' <Predicate = true> <Delay = 2.32> <CoreInst = "DMul_maxdsp">   --->   Core 49 'DMul_maxdsp' <Latency = 7> <II = 1> <Delay = 2.32> <FuncUnit> <Opcode : 'dmul'> <InPorts = 2> <OutPorts = 1>

State 64 <SV = 52> <Delay = 2.32>
ST_64 : Operation 303 [1/8] (2.32ns)   --->   "%scale = dmul i64 %inv_count, i64 5.12"   --->   Operation 303 'dmul' 'scale' <Predicate = true> <Delay = 2.32> <CoreInst = "DMul_maxdsp">   --->   Core 49 'DMul_maxdsp' <Latency = 7> <II = 1> <Delay = 2.32> <FuncUnit> <Opcode : 'dmul'> <InPorts = 2> <OutPorts = 1>
ST_64 : Operation 304 [1/1] (0.85ns)   --->   "%icmp_ln157 = icmp_sgt  i32 %Nparticles_read, i32 0" [likelihood_kernel.cpp:157]   --->   Operation 304 'icmp' 'icmp_ln157' <Predicate = true> <Delay = 0.85> <CoreInst = "Cmp">   --->   Core 9 'Cmp' <Latency = 0> <II = 1> <Delay = 0.84> <FuncUnit> <Opcode : 'icmp'> <InPorts = 2> <OutPorts = 1>
ST_64 : Operation 305 [1/1] (0.00ns)   --->   "%br_ln157 = br i1 %icmp_ln157, void %._crit_edge58, void %.lr.ph57" [likelihood_kernel.cpp:157]   --->   Operation 305 'br' 'br_ln157' <Predicate = true> <Delay = 0.00>
ST_64 : Operation 306 [1/1] (0.85ns)   --->   "%cmp4_i38 = icmp_sgt  i32 %countOnes_read, i32 0"   --->   Operation 306 'icmp' 'cmp4_i38' <Predicate = (icmp_ln157)> <Delay = 0.85> <CoreInst = "Cmp">   --->   Core 9 'Cmp' <Latency = 0> <II = 1> <Delay = 0.84> <FuncUnit> <Opcode : 'icmp'> <InPorts = 2> <OutPorts = 1>
ST_64 : Operation 307 [1/1] (0.00ns)   --->   "%trunc_ln157 = trunc i32 %Nparticles_read" [likelihood_kernel.cpp:157]   --->   Operation 307 'trunc' 'trunc_ln157' <Predicate = (icmp_ln157)> <Delay = 0.00>
ST_64 : Operation 308 [1/1] (0.87ns)   --->   "%add_ln157 = add i31 %trunc_ln157, i31 2147483647" [likelihood_kernel.cpp:157]   --->   Operation 308 'add' 'add_ln157' <Predicate = (icmp_ln157)> <Delay = 0.87> <CoreInst = "Adder">   --->   Core 1 'Adder' <Latency = 0> <II = 1> <Delay = 0.88> <FuncUnit> <Opcode : 'add' 'sub'> <InPorts = 2> <OutPorts = 1>
ST_64 : Operation 309 [1/1] (0.00ns)   --->   "%trunc_ln157_1 = partselect i25 @_ssdm_op_PartSelect.i25.i31.i32.i32, i31 %add_ln157, i32 6, i32 30" [likelihood_kernel.cpp:157]   --->   Operation 309 'partselect' 'trunc_ln157_1' <Predicate = (icmp_ln157)> <Delay = 0.00>
ST_64 : Operation 310 [1/1] (0.00ns)   --->   "%zext_ln157 = zext i25 %trunc_ln157_1" [likelihood_kernel.cpp:157]   --->   Operation 310 'zext' 'zext_ln157' <Predicate = (icmp_ln157)> <Delay = 0.00>
ST_64 : Operation 311 [1/1] (0.83ns)   --->   "%add_ln157_1 = add i26 %zext_ln157, i26 1" [likelihood_kernel.cpp:157]   --->   Operation 311 'add' 'add_ln157_1' <Predicate = (icmp_ln157)> <Delay = 0.83> <CoreInst = "Adder">   --->   Core 1 'Adder' <Latency = 0> <II = 1> <Delay = 0.88> <FuncUnit> <Opcode : 'add' 'sub'> <InPorts = 2> <OutPorts = 1>
ST_64 : Operation 312 [1/1] (0.38ns)   --->   "%br_ln157 = br void" [likelihood_kernel.cpp:157]   --->   Operation 312 'br' 'br_ln157' <Predicate = (icmp_ln157)> <Delay = 0.38>

State 65 <SV = 53> <Delay = 1.96>
ST_65 : Operation 313 [1/1] (0.00ns)   --->   "%indvar = phi i26 0, void %.lr.ph57, i26 %add_ln157_2, void %._Z16store_likelihoodPdPKdii.exit_crit_edge" [likelihood_kernel.cpp:157]   --->   Operation 313 'phi' 'indvar' <Predicate = (icmp_ln157)> <Delay = 0.00>
ST_65 : Operation 314 [1/1] (0.00ns)   --->   "%base = phi i32 0, void %.lr.ph57, i32 %add_ln162_3, void %._Z16store_likelihoodPdPKdii.exit_crit_edge" [likelihood_kernel.cpp:162]   --->   Operation 314 'phi' 'base' <Predicate = (icmp_ln157)> <Delay = 0.00>
ST_65 : Operation 315 [1/1] (0.84ns)   --->   "%add_ln157_2 = add i26 %indvar, i26 1" [likelihood_kernel.cpp:157]   --->   Operation 315 'add' 'add_ln157_2' <Predicate = (icmp_ln157)> <Delay = 0.84> <CoreInst = "Adder">   --->   Core 1 'Adder' <Latency = 0> <II = 1> <Delay = 0.88> <FuncUnit> <Opcode : 'add' 'sub'> <InPorts = 2> <OutPorts = 1>
ST_65 : Operation 316 [1/1] (0.79ns)   --->   "%icmp_ln157_1 = icmp_eq  i26 %indvar, i26 %add_ln157_1" [likelihood_kernel.cpp:157]   --->   Operation 316 'icmp' 'icmp_ln157_1' <Predicate = (icmp_ln157)> <Delay = 0.79> <CoreInst = "Cmp">   --->   Core 9 'Cmp' <Latency = 0> <II = 1> <Delay = 0.84> <FuncUnit> <Opcode : 'icmp'> <InPorts = 2> <OutPorts = 1>
ST_65 : Operation 317 [1/1] (0.00ns)   --->   "%br_ln157 = br i1 %icmp_ln157_1, void %.split13, void %._crit_edge58.loopexit" [likelihood_kernel.cpp:157]   --->   Operation 317 'br' 'br_ln157' <Predicate = (icmp_ln157)> <Delay = 0.00>
ST_65 : Operation 318 [1/1] (0.00ns)   --->   "%trunc_ln162 = trunc i26 %indvar" [likelihood_kernel.cpp:162]   --->   Operation 318 'trunc' 'trunc_ln162' <Predicate = (icmp_ln157 & !icmp_ln157_1)> <Delay = 0.00>
ST_65 : Operation 319 [1/1] (0.00ns)   --->   "%shl_ln = bitconcatenate i34 @_ssdm_op_BitConcatenate.i34.i25.i9, i25 %trunc_ln162, i9 0" [likelihood_kernel.cpp:162]   --->   Operation 319 'bitconcatenate' 'shl_ln' <Predicate = (icmp_ln157 & !icmp_ln157_1)> <Delay = 0.00>
ST_65 : Operation 320 [1/1] (0.00ns)   --->   "%zext_ln162 = zext i34 %shl_ln" [likelihood_kernel.cpp:162]   --->   Operation 320 'zext' 'zext_ln162' <Predicate = (icmp_ln157 & !icmp_ln157_1)> <Delay = 0.00>
ST_65 : Operation 321 [1/1] (1.14ns)   --->   "%add_ln162 = add i64 %zext_ln162, i64 %likelihood_read" [likelihood_kernel.cpp:162]   --->   Operation 321 'add' 'add_ln162' <Predicate = (icmp_ln157 & !icmp_ln157_1)> <Delay = 1.14> <CoreInst = "Adder">   --->   Core 1 'Adder' <Latency = 0> <II = 1> <Delay = 0.88> <FuncUnit> <Opcode : 'add' 'sub'> <InPorts = 2> <OutPorts = 1>
ST_65 : Operation 322 [1/1] (1.14ns)   --->   "%add_ln162_1 = add i64 %zext_ln162, i64 %arrayX_read" [likelihood_kernel.cpp:162]   --->   Operation 322 'add' 'add_ln162_1' <Predicate = (icmp_ln157 & !icmp_ln157_1)> <Delay = 1.14> <CoreInst = "Adder">   --->   Core 1 'Adder' <Latency = 0> <II = 1> <Delay = 0.88> <FuncUnit> <Opcode : 'add' 'sub'> <InPorts = 2> <OutPorts = 1>
ST_65 : Operation 323 [1/1] (1.14ns)   --->   "%add_ln162_2 = add i64 %zext_ln162, i64 %arrayY_read" [likelihood_kernel.cpp:162]   --->   Operation 323 'add' 'add_ln162_2' <Predicate = (icmp_ln157 & !icmp_ln157_1)> <Delay = 1.14> <CoreInst = "Adder">   --->   Core 1 'Adder' <Latency = 0> <II = 1> <Delay = 0.88> <FuncUnit> <Opcode : 'add' 'sub'> <InPorts = 2> <OutPorts = 1>
ST_65 : Operation 324 [1/1] (0.88ns)   --->   "%add_ln162_3 = add i32 %base, i32 64" [likelihood_kernel.cpp:162]   --->   Operation 324 'add' 'add_ln162_3' <Predicate = (icmp_ln157 & !icmp_ln157_1)> <Delay = 0.88> <CoreInst = "Adder">   --->   Core 1 'Adder' <Latency = 0> <II = 1> <Delay = 0.88> <FuncUnit> <Opcode : 'add' 'sub'> <InPorts = 2> <OutPorts = 1>
ST_65 : Operation 325 [1/1] (0.85ns)   --->   "%icmp_ln162 = icmp_ugt  i32 %add_ln162_3, i32 %Nparticles_read" [likelihood_kernel.cpp:162]   --->   Operation 325 'icmp' 'icmp_ln162' <Predicate = (icmp_ln157 & !icmp_ln157_1)> <Delay = 0.85> <CoreInst = "Cmp">   --->   Core 9 'Cmp' <Latency = 0> <II = 1> <Delay = 0.84> <FuncUnit> <Opcode : 'icmp'> <InPorts = 2> <OutPorts = 1>
ST_65 : Operation 326 [1/1] (0.00ns)   --->   "%trunc_ln163 = trunc i32 %base" [likelihood_kernel.cpp:163]   --->   Operation 326 'trunc' 'trunc_ln163' <Predicate = (icmp_ln157 & !icmp_ln157_1)> <Delay = 0.00>
ST_65 : Operation 327 [1/1] (0.00ns)   --->   "%zext_ln163 = zext i31 %trunc_ln163" [likelihood_kernel.cpp:163]   --->   Operation 327 'zext' 'zext_ln163' <Predicate = (icmp_ln157 & !icmp_ln157_1)> <Delay = 0.00>
ST_65 : Operation 328 [1/1] (0.88ns)   --->   "%sub_ln162 = sub i32 %Nparticles_read, i32 %zext_ln163" [likelihood_kernel.cpp:162]   --->   Operation 328 'sub' 'sub_ln162' <Predicate = (icmp_ln157 & !icmp_ln157_1)> <Delay = 0.88> <CoreInst = "Adder">   --->   Core 1 'Adder' <Latency = 0> <II = 1> <Delay = 0.88> <FuncUnit> <Opcode : 'add' 'sub'> <InPorts = 2> <OutPorts = 1>
ST_65 : Operation 329 [1/1] (0.22ns)   --->   "%tileSize = select i1 %icmp_ln162, i32 %sub_ln162, i32 64" [likelihood_kernel.cpp:162]   --->   Operation 329 'select' 'tileSize' <Predicate = (icmp_ln157 & !icmp_ln157_1)> <Delay = 0.22> <CoreInst = "Sel">   --->   Core 73 'Sel' <Latency = 0> <II = 1> <Delay = 0.22> <FuncUnit> <Opcode : 'select'> <InPorts = 3> <OutPorts = 1>
ST_65 : Operation 330 [1/1] (0.00ns)   --->   "%br_ln0 = br void %._crit_edge58"   --->   Operation 330 'br' 'br_ln0' <Predicate = (icmp_ln157 & icmp_ln157_1)> <Delay = 0.00>
ST_65 : Operation 331 [1/1] (0.00ns)   --->   "%ret_ln172 = ret" [likelihood_kernel.cpp:172]   --->   Operation 331 'ret' 'ret_ln172' <Predicate = (icmp_ln157_1) | (!icmp_ln157)> <Delay = 0.00>

State 66 <SV = 54> <Delay = 0.85>
ST_66 : Operation 332 [1/1] (0.00ns)   --->   "%speclooptripcount_ln157 = speclooptripcount void @_ssdm_op_SpecLoopTripCount, i64 1, i64 32, i64 16" [likelihood_kernel.cpp:157]   --->   Operation 332 'speclooptripcount' 'speclooptripcount_ln157' <Predicate = true> <Delay = 0.00>
ST_66 : Operation 333 [1/1] (0.00ns)   --->   "%specloopname_ln157 = specloopname void @_ssdm_op_SpecLoopName, void @empty_7" [likelihood_kernel.cpp:157]   --->   Operation 333 'specloopname' 'specloopname_ln157' <Predicate = true> <Delay = 0.00>
ST_66 : Operation 334 [1/1] (0.85ns)   --->   "%icmp_ln41 = icmp_sgt  i32 %tileSize, i32 0" [likelihood_kernel.cpp:41]   --->   Operation 334 'icmp' 'icmp_ln41' <Predicate = true> <Delay = 0.85> <CoreInst = "Cmp">   --->   Core 9 'Cmp' <Latency = 0> <II = 1> <Delay = 0.84> <FuncUnit> <Opcode : 'icmp'> <InPorts = 2> <OutPorts = 1>
ST_66 : Operation 335 [1/1] (0.00ns)   --->   "%br_ln41 = br i1 %icmp_ln41, void %._Z16store_likelihoodPdPKdii.exit_crit_edge, void %.lr.ph" [likelihood_kernel.cpp:41]   --->   Operation 335 'br' 'br_ln41' <Predicate = true> <Delay = 0.00>
ST_66 : Operation 336 [1/1] (0.00ns)   --->   "%trunc_ln3 = partselect i61 @_ssdm_op_PartSelect.i61.i64.i32.i32, i64 %add_ln162_1, i32 3, i32 63" [likelihood_kernel.cpp:41]   --->   Operation 336 'partselect' 'trunc_ln3' <Predicate = (icmp_ln41)> <Delay = 0.00>
ST_66 : Operation 337 [1/1] (0.00ns)   --->   "%trunc_ln41_1 = partselect i61 @_ssdm_op_PartSelect.i61.i64.i32.i32, i64 %add_ln162_2, i32 3, i32 63" [likelihood_kernel.cpp:41]   --->   Operation 337 'partselect' 'trunc_ln41_1' <Predicate = (icmp_ln41)> <Delay = 0.00>

State 67 <SV = 55> <Delay = 2.43>
ST_67 : Operation 338 [1/1] (0.00ns)   --->   "%sext_ln41 = sext i61 %trunc_ln3" [likelihood_kernel.cpp:41]   --->   Operation 338 'sext' 'sext_ln41' <Predicate = true> <Delay = 0.00>
ST_67 : Operation 339 [1/1] (0.00ns)   --->   "%gmem0_addr = getelementptr i64 %gmem0, i64 %sext_ln41" [likelihood_kernel.cpp:41]   --->   Operation 339 'getelementptr' 'gmem0_addr' <Predicate = true> <Delay = 0.00>
ST_67 : Operation 340 [7/7] (2.43ns)   --->   "%empty_41 = readreq i1 @_ssdm_op_ReadReq.m_axi.p1i64, i64 %gmem0_addr, i32 %tileSize" [likelihood_kernel.cpp:41]   --->   Operation 340 'readreq' 'empty_41' <Predicate = true> <Delay = 2.43> <CoreInst = "m_axi">   --->   Core 121 'm_axi' <Latency = 6> <II = 1> <Delay = 1.00> <Adapter> <Opcode : 'read' 'write' 'readreq' 'writereq' 'writeresp'>
ST_67 : Operation 341 [1/1] (0.00ns)   --->   "%sext_ln41_1 = sext i61 %trunc_ln41_1" [likelihood_kernel.cpp:41]   --->   Operation 341 'sext' 'sext_ln41_1' <Predicate = true> <Delay = 0.00>
ST_67 : Operation 342 [1/1] (0.00ns)   --->   "%gmem1_addr = getelementptr i64 %gmem1, i64 %sext_ln41_1" [likelihood_kernel.cpp:41]   --->   Operation 342 'getelementptr' 'gmem1_addr' <Predicate = true> <Delay = 0.00>
ST_67 : Operation 343 [7/7] (2.43ns)   --->   "%empty_42 = readreq i1 @_ssdm_op_ReadReq.m_axi.p1i64, i64 %gmem1_addr, i32 %tileSize" [likelihood_kernel.cpp:41]   --->   Operation 343 'readreq' 'empty_42' <Predicate = true> <Delay = 2.43> <CoreInst = "m_axi">   --->   Core 121 'm_axi' <Latency = 6> <II = 1> <Delay = 1.00> <Adapter> <Opcode : 'read' 'write' 'readreq' 'writereq' 'writeresp'>

State 68 <SV = 56> <Delay = 2.43>
ST_68 : Operation 344 [6/7] (2.43ns)   --->   "%empty_41 = readreq i1 @_ssdm_op_ReadReq.m_axi.p1i64, i64 %gmem0_addr, i32 %tileSize" [likelihood_kernel.cpp:41]   --->   Operation 344 'readreq' 'empty_41' <Predicate = true> <Delay = 2.43> <CoreInst = "m_axi">   --->   Core 121 'm_axi' <Latency = 6> <II = 1> <Delay = 1.00> <Adapter> <Opcode : 'read' 'write' 'readreq' 'writereq' 'writeresp'>
ST_68 : Operation 345 [6/7] (2.43ns)   --->   "%empty_42 = readreq i1 @_ssdm_op_ReadReq.m_axi.p1i64, i64 %gmem1_addr, i32 %tileSize" [likelihood_kernel.cpp:41]   --->   Operation 345 'readreq' 'empty_42' <Predicate = true> <Delay = 2.43> <CoreInst = "m_axi">   --->   Core 121 'm_axi' <Latency = 6> <II = 1> <Delay = 1.00> <Adapter> <Opcode : 'read' 'write' 'readreq' 'writereq' 'writeresp'>

State 69 <SV = 57> <Delay = 2.43>
ST_69 : Operation 346 [5/7] (2.43ns)   --->   "%empty_41 = readreq i1 @_ssdm_op_ReadReq.m_axi.p1i64, i64 %gmem0_addr, i32 %tileSize" [likelihood_kernel.cpp:41]   --->   Operation 346 'readreq' 'empty_41' <Predicate = true> <Delay = 2.43> <CoreInst = "m_axi">   --->   Core 121 'm_axi' <Latency = 6> <II = 1> <Delay = 1.00> <Adapter> <Opcode : 'read' 'write' 'readreq' 'writereq' 'writeresp'>
ST_69 : Operation 347 [5/7] (2.43ns)   --->   "%empty_42 = readreq i1 @_ssdm_op_ReadReq.m_axi.p1i64, i64 %gmem1_addr, i32 %tileSize" [likelihood_kernel.cpp:41]   --->   Operation 347 'readreq' 'empty_42' <Predicate = true> <Delay = 2.43> <CoreInst = "m_axi">   --->   Core 121 'm_axi' <Latency = 6> <II = 1> <Delay = 1.00> <Adapter> <Opcode : 'read' 'write' 'readreq' 'writereq' 'writeresp'>

State 70 <SV = 58> <Delay = 2.43>
ST_70 : Operation 348 [4/7] (2.43ns)   --->   "%empty_41 = readreq i1 @_ssdm_op_ReadReq.m_axi.p1i64, i64 %gmem0_addr, i32 %tileSize" [likelihood_kernel.cpp:41]   --->   Operation 348 'readreq' 'empty_41' <Predicate = true> <Delay = 2.43> <CoreInst = "m_axi">   --->   Core 121 'm_axi' <Latency = 6> <II = 1> <Delay = 1.00> <Adapter> <Opcode : 'read' 'write' 'readreq' 'writereq' 'writeresp'>
ST_70 : Operation 349 [4/7] (2.43ns)   --->   "%empty_42 = readreq i1 @_ssdm_op_ReadReq.m_axi.p1i64, i64 %gmem1_addr, i32 %tileSize" [likelihood_kernel.cpp:41]   --->   Operation 349 'readreq' 'empty_42' <Predicate = true> <Delay = 2.43> <CoreInst = "m_axi">   --->   Core 121 'm_axi' <Latency = 6> <II = 1> <Delay = 1.00> <Adapter> <Opcode : 'read' 'write' 'readreq' 'writereq' 'writeresp'>

State 71 <SV = 59> <Delay = 2.43>
ST_71 : Operation 350 [3/7] (2.43ns)   --->   "%empty_41 = readreq i1 @_ssdm_op_ReadReq.m_axi.p1i64, i64 %gmem0_addr, i32 %tileSize" [likelihood_kernel.cpp:41]   --->   Operation 350 'readreq' 'empty_41' <Predicate = true> <Delay = 2.43> <CoreInst = "m_axi">   --->   Core 121 'm_axi' <Latency = 6> <II = 1> <Delay = 1.00> <Adapter> <Opcode : 'read' 'write' 'readreq' 'writereq' 'writeresp'>
ST_71 : Operation 351 [3/7] (2.43ns)   --->   "%empty_42 = readreq i1 @_ssdm_op_ReadReq.m_axi.p1i64, i64 %gmem1_addr, i32 %tileSize" [likelihood_kernel.cpp:41]   --->   Operation 351 'readreq' 'empty_42' <Predicate = true> <Delay = 2.43> <CoreInst = "m_axi">   --->   Core 121 'm_axi' <Latency = 6> <II = 1> <Delay = 1.00> <Adapter> <Opcode : 'read' 'write' 'readreq' 'writereq' 'writeresp'>

State 72 <SV = 60> <Delay = 2.43>
ST_72 : Operation 352 [2/7] (2.43ns)   --->   "%empty_41 = readreq i1 @_ssdm_op_ReadReq.m_axi.p1i64, i64 %gmem0_addr, i32 %tileSize" [likelihood_kernel.cpp:41]   --->   Operation 352 'readreq' 'empty_41' <Predicate = true> <Delay = 2.43> <CoreInst = "m_axi">   --->   Core 121 'm_axi' <Latency = 6> <II = 1> <Delay = 1.00> <Adapter> <Opcode : 'read' 'write' 'readreq' 'writereq' 'writeresp'>
ST_72 : Operation 353 [2/7] (2.43ns)   --->   "%empty_42 = readreq i1 @_ssdm_op_ReadReq.m_axi.p1i64, i64 %gmem1_addr, i32 %tileSize" [likelihood_kernel.cpp:41]   --->   Operation 353 'readreq' 'empty_42' <Predicate = true> <Delay = 2.43> <CoreInst = "m_axi">   --->   Core 121 'm_axi' <Latency = 6> <II = 1> <Delay = 1.00> <Adapter> <Opcode : 'read' 'write' 'readreq' 'writereq' 'writeresp'>

State 73 <SV = 61> <Delay = 2.43>
ST_73 : Operation 354 [1/1] (0.00ns)   --->   "%trunc_ln41 = trunc i32 %tileSize" [likelihood_kernel.cpp:41]   --->   Operation 354 'trunc' 'trunc_ln41' <Predicate = true> <Delay = 0.00>
ST_73 : Operation 355 [1/7] (2.43ns)   --->   "%empty_41 = readreq i1 @_ssdm_op_ReadReq.m_axi.p1i64, i64 %gmem0_addr, i32 %tileSize" [likelihood_kernel.cpp:41]   --->   Operation 355 'readreq' 'empty_41' <Predicate = true> <Delay = 2.43> <CoreInst = "m_axi">   --->   Core 121 'm_axi' <Latency = 6> <II = 1> <Delay = 1.00> <Adapter> <Opcode : 'read' 'write' 'readreq' 'writereq' 'writeresp'>
ST_73 : Operation 356 [1/7] (2.43ns)   --->   "%empty_42 = readreq i1 @_ssdm_op_ReadReq.m_axi.p1i64, i64 %gmem1_addr, i32 %tileSize" [likelihood_kernel.cpp:41]   --->   Operation 356 'readreq' 'empty_42' <Predicate = true> <Delay = 2.43> <CoreInst = "m_axi">   --->   Core 121 'm_axi' <Latency = 6> <II = 1> <Delay = 1.00> <Adapter> <Opcode : 'read' 'write' 'readreq' 'writereq' 'writeresp'>
ST_73 : Operation 357 [1/1] (0.38ns)   --->   "%br_ln41 = br void" [likelihood_kernel.cpp:41]   --->   Operation 357 'br' 'br_ln41' <Predicate = true> <Delay = 0.38>

State 74 <SV = 62> <Delay = 0.84>
ST_74 : Operation 358 [1/1] (0.00ns)   --->   "%x = phi i7 0, void %.lr.ph, i7 %add_ln41, void %.split" [likelihood_kernel.cpp:41]   --->   Operation 358 'phi' 'x' <Predicate = true> <Delay = 0.00>
ST_74 : Operation 359 [1/1] (0.70ns)   --->   "%add_ln41 = add i7 %x, i7 1" [likelihood_kernel.cpp:41]   --->   Operation 359 'add' 'add_ln41' <Predicate = true> <Delay = 0.70> <CoreInst = "Adder">   --->   Core 1 'Adder' <Latency = 0> <II = 1> <Delay = 0.88> <FuncUnit> <Opcode : 'add' 'sub'> <InPorts = 2> <OutPorts = 1>
ST_74 : Operation 360 [1/1] (0.00ns)   --->   "%zext_ln41_1 = zext i7 %x" [likelihood_kernel.cpp:41]   --->   Operation 360 'zext' 'zext_ln41_1' <Predicate = true> <Delay = 0.00>
ST_74 : Operation 361 [1/1] (0.84ns)   --->   "%icmp_ln41_1 = icmp_eq  i31 %zext_ln41_1, i31 %trunc_ln41" [likelihood_kernel.cpp:41]   --->   Operation 361 'icmp' 'icmp_ln41_1' <Predicate = true> <Delay = 0.84> <CoreInst = "Cmp">   --->   Core 9 'Cmp' <Latency = 0> <II = 1> <Delay = 0.84> <FuncUnit> <Opcode : 'icmp'> <InPorts = 2> <OutPorts = 1>
ST_74 : Operation 362 [1/1] (0.00ns)   --->   "%br_ln41 = br i1 %icmp_ln41_1, void %.split, void %.lr.ph49.preheader" [likelihood_kernel.cpp:41]   --->   Operation 362 'br' 'br_ln41' <Predicate = true> <Delay = 0.00>

State 75 <SV = 63> <Delay = 2.43>
ST_75 : Operation 363 [1/1] (2.43ns)   --->   "%gmem0_addr_read = read i64 @_ssdm_op_Read.m_axi.p1i64, i64 %gmem0_addr" [likelihood_kernel.cpp:44]   --->   Operation 363 'read' 'gmem0_addr_read' <Predicate = (!icmp_ln41_1)> <Delay = 2.43> <CoreInst = "m_axi">   --->   Core 121 'm_axi' <Latency = 6> <II = 1> <Delay = 1.00> <Adapter> <Opcode : 'read' 'write' 'readreq' 'writereq' 'writeresp'>
ST_75 : Operation 364 [1/1] (2.43ns)   --->   "%gmem1_addr_read = read i64 @_ssdm_op_Read.m_axi.p1i64, i64 %gmem1_addr" [likelihood_kernel.cpp:45]   --->   Operation 364 'read' 'gmem1_addr_read' <Predicate = (!icmp_ln41_1)> <Delay = 2.43> <CoreInst = "m_axi">   --->   Core 121 'm_axi' <Latency = 6> <II = 1> <Delay = 1.00> <Adapter> <Opcode : 'read' 'write' 'readreq' 'writereq' 'writeresp'>

State 76 <SV = 64> <Delay = 0.71>
ST_76 : Operation 365 [1/1] (0.00ns)   --->   "%zext_ln41 = zext i7 %x" [likelihood_kernel.cpp:41]   --->   Operation 365 'zext' 'zext_ln41' <Predicate = (!icmp_ln41_1)> <Delay = 0.00>
ST_76 : Operation 366 [1/1] (0.00ns)   --->   "%specpipeline_ln41 = specpipeline void @_ssdm_op_SpecPipeline, i32 1, i32 0, i32 0, i32 0, void @empty_25" [likelihood_kernel.cpp:41]   --->   Operation 366 'specpipeline' 'specpipeline_ln41' <Predicate = (!icmp_ln41_1)> <Delay = 0.00>
ST_76 : Operation 367 [1/1] (0.00ns)   --->   "%speclooptripcount_ln41 = speclooptripcount void @_ssdm_op_SpecLoopTripCount, i64 64, i64 64, i64 64" [likelihood_kernel.cpp:41]   --->   Operation 367 'speclooptripcount' 'speclooptripcount_ln41' <Predicate = (!icmp_ln41_1)> <Delay = 0.00>
ST_76 : Operation 368 [1/1] (0.00ns)   --->   "%specloopname_ln41 = specloopname void @_ssdm_op_SpecLoopName, void @empty_27" [likelihood_kernel.cpp:41]   --->   Operation 368 'specloopname' 'specloopname_ln41' <Predicate = (!icmp_ln41_1)> <Delay = 0.00>
ST_76 : Operation 369 [1/1] (0.00ns)   --->   "%bitcast_ln44 = bitcast i64 %gmem0_addr_read" [likelihood_kernel.cpp:44]   --->   Operation 369 'bitcast' 'bitcast_ln44' <Predicate = (!icmp_ln41_1)> <Delay = 0.00>
ST_76 : Operation 370 [1/1] (0.00ns)   --->   "%buffer_X_addr = getelementptr i64 %buffer_X, i64 0, i64 %zext_ln41" [likelihood_kernel.cpp:44]   --->   Operation 370 'getelementptr' 'buffer_X_addr' <Predicate = (!icmp_ln41_1)> <Delay = 0.00>
ST_76 : Operation 371 [1/1] (0.71ns)   --->   "%store_ln44 = store i64 %bitcast_ln44, i6 %buffer_X_addr" [likelihood_kernel.cpp:44]   --->   Operation 371 'store' 'store_ln44' <Predicate = (!icmp_ln41_1)> <Delay = 0.71> <CoreInst = "RAM">   --->   Core 83 'RAM' <Latency = 1> <II = 1> <Delay = 0.71> <Storage> <Opcode : 'load' 'store'> <Ports = 2> <Width = 64> <Depth = 64> <RAM>
ST_76 : Operation 372 [1/1] (0.00ns)   --->   "%bitcast_ln45 = bitcast i64 %gmem1_addr_read" [likelihood_kernel.cpp:45]   --->   Operation 372 'bitcast' 'bitcast_ln45' <Predicate = (!icmp_ln41_1)> <Delay = 0.00>
ST_76 : Operation 373 [1/1] (0.00ns)   --->   "%buffer_Y_addr = getelementptr i64 %buffer_Y, i64 0, i64 %zext_ln41" [likelihood_kernel.cpp:45]   --->   Operation 373 'getelementptr' 'buffer_Y_addr' <Predicate = (!icmp_ln41_1)> <Delay = 0.00>
ST_76 : Operation 374 [1/1] (0.71ns)   --->   "%store_ln45 = store i64 %bitcast_ln45, i6 %buffer_Y_addr" [likelihood_kernel.cpp:45]   --->   Operation 374 'store' 'store_ln45' <Predicate = (!icmp_ln41_1)> <Delay = 0.71> <CoreInst = "RAM">   --->   Core 83 'RAM' <Latency = 1> <II = 1> <Delay = 0.71> <Storage> <Opcode : 'load' 'store'> <Ports = 2> <Width = 64> <Depth = 64> <RAM>
ST_76 : Operation 375 [1/1] (0.00ns)   --->   "%br_ln0 = br void"   --->   Operation 375 'br' 'br_ln0' <Predicate = (!icmp_ln41_1)> <Delay = 0.00>

State 77 <SV = 63> <Delay = 0.38>
ST_77 : Operation 376 [1/1] (0.38ns)   --->   "%br_ln70 = br void %.lr.ph49" [likelihood_kernel.cpp:70]   --->   Operation 376 'br' 'br_ln70' <Predicate = true> <Delay = 0.38>

State 78 <SV = 64> <Delay = 0.84>
ST_78 : Operation 377 [1/1] (0.00ns)   --->   "%x_1 = phi i7 %add_ln70, void %._crit_edge46, i7 0, void %.lr.ph49.preheader" [likelihood_kernel.cpp:70]   --->   Operation 377 'phi' 'x_1' <Predicate = true> <Delay = 0.00>
ST_78 : Operation 378 [1/1] (0.70ns)   --->   "%add_ln70 = add i7 %x_1, i7 1" [likelihood_kernel.cpp:70]   --->   Operation 378 'add' 'add_ln70' <Predicate = true> <Delay = 0.70> <CoreInst = "Adder">   --->   Core 1 'Adder' <Latency = 0> <II = 1> <Delay = 0.88> <FuncUnit> <Opcode : 'add' 'sub'> <InPorts = 2> <OutPorts = 1>
ST_78 : Operation 379 [1/1] (0.00ns)   --->   "%zext_ln70_1 = zext i7 %x_1" [likelihood_kernel.cpp:70]   --->   Operation 379 'zext' 'zext_ln70_1' <Predicate = true> <Delay = 0.00>
ST_78 : Operation 380 [1/1] (0.84ns)   --->   "%icmp_ln70 = icmp_eq  i31 %zext_ln70_1, i31 %trunc_ln41" [likelihood_kernel.cpp:70]   --->   Operation 380 'icmp' 'icmp_ln70' <Predicate = true> <Delay = 0.84> <CoreInst = "Cmp">   --->   Core 9 'Cmp' <Latency = 0> <II = 1> <Delay = 0.84> <FuncUnit> <Opcode : 'icmp'> <InPorts = 2> <OutPorts = 1>
ST_78 : Operation 381 [1/1] (0.00ns)   --->   "%br_ln70 = br i1 %icmp_ln70, void %.split9, void %.lr.ph52" [likelihood_kernel.cpp:70]   --->   Operation 381 'br' 'br_ln70' <Predicate = true> <Delay = 0.00>
ST_78 : Operation 382 [1/1] (0.00ns)   --->   "%zext_ln70 = zext i7 %x_1" [likelihood_kernel.cpp:70]   --->   Operation 382 'zext' 'zext_ln70' <Predicate = (!icmp_ln70)> <Delay = 0.00>
ST_78 : Operation 383 [1/1] (0.00ns)   --->   "%buffer_X_addr_1 = getelementptr i64 %buffer_X, i64 0, i64 %zext_ln70" [likelihood_kernel.cpp:72]   --->   Operation 383 'getelementptr' 'buffer_X_addr_1' <Predicate = (!icmp_ln70)> <Delay = 0.00>
ST_78 : Operation 384 [2/2] (0.71ns)   --->   "%buffer_X_load = load i6 %buffer_X_addr_1" [likelihood_kernel.cpp:72]   --->   Operation 384 'load' 'buffer_X_load' <Predicate = (!icmp_ln70)> <Delay = 0.71> <CoreInst = "RAM">   --->   Core 83 'RAM' <Latency = 1> <II = 1> <Delay = 0.71> <Storage> <Opcode : 'load' 'store'> <Ports = 2> <Width = 64> <Depth = 64> <RAM>
ST_78 : Operation 385 [1/1] (0.00ns)   --->   "%buffer_Y_addr_1 = getelementptr i64 %buffer_Y, i64 0, i64 %zext_ln70" [likelihood_kernel.cpp:73]   --->   Operation 385 'getelementptr' 'buffer_Y_addr_1' <Predicate = (!icmp_ln70)> <Delay = 0.00>
ST_78 : Operation 386 [2/2] (0.71ns)   --->   "%buffer_Y_load = load i6 %buffer_Y_addr_1" [likelihood_kernel.cpp:73]   --->   Operation 386 'load' 'buffer_Y_load' <Predicate = (!icmp_ln70)> <Delay = 0.71> <CoreInst = "RAM">   --->   Core 83 'RAM' <Latency = 1> <II = 1> <Delay = 0.71> <Storage> <Opcode : 'load' 'store'> <Ports = 2> <Width = 64> <Depth = 64> <RAM>
ST_78 : Operation 387 [1/1] (0.00ns)   --->   "%trunc_ln4 = partselect i61 @_ssdm_op_PartSelect.i61.i64.i32.i32, i64 %add_ln162, i32 3, i32 63" [likelihood_kernel.cpp:109]   --->   Operation 387 'partselect' 'trunc_ln4' <Predicate = (icmp_ln70)> <Delay = 0.00>

State 79 <SV = 65> <Delay = 0.71>
ST_79 : Operation 388 [1/2] (0.71ns)   --->   "%buffer_X_load = load i6 %buffer_X_addr_1" [likelihood_kernel.cpp:72]   --->   Operation 388 'load' 'buffer_X_load' <Predicate = true> <Delay = 0.71> <CoreInst = "RAM">   --->   Core 83 'RAM' <Latency = 1> <II = 1> <Delay = 0.71> <Storage> <Opcode : 'load' 'store'> <Ports = 2> <Width = 64> <Depth = 64> <RAM>
ST_79 : Operation 389 [1/2] (0.71ns)   --->   "%buffer_Y_load = load i6 %buffer_Y_addr_1" [likelihood_kernel.cpp:73]   --->   Operation 389 'load' 'buffer_Y_load' <Predicate = true> <Delay = 0.71> <CoreInst = "RAM">   --->   Core 83 'RAM' <Latency = 1> <II = 1> <Delay = 0.71> <Storage> <Opcode : 'load' 'store'> <Ports = 2> <Width = 64> <Depth = 64> <RAM>

State 80 <SV = 66> <Delay = 1.90>
ST_80 : Operation 390 [8/8] (1.90ns)   --->   "%dc_1 = dadd i64 %buffer_X_load, i64 0.5" [likelihood_kernel.cpp:15->likelihood_kernel.cpp:72]   --->   Operation 390 'dadd' 'dc_1' <Predicate = true> <Delay = 1.90> <CoreInst = "DAddSub_fulldsp">   --->   Core 37 'DAddSub_fulldsp' <Latency = 7> <II = 1> <Delay = 1.90> <FuncUnit> <Opcode : 'dadd' 'dsub'> <InPorts = 2> <OutPorts = 1>
ST_80 : Operation 391 [8/8] (1.90ns)   --->   "%dc_2 = dadd i64 %buffer_Y_load, i64 0.5" [likelihood_kernel.cpp:15->likelihood_kernel.cpp:73]   --->   Operation 391 'dadd' 'dc_2' <Predicate = true> <Delay = 1.90> <CoreInst = "DAddSub_fulldsp">   --->   Core 37 'DAddSub_fulldsp' <Latency = 7> <II = 1> <Delay = 1.90> <FuncUnit> <Opcode : 'dadd' 'dsub'> <InPorts = 2> <OutPorts = 1>

State 81 <SV = 67> <Delay = 1.90>
ST_81 : Operation 392 [7/8] (1.90ns)   --->   "%dc_1 = dadd i64 %buffer_X_load, i64 0.5" [likelihood_kernel.cpp:15->likelihood_kernel.cpp:72]   --->   Operation 392 'dadd' 'dc_1' <Predicate = true> <Delay = 1.90> <CoreInst = "DAddSub_fulldsp">   --->   Core 37 'DAddSub_fulldsp' <Latency = 7> <II = 1> <Delay = 1.90> <FuncUnit> <Opcode : 'dadd' 'dsub'> <InPorts = 2> <OutPorts = 1>
ST_81 : Operation 393 [7/8] (1.90ns)   --->   "%dc_2 = dadd i64 %buffer_Y_load, i64 0.5" [likelihood_kernel.cpp:15->likelihood_kernel.cpp:73]   --->   Operation 393 'dadd' 'dc_2' <Predicate = true> <Delay = 1.90> <CoreInst = "DAddSub_fulldsp">   --->   Core 37 'DAddSub_fulldsp' <Latency = 7> <II = 1> <Delay = 1.90> <FuncUnit> <Opcode : 'dadd' 'dsub'> <InPorts = 2> <OutPorts = 1>

State 82 <SV = 68> <Delay = 1.90>
ST_82 : Operation 394 [6/8] (1.90ns)   --->   "%dc_1 = dadd i64 %buffer_X_load, i64 0.5" [likelihood_kernel.cpp:15->likelihood_kernel.cpp:72]   --->   Operation 394 'dadd' 'dc_1' <Predicate = true> <Delay = 1.90> <CoreInst = "DAddSub_fulldsp">   --->   Core 37 'DAddSub_fulldsp' <Latency = 7> <II = 1> <Delay = 1.90> <FuncUnit> <Opcode : 'dadd' 'dsub'> <InPorts = 2> <OutPorts = 1>
ST_82 : Operation 395 [6/8] (1.90ns)   --->   "%dc_2 = dadd i64 %buffer_Y_load, i64 0.5" [likelihood_kernel.cpp:15->likelihood_kernel.cpp:73]   --->   Operation 395 'dadd' 'dc_2' <Predicate = true> <Delay = 1.90> <CoreInst = "DAddSub_fulldsp">   --->   Core 37 'DAddSub_fulldsp' <Latency = 7> <II = 1> <Delay = 1.90> <FuncUnit> <Opcode : 'dadd' 'dsub'> <InPorts = 2> <OutPorts = 1>

State 83 <SV = 69> <Delay = 1.90>
ST_83 : Operation 396 [5/8] (1.90ns)   --->   "%dc_1 = dadd i64 %buffer_X_load, i64 0.5" [likelihood_kernel.cpp:15->likelihood_kernel.cpp:72]   --->   Operation 396 'dadd' 'dc_1' <Predicate = true> <Delay = 1.90> <CoreInst = "DAddSub_fulldsp">   --->   Core 37 'DAddSub_fulldsp' <Latency = 7> <II = 1> <Delay = 1.90> <FuncUnit> <Opcode : 'dadd' 'dsub'> <InPorts = 2> <OutPorts = 1>
ST_83 : Operation 397 [5/8] (1.90ns)   --->   "%dc_2 = dadd i64 %buffer_Y_load, i64 0.5" [likelihood_kernel.cpp:15->likelihood_kernel.cpp:73]   --->   Operation 397 'dadd' 'dc_2' <Predicate = true> <Delay = 1.90> <CoreInst = "DAddSub_fulldsp">   --->   Core 37 'DAddSub_fulldsp' <Latency = 7> <II = 1> <Delay = 1.90> <FuncUnit> <Opcode : 'dadd' 'dsub'> <InPorts = 2> <OutPorts = 1>

State 84 <SV = 70> <Delay = 1.90>
ST_84 : Operation 398 [4/8] (1.90ns)   --->   "%dc_1 = dadd i64 %buffer_X_load, i64 0.5" [likelihood_kernel.cpp:15->likelihood_kernel.cpp:72]   --->   Operation 398 'dadd' 'dc_1' <Predicate = true> <Delay = 1.90> <CoreInst = "DAddSub_fulldsp">   --->   Core 37 'DAddSub_fulldsp' <Latency = 7> <II = 1> <Delay = 1.90> <FuncUnit> <Opcode : 'dadd' 'dsub'> <InPorts = 2> <OutPorts = 1>
ST_84 : Operation 399 [4/8] (1.90ns)   --->   "%dc_2 = dadd i64 %buffer_Y_load, i64 0.5" [likelihood_kernel.cpp:15->likelihood_kernel.cpp:73]   --->   Operation 399 'dadd' 'dc_2' <Predicate = true> <Delay = 1.90> <CoreInst = "DAddSub_fulldsp">   --->   Core 37 'DAddSub_fulldsp' <Latency = 7> <II = 1> <Delay = 1.90> <FuncUnit> <Opcode : 'dadd' 'dsub'> <InPorts = 2> <OutPorts = 1>

State 85 <SV = 71> <Delay = 1.90>
ST_85 : Operation 400 [3/8] (1.90ns)   --->   "%dc_1 = dadd i64 %buffer_X_load, i64 0.5" [likelihood_kernel.cpp:15->likelihood_kernel.cpp:72]   --->   Operation 400 'dadd' 'dc_1' <Predicate = true> <Delay = 1.90> <CoreInst = "DAddSub_fulldsp">   --->   Core 37 'DAddSub_fulldsp' <Latency = 7> <II = 1> <Delay = 1.90> <FuncUnit> <Opcode : 'dadd' 'dsub'> <InPorts = 2> <OutPorts = 1>
ST_85 : Operation 401 [3/8] (1.90ns)   --->   "%dc_2 = dadd i64 %buffer_Y_load, i64 0.5" [likelihood_kernel.cpp:15->likelihood_kernel.cpp:73]   --->   Operation 401 'dadd' 'dc_2' <Predicate = true> <Delay = 1.90> <CoreInst = "DAddSub_fulldsp">   --->   Core 37 'DAddSub_fulldsp' <Latency = 7> <II = 1> <Delay = 1.90> <FuncUnit> <Opcode : 'dadd' 'dsub'> <InPorts = 2> <OutPorts = 1>

State 86 <SV = 72> <Delay = 1.90>
ST_86 : Operation 402 [2/8] (1.90ns)   --->   "%dc_1 = dadd i64 %buffer_X_load, i64 0.5" [likelihood_kernel.cpp:15->likelihood_kernel.cpp:72]   --->   Operation 402 'dadd' 'dc_1' <Predicate = true> <Delay = 1.90> <CoreInst = "DAddSub_fulldsp">   --->   Core 37 'DAddSub_fulldsp' <Latency = 7> <II = 1> <Delay = 1.90> <FuncUnit> <Opcode : 'dadd' 'dsub'> <InPorts = 2> <OutPorts = 1>
ST_86 : Operation 403 [2/8] (1.90ns)   --->   "%dc_2 = dadd i64 %buffer_Y_load, i64 0.5" [likelihood_kernel.cpp:15->likelihood_kernel.cpp:73]   --->   Operation 403 'dadd' 'dc_2' <Predicate = true> <Delay = 1.90> <CoreInst = "DAddSub_fulldsp">   --->   Core 37 'DAddSub_fulldsp' <Latency = 7> <II = 1> <Delay = 1.90> <FuncUnit> <Opcode : 'dadd' 'dsub'> <InPorts = 2> <OutPorts = 1>

State 87 <SV = 73> <Delay = 1.90>
ST_87 : Operation 404 [1/8] (1.90ns)   --->   "%dc_1 = dadd i64 %buffer_X_load, i64 0.5" [likelihood_kernel.cpp:15->likelihood_kernel.cpp:72]   --->   Operation 404 'dadd' 'dc_1' <Predicate = true> <Delay = 1.90> <CoreInst = "DAddSub_fulldsp">   --->   Core 37 'DAddSub_fulldsp' <Latency = 7> <II = 1> <Delay = 1.90> <FuncUnit> <Opcode : 'dadd' 'dsub'> <InPorts = 2> <OutPorts = 1>
ST_87 : Operation 405 [1/8] (1.90ns)   --->   "%dc_2 = dadd i64 %buffer_Y_load, i64 0.5" [likelihood_kernel.cpp:15->likelihood_kernel.cpp:73]   --->   Operation 405 'dadd' 'dc_2' <Predicate = true> <Delay = 1.90> <CoreInst = "DAddSub_fulldsp">   --->   Core 37 'DAddSub_fulldsp' <Latency = 7> <II = 1> <Delay = 1.90> <FuncUnit> <Opcode : 'dadd' 'dsub'> <InPorts = 2> <OutPorts = 1>

State 88 <SV = 74> <Delay = 2.16>
ST_88 : Operation 406 [1/1] (0.00ns)   --->   "%data_V_1 = bitcast i64 %dc_1" [/wrk/ci/prod/2020.2/rdi_builds/continuous/2020_11_18_3064766/src/shared/hls/clib/src/hls/utils/x_hls_utils.h:483]   --->   Operation 406 'bitcast' 'data_V_1' <Predicate = true> <Delay = 0.00>
ST_88 : Operation 407 [1/1] (0.00ns)   --->   "%p_Result_1 = bitselect i1 @_ssdm_op_BitSelect.i1.i64.i32, i64 %data_V_1, i32 63"   --->   Operation 407 'bitselect' 'p_Result_1' <Predicate = true> <Delay = 0.00>
ST_88 : Operation 408 [1/1] (0.00ns)   --->   "%tmp_15 = partselect i11 @_ssdm_op_PartSelect.i11.i64.i32.i32, i64 %data_V_1, i32 52, i32 62"   --->   Operation 408 'partselect' 'tmp_15' <Predicate = true> <Delay = 0.00>
ST_88 : Operation 409 [1/1] (0.00ns)   --->   "%tmp_16 = trunc i64 %data_V_1"   --->   Operation 409 'trunc' 'tmp_16' <Predicate = true> <Delay = 0.00>
ST_88 : Operation 410 [1/1] (0.00ns)   --->   "%mantissa_1 = bitconcatenate i54 @_ssdm_op_BitConcatenate.i54.i1.i52.i1, i1 1, i52 %tmp_16, i1 0"   --->   Operation 410 'bitconcatenate' 'mantissa_1' <Predicate = true> <Delay = 0.00>
ST_88 : Operation 411 [1/1] (0.00ns)   --->   "%zext_ln15_1 = zext i54 %mantissa_1" [/wrk/ci/prod/2020.2/rdi_builds/continuous/2020_11_18_3064766/src/shared/hls/clib/hlsmath/include/FloatingPoint/hls_case_IEEE754.h:15]   --->   Operation 411 'zext' 'zext_ln15_1' <Predicate = true> <Delay = 0.00>
ST_88 : Operation 412 [1/1] (0.00ns)   --->   "%zext_ln510_1 = zext i11 %tmp_15" [/wrk/ci/prod/2020.2/rdi_builds/continuous/2020_11_18_3064766/src/shared/hls/clib/src/hls/utils/x_hls_utils.h:510]   --->   Operation 412 'zext' 'zext_ln510_1' <Predicate = true> <Delay = 0.00>
ST_88 : Operation 413 [1/1] (0.73ns)   --->   "%add_ln510_1 = add i12 %zext_ln510_1, i12 3073" [/wrk/ci/prod/2020.2/rdi_builds/continuous/2020_11_18_3064766/src/shared/hls/clib/src/hls/utils/x_hls_utils.h:510]   --->   Operation 413 'add' 'add_ln510_1' <Predicate = true> <Delay = 0.73> <CoreInst = "Adder">   --->   Core 1 'Adder' <Latency = 0> <II = 1> <Delay = 0.88> <FuncUnit> <Opcode : 'add' 'sub'> <InPorts = 2> <OutPorts = 1>
ST_88 : Operation 414 [1/1] (0.00ns)   --->   "%isNeg_1 = bitselect i1 @_ssdm_op_BitSelect.i1.i12.i32, i12 %add_ln510_1, i32 11"   --->   Operation 414 'bitselect' 'isNeg_1' <Predicate = true> <Delay = 0.00>
ST_88 : Operation 415 [1/1] (0.73ns)   --->   "%sub_ln1311_1 = sub i11 1023, i11 %tmp_15"   --->   Operation 415 'sub' 'sub_ln1311_1' <Predicate = true> <Delay = 0.73> <CoreInst = "Adder">   --->   Core 1 'Adder' <Latency = 0> <II = 1> <Delay = 0.88> <FuncUnit> <Opcode : 'add' 'sub'> <InPorts = 2> <OutPorts = 1>
ST_88 : Operation 416 [1/1] (0.00ns)   --->   "%sext_ln1311_1 = sext i11 %sub_ln1311_1"   --->   Operation 416 'sext' 'sext_ln1311_1' <Predicate = true> <Delay = 0.00>
ST_88 : Operation 417 [1/1] (0.29ns)   --->   "%ush_1 = select i1 %isNeg_1, i12 %sext_ln1311_1, i12 %add_ln510_1"   --->   Operation 417 'select' 'ush_1' <Predicate = true> <Delay = 0.29> <CoreInst = "Sel">   --->   Core 73 'Sel' <Latency = 0> <II = 1> <Delay = 0.22> <FuncUnit> <Opcode : 'select'> <InPorts = 3> <OutPorts = 1>
ST_88 : Operation 418 [1/1] (0.00ns)   --->   "%sh_prom_i_i_i_i_i_i15_cast_cast_cast = sext i12 %ush_1"   --->   Operation 418 'sext' 'sh_prom_i_i_i_i_i_i15_cast_cast_cast' <Predicate = true> <Delay = 0.00>
ST_88 : Operation 419 [1/1] (0.00ns)   --->   "%sh_prom_i_i_i_i_i_i15_cast_cast_cast_cast = zext i32 %sh_prom_i_i_i_i_i_i15_cast_cast_cast"   --->   Operation 419 'zext' 'sh_prom_i_i_i_i_i_i15_cast_cast_cast_cast' <Predicate = true> <Delay = 0.00>
ST_88 : Operation 420 [1/1] (0.00ns) (grouped into LUT with out node val_1)   --->   "%r_V_2 = lshr i137 %zext_ln15_1, i137 %sh_prom_i_i_i_i_i_i15_cast_cast_cast_cast"   --->   Operation 420 'lshr' 'r_V_2' <Predicate = true> <Delay = 0.00> <CoreInst = "Shifter">   --->   Core 75 'Shifter' <Latency = 0> <II = 1> <Delay = 1.12> <FuncUnit> <Opcode : 'shl' 'lshr' 'ashr'> <InPorts = 2> <OutPorts = 1>
ST_88 : Operation 421 [1/1] (0.00ns) (grouped into LUT with out node val_1)   --->   "%r_V_3 = shl i137 %zext_ln15_1, i137 %sh_prom_i_i_i_i_i_i15_cast_cast_cast_cast"   --->   Operation 421 'shl' 'r_V_3' <Predicate = true> <Delay = 0.00> <CoreInst = "Shifter">   --->   Core 75 'Shifter' <Latency = 0> <II = 1> <Delay = 1.12> <FuncUnit> <Opcode : 'shl' 'lshr' 'ashr'> <InPorts = 2> <OutPorts = 1>
ST_88 : Operation 422 [1/1] (0.00ns) (grouped into LUT with out node val_1)   --->   "%tmp_6 = bitselect i1 @_ssdm_op_BitSelect.i1.i137.i32, i137 %r_V_2, i32 53"   --->   Operation 422 'bitselect' 'tmp_6' <Predicate = true> <Delay = 0.00>
ST_88 : Operation 423 [1/1] (0.00ns) (grouped into LUT with out node val_1)   --->   "%zext_ln662_1 = zext i1 %tmp_6"   --->   Operation 423 'zext' 'zext_ln662_1' <Predicate = true> <Delay = 0.00>
ST_88 : Operation 424 [1/1] (0.00ns) (grouped into LUT with out node val_1)   --->   "%tmp_s = partselect i32 @_ssdm_op_PartSelect.i32.i137.i32.i32, i137 %r_V_3, i32 53, i32 84"   --->   Operation 424 'partselect' 'tmp_s' <Predicate = true> <Delay = 0.00>
ST_88 : Operation 425 [1/1] (1.12ns) (out node of the LUT)   --->   "%val_1 = select i1 %isNeg_1, i32 %zext_ln662_1, i32 %tmp_s"   --->   Operation 425 'select' 'val_1' <Predicate = true> <Delay = 1.12> <CoreInst = "Sel">   --->   Core 73 'Sel' <Latency = 0> <II = 1> <Delay = 0.22> <FuncUnit> <Opcode : 'select'> <InPorts = 3> <OutPorts = 1>
ST_88 : Operation 426 [1/1] (0.00ns)   --->   "%data_V_2 = bitcast i64 %dc_2" [/wrk/ci/prod/2020.2/rdi_builds/continuous/2020_11_18_3064766/src/shared/hls/clib/src/hls/utils/x_hls_utils.h:483]   --->   Operation 426 'bitcast' 'data_V_2' <Predicate = true> <Delay = 0.00>
ST_88 : Operation 427 [1/1] (0.00ns)   --->   "%p_Result_2 = bitselect i1 @_ssdm_op_BitSelect.i1.i64.i32, i64 %data_V_2, i32 63"   --->   Operation 427 'bitselect' 'p_Result_2' <Predicate = true> <Delay = 0.00>
ST_88 : Operation 428 [1/1] (0.00ns)   --->   "%tmp_17 = partselect i11 @_ssdm_op_PartSelect.i11.i64.i32.i32, i64 %data_V_2, i32 52, i32 62"   --->   Operation 428 'partselect' 'tmp_17' <Predicate = true> <Delay = 0.00>
ST_88 : Operation 429 [1/1] (0.00ns)   --->   "%tmp_18 = trunc i64 %data_V_2"   --->   Operation 429 'trunc' 'tmp_18' <Predicate = true> <Delay = 0.00>
ST_88 : Operation 430 [1/1] (0.00ns)   --->   "%mantissa_2 = bitconcatenate i54 @_ssdm_op_BitConcatenate.i54.i1.i52.i1, i1 1, i52 %tmp_18, i1 0"   --->   Operation 430 'bitconcatenate' 'mantissa_2' <Predicate = true> <Delay = 0.00>
ST_88 : Operation 431 [1/1] (0.00ns)   --->   "%zext_ln15_2 = zext i54 %mantissa_2" [/wrk/ci/prod/2020.2/rdi_builds/continuous/2020_11_18_3064766/src/shared/hls/clib/hlsmath/include/FloatingPoint/hls_case_IEEE754.h:15]   --->   Operation 431 'zext' 'zext_ln15_2' <Predicate = true> <Delay = 0.00>
ST_88 : Operation 432 [1/1] (0.00ns)   --->   "%zext_ln510_2 = zext i11 %tmp_17" [/wrk/ci/prod/2020.2/rdi_builds/continuous/2020_11_18_3064766/src/shared/hls/clib/src/hls/utils/x_hls_utils.h:510]   --->   Operation 432 'zext' 'zext_ln510_2' <Predicate = true> <Delay = 0.00>
ST_88 : Operation 433 [1/1] (0.73ns)   --->   "%add_ln510_2 = add i12 %zext_ln510_2, i12 3073" [/wrk/ci/prod/2020.2/rdi_builds/continuous/2020_11_18_3064766/src/shared/hls/clib/src/hls/utils/x_hls_utils.h:510]   --->   Operation 433 'add' 'add_ln510_2' <Predicate = true> <Delay = 0.73> <CoreInst = "Adder">   --->   Core 1 'Adder' <Latency = 0> <II = 1> <Delay = 0.88> <FuncUnit> <Opcode : 'add' 'sub'> <InPorts = 2> <OutPorts = 1>
ST_88 : Operation 434 [1/1] (0.00ns)   --->   "%isNeg_2 = bitselect i1 @_ssdm_op_BitSelect.i1.i12.i32, i12 %add_ln510_2, i32 11"   --->   Operation 434 'bitselect' 'isNeg_2' <Predicate = true> <Delay = 0.00>
ST_88 : Operation 435 [1/1] (0.73ns)   --->   "%sub_ln1311_2 = sub i11 1023, i11 %tmp_17"   --->   Operation 435 'sub' 'sub_ln1311_2' <Predicate = true> <Delay = 0.73> <CoreInst = "Adder">   --->   Core 1 'Adder' <Latency = 0> <II = 1> <Delay = 0.88> <FuncUnit> <Opcode : 'add' 'sub'> <InPorts = 2> <OutPorts = 1>
ST_88 : Operation 436 [1/1] (0.00ns)   --->   "%sext_ln1311_2 = sext i11 %sub_ln1311_2"   --->   Operation 436 'sext' 'sext_ln1311_2' <Predicate = true> <Delay = 0.00>
ST_88 : Operation 437 [1/1] (0.29ns)   --->   "%ush_2 = select i1 %isNeg_2, i12 %sext_ln1311_2, i12 %add_ln510_2"   --->   Operation 437 'select' 'ush_2' <Predicate = true> <Delay = 0.29> <CoreInst = "Sel">   --->   Core 73 'Sel' <Latency = 0> <II = 1> <Delay = 0.22> <FuncUnit> <Opcode : 'select'> <InPorts = 3> <OutPorts = 1>
ST_88 : Operation 438 [1/1] (0.00ns)   --->   "%sh_prom_i_i_i_i_i_i37_cast_cast_cast = sext i12 %ush_2"   --->   Operation 438 'sext' 'sh_prom_i_i_i_i_i_i37_cast_cast_cast' <Predicate = true> <Delay = 0.00>
ST_88 : Operation 439 [1/1] (0.00ns)   --->   "%sh_prom_i_i_i_i_i_i37_cast_cast_cast_cast = zext i32 %sh_prom_i_i_i_i_i_i37_cast_cast_cast"   --->   Operation 439 'zext' 'sh_prom_i_i_i_i_i_i37_cast_cast_cast_cast' <Predicate = true> <Delay = 0.00>
ST_88 : Operation 440 [1/1] (0.00ns) (grouped into LUT with out node val_2)   --->   "%r_V_4 = lshr i137 %zext_ln15_2, i137 %sh_prom_i_i_i_i_i_i37_cast_cast_cast_cast"   --->   Operation 440 'lshr' 'r_V_4' <Predicate = true> <Delay = 0.00> <CoreInst = "Shifter">   --->   Core 75 'Shifter' <Latency = 0> <II = 1> <Delay = 1.12> <FuncUnit> <Opcode : 'shl' 'lshr' 'ashr'> <InPorts = 2> <OutPorts = 1>
ST_88 : Operation 441 [1/1] (0.00ns) (grouped into LUT with out node val_2)   --->   "%r_V_5 = shl i137 %zext_ln15_2, i137 %sh_prom_i_i_i_i_i_i37_cast_cast_cast_cast"   --->   Operation 441 'shl' 'r_V_5' <Predicate = true> <Delay = 0.00> <CoreInst = "Shifter">   --->   Core 75 'Shifter' <Latency = 0> <II = 1> <Delay = 1.12> <FuncUnit> <Opcode : 'shl' 'lshr' 'ashr'> <InPorts = 2> <OutPorts = 1>
ST_88 : Operation 442 [1/1] (0.00ns) (grouped into LUT with out node val_2)   --->   "%tmp_12 = bitselect i1 @_ssdm_op_BitSelect.i1.i137.i32, i137 %r_V_4, i32 53"   --->   Operation 442 'bitselect' 'tmp_12' <Predicate = true> <Delay = 0.00>
ST_88 : Operation 443 [1/1] (0.00ns) (grouped into LUT with out node val_2)   --->   "%zext_ln662_2 = zext i1 %tmp_12"   --->   Operation 443 'zext' 'zext_ln662_2' <Predicate = true> <Delay = 0.00>
ST_88 : Operation 444 [1/1] (0.00ns) (grouped into LUT with out node val_2)   --->   "%tmp_2 = partselect i32 @_ssdm_op_PartSelect.i32.i137.i32.i32, i137 %r_V_5, i32 53, i32 84"   --->   Operation 444 'partselect' 'tmp_2' <Predicate = true> <Delay = 0.00>
ST_88 : Operation 445 [1/1] (1.12ns) (out node of the LUT)   --->   "%val_2 = select i1 %isNeg_2, i32 %zext_ln662_2, i32 %tmp_2"   --->   Operation 445 'select' 'val_2' <Predicate = true> <Delay = 1.12> <CoreInst = "Sel">   --->   Core 73 'Sel' <Latency = 0> <II = 1> <Delay = 0.22> <FuncUnit> <Opcode : 'select'> <InPorts = 3> <OutPorts = 1>

State 89 <SV = 75> <Delay = 1.10>
ST_89 : Operation 446 [1/1] (0.00ns)   --->   "%speclooptripcount_ln70 = speclooptripcount void @_ssdm_op_SpecLoopTripCount, i64 64, i64 64, i64 64" [likelihood_kernel.cpp:70]   --->   Operation 446 'speclooptripcount' 'speclooptripcount_ln70' <Predicate = true> <Delay = 0.00>
ST_89 : Operation 447 [1/1] (0.00ns)   --->   "%specloopname_ln70 = specloopname void @_ssdm_op_SpecLoopName, void @empty_15" [likelihood_kernel.cpp:70]   --->   Operation 447 'specloopname' 'specloopname_ln70' <Predicate = true> <Delay = 0.00>
ST_89 : Operation 448 [1/1] (0.88ns)   --->   "%result_V_5 = sub i32 0, i32 %val_1"   --->   Operation 448 'sub' 'result_V_5' <Predicate = (p_Result_1)> <Delay = 0.88> <CoreInst = "Adder">   --->   Core 1 'Adder' <Latency = 0> <II = 1> <Delay = 0.88> <FuncUnit> <Opcode : 'add' 'sub'> <InPorts = 2> <OutPorts = 1>
ST_89 : Operation 449 [1/1] (0.22ns)   --->   "%result_V_10 = select i1 %p_Result_1, i32 %result_V_5, i32 %val_1" [/wrk/ci/prod/2020.2/rdi_builds/continuous/2020_11_18_3064766/src/shared/hls/clib/hlsmath/include/FloatingPoint/hls_case_IEEE754.h:59]   --->   Operation 449 'select' 'result_V_10' <Predicate = true> <Delay = 0.22> <CoreInst = "Sel">   --->   Core 73 'Sel' <Latency = 0> <II = 1> <Delay = 0.22> <FuncUnit> <Opcode : 'select'> <InPorts = 3> <OutPorts = 1>
ST_89 : Operation 450 [1/1] (0.88ns)   --->   "%result_V_9 = sub i32 0, i32 %val_2"   --->   Operation 450 'sub' 'result_V_9' <Predicate = (p_Result_2)> <Delay = 0.88> <CoreInst = "Adder">   --->   Core 1 'Adder' <Latency = 0> <II = 1> <Delay = 0.88> <FuncUnit> <Opcode : 'add' 'sub'> <InPorts = 2> <OutPorts = 1>
ST_89 : Operation 451 [1/1] (0.22ns)   --->   "%result_V_11 = select i1 %p_Result_2, i32 %result_V_9, i32 %val_2" [/wrk/ci/prod/2020.2/rdi_builds/continuous/2020_11_18_3064766/src/shared/hls/clib/hlsmath/include/FloatingPoint/hls_case_IEEE754.h:59]   --->   Operation 451 'select' 'result_V_11' <Predicate = true> <Delay = 0.22> <CoreInst = "Sel">   --->   Core 73 'Sel' <Latency = 0> <II = 1> <Delay = 0.22> <FuncUnit> <Opcode : 'select'> <InPorts = 3> <OutPorts = 1>
ST_89 : Operation 452 [1/1] (0.38ns)   --->   "%br_ln76 = br i1 %cmp4_i38, void %._crit_edge46, void %.lr.ph40.preheader" [likelihood_kernel.cpp:76]   --->   Operation 452 'br' 'br_ln76' <Predicate = true> <Delay = 0.38>
ST_89 : Operation 453 [1/1] (0.38ns)   --->   "%br_ln76 = br void %.lr.ph40" [likelihood_kernel.cpp:76]   --->   Operation 453 'br' 'br_ln76' <Predicate = (cmp4_i38)> <Delay = 0.38>

State 90 <SV = 76> <Delay = 1.19>
ST_90 : Operation 454 [1/1] (0.00ns)   --->   "%y = phi i7 %add_ln76, void %.split5, i7 0, void %.lr.ph40.preheader" [likelihood_kernel.cpp:76]   --->   Operation 454 'phi' 'y' <Predicate = true> <Delay = 0.00>
ST_90 : Operation 455 [1/1] (0.70ns)   --->   "%add_ln76 = add i7 %y, i7 1" [likelihood_kernel.cpp:76]   --->   Operation 455 'add' 'add_ln76' <Predicate = true> <Delay = 0.70> <CoreInst = "Adder">   --->   Core 1 'Adder' <Latency = 0> <II = 1> <Delay = 0.88> <FuncUnit> <Opcode : 'add' 'sub'> <InPorts = 2> <OutPorts = 1>
ST_90 : Operation 456 [1/1] (0.00ns)   --->   "%zext_ln76_1 = zext i7 %y" [likelihood_kernel.cpp:76]   --->   Operation 456 'zext' 'zext_ln76_1' <Predicate = true> <Delay = 0.00>
ST_90 : Operation 457 [1/1] (0.85ns)   --->   "%icmp_ln76 = icmp_eq  i32 %zext_ln76_1, i32 %countOnes_read" [likelihood_kernel.cpp:76]   --->   Operation 457 'icmp' 'icmp_ln76' <Predicate = true> <Delay = 0.85> <CoreInst = "Cmp">   --->   Core 9 'Cmp' <Latency = 0> <II = 1> <Delay = 0.84> <FuncUnit> <Opcode : 'icmp'> <InPorts = 2> <OutPorts = 1>
ST_90 : Operation 458 [1/1] (0.00ns)   --->   "%br_ln76 = br i1 %icmp_ln76, void %.split5, void %.lr.ph45.preheader" [likelihood_kernel.cpp:76]   --->   Operation 458 'br' 'br_ln76' <Predicate = true> <Delay = 0.00>
ST_90 : Operation 459 [1/1] (0.00ns)   --->   "%shl_ln1 = bitconcatenate i8 @_ssdm_op_BitConcatenate.i8.i7.i1, i7 %y, i1 0" [likelihood_kernel.cpp:79]   --->   Operation 459 'bitconcatenate' 'shl_ln1' <Predicate = (!icmp_ln76)> <Delay = 0.00>
ST_90 : Operation 460 [1/1] (0.00ns)   --->   "%zext_ln79 = zext i8 %shl_ln1" [likelihood_kernel.cpp:79]   --->   Operation 460 'zext' 'zext_ln79' <Predicate = (!icmp_ln76)> <Delay = 0.00>
ST_90 : Operation 461 [1/1] (0.00ns)   --->   "%buffer_objxy_addr_1 = getelementptr i32 %buffer_objxy, i64 0, i64 %zext_ln79" [likelihood_kernel.cpp:79]   --->   Operation 461 'getelementptr' 'buffer_objxy_addr_1' <Predicate = (!icmp_ln76)> <Delay = 0.00>
ST_90 : Operation 462 [2/2] (1.19ns)   --->   "%offY = load i8 %buffer_objxy_addr_1" [likelihood_kernel.cpp:79]   --->   Operation 462 'load' 'offY' <Predicate = (!icmp_ln76)> <Delay = 1.19> <CoreInst = "RAM_1WnR">   --->   Core 84 'RAM_1WnR' <Latency = 1> <II = 1> <Delay = 1.19> <Storage> <Opcode : 'load' 'store'> <Ports = 17> <Width = 32> <Depth = 160> <RAM>
ST_90 : Operation 463 [1/1] (0.00ns)   --->   "%or_ln80 = or i8 %shl_ln1, i8 1" [likelihood_kernel.cpp:80]   --->   Operation 463 'or' 'or_ln80' <Predicate = (!icmp_ln76)> <Delay = 0.00>
ST_90 : Operation 464 [1/1] (0.00ns)   --->   "%zext_ln80 = zext i8 %or_ln80" [likelihood_kernel.cpp:80]   --->   Operation 464 'zext' 'zext_ln80' <Predicate = (!icmp_ln76)> <Delay = 0.00>
ST_90 : Operation 465 [1/1] (0.00ns)   --->   "%buffer_objxy_addr_2 = getelementptr i32 %buffer_objxy, i64 0, i64 %zext_ln80" [likelihood_kernel.cpp:80]   --->   Operation 465 'getelementptr' 'buffer_objxy_addr_2' <Predicate = (!icmp_ln76)> <Delay = 0.00>
ST_90 : Operation 466 [2/2] (1.19ns)   --->   "%offX = load i8 %buffer_objxy_addr_2" [likelihood_kernel.cpp:80]   --->   Operation 466 'load' 'offX' <Predicate = (!icmp_ln76)> <Delay = 1.19> <CoreInst = "RAM_1WnR">   --->   Core 84 'RAM_1WnR' <Latency = 1> <II = 1> <Delay = 1.19> <Storage> <Opcode : 'load' 'store'> <Ports = 17> <Width = 32> <Depth = 160> <RAM>

State 91 <SV = 77> <Delay = 2.07>
ST_91 : Operation 467 [1/2] (1.19ns)   --->   "%offY = load i8 %buffer_objxy_addr_1" [likelihood_kernel.cpp:79]   --->   Operation 467 'load' 'offY' <Predicate = (!icmp_ln76)> <Delay = 1.19> <CoreInst = "RAM_1WnR">   --->   Core 84 'RAM_1WnR' <Latency = 1> <II = 1> <Delay = 1.19> <Storage> <Opcode : 'load' 'store'> <Ports = 17> <Width = 32> <Depth = 160> <RAM>
ST_91 : Operation 468 [1/2] (1.19ns)   --->   "%offX = load i8 %buffer_objxy_addr_2" [likelihood_kernel.cpp:80]   --->   Operation 468 'load' 'offX' <Predicate = (!icmp_ln76)> <Delay = 1.19> <CoreInst = "RAM_1WnR">   --->   Core 84 'RAM_1WnR' <Latency = 1> <II = 1> <Delay = 1.19> <Storage> <Opcode : 'load' 'store'> <Ports = 17> <Width = 32> <Depth = 160> <RAM>
ST_91 : Operation 469 [1/1] (0.88ns)   --->   "%indX = add i32 %offX, i32 %result_V_10" [likelihood_kernel.cpp:81]   --->   Operation 469 'add' 'indX' <Predicate = (!icmp_ln76)> <Delay = 0.88> <CoreInst = "Adder">   --->   Core 1 'Adder' <Latency = 0> <II = 1> <Delay = 0.88> <FuncUnit> <Opcode : 'add' 'sub'> <InPorts = 2> <OutPorts = 1>

State 92 <SV = 78> <Delay = 2.29>
ST_92 : Operation 470 [2/2] (2.29ns)   --->   "%mul_ln83 = mul i32 %indX, i32 %IszY_read" [likelihood_kernel.cpp:83]   --->   Operation 470 'mul' 'mul_ln83' <Predicate = (!icmp_ln76)> <Delay = 2.29> <CoreInst = "Multiplier">   --->   Core 3 'Multiplier' <Latency = 1> <II = 1> <Delay = 2.29> <FuncUnit> <Opcode : 'mul'> <InPorts = 2> <OutPorts = 1>

State 93 <SV = 79> <Delay = 2.29>
ST_93 : Operation 471 [1/2] (2.29ns)   --->   "%mul_ln83 = mul i32 %indX, i32 %IszY_read" [likelihood_kernel.cpp:83]   --->   Operation 471 'mul' 'mul_ln83' <Predicate = (!icmp_ln76)> <Delay = 2.29> <CoreInst = "Multiplier">   --->   Core 3 'Multiplier' <Latency = 1> <II = 1> <Delay = 2.29> <FuncUnit> <Opcode : 'mul'> <InPorts = 2> <OutPorts = 1>

State 94 <SV = 80> <Delay = 0.73>
ST_94 : Operation 472 [1/1] (0.00ns) (grouped into TernaryAdder)   --->   "%add_ln83_2 = add i32 %result_V_11, i32 %mul_ln83" [likelihood_kernel.cpp:83]   --->   Operation 472 'add' 'add_ln83_2' <Predicate = (!icmp_ln76)> <Delay = 0.00> <CoreInst = "TAddSub">   --->   Core 10 'TAddSub' <Latency = 0> <II = 1> <Delay = 0.36> <IPBlock> <Opcode : 'add' 'sub'> <InPorts = 3> <OutPorts = 1> <Sync>
ST_94 : Operation 473 [1/1] (0.73ns) (root node of TernaryAdder)   --->   "%add_ln83 = add i32 %add_ln83_2, i32 %offY" [likelihood_kernel.cpp:83]   --->   Operation 473 'add' 'add_ln83' <Predicate = (!icmp_ln76)> <Delay = 0.73> <CoreInst = "TAddSub">   --->   Core 10 'TAddSub' <Latency = 0> <II = 1> <Delay = 0.36> <IPBlock> <Opcode : 'add' 'sub'> <InPorts = 3> <OutPorts = 1> <Sync>

State 95 <SV = 81> <Delay = 2.29>
ST_95 : Operation 474 [2/2] (2.29ns)   --->   "%mul_ln83_1 = mul i32 %add_ln83, i32 %Nfr_read" [likelihood_kernel.cpp:83]   --->   Operation 474 'mul' 'mul_ln83_1' <Predicate = (!icmp_ln76)> <Delay = 2.29> <CoreInst = "Multiplier">   --->   Core 3 'Multiplier' <Latency = 1> <II = 1> <Delay = 2.29> <FuncUnit> <Opcode : 'mul'> <InPorts = 2> <OutPorts = 1>

State 96 <SV = 82> <Delay = 2.29>
ST_96 : Operation 475 [1/2] (2.29ns)   --->   "%mul_ln83_1 = mul i32 %add_ln83, i32 %Nfr_read" [likelihood_kernel.cpp:83]   --->   Operation 475 'mul' 'mul_ln83_1' <Predicate = (!icmp_ln76)> <Delay = 2.29> <CoreInst = "Multiplier">   --->   Core 3 'Multiplier' <Latency = 1> <II = 1> <Delay = 2.29> <FuncUnit> <Opcode : 'mul'> <InPorts = 2> <OutPorts = 1>

State 97 <SV = 83> <Delay = 1.98>
ST_97 : Operation 476 [1/1] (0.88ns)   --->   "%add_ln83_1 = add i32 %mul_ln83_1, i32 %k_read" [likelihood_kernel.cpp:83]   --->   Operation 476 'add' 'add_ln83_1' <Predicate = (!icmp_ln76)> <Delay = 0.88> <CoreInst = "Adder">   --->   Core 1 'Adder' <Latency = 0> <II = 1> <Delay = 0.88> <FuncUnit> <Opcode : 'add' 'sub'> <InPorts = 2> <OutPorts = 1>
ST_97 : Operation 477 [1/1] (0.88ns)   --->   "%neg = sub i32 0, i32 %add_ln83_1" [likelihood_kernel.cpp:83]   --->   Operation 477 'sub' 'neg' <Predicate = (!icmp_ln76)> <Delay = 0.88> <CoreInst = "Adder">   --->   Core 1 'Adder' <Latency = 0> <II = 1> <Delay = 0.88> <FuncUnit> <Opcode : 'add' 'sub'> <InPorts = 2> <OutPorts = 1>
ST_97 : Operation 478 [1/1] (0.85ns)   --->   "%abscond = icmp_sgt  i32 %add_ln83_1, i32 0" [likelihood_kernel.cpp:83]   --->   Operation 478 'icmp' 'abscond' <Predicate = (!icmp_ln76)> <Delay = 0.85> <CoreInst = "Cmp">   --->   Core 9 'Cmp' <Latency = 0> <II = 1> <Delay = 0.84> <FuncUnit> <Opcode : 'icmp'> <InPorts = 2> <OutPorts = 1>
ST_97 : Operation 479 [1/1] (0.22ns)   --->   "%idx = select i1 %abscond, i32 %add_ln83_1, i32 %neg" [likelihood_kernel.cpp:83]   --->   Operation 479 'select' 'idx' <Predicate = (!icmp_ln76)> <Delay = 0.22> <CoreInst = "Sel">   --->   Core 73 'Sel' <Latency = 0> <II = 1> <Delay = 0.22> <FuncUnit> <Opcode : 'select'> <InPorts = 3> <OutPorts = 1>

State 98 <SV = 84> <Delay = 1.89>
ST_98 : Operation 480 [1/1] (0.00ns)   --->   "%zext_ln76 = zext i7 %y" [likelihood_kernel.cpp:76]   --->   Operation 480 'zext' 'zext_ln76' <Predicate = (!icmp_ln76)> <Delay = 0.00>
ST_98 : Operation 481 [1/1] (0.00ns)   --->   "%specpipeline_ln76 = specpipeline void @_ssdm_op_SpecPipeline, i32 1, i32 0, i32 0, i32 0, void @empty_25" [likelihood_kernel.cpp:76]   --->   Operation 481 'specpipeline' 'specpipeline_ln76' <Predicate = (!icmp_ln76)> <Delay = 0.00>
ST_98 : Operation 482 [1/1] (0.00ns)   --->   "%speclooptripcount_ln76 = speclooptripcount void @_ssdm_op_SpecLoopTripCount, i64 70, i64 80, i64 75" [likelihood_kernel.cpp:76]   --->   Operation 482 'speclooptripcount' 'speclooptripcount_ln76' <Predicate = (!icmp_ln76)> <Delay = 0.00>
ST_98 : Operation 483 [1/1] (0.00ns)   --->   "%specloopname_ln76 = specloopname void @_ssdm_op_SpecLoopName, void @empty_8" [likelihood_kernel.cpp:76]   --->   Operation 483 'specloopname' 'specloopname_ln76' <Predicate = (!icmp_ln76)> <Delay = 0.00>
ST_98 : Operation 484 [1/1] (0.00ns)   --->   "%sext_ln85 = sext i32 %idx" [likelihood_kernel.cpp:85]   --->   Operation 484 'sext' 'sext_ln85' <Predicate = (!icmp_ln76)> <Delay = 0.00>
ST_98 : Operation 485 [1/1] (1.06ns)   --->   "%icmp_ln85 = icmp_slt  i64 %sext_ln85, i64 %max_size_read" [likelihood_kernel.cpp:85]   --->   Operation 485 'icmp' 'icmp_ln85' <Predicate = (!icmp_ln76)> <Delay = 1.06> <CoreInst = "Cmp">   --->   Core 9 'Cmp' <Latency = 0> <II = 1> <Delay = 0.84> <FuncUnit> <Opcode : 'icmp'> <InPorts = 2> <OutPorts = 1>
ST_98 : Operation 486 [1/1] (0.00ns) (grouped into LUT with out node idx_1)   --->   "%xor_ln85 = xor i1 %icmp_ln85, i1 1" [likelihood_kernel.cpp:85]   --->   Operation 486 'xor' 'xor_ln85' <Predicate = (!icmp_ln76)> <Delay = 0.00> <CoreInst = "LogicGate">   --->   Core 74 'LogicGate' <Latency = 0> <II = 1> <Delay = 0.12> <FuncUnit> <Opcode : 'and' 'or' 'xor'> <InPorts = 2> <OutPorts = 1>
ST_98 : Operation 487 [1/1] (0.22ns) (out node of the LUT)   --->   "%idx_1 = select i1 %xor_ln85, i32 0, i32 %idx" [likelihood_kernel.cpp:85]   --->   Operation 487 'select' 'idx_1' <Predicate = (!icmp_ln76)> <Delay = 0.22> <CoreInst = "Sel">   --->   Core 73 'Sel' <Latency = 0> <II = 1> <Delay = 0.22> <FuncUnit> <Opcode : 'select'> <InPorts = 3> <OutPorts = 1>
ST_98 : Operation 488 [1/1] (0.00ns)   --->   "%ind_buffer_addr = getelementptr i32 %ind_buffer, i64 0, i64 %zext_ln76" [likelihood_kernel.cpp:89]   --->   Operation 488 'getelementptr' 'ind_buffer_addr' <Predicate = (!icmp_ln76)> <Delay = 0.00>
ST_98 : Operation 489 [1/1] (0.60ns)   --->   "%store_ln89 = store i32 %idx_1, i7 %ind_buffer_addr" [likelihood_kernel.cpp:89]   --->   Operation 489 'store' 'store_ln89' <Predicate = (!icmp_ln76)> <Delay = 0.60> <CoreInst = "RAM">   --->   Core 83 'RAM' <Latency = 1> <II = 1> <Delay = 0.60> <Storage> <Opcode : 'load' 'store'> <Ports = 2> <Width = 32> <Depth = 80> <RAM>
ST_98 : Operation 490 [1/1] (0.00ns)   --->   "%br_ln0 = br void %.lr.ph40"   --->   Operation 490 'br' 'br_ln0' <Predicate = (!icmp_ln76)> <Delay = 0.00>

State 99 <SV = 77> <Delay = 0.38>
ST_99 : Operation 491 [1/1] (0.38ns)   --->   "%br_ln92 = br void %.lr.ph45" [likelihood_kernel.cpp:92]   --->   Operation 491 'br' 'br_ln92' <Predicate = true> <Delay = 0.38>

State 100 <SV = 78> <Delay = 0.85>
ST_100 : Operation 492 [1/1] (0.00ns)   --->   "%y_1 = phi i7 %add_ln92, void %.split7, i7 0, void %.lr.ph45.preheader" [likelihood_kernel.cpp:92]   --->   Operation 492 'phi' 'y_1' <Predicate = true> <Delay = 0.00>
ST_100 : Operation 493 [1/1] (0.00ns)   --->   "%pixel_sum = phi i32 %pixel_sum_1, void %.split7, i32 0, void %.lr.ph45.preheader"   --->   Operation 493 'phi' 'pixel_sum' <Predicate = true> <Delay = 0.00>
ST_100 : Operation 494 [1/1] (0.70ns)   --->   "%add_ln92 = add i7 %y_1, i7 1" [likelihood_kernel.cpp:92]   --->   Operation 494 'add' 'add_ln92' <Predicate = true> <Delay = 0.70> <CoreInst = "Adder">   --->   Core 1 'Adder' <Latency = 0> <II = 1> <Delay = 0.88> <FuncUnit> <Opcode : 'add' 'sub'> <InPorts = 2> <OutPorts = 1>
ST_100 : Operation 495 [1/1] (0.00ns)   --->   "%zext_ln92_1 = zext i7 %y_1" [likelihood_kernel.cpp:92]   --->   Operation 495 'zext' 'zext_ln92_1' <Predicate = true> <Delay = 0.00>
ST_100 : Operation 496 [1/1] (0.85ns)   --->   "%icmp_ln92 = icmp_eq  i32 %zext_ln92_1, i32 %countOnes_read" [likelihood_kernel.cpp:92]   --->   Operation 496 'icmp' 'icmp_ln92' <Predicate = true> <Delay = 0.85> <CoreInst = "Cmp">   --->   Core 9 'Cmp' <Latency = 0> <II = 1> <Delay = 0.84> <FuncUnit> <Opcode : 'icmp'> <InPorts = 2> <OutPorts = 1>
ST_100 : Operation 497 [1/1] (0.00ns)   --->   "%br_ln92 = br i1 %icmp_ln92, void %.split7, void %._crit_edge46.loopexit" [likelihood_kernel.cpp:92]   --->   Operation 497 'br' 'br_ln92' <Predicate = true> <Delay = 0.00>
ST_100 : Operation 498 [1/1] (0.00ns)   --->   "%zext_ln92 = zext i7 %y_1" [likelihood_kernel.cpp:92]   --->   Operation 498 'zext' 'zext_ln92' <Predicate = (!icmp_ln92)> <Delay = 0.00>
ST_100 : Operation 499 [1/1] (0.00ns)   --->   "%ind_buffer_addr_1 = getelementptr i32 %ind_buffer, i64 0, i64 %zext_ln92" [likelihood_kernel.cpp:95]   --->   Operation 499 'getelementptr' 'ind_buffer_addr_1' <Predicate = (!icmp_ln92)> <Delay = 0.00>
ST_100 : Operation 500 [2/2] (0.60ns)   --->   "%ind_buffer_load = load i7 %ind_buffer_addr_1" [likelihood_kernel.cpp:95]   --->   Operation 500 'load' 'ind_buffer_load' <Predicate = (!icmp_ln92)> <Delay = 0.60> <CoreInst = "RAM">   --->   Core 83 'RAM' <Latency = 1> <II = 1> <Delay = 0.60> <Storage> <Opcode : 'load' 'store'> <Ports = 2> <Width = 32> <Depth = 80> <RAM>

State 101 <SV = 79> <Delay = 1.74>
ST_101 : Operation 501 [1/2] (0.60ns)   --->   "%ind_buffer_load = load i7 %ind_buffer_addr_1" [likelihood_kernel.cpp:95]   --->   Operation 501 'load' 'ind_buffer_load' <Predicate = (!icmp_ln92)> <Delay = 0.60> <CoreInst = "RAM">   --->   Core 83 'RAM' <Latency = 1> <II = 1> <Delay = 0.60> <Storage> <Opcode : 'load' 'store'> <Ports = 2> <Width = 32> <Depth = 80> <RAM>
ST_101 : Operation 502 [1/1] (0.00ns)   --->   "%shl_ln2 = bitconcatenate i34 @_ssdm_op_BitConcatenate.i34.i32.i2, i32 %ind_buffer_load, i2 0" [likelihood_kernel.cpp:95]   --->   Operation 502 'bitconcatenate' 'shl_ln2' <Predicate = (!icmp_ln92)> <Delay = 0.00>
ST_101 : Operation 503 [1/1] (0.00ns)   --->   "%sext_ln95 = sext i34 %shl_ln2" [likelihood_kernel.cpp:95]   --->   Operation 503 'sext' 'sext_ln95' <Predicate = (!icmp_ln92)> <Delay = 0.00>
ST_101 : Operation 504 [1/1] (1.14ns)   --->   "%add_ln95 = add i64 %sext_ln95, i64 %I_read" [likelihood_kernel.cpp:95]   --->   Operation 504 'add' 'add_ln95' <Predicate = (!icmp_ln92)> <Delay = 1.14> <CoreInst = "Adder">   --->   Core 1 'Adder' <Latency = 0> <II = 1> <Delay = 0.88> <FuncUnit> <Opcode : 'add' 'sub'> <InPorts = 2> <OutPorts = 1>
ST_101 : Operation 505 [1/1] (0.00ns)   --->   "%trunc_ln5 = partselect i62 @_ssdm_op_PartSelect.i62.i64.i32.i32, i64 %add_ln95, i32 2, i32 63" [likelihood_kernel.cpp:95]   --->   Operation 505 'partselect' 'trunc_ln5' <Predicate = (!icmp_ln92)> <Delay = 0.00>
ST_101 : Operation 506 [1/1] (0.00ns)   --->   "%sext_ln95_1 = sext i62 %trunc_ln5" [likelihood_kernel.cpp:95]   --->   Operation 506 'sext' 'sext_ln95_1' <Predicate = (!icmp_ln92)> <Delay = 0.00>
ST_101 : Operation 507 [1/1] (0.00ns)   --->   "%gmem3_addr = getelementptr i32 %gmem3, i64 %sext_ln95_1" [likelihood_kernel.cpp:95]   --->   Operation 507 'getelementptr' 'gmem3_addr' <Predicate = (!icmp_ln92)> <Delay = 0.00>

State 102 <SV = 80> <Delay = 2.43>
ST_102 : Operation 508 [7/7] (2.43ns)   --->   "%gmem3_load_req = readreq i1 @_ssdm_op_ReadReq.m_axi.i32P1A, i32 %gmem3_addr, i32 1" [likelihood_kernel.cpp:95]   --->   Operation 508 'readreq' 'gmem3_load_req' <Predicate = (!icmp_ln92)> <Delay = 2.43> <CoreInst = "m_axi">   --->   Core 121 'm_axi' <Latency = 6> <II = 1> <Delay = 1.00> <Adapter> <Opcode : 'read' 'write' 'readreq' 'writereq' 'writeresp'>

State 103 <SV = 81> <Delay = 2.43>
ST_103 : Operation 509 [6/7] (2.43ns)   --->   "%gmem3_load_req = readreq i1 @_ssdm_op_ReadReq.m_axi.i32P1A, i32 %gmem3_addr, i32 1" [likelihood_kernel.cpp:95]   --->   Operation 509 'readreq' 'gmem3_load_req' <Predicate = (!icmp_ln92)> <Delay = 2.43> <CoreInst = "m_axi">   --->   Core 121 'm_axi' <Latency = 6> <II = 1> <Delay = 1.00> <Adapter> <Opcode : 'read' 'write' 'readreq' 'writereq' 'writeresp'>

State 104 <SV = 82> <Delay = 2.43>
ST_104 : Operation 510 [5/7] (2.43ns)   --->   "%gmem3_load_req = readreq i1 @_ssdm_op_ReadReq.m_axi.i32P1A, i32 %gmem3_addr, i32 1" [likelihood_kernel.cpp:95]   --->   Operation 510 'readreq' 'gmem3_load_req' <Predicate = (!icmp_ln92)> <Delay = 2.43> <CoreInst = "m_axi">   --->   Core 121 'm_axi' <Latency = 6> <II = 1> <Delay = 1.00> <Adapter> <Opcode : 'read' 'write' 'readreq' 'writereq' 'writeresp'>

State 105 <SV = 83> <Delay = 2.43>
ST_105 : Operation 511 [4/7] (2.43ns)   --->   "%gmem3_load_req = readreq i1 @_ssdm_op_ReadReq.m_axi.i32P1A, i32 %gmem3_addr, i32 1" [likelihood_kernel.cpp:95]   --->   Operation 511 'readreq' 'gmem3_load_req' <Predicate = (!icmp_ln92)> <Delay = 2.43> <CoreInst = "m_axi">   --->   Core 121 'm_axi' <Latency = 6> <II = 1> <Delay = 1.00> <Adapter> <Opcode : 'read' 'write' 'readreq' 'writereq' 'writeresp'>

State 106 <SV = 84> <Delay = 2.43>
ST_106 : Operation 512 [3/7] (2.43ns)   --->   "%gmem3_load_req = readreq i1 @_ssdm_op_ReadReq.m_axi.i32P1A, i32 %gmem3_addr, i32 1" [likelihood_kernel.cpp:95]   --->   Operation 512 'readreq' 'gmem3_load_req' <Predicate = (!icmp_ln92)> <Delay = 2.43> <CoreInst = "m_axi">   --->   Core 121 'm_axi' <Latency = 6> <II = 1> <Delay = 1.00> <Adapter> <Opcode : 'read' 'write' 'readreq' 'writereq' 'writeresp'>

State 107 <SV = 85> <Delay = 2.43>
ST_107 : Operation 513 [2/7] (2.43ns)   --->   "%gmem3_load_req = readreq i1 @_ssdm_op_ReadReq.m_axi.i32P1A, i32 %gmem3_addr, i32 1" [likelihood_kernel.cpp:95]   --->   Operation 513 'readreq' 'gmem3_load_req' <Predicate = (!icmp_ln92)> <Delay = 2.43> <CoreInst = "m_axi">   --->   Core 121 'm_axi' <Latency = 6> <II = 1> <Delay = 1.00> <Adapter> <Opcode : 'read' 'write' 'readreq' 'writereq' 'writeresp'>

State 108 <SV = 86> <Delay = 2.43>
ST_108 : Operation 514 [1/7] (2.43ns)   --->   "%gmem3_load_req = readreq i1 @_ssdm_op_ReadReq.m_axi.i32P1A, i32 %gmem3_addr, i32 1" [likelihood_kernel.cpp:95]   --->   Operation 514 'readreq' 'gmem3_load_req' <Predicate = (!icmp_ln92)> <Delay = 2.43> <CoreInst = "m_axi">   --->   Core 121 'm_axi' <Latency = 6> <II = 1> <Delay = 1.00> <Adapter> <Opcode : 'read' 'write' 'readreq' 'writereq' 'writeresp'>

State 109 <SV = 87> <Delay = 2.43>
ST_109 : Operation 515 [1/1] (2.43ns)   --->   "%gmem3_addr_read = read i32 @_ssdm_op_Read.m_axi.i32P1A, i32 %gmem3_addr" [likelihood_kernel.cpp:95]   --->   Operation 515 'read' 'gmem3_addr_read' <Predicate = (!icmp_ln92)> <Delay = 2.43> <CoreInst = "m_axi">   --->   Core 121 'm_axi' <Latency = 6> <II = 1> <Delay = 1.00> <Adapter> <Opcode : 'read' 'write' 'readreq' 'writereq' 'writeresp'>

State 110 <SV = 88> <Delay = 0.88>
ST_110 : Operation 516 [1/1] (0.00ns)   --->   "%specpipeline_ln74 = specpipeline void @_ssdm_op_SpecPipeline, i32 1, i32 0, i32 0, i32 0, void @empty_25" [likelihood_kernel.cpp:74]   --->   Operation 516 'specpipeline' 'specpipeline_ln74' <Predicate = (!icmp_ln92)> <Delay = 0.00>
ST_110 : Operation 517 [1/1] (0.00ns)   --->   "%speclooptripcount_ln74 = speclooptripcount void @_ssdm_op_SpecLoopTripCount, i64 70, i64 80, i64 75" [likelihood_kernel.cpp:74]   --->   Operation 517 'speclooptripcount' 'speclooptripcount_ln74' <Predicate = (!icmp_ln92)> <Delay = 0.00>
ST_110 : Operation 518 [1/1] (0.00ns)   --->   "%specloopname_ln74 = specloopname void @_ssdm_op_SpecLoopName, void @empty_16" [likelihood_kernel.cpp:74]   --->   Operation 518 'specloopname' 'specloopname_ln74' <Predicate = (!icmp_ln92)> <Delay = 0.00>
ST_110 : Operation 519 [1/1] (0.88ns)   --->   "%pixel_sum_1 = add i32 %gmem3_addr_read, i32 %pixel_sum" [likelihood_kernel.cpp:95]   --->   Operation 519 'add' 'pixel_sum_1' <Predicate = (!icmp_ln92)> <Delay = 0.88> <CoreInst = "Adder">   --->   Core 1 'Adder' <Latency = 0> <II = 1> <Delay = 0.88> <FuncUnit> <Opcode : 'add' 'sub'> <InPorts = 2> <OutPorts = 1>
ST_110 : Operation 520 [1/1] (0.00ns)   --->   "%br_ln0 = br void %.lr.ph45"   --->   Operation 520 'br' 'br_ln0' <Predicate = (!icmp_ln92)> <Delay = 0.00>

State 111 <SV = 79> <Delay = 0.38>
ST_111 : Operation 521 [1/1] (0.38ns)   --->   "%br_ln0 = br void %._crit_edge46"   --->   Operation 521 'br' 'br_ln0' <Predicate = true> <Delay = 0.38>

State 112 <SV = 80> <Delay = 2.21>
ST_112 : Operation 522 [1/1] (0.00ns)   --->   "%pixel_sum_0_i_lcssa = phi i32 0, void %.split9, i32 %pixel_sum, void %._crit_edge46.loopexit"   --->   Operation 522 'phi' 'pixel_sum_0_i_lcssa' <Predicate = true> <Delay = 0.00>
ST_112 : Operation 523 [5/5] (2.21ns)   --->   "%conv31_i = sitodp i32 %pixel_sum_0_i_lcssa" [likelihood_kernel.cpp:98]   --->   Operation 523 'sitodp' 'conv31_i' <Predicate = true> <Delay = 2.21> <CoreInst = "Int2Double">   --->   Core 66 'Int2Double' <Latency = 4> <II = 1> <Delay = 2.21> <FuncUnit> <Opcode : 'sitodp' 'uitodp'> <InPorts = 1> <OutPorts = 1>

State 113 <SV = 81> <Delay = 2.21>
ST_113 : Operation 524 [4/5] (2.21ns)   --->   "%conv31_i = sitodp i32 %pixel_sum_0_i_lcssa" [likelihood_kernel.cpp:98]   --->   Operation 524 'sitodp' 'conv31_i' <Predicate = true> <Delay = 2.21> <CoreInst = "Int2Double">   --->   Core 66 'Int2Double' <Latency = 4> <II = 1> <Delay = 2.21> <FuncUnit> <Opcode : 'sitodp' 'uitodp'> <InPorts = 1> <OutPorts = 1>

State 114 <SV = 82> <Delay = 2.21>
ST_114 : Operation 525 [3/5] (2.21ns)   --->   "%conv31_i = sitodp i32 %pixel_sum_0_i_lcssa" [likelihood_kernel.cpp:98]   --->   Operation 525 'sitodp' 'conv31_i' <Predicate = true> <Delay = 2.21> <CoreInst = "Int2Double">   --->   Core 66 'Int2Double' <Latency = 4> <II = 1> <Delay = 2.21> <FuncUnit> <Opcode : 'sitodp' 'uitodp'> <InPorts = 1> <OutPorts = 1>

State 115 <SV = 83> <Delay = 2.21>
ST_115 : Operation 526 [2/5] (2.21ns)   --->   "%conv31_i = sitodp i32 %pixel_sum_0_i_lcssa" [likelihood_kernel.cpp:98]   --->   Operation 526 'sitodp' 'conv31_i' <Predicate = true> <Delay = 2.21> <CoreInst = "Int2Double">   --->   Core 66 'Int2Double' <Latency = 4> <II = 1> <Delay = 2.21> <FuncUnit> <Opcode : 'sitodp' 'uitodp'> <InPorts = 1> <OutPorts = 1>

State 116 <SV = 84> <Delay = 2.21>
ST_116 : Operation 527 [1/5] (2.21ns)   --->   "%conv31_i = sitodp i32 %pixel_sum_0_i_lcssa" [likelihood_kernel.cpp:98]   --->   Operation 527 'sitodp' 'conv31_i' <Predicate = true> <Delay = 2.21> <CoreInst = "Int2Double">   --->   Core 66 'Int2Double' <Latency = 4> <II = 1> <Delay = 2.21> <FuncUnit> <Opcode : 'sitodp' 'uitodp'> <InPorts = 1> <OutPorts = 1>

State 117 <SV = 85> <Delay = 2.32>
ST_117 : Operation 528 [8/8] (2.32ns)   --->   "%mul32_i = dmul i64 %scale, i64 %conv31_i" [likelihood_kernel.cpp:98]   --->   Operation 528 'dmul' 'mul32_i' <Predicate = true> <Delay = 2.32> <CoreInst = "DMul_maxdsp">   --->   Core 49 'DMul_maxdsp' <Latency = 7> <II = 1> <Delay = 2.32> <FuncUnit> <Opcode : 'dmul'> <InPorts = 2> <OutPorts = 1>

State 118 <SV = 86> <Delay = 2.32>
ST_118 : Operation 529 [7/8] (2.32ns)   --->   "%mul32_i = dmul i64 %scale, i64 %conv31_i" [likelihood_kernel.cpp:98]   --->   Operation 529 'dmul' 'mul32_i' <Predicate = true> <Delay = 2.32> <CoreInst = "DMul_maxdsp">   --->   Core 49 'DMul_maxdsp' <Latency = 7> <II = 1> <Delay = 2.32> <FuncUnit> <Opcode : 'dmul'> <InPorts = 2> <OutPorts = 1>

State 119 <SV = 87> <Delay = 2.32>
ST_119 : Operation 530 [6/8] (2.32ns)   --->   "%mul32_i = dmul i64 %scale, i64 %conv31_i" [likelihood_kernel.cpp:98]   --->   Operation 530 'dmul' 'mul32_i' <Predicate = true> <Delay = 2.32> <CoreInst = "DMul_maxdsp">   --->   Core 49 'DMul_maxdsp' <Latency = 7> <II = 1> <Delay = 2.32> <FuncUnit> <Opcode : 'dmul'> <InPorts = 2> <OutPorts = 1>

State 120 <SV = 88> <Delay = 2.32>
ST_120 : Operation 531 [5/8] (2.32ns)   --->   "%mul32_i = dmul i64 %scale, i64 %conv31_i" [likelihood_kernel.cpp:98]   --->   Operation 531 'dmul' 'mul32_i' <Predicate = true> <Delay = 2.32> <CoreInst = "DMul_maxdsp">   --->   Core 49 'DMul_maxdsp' <Latency = 7> <II = 1> <Delay = 2.32> <FuncUnit> <Opcode : 'dmul'> <InPorts = 2> <OutPorts = 1>

State 121 <SV = 89> <Delay = 2.32>
ST_121 : Operation 532 [4/8] (2.32ns)   --->   "%mul32_i = dmul i64 %scale, i64 %conv31_i" [likelihood_kernel.cpp:98]   --->   Operation 532 'dmul' 'mul32_i' <Predicate = true> <Delay = 2.32> <CoreInst = "DMul_maxdsp">   --->   Core 49 'DMul_maxdsp' <Latency = 7> <II = 1> <Delay = 2.32> <FuncUnit> <Opcode : 'dmul'> <InPorts = 2> <OutPorts = 1>

State 122 <SV = 90> <Delay = 2.32>
ST_122 : Operation 533 [3/8] (2.32ns)   --->   "%mul32_i = dmul i64 %scale, i64 %conv31_i" [likelihood_kernel.cpp:98]   --->   Operation 533 'dmul' 'mul32_i' <Predicate = true> <Delay = 2.32> <CoreInst = "DMul_maxdsp">   --->   Core 49 'DMul_maxdsp' <Latency = 7> <II = 1> <Delay = 2.32> <FuncUnit> <Opcode : 'dmul'> <InPorts = 2> <OutPorts = 1>

State 123 <SV = 91> <Delay = 2.32>
ST_123 : Operation 534 [2/8] (2.32ns)   --->   "%mul32_i = dmul i64 %scale, i64 %conv31_i" [likelihood_kernel.cpp:98]   --->   Operation 534 'dmul' 'mul32_i' <Predicate = true> <Delay = 2.32> <CoreInst = "DMul_maxdsp">   --->   Core 49 'DMul_maxdsp' <Latency = 7> <II = 1> <Delay = 2.32> <FuncUnit> <Opcode : 'dmul'> <InPorts = 2> <OutPorts = 1>

State 124 <SV = 92> <Delay = 2.32>
ST_124 : Operation 535 [1/8] (2.32ns)   --->   "%mul32_i = dmul i64 %scale, i64 %conv31_i" [likelihood_kernel.cpp:98]   --->   Operation 535 'dmul' 'mul32_i' <Predicate = true> <Delay = 2.32> <CoreInst = "DMul_maxdsp">   --->   Core 49 'DMul_maxdsp' <Latency = 7> <II = 1> <Delay = 2.32> <FuncUnit> <Opcode : 'dmul'> <InPorts = 2> <OutPorts = 1>

State 125 <SV = 93> <Delay = 1.90>
ST_125 : Operation 536 [8/8] (1.90ns)   --->   "%sub_i = dadd i64 %mul32_i, i64 -839.68" [likelihood_kernel.cpp:98]   --->   Operation 536 'dadd' 'sub_i' <Predicate = true> <Delay = 1.90> <CoreInst = "DAddSub_fulldsp">   --->   Core 37 'DAddSub_fulldsp' <Latency = 7> <II = 1> <Delay = 1.90> <FuncUnit> <Opcode : 'dadd' 'dsub'> <InPorts = 2> <OutPorts = 1>

State 126 <SV = 94> <Delay = 1.90>
ST_126 : Operation 537 [7/8] (1.90ns)   --->   "%sub_i = dadd i64 %mul32_i, i64 -839.68" [likelihood_kernel.cpp:98]   --->   Operation 537 'dadd' 'sub_i' <Predicate = true> <Delay = 1.90> <CoreInst = "DAddSub_fulldsp">   --->   Core 37 'DAddSub_fulldsp' <Latency = 7> <II = 1> <Delay = 1.90> <FuncUnit> <Opcode : 'dadd' 'dsub'> <InPorts = 2> <OutPorts = 1>

State 127 <SV = 95> <Delay = 1.90>
ST_127 : Operation 538 [6/8] (1.90ns)   --->   "%sub_i = dadd i64 %mul32_i, i64 -839.68" [likelihood_kernel.cpp:98]   --->   Operation 538 'dadd' 'sub_i' <Predicate = true> <Delay = 1.90> <CoreInst = "DAddSub_fulldsp">   --->   Core 37 'DAddSub_fulldsp' <Latency = 7> <II = 1> <Delay = 1.90> <FuncUnit> <Opcode : 'dadd' 'dsub'> <InPorts = 2> <OutPorts = 1>

State 128 <SV = 96> <Delay = 1.90>
ST_128 : Operation 539 [5/8] (1.90ns)   --->   "%sub_i = dadd i64 %mul32_i, i64 -839.68" [likelihood_kernel.cpp:98]   --->   Operation 539 'dadd' 'sub_i' <Predicate = true> <Delay = 1.90> <CoreInst = "DAddSub_fulldsp">   --->   Core 37 'DAddSub_fulldsp' <Latency = 7> <II = 1> <Delay = 1.90> <FuncUnit> <Opcode : 'dadd' 'dsub'> <InPorts = 2> <OutPorts = 1>

State 129 <SV = 97> <Delay = 1.90>
ST_129 : Operation 540 [4/8] (1.90ns)   --->   "%sub_i = dadd i64 %mul32_i, i64 -839.68" [likelihood_kernel.cpp:98]   --->   Operation 540 'dadd' 'sub_i' <Predicate = true> <Delay = 1.90> <CoreInst = "DAddSub_fulldsp">   --->   Core 37 'DAddSub_fulldsp' <Latency = 7> <II = 1> <Delay = 1.90> <FuncUnit> <Opcode : 'dadd' 'dsub'> <InPorts = 2> <OutPorts = 1>

State 130 <SV = 98> <Delay = 1.90>
ST_130 : Operation 541 [3/8] (1.90ns)   --->   "%sub_i = dadd i64 %mul32_i, i64 -839.68" [likelihood_kernel.cpp:98]   --->   Operation 541 'dadd' 'sub_i' <Predicate = true> <Delay = 1.90> <CoreInst = "DAddSub_fulldsp">   --->   Core 37 'DAddSub_fulldsp' <Latency = 7> <II = 1> <Delay = 1.90> <FuncUnit> <Opcode : 'dadd' 'dsub'> <InPorts = 2> <OutPorts = 1>

State 131 <SV = 99> <Delay = 1.90>
ST_131 : Operation 542 [2/8] (1.90ns)   --->   "%sub_i = dadd i64 %mul32_i, i64 -839.68" [likelihood_kernel.cpp:98]   --->   Operation 542 'dadd' 'sub_i' <Predicate = true> <Delay = 1.90> <CoreInst = "DAddSub_fulldsp">   --->   Core 37 'DAddSub_fulldsp' <Latency = 7> <II = 1> <Delay = 1.90> <FuncUnit> <Opcode : 'dadd' 'dsub'> <InPorts = 2> <OutPorts = 1>

State 132 <SV = 100> <Delay = 1.90>
ST_132 : Operation 543 [1/8] (1.90ns)   --->   "%sub_i = dadd i64 %mul32_i, i64 -839.68" [likelihood_kernel.cpp:98]   --->   Operation 543 'dadd' 'sub_i' <Predicate = true> <Delay = 1.90> <CoreInst = "DAddSub_fulldsp">   --->   Core 37 'DAddSub_fulldsp' <Latency = 7> <II = 1> <Delay = 1.90> <FuncUnit> <Opcode : 'dadd' 'dsub'> <InPorts = 2> <OutPorts = 1>

State 133 <SV = 101> <Delay = 0.71>
ST_133 : Operation 544 [1/1] (0.00ns)   --->   "%buffer_likelihood_addr_1 = getelementptr i64 %buffer_likelihood, i64 0, i64 %zext_ln70" [likelihood_kernel.cpp:98]   --->   Operation 544 'getelementptr' 'buffer_likelihood_addr_1' <Predicate = true> <Delay = 0.00>
ST_133 : Operation 545 [1/1] (0.71ns)   --->   "%store_ln98 = store i64 %sub_i, i6 %buffer_likelihood_addr_1" [likelihood_kernel.cpp:98]   --->   Operation 545 'store' 'store_ln98' <Predicate = true> <Delay = 0.71> <CoreInst = "RAM">   --->   Core 83 'RAM' <Latency = 1> <II = 1> <Delay = 0.71> <Storage> <Opcode : 'load' 'store'> <Ports = 2> <Width = 64> <Depth = 64> <RAM>
ST_133 : Operation 546 [1/1] (0.00ns)   --->   "%br_ln0 = br void %.lr.ph49"   --->   Operation 546 'br' 'br_ln0' <Predicate = true> <Delay = 0.00>

State 134 <SV = 65> <Delay = 2.43>
ST_134 : Operation 547 [1/1] (0.00ns)   --->   "%sext_ln109 = sext i61 %trunc_ln4" [likelihood_kernel.cpp:109]   --->   Operation 547 'sext' 'sext_ln109' <Predicate = true> <Delay = 0.00>
ST_134 : Operation 548 [1/1] (0.00ns)   --->   "%gmem4_addr = getelementptr i64 %gmem4, i64 %sext_ln109" [likelihood_kernel.cpp:109]   --->   Operation 548 'getelementptr' 'gmem4_addr' <Predicate = true> <Delay = 0.00>
ST_134 : Operation 549 [1/1] (2.43ns)   --->   "%empty_43 = writereq i1 @_ssdm_op_WriteReq.m_axi.p1i64, i64 %gmem4_addr, i32 %tileSize" [likelihood_kernel.cpp:109]   --->   Operation 549 'writereq' 'empty_43' <Predicate = true> <Delay = 2.43> <CoreInst = "m_axi">   --->   Core 121 'm_axi' <Latency = 6> <II = 1> <Delay = 1.00> <Adapter> <Opcode : 'read' 'write' 'readreq' 'writereq' 'writeresp'>
ST_134 : Operation 550 [1/1] (0.38ns)   --->   "%br_ln109 = br void" [likelihood_kernel.cpp:109]   --->   Operation 550 'br' 'br_ln109' <Predicate = true> <Delay = 0.38>

State 135 <SV = 66> <Delay = 0.84>
ST_135 : Operation 551 [1/1] (0.00ns)   --->   "%x_2 = phi i7 0, void %.lr.ph52, i7 %add_ln109, void %.split11" [likelihood_kernel.cpp:109]   --->   Operation 551 'phi' 'x_2' <Predicate = true> <Delay = 0.00>
ST_135 : Operation 552 [1/1] (0.70ns)   --->   "%add_ln109 = add i7 %x_2, i7 1" [likelihood_kernel.cpp:109]   --->   Operation 552 'add' 'add_ln109' <Predicate = true> <Delay = 0.70> <CoreInst = "Adder">   --->   Core 1 'Adder' <Latency = 0> <II = 1> <Delay = 0.88> <FuncUnit> <Opcode : 'add' 'sub'> <InPorts = 2> <OutPorts = 1>
ST_135 : Operation 553 [1/1] (0.00ns)   --->   "%zext_ln109 = zext i7 %x_2" [likelihood_kernel.cpp:109]   --->   Operation 553 'zext' 'zext_ln109' <Predicate = true> <Delay = 0.00>
ST_135 : Operation 554 [1/1] (0.84ns)   --->   "%icmp_ln109 = icmp_eq  i31 %zext_ln109, i31 %trunc_ln41" [likelihood_kernel.cpp:109]   --->   Operation 554 'icmp' 'icmp_ln109' <Predicate = true> <Delay = 0.84> <CoreInst = "Cmp">   --->   Core 9 'Cmp' <Latency = 0> <II = 1> <Delay = 0.84> <FuncUnit> <Opcode : 'icmp'> <InPorts = 2> <OutPorts = 1>
ST_135 : Operation 555 [1/1] (0.00ns)   --->   "%br_ln109 = br i1 %icmp_ln109, void %.split11, void %._Z16store_likelihoodPdPKdii.exit_crit_edge.loopexit" [likelihood_kernel.cpp:109]   --->   Operation 555 'br' 'br_ln109' <Predicate = true> <Delay = 0.00>
ST_135 : Operation 556 [1/1] (0.00ns)   --->   "%zext_ln109_1 = zext i7 %x_2" [likelihood_kernel.cpp:109]   --->   Operation 556 'zext' 'zext_ln109_1' <Predicate = (!icmp_ln109)> <Delay = 0.00>
ST_135 : Operation 557 [1/1] (0.00ns)   --->   "%buffer_likelihood_addr = getelementptr i64 %buffer_likelihood, i64 0, i64 %zext_ln109_1" [likelihood_kernel.cpp:112]   --->   Operation 557 'getelementptr' 'buffer_likelihood_addr' <Predicate = (!icmp_ln109)> <Delay = 0.00>
ST_135 : Operation 558 [2/2] (0.71ns)   --->   "%buffer_likelihood_load = load i6 %buffer_likelihood_addr" [likelihood_kernel.cpp:112]   --->   Operation 558 'load' 'buffer_likelihood_load' <Predicate = (!icmp_ln109)> <Delay = 0.71> <CoreInst = "RAM">   --->   Core 83 'RAM' <Latency = 1> <II = 1> <Delay = 0.71> <Storage> <Opcode : 'load' 'store'> <Ports = 2> <Width = 64> <Depth = 64> <RAM>

State 136 <SV = 67> <Delay = 0.71>
ST_136 : Operation 559 [1/2] (0.71ns)   --->   "%buffer_likelihood_load = load i6 %buffer_likelihood_addr" [likelihood_kernel.cpp:112]   --->   Operation 559 'load' 'buffer_likelihood_load' <Predicate = (!icmp_ln109)> <Delay = 0.71> <CoreInst = "RAM">   --->   Core 83 'RAM' <Latency = 1> <II = 1> <Delay = 0.71> <Storage> <Opcode : 'load' 'store'> <Ports = 2> <Width = 64> <Depth = 64> <RAM>

State 137 <SV = 68> <Delay = 2.43>
ST_137 : Operation 560 [1/1] (0.00ns)   --->   "%specpipeline_ln109 = specpipeline void @_ssdm_op_SpecPipeline, i32 1, i32 0, i32 0, i32 0, void @empty_25" [likelihood_kernel.cpp:109]   --->   Operation 560 'specpipeline' 'specpipeline_ln109' <Predicate = (!icmp_ln109)> <Delay = 0.00>
ST_137 : Operation 561 [1/1] (0.00ns)   --->   "%speclooptripcount_ln109 = speclooptripcount void @_ssdm_op_SpecLoopTripCount, i64 64, i64 64, i64 64" [likelihood_kernel.cpp:109]   --->   Operation 561 'speclooptripcount' 'speclooptripcount_ln109' <Predicate = (!icmp_ln109)> <Delay = 0.00>
ST_137 : Operation 562 [1/1] (0.00ns)   --->   "%specloopname_ln109 = specloopname void @_ssdm_op_SpecLoopName, void @empty_14" [likelihood_kernel.cpp:109]   --->   Operation 562 'specloopname' 'specloopname_ln109' <Predicate = (!icmp_ln109)> <Delay = 0.00>
ST_137 : Operation 563 [1/1] (0.00ns)   --->   "%bitcast_ln112 = bitcast i64 %buffer_likelihood_load" [likelihood_kernel.cpp:112]   --->   Operation 563 'bitcast' 'bitcast_ln112' <Predicate = (!icmp_ln109)> <Delay = 0.00>
ST_137 : Operation 564 [1/1] (2.43ns)   --->   "%write_ln112 = write void @_ssdm_op_Write.m_axi.p1i64, i64 %gmem4_addr, i64 %bitcast_ln112, i8 255" [likelihood_kernel.cpp:112]   --->   Operation 564 'write' 'write_ln112' <Predicate = (!icmp_ln109)> <Delay = 2.43> <CoreInst = "m_axi">   --->   Core 121 'm_axi' <Latency = 6> <II = 1> <Delay = 1.00> <Adapter> <Opcode : 'read' 'write' 'readreq' 'writereq' 'writeresp'>
ST_137 : Operation 565 [1/1] (0.00ns)   --->   "%br_ln0 = br void"   --->   Operation 565 'br' 'br_ln0' <Predicate = (!icmp_ln109)> <Delay = 0.00>

State 138 <SV = 67> <Delay = 2.43>
ST_138 : Operation 566 [5/5] (2.43ns)   --->   "%empty_44 = writeresp i1 @_ssdm_op_WriteResp.m_axi.p1i64, i64 %gmem4_addr" [likelihood_kernel.cpp:157]   --->   Operation 566 'writeresp' 'empty_44' <Predicate = true> <Delay = 2.43> <CoreInst = "m_axi">   --->   Core 121 'm_axi' <Latency = 6> <II = 1> <Delay = 1.00> <Adapter> <Opcode : 'read' 'write' 'readreq' 'writereq' 'writeresp'>

State 139 <SV = 68> <Delay = 2.43>
ST_139 : Operation 567 [4/5] (2.43ns)   --->   "%empty_44 = writeresp i1 @_ssdm_op_WriteResp.m_axi.p1i64, i64 %gmem4_addr" [likelihood_kernel.cpp:157]   --->   Operation 567 'writeresp' 'empty_44' <Predicate = true> <Delay = 2.43> <CoreInst = "m_axi">   --->   Core 121 'm_axi' <Latency = 6> <II = 1> <Delay = 1.00> <Adapter> <Opcode : 'read' 'write' 'readreq' 'writereq' 'writeresp'>

State 140 <SV = 69> <Delay = 2.43>
ST_140 : Operation 568 [3/5] (2.43ns)   --->   "%empty_44 = writeresp i1 @_ssdm_op_WriteResp.m_axi.p1i64, i64 %gmem4_addr" [likelihood_kernel.cpp:157]   --->   Operation 568 'writeresp' 'empty_44' <Predicate = true> <Delay = 2.43> <CoreInst = "m_axi">   --->   Core 121 'm_axi' <Latency = 6> <II = 1> <Delay = 1.00> <Adapter> <Opcode : 'read' 'write' 'readreq' 'writereq' 'writeresp'>

State 141 <SV = 70> <Delay = 2.43>
ST_141 : Operation 569 [2/5] (2.43ns)   --->   "%empty_44 = writeresp i1 @_ssdm_op_WriteResp.m_axi.p1i64, i64 %gmem4_addr" [likelihood_kernel.cpp:157]   --->   Operation 569 'writeresp' 'empty_44' <Predicate = true> <Delay = 2.43> <CoreInst = "m_axi">   --->   Core 121 'm_axi' <Latency = 6> <II = 1> <Delay = 1.00> <Adapter> <Opcode : 'read' 'write' 'readreq' 'writereq' 'writeresp'>

State 142 <SV = 71> <Delay = 2.43>
ST_142 : Operation 570 [1/5] (2.43ns)   --->   "%empty_44 = writeresp i1 @_ssdm_op_WriteResp.m_axi.p1i64, i64 %gmem4_addr" [likelihood_kernel.cpp:157]   --->   Operation 570 'writeresp' 'empty_44' <Predicate = (icmp_ln41)> <Delay = 2.43> <CoreInst = "m_axi">   --->   Core 121 'm_axi' <Latency = 6> <II = 1> <Delay = 1.00> <Adapter> <Opcode : 'read' 'write' 'readreq' 'writereq' 'writeresp'>
ST_142 : Operation 571 [1/1] (0.00ns)   --->   "%br_ln157 = br void %._Z16store_likelihoodPdPKdii.exit_crit_edge" [likelihood_kernel.cpp:157]   --->   Operation 571 'br' 'br_ln157' <Predicate = (icmp_ln41)> <Delay = 0.00>
ST_142 : Operation 572 [1/1] (0.00ns)   --->   "%br_ln0 = br void"   --->   Operation 572 'br' 'br_ln0' <Predicate = true> <Delay = 0.00>


============================================================
+ Verbose Summary: Timing violations
============================================================
Target clock period: 3.33ns, clock uncertainty: 0.899ns.

 <State 1>: 1.86ns
The critical path consists of the following:
	s_axi read on port 'countOnes' [66]  (1 ns)
	'shl' operation ('empty_39') [74]  (0 ns)
	'icmp' operation ('icmp_ln24', likelihood_kernel.cpp:24) [75]  (0.859 ns)

 <State 2>: 2.43ns
The critical path consists of the following:
	'getelementptr' operation ('gmem2_addr', likelihood_kernel.cpp:24) [81]  (0 ns)
	bus request on port 'gmem2' (likelihood_kernel.cpp:24) [82]  (2.43 ns)

 <State 3>: 2.43ns
The critical path consists of the following:
	bus request on port 'gmem2' (likelihood_kernel.cpp:24) [82]  (2.43 ns)

 <State 4>: 2.43ns
The critical path consists of the following:
	bus request on port 'gmem2' (likelihood_kernel.cpp:24) [82]  (2.43 ns)

 <State 5>: 2.43ns
The critical path consists of the following:
	bus request on port 'gmem2' (likelihood_kernel.cpp:24) [82]  (2.43 ns)

 <State 6>: 2.43ns
The critical path consists of the following:
	bus request on port 'gmem2' (likelihood_kernel.cpp:24) [82]  (2.43 ns)

 <State 7>: 2.43ns
The critical path consists of the following:
	bus request on port 'gmem2' (likelihood_kernel.cpp:24) [82]  (2.43 ns)

 <State 8>: 2.43ns
The critical path consists of the following:
	bus request on port 'gmem2' (likelihood_kernel.cpp:24) [82]  (2.43 ns)

 <State 9>: 0.848ns
The critical path consists of the following:
	'phi' operation ('i', likelihood_kernel.cpp:24) with incoming values : ('add_ln24', likelihood_kernel.cpp:24) [85]  (0 ns)
	'icmp' operation ('icmp_ln24_1', likelihood_kernel.cpp:24) [88]  (0.848 ns)

 <State 10>: 2.43ns
The critical path consists of the following:
	bus read on port 'gmem2' (likelihood_kernel.cpp:27) [95]  (2.43 ns)

 <State 11>: 1.91ns
The critical path consists of the following:
	'dadd' operation ('x', likelihood_kernel.cpp:15->likelihood_kernel.cpp:27) [97]  (1.91 ns)

 <State 12>: 1.91ns
The critical path consists of the following:
	'dadd' operation ('x', likelihood_kernel.cpp:15->likelihood_kernel.cpp:27) [97]  (1.91 ns)

 <State 13>: 1.91ns
The critical path consists of the following:
	'dadd' operation ('x', likelihood_kernel.cpp:15->likelihood_kernel.cpp:27) [97]  (1.91 ns)

 <State 14>: 1.91ns
The critical path consists of the following:
	'dadd' operation ('x', likelihood_kernel.cpp:15->likelihood_kernel.cpp:27) [97]  (1.91 ns)

 <State 15>: 1.91ns
The critical path consists of the following:
	'dadd' operation ('x', likelihood_kernel.cpp:15->likelihood_kernel.cpp:27) [97]  (1.91 ns)

 <State 16>: 1.91ns
The critical path consists of the following:
	'dadd' operation ('x', likelihood_kernel.cpp:15->likelihood_kernel.cpp:27) [97]  (1.91 ns)

 <State 17>: 1.91ns
The critical path consists of the following:
	'dadd' operation ('x', likelihood_kernel.cpp:15->likelihood_kernel.cpp:27) [97]  (1.91 ns)

 <State 18>: 1.91ns
The critical path consists of the following:
	'dadd' operation ('x', likelihood_kernel.cpp:15->likelihood_kernel.cpp:27) [97]  (1.91 ns)

 <State 19>: 2.16ns
The critical path consists of the following:
	'add' operation ('sh', /wrk/ci/prod/2020.2/rdi_builds/continuous/2020_11_18_3064766/src/shared/hls/clib/src/hls/utils/x_hls_utils.h:510) [105]  (0.735 ns)
	'select' operation ('ush') [109]  (0.299 ns)
	'lshr' operation ('r.V') [112]  (0 ns)
	'select' operation ('val') [117]  (1.13 ns)

 <State 20>: 2.3ns
The critical path consists of the following:
	'sub' operation ('result.V') [118]  (0.88 ns)
	'select' operation ('result.V', /wrk/ci/prod/2020.2/rdi_builds/continuous/2020_11_18_3064766/src/shared/hls/clib/hlsmath/include/FloatingPoint/hls_case_IEEE754.h:59) [119]  (0.227 ns)
	'store' operation ('store_ln27', likelihood_kernel.cpp:27) of variable 'result.V', /wrk/ci/prod/2020.2/rdi_builds/continuous/2020_11_18_3064766/src/shared/hls/clib/hlsmath/include/FloatingPoint/hls_case_IEEE754.h:59 on array 'buffer_objxy', likelihood_kernel.cpp:148 [121]  (1.2 ns)

 <State 21>: 2.22ns
The critical path consists of the following:
	'sitodp' operation ('conv_i') [126]  (2.22 ns)

 <State 22>: 2.22ns
The critical path consists of the following:
	'sitodp' operation ('conv_i') [126]  (2.22 ns)

 <State 23>: 2.22ns
The critical path consists of the following:
	'sitodp' operation ('conv_i') [126]  (2.22 ns)

 <State 24>: 2.22ns
The critical path consists of the following:
	'sitodp' operation ('conv_i') [126]  (2.22 ns)

 <State 25>: 2.22ns
The critical path consists of the following:
	'sitodp' operation ('conv_i') [126]  (2.22 ns)

 <State 26>: 2.35ns
The critical path consists of the following:
	'ddiv' operation ('inv_count') [127]  (2.35 ns)

 <State 27>: 2.35ns
The critical path consists of the following:
	'ddiv' operation ('inv_count') [127]  (2.35 ns)

 <State 28>: 2.35ns
The critical path consists of the following:
	'ddiv' operation ('inv_count') [127]  (2.35 ns)

 <State 29>: 2.35ns
The critical path consists of the following:
	'ddiv' operation ('inv_count') [127]  (2.35 ns)

 <State 30>: 2.35ns
The critical path consists of the following:
	'ddiv' operation ('inv_count') [127]  (2.35 ns)

 <State 31>: 2.35ns
The critical path consists of the following:
	'ddiv' operation ('inv_count') [127]  (2.35 ns)

 <State 32>: 2.35ns
The critical path consists of the following:
	'ddiv' operation ('inv_count') [127]  (2.35 ns)

 <State 33>: 2.35ns
The critical path consists of the following:
	'ddiv' operation ('inv_count') [127]  (2.35 ns)

 <State 34>: 2.35ns
The critical path consists of the following:
	'ddiv' operation ('inv_count') [127]  (2.35 ns)

 <State 35>: 2.35ns
The critical path consists of the following:
	'ddiv' operation ('inv_count') [127]  (2.35 ns)

 <State 36>: 2.35ns
The critical path consists of the following:
	'ddiv' operation ('inv_count') [127]  (2.35 ns)

 <State 37>: 2.35ns
The critical path consists of the following:
	'ddiv' operation ('inv_count') [127]  (2.35 ns)

 <State 38>: 2.35ns
The critical path consists of the following:
	'ddiv' operation ('inv_count') [127]  (2.35 ns)

 <State 39>: 2.35ns
The critical path consists of the following:
	'ddiv' operation ('inv_count') [127]  (2.35 ns)

 <State 40>: 2.35ns
The critical path consists of the following:
	'ddiv' operation ('inv_count') [127]  (2.35 ns)

 <State 41>: 2.35ns
The critical path consists of the following:
	'ddiv' operation ('inv_count') [127]  (2.35 ns)

 <State 42>: 2.35ns
The critical path consists of the following:
	'ddiv' operation ('inv_count') [127]  (2.35 ns)

 <State 43>: 2.35ns
The critical path consists of the following:
	'ddiv' operation ('inv_count') [127]  (2.35 ns)

 <State 44>: 2.35ns
The critical path consists of the following:
	'ddiv' operation ('inv_count') [127]  (2.35 ns)

 <State 45>: 2.35ns
The critical path consists of the following:
	'ddiv' operation ('inv_count') [127]  (2.35 ns)

 <State 46>: 2.35ns
The critical path consists of the following:
	'ddiv' operation ('inv_count') [127]  (2.35 ns)

 <State 47>: 2.35ns
The critical path consists of the following:
	'ddiv' operation ('inv_count') [127]  (2.35 ns)

 <State 48>: 2.35ns
The critical path consists of the following:
	'ddiv' operation ('inv_count') [127]  (2.35 ns)

 <State 49>: 2.35ns
The critical path consists of the following:
	'ddiv' operation ('inv_count') [127]  (2.35 ns)

 <State 50>: 2.35ns
The critical path consists of the following:
	'ddiv' operation ('inv_count') [127]  (2.35 ns)

 <State 51>: 2.35ns
The critical path consists of the following:
	'ddiv' operation ('inv_count') [127]  (2.35 ns)

 <State 52>: 2.35ns
The critical path consists of the following:
	'ddiv' operation ('inv_count') [127]  (2.35 ns)

 <State 53>: 2.35ns
The critical path consists of the following:
	'ddiv' operation ('inv_count') [127]  (2.35 ns)

 <State 54>: 2.35ns
The critical path consists of the following:
	'ddiv' operation ('inv_count') [127]  (2.35 ns)

 <State 55>: 2.35ns
The critical path consists of the following:
	'ddiv' operation ('inv_count') [127]  (2.35 ns)

 <State 56>: 2.35ns
The critical path consists of the following:
	'ddiv' operation ('inv_count') [127]  (2.35 ns)

 <State 57>: 2.32ns
The critical path consists of the following:
	'dmul' operation ('scale') [128]  (2.32 ns)

 <State 58>: 2.32ns
The critical path consists of the following:
	'dmul' operation ('scale') [128]  (2.32 ns)

 <State 59>: 2.32ns
The critical path consists of the following:
	'dmul' operation ('scale') [128]  (2.32 ns)

 <State 60>: 2.32ns
The critical path consists of the following:
	'dmul' operation ('scale') [128]  (2.32 ns)

 <State 61>: 2.32ns
The critical path consists of the following:
	'dmul' operation ('scale') [128]  (2.32 ns)

 <State 62>: 2.32ns
The critical path consists of the following:
	'dmul' operation ('scale') [128]  (2.32 ns)

 <State 63>: 2.32ns
The critical path consists of the following:
	'dmul' operation ('scale') [128]  (2.32 ns)

 <State 64>: 2.32ns
The critical path consists of the following:
	'dmul' operation ('scale') [128]  (2.32 ns)

 <State 65>: 1.97ns
The critical path consists of the following:
	'phi' operation ('base', likelihood_kernel.cpp:162) with incoming values : ('add_ln162_3', likelihood_kernel.cpp:162) [141]  (0 ns)
	'add' operation ('add_ln162_3', likelihood_kernel.cpp:162) [154]  (0.88 ns)
	'icmp' operation ('icmp_ln162', likelihood_kernel.cpp:162) [155]  (0.859 ns)
	'select' operation ('tileSize', likelihood_kernel.cpp:162) [159]  (0.227 ns)

 <State 66>: 0.859ns
The critical path consists of the following:
	'icmp' operation ('icmp_ln41', likelihood_kernel.cpp:41) [160]  (0.859 ns)

 <State 67>: 2.43ns
The critical path consists of the following:
	'getelementptr' operation ('gmem0_addr', likelihood_kernel.cpp:41) [166]  (0 ns)
	bus request on port 'gmem0' (likelihood_kernel.cpp:41) [167]  (2.43 ns)

 <State 68>: 2.43ns
The critical path consists of the following:
	bus request on port 'gmem0' (likelihood_kernel.cpp:41) [167]  (2.43 ns)

 <State 69>: 2.43ns
The critical path consists of the following:
	bus request on port 'gmem0' (likelihood_kernel.cpp:41) [167]  (2.43 ns)

 <State 70>: 2.43ns
The critical path consists of the following:
	bus request on port 'gmem0' (likelihood_kernel.cpp:41) [167]  (2.43 ns)

 <State 71>: 2.43ns
The critical path consists of the following:
	bus request on port 'gmem0' (likelihood_kernel.cpp:41) [167]  (2.43 ns)

 <State 72>: 2.43ns
The critical path consists of the following:
	bus request on port 'gmem0' (likelihood_kernel.cpp:41) [167]  (2.43 ns)

 <State 73>: 2.43ns
The critical path consists of the following:
	bus request on port 'gmem0' (likelihood_kernel.cpp:41) [167]  (2.43 ns)

 <State 74>: 0.848ns
The critical path consists of the following:
	'phi' operation ('x', likelihood_kernel.cpp:41) with incoming values : ('add_ln41', likelihood_kernel.cpp:41) [174]  (0 ns)
	'icmp' operation ('icmp_ln41_1', likelihood_kernel.cpp:41) [177]  (0.848 ns)

 <State 75>: 2.43ns
The critical path consists of the following:
	bus read on port 'gmem0' (likelihood_kernel.cpp:44) [184]  (2.43 ns)

 <State 76>: 0.714ns
The critical path consists of the following:
	'getelementptr' operation ('buffer_X_addr', likelihood_kernel.cpp:44) [186]  (0 ns)
	'store' operation ('store_ln44', likelihood_kernel.cpp:44) of variable 'bitcast_ln44', likelihood_kernel.cpp:44 on array 'buffer_X', likelihood_kernel.cpp:149 [187]  (0.714 ns)

 <State 77>: 0.387ns
The critical path consists of the following:
	multiplexor before 'phi' operation ('x', likelihood_kernel.cpp:70) with incoming values : ('add_ln70', likelihood_kernel.cpp:70) [196]  (0.387 ns)

 <State 78>: 0.848ns
The critical path consists of the following:
	'phi' operation ('x', likelihood_kernel.cpp:70) with incoming values : ('add_ln70', likelihood_kernel.cpp:70) [196]  (0 ns)
	'icmp' operation ('icmp_ln70', likelihood_kernel.cpp:70) [199]  (0.848 ns)

 <State 79>: 0.714ns
The critical path consists of the following:
	'load' operation ('value', likelihood_kernel.cpp:72) on array 'buffer_X', likelihood_kernel.cpp:149 [206]  (0.714 ns)

 <State 80>: 1.91ns
The critical path consists of the following:
	'dadd' operation ('x', likelihood_kernel.cpp:15->likelihood_kernel.cpp:72) [207]  (1.91 ns)

 <State 81>: 1.91ns
The critical path consists of the following:
	'dadd' operation ('x', likelihood_kernel.cpp:15->likelihood_kernel.cpp:72) [207]  (1.91 ns)

 <State 82>: 1.91ns
The critical path consists of the following:
	'dadd' operation ('x', likelihood_kernel.cpp:15->likelihood_kernel.cpp:72) [207]  (1.91 ns)

 <State 83>: 1.91ns
The critical path consists of the following:
	'dadd' operation ('x', likelihood_kernel.cpp:15->likelihood_kernel.cpp:72) [207]  (1.91 ns)

 <State 84>: 1.91ns
The critical path consists of the following:
	'dadd' operation ('x', likelihood_kernel.cpp:15->likelihood_kernel.cpp:72) [207]  (1.91 ns)

 <State 85>: 1.91ns
The critical path consists of the following:
	'dadd' operation ('x', likelihood_kernel.cpp:15->likelihood_kernel.cpp:72) [207]  (1.91 ns)

 <State 86>: 1.91ns
The critical path consists of the following:
	'dadd' operation ('x', likelihood_kernel.cpp:15->likelihood_kernel.cpp:72) [207]  (1.91 ns)

 <State 87>: 1.91ns
The critical path consists of the following:
	'dadd' operation ('x', likelihood_kernel.cpp:15->likelihood_kernel.cpp:72) [207]  (1.91 ns)

 <State 88>: 2.16ns
The critical path consists of the following:
	'add' operation ('sh', /wrk/ci/prod/2020.2/rdi_builds/continuous/2020_11_18_3064766/src/shared/hls/clib/src/hls/utils/x_hls_utils.h:510) [215]  (0.735 ns)
	'select' operation ('ush') [219]  (0.299 ns)
	'lshr' operation ('r.V') [222]  (0 ns)
	'select' operation ('val') [227]  (1.13 ns)

 <State 89>: 1.11ns
The critical path consists of the following:
	'sub' operation ('result.V') [228]  (0.88 ns)
	'select' operation ('result.V', /wrk/ci/prod/2020.2/rdi_builds/continuous/2020_11_18_3064766/src/shared/hls/clib/hlsmath/include/FloatingPoint/hls_case_IEEE754.h:59) [229]  (0.227 ns)

 <State 90>: 1.2ns
The critical path consists of the following:
	'phi' operation ('y', likelihood_kernel.cpp:76) with incoming values : ('add_ln76', likelihood_kernel.cpp:76) [259]  (0 ns)
	'getelementptr' operation ('buffer_objxy_addr_1', likelihood_kernel.cpp:79) [271]  (0 ns)
	'load' operation ('offY', likelihood_kernel.cpp:79) on array 'buffer_objxy', likelihood_kernel.cpp:148 [272]  (1.2 ns)

 <State 91>: 2.08ns
The critical path consists of the following:
	'load' operation ('offX', likelihood_kernel.cpp:80) on array 'buffer_objxy', likelihood_kernel.cpp:148 [276]  (1.2 ns)
	'add' operation ('indX', likelihood_kernel.cpp:81) [277]  (0.88 ns)

 <State 92>: 2.29ns
The critical path consists of the following:
	'mul' operation ('mul_ln83', likelihood_kernel.cpp:83) [278]  (2.29 ns)

 <State 93>: 2.29ns
The critical path consists of the following:
	'mul' operation ('mul_ln83', likelihood_kernel.cpp:83) [278]  (2.29 ns)

 <State 94>: 0.731ns
The critical path consists of the following:
	'add' operation ('add_ln83_2', likelihood_kernel.cpp:83) [279]  (0 ns)
	'add' operation ('add_ln83', likelihood_kernel.cpp:83) [280]  (0.731 ns)

 <State 95>: 2.29ns
The critical path consists of the following:
	'mul' operation ('mul_ln83_1', likelihood_kernel.cpp:83) [281]  (2.29 ns)

 <State 96>: 2.29ns
The critical path consists of the following:
	'mul' operation ('mul_ln83_1', likelihood_kernel.cpp:83) [281]  (2.29 ns)

 <State 97>: 1.99ns
The critical path consists of the following:
	'add' operation ('add_ln83_1', likelihood_kernel.cpp:83) [282]  (0.88 ns)
	'sub' operation ('neg', likelihood_kernel.cpp:83) [283]  (0.88 ns)
	'select' operation ('idx', likelihood_kernel.cpp:83) [285]  (0.227 ns)

 <State 98>: 1.89ns
The critical path consists of the following:
	'icmp' operation ('icmp_ln85', likelihood_kernel.cpp:85) [287]  (1.06 ns)
	'xor' operation ('xor_ln85', likelihood_kernel.cpp:85) [288]  (0 ns)
	'select' operation ('idx', likelihood_kernel.cpp:85) [289]  (0.227 ns)
	'store' operation ('store_ln89', likelihood_kernel.cpp:89) of variable 'idx', likelihood_kernel.cpp:85 on array 'ind_buffer', likelihood_kernel.cpp:67 [291]  (0.6 ns)

 <State 99>: 0.387ns
The critical path consists of the following:
	multiplexor before 'phi' operation ('y', likelihood_kernel.cpp:92) with incoming values : ('add_ln92', likelihood_kernel.cpp:92) [296]  (0.387 ns)

 <State 100>: 0.859ns
The critical path consists of the following:
	'phi' operation ('y', likelihood_kernel.cpp:92) with incoming values : ('add_ln92', likelihood_kernel.cpp:92) [296]  (0 ns)
	'icmp' operation ('icmp_ln92', likelihood_kernel.cpp:92) [300]  (0.859 ns)

 <State 101>: 1.75ns
The critical path consists of the following:
	'load' operation ('ind_buffer_load', likelihood_kernel.cpp:95) on array 'ind_buffer', likelihood_kernel.cpp:67 [308]  (0.6 ns)
	'add' operation ('add_ln95', likelihood_kernel.cpp:95) [311]  (1.15 ns)

 <State 102>: 2.43ns
The critical path consists of the following:
	bus request on port 'gmem3' (likelihood_kernel.cpp:95) [315]  (2.43 ns)

 <State 103>: 2.43ns
The critical path consists of the following:
	bus request on port 'gmem3' (likelihood_kernel.cpp:95) [315]  (2.43 ns)

 <State 104>: 2.43ns
The critical path consists of the following:
	bus request on port 'gmem3' (likelihood_kernel.cpp:95) [315]  (2.43 ns)

 <State 105>: 2.43ns
The critical path consists of the following:
	bus request on port 'gmem3' (likelihood_kernel.cpp:95) [315]  (2.43 ns)

 <State 106>: 2.43ns
The critical path consists of the following:
	bus request on port 'gmem3' (likelihood_kernel.cpp:95) [315]  (2.43 ns)

 <State 107>: 2.43ns
The critical path consists of the following:
	bus request on port 'gmem3' (likelihood_kernel.cpp:95) [315]  (2.43 ns)

 <State 108>: 2.43ns
The critical path consists of the following:
	bus request on port 'gmem3' (likelihood_kernel.cpp:95) [315]  (2.43 ns)

 <State 109>: 2.43ns
The critical path consists of the following:
	bus read on port 'gmem3' (likelihood_kernel.cpp:95) [316]  (2.43 ns)

 <State 110>: 0.88ns
The critical path consists of the following:
	'add' operation ('pixel_sum', likelihood_kernel.cpp:95) [317]  (0.88 ns)

 <State 111>: 0.387ns
The critical path consists of the following:
	multiplexor before 'phi' operation ('pixel_sum') with incoming values : ('pixel_sum', likelihood_kernel.cpp:95) [322]  (0.387 ns)

 <State 112>: 2.22ns
The critical path consists of the following:
	'phi' operation ('pixel_sum') with incoming values : ('pixel_sum', likelihood_kernel.cpp:95) [322]  (0 ns)
	'sitodp' operation ('conv31_i', likelihood_kernel.cpp:98) [323]  (2.22 ns)

 <State 113>: 2.22ns
The critical path consists of the following:
	'sitodp' operation ('conv31_i', likelihood_kernel.cpp:98) [323]  (2.22 ns)

 <State 114>: 2.22ns
The critical path consists of the following:
	'sitodp' operation ('conv31_i', likelihood_kernel.cpp:98) [323]  (2.22 ns)

 <State 115>: 2.22ns
The critical path consists of the following:
	'sitodp' operation ('conv31_i', likelihood_kernel.cpp:98) [323]  (2.22 ns)

 <State 116>: 2.22ns
The critical path consists of the following:
	'sitodp' operation ('conv31_i', likelihood_kernel.cpp:98) [323]  (2.22 ns)

 <State 117>: 2.32ns
The critical path consists of the following:
	'dmul' operation ('mul32_i', likelihood_kernel.cpp:98) [324]  (2.32 ns)

 <State 118>: 2.32ns
The critical path consists of the following:
	'dmul' operation ('mul32_i', likelihood_kernel.cpp:98) [324]  (2.32 ns)

 <State 119>: 2.32ns
The critical path consists of the following:
	'dmul' operation ('mul32_i', likelihood_kernel.cpp:98) [324]  (2.32 ns)

 <State 120>: 2.32ns
The critical path consists of the following:
	'dmul' operation ('mul32_i', likelihood_kernel.cpp:98) [324]  (2.32 ns)

 <State 121>: 2.32ns
The critical path consists of the following:
	'dmul' operation ('mul32_i', likelihood_kernel.cpp:98) [324]  (2.32 ns)

 <State 122>: 2.32ns
The critical path consists of the following:
	'dmul' operation ('mul32_i', likelihood_kernel.cpp:98) [324]  (2.32 ns)

 <State 123>: 2.32ns
The critical path consists of the following:
	'dmul' operation ('mul32_i', likelihood_kernel.cpp:98) [324]  (2.32 ns)

 <State 124>: 2.32ns
The critical path consists of the following:
	'dmul' operation ('mul32_i', likelihood_kernel.cpp:98) [324]  (2.32 ns)

 <State 125>: 1.91ns
The critical path consists of the following:
	'dadd' operation ('sub_i', likelihood_kernel.cpp:98) [325]  (1.91 ns)

 <State 126>: 1.91ns
The critical path consists of the following:
	'dadd' operation ('sub_i', likelihood_kernel.cpp:98) [325]  (1.91 ns)

 <State 127>: 1.91ns
The critical path consists of the following:
	'dadd' operation ('sub_i', likelihood_kernel.cpp:98) [325]  (1.91 ns)

 <State 128>: 1.91ns
The critical path consists of the following:
	'dadd' operation ('sub_i', likelihood_kernel.cpp:98) [325]  (1.91 ns)

 <State 129>: 1.91ns
The critical path consists of the following:
	'dadd' operation ('sub_i', likelihood_kernel.cpp:98) [325]  (1.91 ns)

 <State 130>: 1.91ns
The critical path consists of the following:
	'dadd' operation ('sub_i', likelihood_kernel.cpp:98) [325]  (1.91 ns)

 <State 131>: 1.91ns
The critical path consists of the following:
	'dadd' operation ('sub_i', likelihood_kernel.cpp:98) [325]  (1.91 ns)

 <State 132>: 1.91ns
The critical path consists of the following:
	'dadd' operation ('sub_i', likelihood_kernel.cpp:98) [325]  (1.91 ns)

 <State 133>: 0.714ns
The critical path consists of the following:
	'getelementptr' operation ('buffer_likelihood_addr_1', likelihood_kernel.cpp:98) [326]  (0 ns)
	'store' operation ('store_ln98', likelihood_kernel.cpp:98) of variable 'sub_i', likelihood_kernel.cpp:98 on array 'buffer_likelihood', likelihood_kernel.cpp:151 [327]  (0.714 ns)

 <State 134>: 2.43ns
The critical path consists of the following:
	'getelementptr' operation ('gmem4_addr', likelihood_kernel.cpp:109) [332]  (0 ns)
	bus request on port 'gmem4' (likelihood_kernel.cpp:109) [333]  (2.43 ns)

 <State 135>: 0.848ns
The critical path consists of the following:
	'phi' operation ('x', likelihood_kernel.cpp:109) with incoming values : ('add_ln109', likelihood_kernel.cpp:109) [336]  (0 ns)
	'icmp' operation ('icmp_ln109', likelihood_kernel.cpp:109) [339]  (0.848 ns)

 <State 136>: 0.714ns
The critical path consists of the following:
	'load' operation ('buffer_likelihood_load', likelihood_kernel.cpp:112) on array 'buffer_likelihood', likelihood_kernel.cpp:151 [347]  (0.714 ns)

 <State 137>: 2.43ns
The critical path consists of the following:
	bus write on port 'gmem4' (likelihood_kernel.cpp:112) [349]  (2.43 ns)

 <State 138>: 2.43ns
The critical path consists of the following:
	bus response on port 'gmem4' (likelihood_kernel.cpp:157) [352]  (2.43 ns)

 <State 139>: 2.43ns
The critical path consists of the following:
	bus response on port 'gmem4' (likelihood_kernel.cpp:157) [352]  (2.43 ns)

 <State 140>: 2.43ns
The critical path consists of the following:
	bus response on port 'gmem4' (likelihood_kernel.cpp:157) [352]  (2.43 ns)

 <State 141>: 2.43ns
The critical path consists of the following:
	bus response on port 'gmem4' (likelihood_kernel.cpp:157) [352]  (2.43 ns)

 <State 142>: 2.43ns
The critical path consists of the following:
	bus response on port 'gmem4' (likelihood_kernel.cpp:157) [352]  (2.43 ns)


============================================================
+ Verbose Summary: Binding
============================================================
N/A
* FSMD analyzer results:
  - Output states:
 - Input state : 
  - Chain level:
	State 1
	State 2
	State 3
	State 4
	State 5
	State 6
	State 7
	State 8
	State 9
	State 10
	State 11
	State 12
	State 13
	State 14
	State 15
	State 16
	State 17
	State 18
	State 19
	State 20
	State 21
	State 22
	State 23
	State 24
	State 25
	State 26
	State 27
	State 28
	State 29
	State 30
	State 31
	State 32
	State 33
	State 34
	State 35
	State 36
	State 37
	State 38
	State 39
	State 40
	State 41
	State 42
	State 43
	State 44
	State 45
	State 46
	State 47
	State 48
	State 49
	State 50
	State 51
	State 52
	State 53
	State 54
	State 55
	State 56
	State 57
	State 58
	State 59
	State 60
	State 61
	State 62
	State 63
	State 64
	State 65
	State 66
	State 67
	State 68
	State 69
	State 70
	State 71
	State 72
	State 73
	State 74
	State 75
	State 76
	State 77
	State 78
	State 79
	State 80
	State 81
	State 82
	State 83
	State 84
	State 85
	State 86
	State 87
	State 88
	State 89
	State 90
	State 91
	State 92
	State 93
	State 94
	State 95
	State 96
	State 97
	State 98
	State 99
	State 100
	State 101
	State 102
	State 103
	State 104
	State 105
	State 106
	State 107
	State 108
	State 109
	State 110
	State 111
	State 112
	State 113
	State 114
	State 115
	State 116
	State 117
	State 118
	State 119
	State 120
	State 121
	State 122
	State 123
	State 124
	State 125
	State 126
	State 127
	State 128
	State 129
	State 130
	State 131
	State 132
	State 133
	State 134
	State 135
	State 136
	State 137
	State 138
	State 139
	State 140
	State 141
	State 142


============================================================
+ Verbose Summary: Datapath Resource usage 
============================================================
N/A
