

================================================================
== Vitis HLS Report for 'likelihood_kernel'
================================================================
* Date:           Fri Mar 20 11:37:16 2026

* Version:        2020.2 (Build 3064766 on Wed Nov 18 09:12:47 MST 2020)
* Project:        likelihood_buffer.prj
* Solution:       solution1 (Vivado IP Flow Target)
* Product family: virtexuplus
* Target device:  xcu50-fsvh2104-2-e


================================================================
== Performance Estimates
================================================================
+ Timing: 
    * Summary: 
    +--------+---------+----------+------------+
    |  Clock |  Target | Estimated| Uncertainty|
    +--------+---------+----------+------------+
    |ap_clk  |  3.33 ns|  3.946 ns|     0.90 ns|
    +--------+---------+----------+------------+

+ Latency: 
    * Summary: 
    +---------+---------+----------+-----------+-----+---------+---------+
    |  Latency (cycles) |  Latency (absolute)  |    Interval   | Pipeline|
    |   min   |   max   |    min   |    max    | min |   max   |   Type  |
    +---------+---------+----------+-----------+-----+---------+---------+
    |       66|  5059235|  0.260 us|  19.964 ms|   67|  5059236|     none|
    +---------+---------+----------+-----------+-----+---------+---------+

    + Detail: 
        * Instance: 
        N/A

        * Loop: 
        +-----------------------+---------+---------+------------+-----------+-----------+------+----------+
        |                       |  Latency (cycles) |  Iteration |  Initiation Interval  | Trip |          |
        |       Loop Name       |   min   |   max   |   Latency  |  achieved |   target  | Count| Pipelined|
        +-----------------------+---------+---------+------------+-----------+-----------+------+----------+
        |- loadObjxy            |      801|      801|           3|          1|          1|   800|       yes|
        |- Particle_loop        |       60|  5058420|  3 ~ 252921|          -|          -|    20|        no|
        | + loadParticles       |      101|      101|           3|          1|          1|   100|       yes|
        | + computeLikelihood   |     3600|   252700|   36 ~ 2527|          -|          -|   100|        no|
        |  ++ computeIndices    |      418|      418|          20|          1|          1|   400|       yes|
        |  ++ accumuLikelihood  |     2058|     2058|          64|          5|          1|   400|       yes|
        | + storeLikelihood     |      101|      101|           3|          1|          1|   100|       yes|
        +-----------------------+---------+---------+------------+-----------+-----------+------+----------+



================================================================
== Utilization Estimates
================================================================
* Summary: 
+---------------------+---------+------+---------+--------+-----+
|         Name        | BRAM_18K|  DSP |    FF   |   LUT  | URAM|
+---------------------+---------+------+---------+--------+-----+
|DSP                  |        -|     1|        -|       -|    -|
|Expression           |        -|     -|        0|    5626|    -|
|FIFO                 |        -|     -|        -|       -|    -|
|Instance             |       18|     6|     5994|    6876|    -|
|Memory               |       26|     -|        0|       0|    -|
|Multiplexer          |        -|     -|        -|     924|    -|
|Register             |        -|     -|     3769|     128|    -|
+---------------------+---------+------+---------+--------+-----+
|Total                |       44|     7|     9763|   13554|    0|
+---------------------+---------+------+---------+--------+-----+
|Available SLR        |     1344|  2976|   871680|  435840|  320|
+---------------------+---------+------+---------+--------+-----+
|Utilization SLR (%)  |        3|    ~0|        1|       3|    0|
+---------------------+---------+------+---------+--------+-----+
|Available            |     2688|  5952|  1743360|  871680|  640|
+---------------------+---------+------+---------+--------+-----+
|Utilization (%)      |        1|    ~0|       ~0|       1|    0|
+---------------------+---------+------+---------+--------+-----+

+ Detail: 
    * Instance: 
    +---------------------------------------+------------------------------------+---------+----+-----+------+-----+
    |                Instance               |               Module               | BRAM_18K| DSP|  FF |  LUT | URAM|
    +---------------------------------------+------------------------------------+---------+----+-----+------+-----+
    |control_s_axi_U                        |control_s_axi                       |        0|   0|  646|  1128|    0|
    |dadd_64ns_64ns_64_6_no_dsp_1_U3        |dadd_64ns_64ns_64_6_no_dsp_1        |        0|   0|  542|   638|    0|
    |dadd_64ns_64ns_64_8_full_dsp_1_U2      |dadd_64ns_64ns_64_8_full_dsp_1      |        0|   3|  685|   635|    0|
    |dadddsub_64ns_64ns_64_8_full_dsp_1_U1  |dadddsub_64ns_64ns_64_8_full_dsp_1  |        0|   3|  685|   635|    0|
    |ddiv_64ns_64ns_64_31_no_dsp_1_U4       |ddiv_64ns_64ns_64_31_no_dsp_1       |        0|   0|    0|     0|    0|
    |gmem0_m_axi_U                          |gmem0_m_axi                         |        4|   0|  566|   766|    0|
    |gmem1_m_axi_U                          |gmem1_m_axi                         |        4|   0|  566|   766|    0|
    |gmem2_m_axi_U                          |gmem2_m_axi                         |        4|   0|  566|   766|    0|
    |gmem3_m_axi_U                          |gmem3_m_axi                         |        2|   0|  512|   580|    0|
    |gmem4_m_axi_U                          |gmem4_m_axi                         |        4|   0|  566|   766|    0|
    |mul_32s_32s_32_2_1_U6                  |mul_32s_32s_32_2_1                  |        0|   0|  165|    49|    0|
    |mul_32s_32s_32_2_1_U7                  |mul_32s_32s_32_2_1                  |        0|   0|  165|    49|    0|
    |mul_32s_32s_32_2_1_U8                  |mul_32s_32s_32_2_1                  |        0|   0|  165|    49|    0|
    |mul_32s_32s_32_2_1_U9                  |mul_32s_32s_32_2_1                  |        0|   0|  165|    49|    0|
    |sitodp_32ns_64_5_no_dsp_1_U5           |sitodp_32ns_64_5_no_dsp_1           |        0|   0|    0|     0|    0|
    +---------------------------------------+------------------------------------+---------+----+-----+------+-----+
    |Total                                  |                                    |       18|   6| 5994|  6876|    0|
    +---------------------------------------+------------------------------------+---------+----+-----+------+-----+

    * DSP: 
    +----------------------------+------------------------+-----------+
    |          Instance          |         Module         | Expression|
    +----------------------------+------------------------+-----------+
    |mul_mul_7ns_16s_16_4_1_U10  |mul_mul_7ns_16s_16_4_1  |    i0 * i1|
    +----------------------------+------------------------+-----------+

    * Memory: 
    +---------------------+-------------------+---------+---+----+-----+-------+-----+------+-------------+
    |        Memory       |       Module      | BRAM_18K| FF| LUT| URAM| Words | Bits| Banks| W*Bits*Banks|
    +---------------------+-------------------+---------+---+----+-----+-------+-----+------+-------------+
    |buffer_likelihood_U  |buffer_likelihood  |        2|  0|   0|    0|    100|   64|     1|         6400|
    |buffer_X_U           |buffer_likelihood  |        2|  0|   0|    0|    100|   64|     1|         6400|
    |buffer_Y_U           |buffer_likelihood  |        2|  0|   0|    0|    100|   64|     1|         6400|
    |buffer_objxy_U       |buffer_objxy       |        4|  0|   0|    0|    800|   64|     1|        51200|
    |ind_buffer_U         |ind_buffer         |       16|  0|   0|    0|  40000|   32|     1|      1280000|
    +---------------------+-------------------+---------+---+----+-----+-------+-----+------+-------------+
    |Total                |                   |       26|  0|   0|    0|  41100|  288|     5|      1350400|
    +---------------------+-------------------+---------+---+----+-----+-------+-----+------+-------------+

    * FIFO: 
    N/A

    * Expression: 
    +-----------------------------------+----------+----+---+-----+------------+------------+
    |           Variable Name           | Operation| DSP| FF| LUT | Bitwidth P0| Bitwidth P1|
    +-----------------------------------+----------+----+---+-----+------------+------------+
    |a_fu_1599_p2                       |         +|   0|  0|   39|          32|           8|
    |add_ln102_fu_1632_p2               |         +|   0|  0|   14|           7|           1|
    |add_ln163_fu_701_p2                |         +|   0|  0|   71|          64|          10|
    |add_ln168_1_fu_723_p2              |         +|   0|  0|   71|          64|          64|
    |add_ln168_2_fu_728_p2              |         +|   0|  0|   71|          64|          64|
    |add_ln168_3_fu_712_p2              |         +|   0|  0|   71|          64|           7|
    |add_ln168_fu_718_p2                |         +|   0|  0|   71|          64|          64|
    |add_ln20_fu_666_p2                 |         +|   0|  0|   17|          10|           1|
    |add_ln37_fu_800_p2                 |         +|   0|  0|   14|           7|           1|
    |add_ln510_1_fu_1033_p2             |         +|   0|  0|   19|          12|          11|
    |add_ln510_2_fu_1225_p2             |         +|   0|  0|   19|          12|          11|
    |add_ln510_3_fu_1351_p2             |         +|   0|  0|   19|          12|          11|
    |add_ln510_fu_907_p2                |         +|   0|  0|   19|          12|          11|
    |add_ln63_fu_829_p2                 |         +|   0|  0|   14|           7|           1|
    |add_ln67_fu_1137_p2                |         +|   0|  0|   38|          31|           1|
    |add_ln73_1_fu_1485_p2              |         +|   0|  0|   39|          32|          32|
    |add_ln73_2_fu_1184_p2              |         +|   0|  0|   23|          16|          16|
    |add_ln73_3_fu_1472_p2              |         +|   0|  0|   32|          32|          32|
    |add_ln73_fu_1476_p2                |         +|   0|  0|   32|          32|          32|
    |add_ln82_fu_1593_p2                |         +|   0|  0|   38|          31|           1|
    |add_ln85_fu_1546_p2                |         +|   0|  0|   23|          16|          16|
    |add_ln86_fu_1568_p2                |         +|   0|  0|   71|          64|          64|
    |b_fu_1604_p2                       |         +|   0|  0|   39|          32|           9|
    |indX_fu_1452_p2                    |         +|   0|  0|   39|          32|          32|
    |neg_fu_1489_p2                     |         -|   0|  0|   39|           1|          32|
    |result_V_10_fu_1457_p2             |         -|   0|  0|   39|           1|          32|
    |result_V_2_fu_1115_p2              |         -|   0|  0|   39|           1|          32|
    |result_V_5_fu_1126_p2              |         -|   0|  0|   39|           1|          32|
    |result_V_9_fu_1440_p2              |         -|   0|  0|   39|           1|          32|
    |sub_ln1311_1_fu_1047_p2            |         -|   0|  0|   18|          10|          11|
    |sub_ln1311_2_fu_1239_p2            |         -|   0|  0|   18|          10|          11|
    |sub_ln1311_3_fu_1365_p2            |         -|   0|  0|   18|          10|          11|
    |sub_ln1311_fu_921_p2               |         -|   0|  0|   18|          10|          11|
    |sub_ln168_fu_742_p2                |         -|   0|  0|   39|          32|          32|
    |ap_block_pp0_stage0_11001          |       and|   0|  0|    2|           1|           1|
    |ap_block_pp1_stage0_11001          |       and|   0|  0|    2|           1|           1|
    |ap_block_pp3_stage2_11001          |       and|   0|  0|    2|           1|           1|
    |ap_block_pp3_stage4_00001          |       and|   0|  0|    2|           1|           1|
    |ap_block_pp4_stage0_11001          |       and|   0|  0|    2|           1|           1|
    |ap_block_state10_pp0_stage0_iter1  |       and|   0|  0|    2|           1|           1|
    |ap_block_state166_io               |       and|   0|  0|    2|           1|           1|
    |ap_block_state171                  |       and|   0|  0|    2|           1|           1|
    |ap_block_state68_io                |       and|   0|  0|    2|           1|           1|
    |ap_block_state75_pp3_stage4_iter1  |       and|   0|  0|    2|           1|           1|
    |abscond_fu_1494_p2                 |      icmp|   0|  0|   20|          32|           1|
    |cmp1_i42_fu_690_p2                 |      icmp|   0|  0|   20|          32|           1|
    |icmp_ln102_fu_1642_p2              |      icmp|   0|  0|   19|          31|          31|
    |icmp_ln163_fu_707_p2               |      icmp|   0|  0|   29|          64|          64|
    |icmp_ln168_fu_733_p2               |      icmp|   0|  0|   29|          64|          64|
    |icmp_ln20_1_fu_676_p2              |      icmp|   0|  0|   19|          31|          31|
    |icmp_ln20_fu_633_p2                |      icmp|   0|  0|   20|          32|           1|
    |icmp_ln37_1_fu_810_p2              |      icmp|   0|  0|   19|          31|          31|
    |icmp_ln37_fu_753_p2                |      icmp|   0|  0|   20|          32|           1|
    |icmp_ln63_fu_839_p2                |      icmp|   0|  0|   19|          31|          31|
    |icmp_ln67_fu_1147_p2               |      icmp|   0|  0|   20|          32|          32|
    |icmp_ln75_fu_1510_p2               |      icmp|   0|  0|   29|          64|          64|
    |icmp_ln82_fu_1537_p2               |      icmp|   0|  0|   20|          32|          32|
    |r_V_2_fu_1073_p2                   |      lshr|   0|  0|  460|         137|         137|
    |r_V_4_fu_1265_p2                   |      lshr|   0|  0|  460|         137|         137|
    |r_V_6_fu_1391_p2                   |      lshr|   0|  0|  460|         137|         137|
    |r_V_fu_947_p2                      |      lshr|   0|  0|  460|         137|         137|
    |ap_block_state19_io                |        or|   0|  0|    2|           1|           1|
    |ap_block_state27_pp1_stage0_iter1  |        or|   0|  0|    2|           1|           1|
    |or_ln70_fu_1173_p2                 |        or|   0|  0|   10|          10|           1|
    |abs_fu_1499_p3                     |    select|   0|  0|   32|           1|          32|
    |result_V_12_fu_1120_p3             |    select|   0|  0|   32|           1|          32|
    |result_V_13_fu_1131_p3             |    select|   0|  0|   32|           1|          32|
    |result_V_14_fu_1445_p3             |    select|   0|  0|   32|           1|          32|
    |result_V_fu_1462_p3                |    select|   0|  0|   32|           1|          32|
    |select_ln75_fu_1521_p3             |    select|   0|  0|   32|           1|           1|
    |tileSize_fu_747_p3                 |    select|   0|  0|   32|           1|          32|
    |ush_1_fu_1057_p3                   |    select|   0|  0|   12|           1|          12|
    |ush_2_fu_1249_p3                   |    select|   0|  0|   12|           1|          12|
    |ush_3_fu_1375_p3                   |    select|   0|  0|   12|           1|          12|
    |ush_fu_931_p3                      |    select|   0|  0|   12|           1|          12|
    |val_1_fu_1107_p3                   |    select|   0|  0|   32|           1|          32|
    |val_2_fu_1299_p3                   |    select|   0|  0|   32|           1|          32|
    |val_3_fu_1425_p3                   |    select|   0|  0|   32|           1|          32|
    |val_fu_981_p3                      |    select|   0|  0|   32|           1|          32|
    |r_V_1_fu_953_p2                    |       shl|   0|  0|  460|         137|         137|
    |r_V_3_fu_1079_p2                   |       shl|   0|  0|  460|         137|         137|
    |r_V_5_fu_1271_p2                   |       shl|   0|  0|  460|         137|         137|
    |r_V_7_fu_1397_p2                   |       shl|   0|  0|  460|         137|         137|
    |ap_enable_pp0                      |       xor|   0|  0|    2|           1|           2|
    |ap_enable_pp1                      |       xor|   0|  0|    2|           1|           2|
    |ap_enable_pp2                      |       xor|   0|  0|    2|           1|           2|
    |ap_enable_pp3                      |       xor|   0|  0|    2|           1|           2|
    |ap_enable_pp4                      |       xor|   0|  0|    2|           1|           2|
    |ap_enable_reg_pp0_iter1            |       xor|   0|  0|    2|           2|           1|
    |ap_enable_reg_pp1_iter1            |       xor|   0|  0|    2|           2|           1|
    |ap_enable_reg_pp2_iter1            |       xor|   0|  0|    2|           2|           1|
    |ap_enable_reg_pp4_iter1            |       xor|   0|  0|    2|           2|           1|
    |xor_ln75_fu_1515_p2                |       xor|   0|  0|    2|           1|           2|
    +-----------------------------------+----------+----+---+-----+------------+------------+
    |Total                              |          |   0|  0| 5626|        2481|        2614|
    +-----------------------------------+----------+----+---+-----+------------+------------+

    * Multiplexer: 
    +-----------------------------------+-----+-----------+-----+-----------+
    |                Name               | LUT | Input Size| Bits| Total Bits|
    +-----------------------------------+-----+-----------+-----+-----------+
    |ap_NS_fsm                          |  429|         88|    1|         88|
    |ap_enable_reg_pp0_iter1            |    9|          2|    1|          2|
    |ap_enable_reg_pp0_iter2            |    9|          2|    1|          2|
    |ap_enable_reg_pp1_iter1            |    9|          2|    1|          2|
    |ap_enable_reg_pp1_iter2            |    9|          2|    1|          2|
    |ap_enable_reg_pp2_iter1            |    9|          2|    1|          2|
    |ap_enable_reg_pp2_iter19           |    9|          2|    1|          2|
    |ap_enable_reg_pp3_iter12           |    9|          2|    1|          2|
    |ap_enable_reg_pp3_iter7            |    9|          2|    1|          2|
    |ap_enable_reg_pp4_iter1            |    9|          2|    1|          2|
    |ap_enable_reg_pp4_iter2            |    9|          2|    1|          2|
    |ap_phi_mux_empty_43_phi_fu_553_p4  |    9|          2|   64|        128|
    |ap_phi_mux_i_phi_fu_472_p4         |    9|          2|   10|         20|
    |ap_phi_mux_x_phi_fu_506_p4         |    9|          2|    7|         14|
    |ap_phi_mux_y_1_phi_fu_541_p4       |    9|          2|   31|         62|
    |base_reg_480                       |    9|          2|   64|        128|
    |buffer_X_address0                  |   14|          3|    7|         21|
    |buffer_Y_address0                  |   14|          3|    7|         21|
    |buffer_likelihood_address0         |   14|          3|    7|         21|
    |buffer_objxy_address0              |   14|          3|   10|         30|
    |empty_43_reg_549                   |    9|          2|   64|        128|
    |empty_44_reg_561                   |    9|          2|   64|        128|
    |gmem0_blk_n_AR                     |    9|          2|    1|          2|
    |gmem0_blk_n_R                      |    9|          2|    1|          2|
    |gmem1_blk_n_AR                     |    9|          2|    1|          2|
    |gmem1_blk_n_R                      |    9|          2|    1|          2|
    |gmem2_blk_n_AR                     |    9|          2|    1|          2|
    |gmem2_blk_n_R                      |    9|          2|    1|          2|
    |gmem3_blk_n_AR                     |    9|          2|    1|          2|
    |gmem3_blk_n_R                      |    9|          2|    1|          2|
    |gmem4_blk_n_AW                     |    9|          2|    1|          2|
    |gmem4_blk_n_B                      |    9|          2|    1|          2|
    |gmem4_blk_n_W                      |    9|          2|    1|          2|
    |grp_fu_585_opcode                  |   14|          3|    2|          6|
    |grp_fu_585_p0                      |   20|          4|   64|        256|
    |grp_fu_585_p1                      |   14|          3|   64|        192|
    |grp_fu_590_p0                      |   14|          3|   64|        192|
    |grp_fu_600_p0                      |   14|          3|   64|        192|
    |grp_fu_600_p1                      |   14|          3|   64|        192|
    |grp_fu_606_p0                      |   20|          4|   32|        128|
    |i_reg_468                          |    9|          2|   10|         20|
    |ind_buffer_address0                |   14|          3|   16|         48|
    |phi_mul_reg_491                    |    9|          2|   64|        128|
    |x_1_reg_514                        |    9|          2|    7|         14|
    |x_2_reg_574                        |    9|          2|    7|         14|
    |x_reg_502                          |    9|          2|    7|         14|
    |y_1_reg_537                        |    9|          2|   31|         62|
    |y_reg_526                          |    9|          2|   31|         62|
    +-----------------------------------+-----+-----------+-----+-----------+
    |Total                              |  924|        196|  884|       2351|
    +-----------------------------------+-----+-----------+-----+-----------+

    * Register: 
    +------------------------------------+----+----+-----+-----------+
    |                Name                | FF | LUT| Bits| Const Bits|
    +------------------------------------+----+----+-----+-----------+
    |I_read_reg_1662                     |  64|   0|   64|          0|
    |IszY_read_reg_1692                  |  32|   0|   32|          0|
    |Nfr_read_reg_1687                   |  32|   0|   32|          0|
    |Nparticles_read_reg_1706            |  32|   0|   32|          0|
    |a_reg_2074                          |  32|   0|   32|          0|
    |add_ln163_reg_1776                  |  64|   0|   64|          0|
    |add_ln168_1_reg_1794                |  64|   0|   64|          0|
    |add_ln168_2_reg_1799                |  64|   0|   64|          0|
    |add_ln168_3_reg_1784                |  64|   0|   64|          0|
    |add_ln168_reg_1789                  |  64|   0|   64|          0|
    |add_ln20_reg_1742                   |  10|   0|   10|          0|
    |add_ln37_reg_1855                   |   7|   0|    7|          0|
    |add_ln63_reg_1874                   |   7|   0|    7|          0|
    |add_ln73_1_reg_2036                 |  32|   0|   32|          0|
    |add_ln73_2_reg_1974                 |  16|   0|   16|          0|
    |add_ln73_reg_2026                   |  32|   0|   32|          0|
    |add_ln82_reg_2063                   |  31|   0|   31|          0|
    |ap_CS_fsm                           |  87|   0|   87|          0|
    |ap_enable_reg_pp0_iter0             |   1|   0|    1|          0|
    |ap_enable_reg_pp0_iter1             |   1|   0|    1|          0|
    |ap_enable_reg_pp0_iter2             |   1|   0|    1|          0|
    |ap_enable_reg_pp1_iter0             |   1|   0|    1|          0|
    |ap_enable_reg_pp1_iter1             |   1|   0|    1|          0|
    |ap_enable_reg_pp1_iter2             |   1|   0|    1|          0|
    |ap_enable_reg_pp2_iter0             |   1|   0|    1|          0|
    |ap_enable_reg_pp2_iter1             |   1|   0|    1|          0|
    |ap_enable_reg_pp2_iter10            |   1|   0|    1|          0|
    |ap_enable_reg_pp2_iter11            |   1|   0|    1|          0|
    |ap_enable_reg_pp2_iter12            |   1|   0|    1|          0|
    |ap_enable_reg_pp2_iter13            |   1|   0|    1|          0|
    |ap_enable_reg_pp2_iter14            |   1|   0|    1|          0|
    |ap_enable_reg_pp2_iter15            |   1|   0|    1|          0|
    |ap_enable_reg_pp2_iter16            |   1|   0|    1|          0|
    |ap_enable_reg_pp2_iter17            |   1|   0|    1|          0|
    |ap_enable_reg_pp2_iter18            |   1|   0|    1|          0|
    |ap_enable_reg_pp2_iter19            |   1|   0|    1|          0|
    |ap_enable_reg_pp2_iter2             |   1|   0|    1|          0|
    |ap_enable_reg_pp2_iter3             |   1|   0|    1|          0|
    |ap_enable_reg_pp2_iter4             |   1|   0|    1|          0|
    |ap_enable_reg_pp2_iter5             |   1|   0|    1|          0|
    |ap_enable_reg_pp2_iter6             |   1|   0|    1|          0|
    |ap_enable_reg_pp2_iter7             |   1|   0|    1|          0|
    |ap_enable_reg_pp2_iter8             |   1|   0|    1|          0|
    |ap_enable_reg_pp2_iter9             |   1|   0|    1|          0|
    |ap_enable_reg_pp3_iter0             |   1|   0|    1|          0|
    |ap_enable_reg_pp3_iter1             |   1|   0|    1|          0|
    |ap_enable_reg_pp3_iter10            |   1|   0|    1|          0|
    |ap_enable_reg_pp3_iter11            |   1|   0|    1|          0|
    |ap_enable_reg_pp3_iter12            |   1|   0|    1|          0|
    |ap_enable_reg_pp3_iter2             |   1|   0|    1|          0|
    |ap_enable_reg_pp3_iter3             |   1|   0|    1|          0|
    |ap_enable_reg_pp3_iter4             |   1|   0|    1|          0|
    |ap_enable_reg_pp3_iter5             |   1|   0|    1|          0|
    |ap_enable_reg_pp3_iter6             |   1|   0|    1|          0|
    |ap_enable_reg_pp3_iter7             |   1|   0|    1|          0|
    |ap_enable_reg_pp3_iter8             |   1|   0|    1|          0|
    |ap_enable_reg_pp3_iter9             |   1|   0|    1|          0|
    |ap_enable_reg_pp4_iter0             |   1|   0|    1|          0|
    |ap_enable_reg_pp4_iter1             |   1|   0|    1|          0|
    |ap_enable_reg_pp4_iter2             |   1|   0|    1|          0|
    |arrayX_read_reg_1672                |  64|   0|   64|          0|
    |arrayY_read_reg_1667                |  64|   0|   64|          0|
    |b_reg_2080                          |  32|   0|   32|          0|
    |base_reg_480                        |  64|   0|   64|          0|
    |buffer_X_load_reg_1913              |  64|   0|   64|          0|
    |buffer_Y_load_reg_1918              |  64|   0|   64|          0|
    |buffer_likelihood_load_reg_2131     |  64|   0|   64|          0|
    |buffer_objxy_load_1_reg_1984        |  64|   0|   64|          0|
    |buffer_objxy_load_reg_1979          |  64|   0|   64|          0|
    |cmp1_i42_reg_1761                   |   1|   0|    1|          0|
    |conv47_i_reg_2096                   |  64|   0|   64|          0|
    |conv49_i_reg_2101                   |  64|   0|   64|          0|
    |conv57_i_reg_1756                   |  64|   0|   64|          0|
    |countOnes_read_reg_1697             |  32|   0|   32|          0|
    |data_V_2_reg_1989                   |  64|   0|   64|          0|
    |empty_37_reg_1717                   |  31|   0|   32|          1|
    |empty_39_reg_1765                   |  16|   0|   16|          0|
    |empty_42_reg_1907                   |  16|   0|   16|          0|
    |empty_43_reg_549                    |  64|   0|   64|          0|
    |empty_44_reg_561                    |  64|   0|   64|          0|
    |empty_reg_1712                      |  30|   0|   30|          0|
    |gmem0_addr_read_reg_1864            |  64|   0|   64|          0|
    |gmem1_addr_read_reg_1869            |  64|   0|   64|          0|
    |gmem2_addr_read_reg_1751            |  64|   0|   64|          0|
    |gmem3_addr_read_reg_2068            |  32|   0|   32|          0|
    |gmem3_addr_reg_2057                 |  64|   0|   64|          0|
    |i_reg_468                           |  10|   0|   10|          0|
    |i_reg_468_pp0_iter1_reg             |  10|   0|   10|          0|
    |icmp_ln102_reg_2122                 |   1|   0|    1|          0|
    |icmp_ln102_reg_2122_pp4_iter1_reg   |   1|   0|    1|          0|
    |icmp_ln168_reg_1804                 |   1|   0|    1|          0|
    |icmp_ln20_1_reg_1747                |   1|   0|    1|          0|
    |icmp_ln20_1_reg_1747_pp0_iter1_reg  |   1|   0|    1|          0|
    |icmp_ln37_1_reg_1860                |   1|   0|    1|          0|
    |icmp_ln37_1_reg_1860_pp1_iter1_reg  |   1|   0|    1|          0|
    |icmp_ln37_reg_1822                  |   1|   0|    1|          0|
    |icmp_ln67_reg_1960                  |   1|   0|    1|          0|
    |icmp_ln82_reg_2048                  |   1|   0|    1|          0|
    |indX_reg_2011                       |  32|   0|   32|          0|
    |k_read_reg_1682                     |  32|   0|   32|          0|
    |likelihood_read_reg_1657            |  64|   0|   64|          0|
    |max_size_read_reg_1677              |  64|   0|   64|          0|
    |mul_ln73_1_reg_2031                 |  32|   0|   32|          0|
    |mul_ln73_reg_2021                   |  32|   0|   32|          0|
    |mul_ln88_1_reg_2091                 |  32|   0|   32|          0|
    |mul_ln88_reg_2086                   |  32|   0|   32|          0|
    |p_Result_1_reg_1934                 |   1|   0|    1|          0|
    |p_Result_3_reg_2000                 |   1|   0|    1|          0|
    |p_Result_s_reg_1923                 |   1|   0|    1|          0|
    |phi_mul_reg_491                     |  64|   0|   64|          0|
    |reg_609                             |  64|   0|   64|          0|
    |reg_614                             |  64|   0|   64|          0|
    |reg_618                             |  64|   0|   64|          0|
    |result_V_12_reg_1945                |  32|   0|   32|          0|
    |result_V_13_reg_1950                |  32|   0|   32|          0|
    |result_V_reg_2016                   |  32|   0|   32|          0|
    |select_ln75_reg_2043                |  32|   0|   32|          0|
    |sext_ln163_reg_1770                 |  64|   0|   64|          0|
    |sub_ln168_reg_1809                  |  32|   0|   32|          0|
    |tileSize_reg_1814                   |  32|   0|   32|          0|
    |trunc_ln20_1_reg_1737               |  30|   0|   31|          1|
    |trunc_ln2_reg_1826                  |  61|   0|   61|          0|
    |trunc_ln37_1_reg_1831               |  61|   0|   61|          0|
    |trunc_ln37_reg_1848                 |  31|   0|   31|          0|
    |trunc_ln3_reg_1887                  |  61|   0|   61|          0|
    |trunc_ln_reg_1726                   |  61|   0|   61|          0|
    |val_1_reg_1939                      |  32|   0|   32|          0|
    |val_2_reg_1994                      |  32|   0|   32|          0|
    |val_3_reg_2005                      |  32|   0|   32|          0|
    |val_reg_1928                        |  32|   0|   32|          0|
    |x_1_reg_514                         |   7|   0|    7|          0|
    |x_2_reg_574                         |   7|   0|    7|          0|
    |x_reg_502                           |   7|   0|    7|          0|
    |x_reg_502_pp1_iter1_reg             |   7|   0|    7|          0|
    |y_1_reg_537                         |  31|   0|   31|          0|
    |y_reg_526                           |  31|   0|   31|          0|
    |zext_ln63_reg_1892                  |   7|   0|   64|         57|
    |add_ln73_2_reg_1974                 |  64|  32|   16|          0|
    |icmp_ln67_reg_1960                  |  64|  32|    1|          0|
    |icmp_ln82_reg_2048                  |  64|  32|    1|          0|
    |result_V_reg_2016                   |  64|  32|   32|          0|
    +------------------------------------+----+----+-----+-----------+
    |Total                               |3769| 128| 3622|         59|
    +------------------------------------+----+----+-----+-----------+



================================================================
== Interface
================================================================
* Summary: 
+-----------------------+-----+-----+------------+-------------------+--------------+
|       RTL Ports       | Dir | Bits|  Protocol  |   Source Object   |    C Type    |
+-----------------------+-----+-----+------------+-------------------+--------------+
|s_axi_control_AWVALID  |   in|    1|       s_axi|            control|        scalar|
|s_axi_control_AWREADY  |  out|    1|       s_axi|            control|        scalar|
|s_axi_control_AWADDR   |   in|    7|       s_axi|            control|        scalar|
|s_axi_control_WVALID   |   in|    1|       s_axi|            control|        scalar|
|s_axi_control_WREADY   |  out|    1|       s_axi|            control|        scalar|
|s_axi_control_WDATA    |   in|   32|       s_axi|            control|        scalar|
|s_axi_control_WSTRB    |   in|    4|       s_axi|            control|        scalar|
|s_axi_control_ARVALID  |   in|    1|       s_axi|            control|        scalar|
|s_axi_control_ARREADY  |  out|    1|       s_axi|            control|        scalar|
|s_axi_control_ARADDR   |   in|    7|       s_axi|            control|        scalar|
|s_axi_control_RVALID   |  out|    1|       s_axi|            control|        scalar|
|s_axi_control_RREADY   |   in|    1|       s_axi|            control|        scalar|
|s_axi_control_RDATA    |  out|   32|       s_axi|            control|        scalar|
|s_axi_control_RRESP    |  out|    2|       s_axi|            control|        scalar|
|s_axi_control_BVALID   |  out|    1|       s_axi|            control|        scalar|
|s_axi_control_BREADY   |   in|    1|       s_axi|            control|        scalar|
|s_axi_control_BRESP    |  out|    2|       s_axi|            control|        scalar|
|ap_clk                 |   in|    1|  ap_ctrl_hs|  likelihood_kernel|  return value|
|ap_rst_n               |   in|    1|  ap_ctrl_hs|  likelihood_kernel|  return value|
|interrupt              |  out|    1|  ap_ctrl_hs|  likelihood_kernel|  return value|
|m_axi_gmem0_AWVALID    |  out|    1|       m_axi|              gmem0|       pointer|
|m_axi_gmem0_AWREADY    |   in|    1|       m_axi|              gmem0|       pointer|
|m_axi_gmem0_AWADDR     |  out|   64|       m_axi|              gmem0|       pointer|
|m_axi_gmem0_AWID       |  out|    1|       m_axi|              gmem0|       pointer|
|m_axi_gmem0_AWLEN      |  out|    8|       m_axi|              gmem0|       pointer|
|m_axi_gmem0_AWSIZE     |  out|    3|       m_axi|              gmem0|       pointer|
|m_axi_gmem0_AWBURST    |  out|    2|       m_axi|              gmem0|       pointer|
|m_axi_gmem0_AWLOCK     |  out|    2|       m_axi|              gmem0|       pointer|
|m_axi_gmem0_AWCACHE    |  out|    4|       m_axi|              gmem0|       pointer|
|m_axi_gmem0_AWPROT     |  out|    3|       m_axi|              gmem0|       pointer|
|m_axi_gmem0_AWQOS      |  out|    4|       m_axi|              gmem0|       pointer|
|m_axi_gmem0_AWREGION   |  out|    4|       m_axi|              gmem0|       pointer|
|m_axi_gmem0_AWUSER     |  out|    1|       m_axi|              gmem0|       pointer|
|m_axi_gmem0_WVALID     |  out|    1|       m_axi|              gmem0|       pointer|
|m_axi_gmem0_WREADY     |   in|    1|       m_axi|              gmem0|       pointer|
|m_axi_gmem0_WDATA      |  out|   64|       m_axi|              gmem0|       pointer|
|m_axi_gmem0_WSTRB      |  out|    8|       m_axi|              gmem0|       pointer|
|m_axi_gmem0_WLAST      |  out|    1|       m_axi|              gmem0|       pointer|
|m_axi_gmem0_WID        |  out|    1|       m_axi|              gmem0|       pointer|
|m_axi_gmem0_WUSER      |  out|    1|       m_axi|              gmem0|       pointer|
|m_axi_gmem0_ARVALID    |  out|    1|       m_axi|              gmem0|       pointer|
|m_axi_gmem0_ARREADY    |   in|    1|       m_axi|              gmem0|       pointer|
|m_axi_gmem0_ARADDR     |  out|   64|       m_axi|              gmem0|       pointer|
|m_axi_gmem0_ARID       |  out|    1|       m_axi|              gmem0|       pointer|
|m_axi_gmem0_ARLEN      |  out|    8|       m_axi|              gmem0|       pointer|
|m_axi_gmem0_ARSIZE     |  out|    3|       m_axi|              gmem0|       pointer|
|m_axi_gmem0_ARBURST    |  out|    2|       m_axi|              gmem0|       pointer|
|m_axi_gmem0_ARLOCK     |  out|    2|       m_axi|              gmem0|       pointer|
|m_axi_gmem0_ARCACHE    |  out|    4|       m_axi|              gmem0|       pointer|
|m_axi_gmem0_ARPROT     |  out|    3|       m_axi|              gmem0|       pointer|
|m_axi_gmem0_ARQOS      |  out|    4|       m_axi|              gmem0|       pointer|
|m_axi_gmem0_ARREGION   |  out|    4|       m_axi|              gmem0|       pointer|
|m_axi_gmem0_ARUSER     |  out|    1|       m_axi|              gmem0|       pointer|
|m_axi_gmem0_RVALID     |   in|    1|       m_axi|              gmem0|       pointer|
|m_axi_gmem0_RREADY     |  out|    1|       m_axi|              gmem0|       pointer|
|m_axi_gmem0_RDATA      |   in|   64|       m_axi|              gmem0|       pointer|
|m_axi_gmem0_RLAST      |   in|    1|       m_axi|              gmem0|       pointer|
|m_axi_gmem0_RID        |   in|    1|       m_axi|              gmem0|       pointer|
|m_axi_gmem0_RUSER      |   in|    1|       m_axi|              gmem0|       pointer|
|m_axi_gmem0_RRESP      |   in|    2|       m_axi|              gmem0|       pointer|
|m_axi_gmem0_BVALID     |   in|    1|       m_axi|              gmem0|       pointer|
|m_axi_gmem0_BREADY     |  out|    1|       m_axi|              gmem0|       pointer|
|m_axi_gmem0_BRESP      |   in|    2|       m_axi|              gmem0|       pointer|
|m_axi_gmem0_BID        |   in|    1|       m_axi|              gmem0|       pointer|
|m_axi_gmem0_BUSER      |   in|    1|       m_axi|              gmem0|       pointer|
|m_axi_gmem1_AWVALID    |  out|    1|       m_axi|              gmem1|       pointer|
|m_axi_gmem1_AWREADY    |   in|    1|       m_axi|              gmem1|       pointer|
|m_axi_gmem1_AWADDR     |  out|   64|       m_axi|              gmem1|       pointer|
|m_axi_gmem1_AWID       |  out|    1|       m_axi|              gmem1|       pointer|
|m_axi_gmem1_AWLEN      |  out|    8|       m_axi|              gmem1|       pointer|
|m_axi_gmem1_AWSIZE     |  out|    3|       m_axi|              gmem1|       pointer|
|m_axi_gmem1_AWBURST    |  out|    2|       m_axi|              gmem1|       pointer|
|m_axi_gmem1_AWLOCK     |  out|    2|       m_axi|              gmem1|       pointer|
|m_axi_gmem1_AWCACHE    |  out|    4|       m_axi|              gmem1|       pointer|
|m_axi_gmem1_AWPROT     |  out|    3|       m_axi|              gmem1|       pointer|
|m_axi_gmem1_AWQOS      |  out|    4|       m_axi|              gmem1|       pointer|
|m_axi_gmem1_AWREGION   |  out|    4|       m_axi|              gmem1|       pointer|
|m_axi_gmem1_AWUSER     |  out|    1|       m_axi|              gmem1|       pointer|
|m_axi_gmem1_WVALID     |  out|    1|       m_axi|              gmem1|       pointer|
|m_axi_gmem1_WREADY     |   in|    1|       m_axi|              gmem1|       pointer|
|m_axi_gmem1_WDATA      |  out|   64|       m_axi|              gmem1|       pointer|
|m_axi_gmem1_WSTRB      |  out|    8|       m_axi|              gmem1|       pointer|
|m_axi_gmem1_WLAST      |  out|    1|       m_axi|              gmem1|       pointer|
|m_axi_gmem1_WID        |  out|    1|       m_axi|              gmem1|       pointer|
|m_axi_gmem1_WUSER      |  out|    1|       m_axi|              gmem1|       pointer|
|m_axi_gmem1_ARVALID    |  out|    1|       m_axi|              gmem1|       pointer|
|m_axi_gmem1_ARREADY    |   in|    1|       m_axi|              gmem1|       pointer|
|m_axi_gmem1_ARADDR     |  out|   64|       m_axi|              gmem1|       pointer|
|m_axi_gmem1_ARID       |  out|    1|       m_axi|              gmem1|       pointer|
|m_axi_gmem1_ARLEN      |  out|    8|       m_axi|              gmem1|       pointer|
|m_axi_gmem1_ARSIZE     |  out|    3|       m_axi|              gmem1|       pointer|
|m_axi_gmem1_ARBURST    |  out|    2|       m_axi|              gmem1|       pointer|
|m_axi_gmem1_ARLOCK     |  out|    2|       m_axi|              gmem1|       pointer|
|m_axi_gmem1_ARCACHE    |  out|    4|       m_axi|              gmem1|       pointer|
|m_axi_gmem1_ARPROT     |  out|    3|       m_axi|              gmem1|       pointer|
|m_axi_gmem1_ARQOS      |  out|    4|       m_axi|              gmem1|       pointer|
|m_axi_gmem1_ARREGION   |  out|    4|       m_axi|              gmem1|       pointer|
|m_axi_gmem1_ARUSER     |  out|    1|       m_axi|              gmem1|       pointer|
|m_axi_gmem1_RVALID     |   in|    1|       m_axi|              gmem1|       pointer|
|m_axi_gmem1_RREADY     |  out|    1|       m_axi|              gmem1|       pointer|
|m_axi_gmem1_RDATA      |   in|   64|       m_axi|              gmem1|       pointer|
|m_axi_gmem1_RLAST      |   in|    1|       m_axi|              gmem1|       pointer|
|m_axi_gmem1_RID        |   in|    1|       m_axi|              gmem1|       pointer|
|m_axi_gmem1_RUSER      |   in|    1|       m_axi|              gmem1|       pointer|
|m_axi_gmem1_RRESP      |   in|    2|       m_axi|              gmem1|       pointer|
|m_axi_gmem1_BVALID     |   in|    1|       m_axi|              gmem1|       pointer|
|m_axi_gmem1_BREADY     |  out|    1|       m_axi|              gmem1|       pointer|
|m_axi_gmem1_BRESP      |   in|    2|       m_axi|              gmem1|       pointer|
|m_axi_gmem1_BID        |   in|    1|       m_axi|              gmem1|       pointer|
|m_axi_gmem1_BUSER      |   in|    1|       m_axi|              gmem1|       pointer|
|m_axi_gmem2_AWVALID    |  out|    1|       m_axi|              gmem2|       pointer|
|m_axi_gmem2_AWREADY    |   in|    1|       m_axi|              gmem2|       pointer|
|m_axi_gmem2_AWADDR     |  out|   64|       m_axi|              gmem2|       pointer|
|m_axi_gmem2_AWID       |  out|    1|       m_axi|              gmem2|       pointer|
|m_axi_gmem2_AWLEN      |  out|    8|       m_axi|              gmem2|       pointer|
|m_axi_gmem2_AWSIZE     |  out|    3|       m_axi|              gmem2|       pointer|
|m_axi_gmem2_AWBURST    |  out|    2|       m_axi|              gmem2|       pointer|
|m_axi_gmem2_AWLOCK     |  out|    2|       m_axi|              gmem2|       pointer|
|m_axi_gmem2_AWCACHE    |  out|    4|       m_axi|              gmem2|       pointer|
|m_axi_gmem2_AWPROT     |  out|    3|       m_axi|              gmem2|       pointer|
|m_axi_gmem2_AWQOS      |  out|    4|       m_axi|              gmem2|       pointer|
|m_axi_gmem2_AWREGION   |  out|    4|       m_axi|              gmem2|       pointer|
|m_axi_gmem2_AWUSER     |  out|    1|       m_axi|              gmem2|       pointer|
|m_axi_gmem2_WVALID     |  out|    1|       m_axi|              gmem2|       pointer|
|m_axi_gmem2_WREADY     |   in|    1|       m_axi|              gmem2|       pointer|
|m_axi_gmem2_WDATA      |  out|   64|       m_axi|              gmem2|       pointer|
|m_axi_gmem2_WSTRB      |  out|    8|       m_axi|              gmem2|       pointer|
|m_axi_gmem2_WLAST      |  out|    1|       m_axi|              gmem2|       pointer|
|m_axi_gmem2_WID        |  out|    1|       m_axi|              gmem2|       pointer|
|m_axi_gmem2_WUSER      |  out|    1|       m_axi|              gmem2|       pointer|
|m_axi_gmem2_ARVALID    |  out|    1|       m_axi|              gmem2|       pointer|
|m_axi_gmem2_ARREADY    |   in|    1|       m_axi|              gmem2|       pointer|
|m_axi_gmem2_ARADDR     |  out|   64|       m_axi|              gmem2|       pointer|
|m_axi_gmem2_ARID       |  out|    1|       m_axi|              gmem2|       pointer|
|m_axi_gmem2_ARLEN      |  out|    8|       m_axi|              gmem2|       pointer|
|m_axi_gmem2_ARSIZE     |  out|    3|       m_axi|              gmem2|       pointer|
|m_axi_gmem2_ARBURST    |  out|    2|       m_axi|              gmem2|       pointer|
|m_axi_gmem2_ARLOCK     |  out|    2|       m_axi|              gmem2|       pointer|
|m_axi_gmem2_ARCACHE    |  out|    4|       m_axi|              gmem2|       pointer|
|m_axi_gmem2_ARPROT     |  out|    3|       m_axi|              gmem2|       pointer|
|m_axi_gmem2_ARQOS      |  out|    4|       m_axi|              gmem2|       pointer|
|m_axi_gmem2_ARREGION   |  out|    4|       m_axi|              gmem2|       pointer|
|m_axi_gmem2_ARUSER     |  out|    1|       m_axi|              gmem2|       pointer|
|m_axi_gmem2_RVALID     |   in|    1|       m_axi|              gmem2|       pointer|
|m_axi_gmem2_RREADY     |  out|    1|       m_axi|              gmem2|       pointer|
|m_axi_gmem2_RDATA      |   in|   64|       m_axi|              gmem2|       pointer|
|m_axi_gmem2_RLAST      |   in|    1|       m_axi|              gmem2|       pointer|
|m_axi_gmem2_RID        |   in|    1|       m_axi|              gmem2|       pointer|
|m_axi_gmem2_RUSER      |   in|    1|       m_axi|              gmem2|       pointer|
|m_axi_gmem2_RRESP      |   in|    2|       m_axi|              gmem2|       pointer|
|m_axi_gmem2_BVALID     |   in|    1|       m_axi|              gmem2|       pointer|
|m_axi_gmem2_BREADY     |  out|    1|       m_axi|              gmem2|       pointer|
|m_axi_gmem2_BRESP      |   in|    2|       m_axi|              gmem2|       pointer|
|m_axi_gmem2_BID        |   in|    1|       m_axi|              gmem2|       pointer|
|m_axi_gmem2_BUSER      |   in|    1|       m_axi|              gmem2|       pointer|
|m_axi_gmem3_AWVALID    |  out|    1|       m_axi|              gmem3|       pointer|
|m_axi_gmem3_AWREADY    |   in|    1|       m_axi|              gmem3|       pointer|
|m_axi_gmem3_AWADDR     |  out|   64|       m_axi|              gmem3|       pointer|
|m_axi_gmem3_AWID       |  out|    1|       m_axi|              gmem3|       pointer|
|m_axi_gmem3_AWLEN      |  out|    8|       m_axi|              gmem3|       pointer|
|m_axi_gmem3_AWSIZE     |  out|    3|       m_axi|              gmem3|       pointer|
|m_axi_gmem3_AWBURST    |  out|    2|       m_axi|              gmem3|       pointer|
|m_axi_gmem3_AWLOCK     |  out|    2|       m_axi|              gmem3|       pointer|
|m_axi_gmem3_AWCACHE    |  out|    4|       m_axi|              gmem3|       pointer|
|m_axi_gmem3_AWPROT     |  out|    3|       m_axi|              gmem3|       pointer|
|m_axi_gmem3_AWQOS      |  out|    4|       m_axi|              gmem3|       pointer|
|m_axi_gmem3_AWREGION   |  out|    4|       m_axi|              gmem3|       pointer|
|m_axi_gmem3_AWUSER     |  out|    1|       m_axi|              gmem3|       pointer|
|m_axi_gmem3_WVALID     |  out|    1|       m_axi|              gmem3|       pointer|
|m_axi_gmem3_WREADY     |   in|    1|       m_axi|              gmem3|       pointer|
|m_axi_gmem3_WDATA      |  out|   32|       m_axi|              gmem3|       pointer|
|m_axi_gmem3_WSTRB      |  out|    4|       m_axi|              gmem3|       pointer|
|m_axi_gmem3_WLAST      |  out|    1|       m_axi|              gmem3|       pointer|
|m_axi_gmem3_WID        |  out|    1|       m_axi|              gmem3|       pointer|
|m_axi_gmem3_WUSER      |  out|    1|       m_axi|              gmem3|       pointer|
|m_axi_gmem3_ARVALID    |  out|    1|       m_axi|              gmem3|       pointer|
|m_axi_gmem3_ARREADY    |   in|    1|       m_axi|              gmem3|       pointer|
|m_axi_gmem3_ARADDR     |  out|   64|       m_axi|              gmem3|       pointer|
|m_axi_gmem3_ARID       |  out|    1|       m_axi|              gmem3|       pointer|
|m_axi_gmem3_ARLEN      |  out|    8|       m_axi|              gmem3|       pointer|
|m_axi_gmem3_ARSIZE     |  out|    3|       m_axi|              gmem3|       pointer|
|m_axi_gmem3_ARBURST    |  out|    2|       m_axi|              gmem3|       pointer|
|m_axi_gmem3_ARLOCK     |  out|    2|       m_axi|              gmem3|       pointer|
|m_axi_gmem3_ARCACHE    |  out|    4|       m_axi|              gmem3|       pointer|
|m_axi_gmem3_ARPROT     |  out|    3|       m_axi|              gmem3|       pointer|
|m_axi_gmem3_ARQOS      |  out|    4|       m_axi|              gmem3|       pointer|
|m_axi_gmem3_ARREGION   |  out|    4|       m_axi|              gmem3|       pointer|
|m_axi_gmem3_ARUSER     |  out|    1|       m_axi|              gmem3|       pointer|
|m_axi_gmem3_RVALID     |   in|    1|       m_axi|              gmem3|       pointer|
|m_axi_gmem3_RREADY     |  out|    1|       m_axi|              gmem3|       pointer|
|m_axi_gmem3_RDATA      |   in|   32|       m_axi|              gmem3|       pointer|
|m_axi_gmem3_RLAST      |   in|    1|       m_axi|              gmem3|       pointer|
|m_axi_gmem3_RID        |   in|    1|       m_axi|              gmem3|       pointer|
|m_axi_gmem3_RUSER      |   in|    1|       m_axi|              gmem3|       pointer|
|m_axi_gmem3_RRESP      |   in|    2|       m_axi|              gmem3|       pointer|
|m_axi_gmem3_BVALID     |   in|    1|       m_axi|              gmem3|       pointer|
|m_axi_gmem3_BREADY     |  out|    1|       m_axi|              gmem3|       pointer|
|m_axi_gmem3_BRESP      |   in|    2|       m_axi|              gmem3|       pointer|
|m_axi_gmem3_BID        |   in|    1|       m_axi|              gmem3|       pointer|
|m_axi_gmem3_BUSER      |   in|    1|       m_axi|              gmem3|       pointer|
|m_axi_gmem4_AWVALID    |  out|    1|       m_axi|              gmem4|       pointer|
|m_axi_gmem4_AWREADY    |   in|    1|       m_axi|              gmem4|       pointer|
|m_axi_gmem4_AWADDR     |  out|   64|       m_axi|              gmem4|       pointer|
|m_axi_gmem4_AWID       |  out|    1|       m_axi|              gmem4|       pointer|
|m_axi_gmem4_AWLEN      |  out|    8|       m_axi|              gmem4|       pointer|
|m_axi_gmem4_AWSIZE     |  out|    3|       m_axi|              gmem4|       pointer|
|m_axi_gmem4_AWBURST    |  out|    2|       m_axi|              gmem4|       pointer|
|m_axi_gmem4_AWLOCK     |  out|    2|       m_axi|              gmem4|       pointer|
|m_axi_gmem4_AWCACHE    |  out|    4|       m_axi|              gmem4|       pointer|
|m_axi_gmem4_AWPROT     |  out|    3|       m_axi|              gmem4|       pointer|
|m_axi_gmem4_AWQOS      |  out|    4|       m_axi|              gmem4|       pointer|
|m_axi_gmem4_AWREGION   |  out|    4|       m_axi|              gmem4|       pointer|
|m_axi_gmem4_AWUSER     |  out|    1|       m_axi|              gmem4|       pointer|
|m_axi_gmem4_WVALID     |  out|    1|       m_axi|              gmem4|       pointer|
|m_axi_gmem4_WREADY     |   in|    1|       m_axi|              gmem4|       pointer|
|m_axi_gmem4_WDATA      |  out|   64|       m_axi|              gmem4|       pointer|
|m_axi_gmem4_WSTRB      |  out|    8|       m_axi|              gmem4|       pointer|
|m_axi_gmem4_WLAST      |  out|    1|       m_axi|              gmem4|       pointer|
|m_axi_gmem4_WID        |  out|    1|       m_axi|              gmem4|       pointer|
|m_axi_gmem4_WUSER      |  out|    1|       m_axi|              gmem4|       pointer|
|m_axi_gmem4_ARVALID    |  out|    1|       m_axi|              gmem4|       pointer|
|m_axi_gmem4_ARREADY    |   in|    1|       m_axi|              gmem4|       pointer|
|m_axi_gmem4_ARADDR     |  out|   64|       m_axi|              gmem4|       pointer|
|m_axi_gmem4_ARID       |  out|    1|       m_axi|              gmem4|       pointer|
|m_axi_gmem4_ARLEN      |  out|    8|       m_axi|              gmem4|       pointer|
|m_axi_gmem4_ARSIZE     |  out|    3|       m_axi|              gmem4|       pointer|
|m_axi_gmem4_ARBURST    |  out|    2|       m_axi|              gmem4|       pointer|
|m_axi_gmem4_ARLOCK     |  out|    2|       m_axi|              gmem4|       pointer|
|m_axi_gmem4_ARCACHE    |  out|    4|       m_axi|              gmem4|       pointer|
|m_axi_gmem4_ARPROT     |  out|    3|       m_axi|              gmem4|       pointer|
|m_axi_gmem4_ARQOS      |  out|    4|       m_axi|              gmem4|       pointer|
|m_axi_gmem4_ARREGION   |  out|    4|       m_axi|              gmem4|       pointer|
|m_axi_gmem4_ARUSER     |  out|    1|       m_axi|              gmem4|       pointer|
|m_axi_gmem4_RVALID     |   in|    1|       m_axi|              gmem4|       pointer|
|m_axi_gmem4_RREADY     |  out|    1|       m_axi|              gmem4|       pointer|
|m_axi_gmem4_RDATA      |   in|   64|       m_axi|              gmem4|       pointer|
|m_axi_gmem4_RLAST      |   in|    1|       m_axi|              gmem4|       pointer|
|m_axi_gmem4_RID        |   in|    1|       m_axi|              gmem4|       pointer|
|m_axi_gmem4_RUSER      |   in|    1|       m_axi|              gmem4|       pointer|
|m_axi_gmem4_RRESP      |   in|    2|       m_axi|              gmem4|       pointer|
|m_axi_gmem4_BVALID     |   in|    1|       m_axi|              gmem4|       pointer|
|m_axi_gmem4_BREADY     |  out|    1|       m_axi|              gmem4|       pointer|
|m_axi_gmem4_BRESP      |   in|    2|       m_axi|              gmem4|       pointer|
|m_axi_gmem4_BID        |   in|    1|       m_axi|              gmem4|       pointer|
|m_axi_gmem4_BUSER      |   in|    1|       m_axi|              gmem4|       pointer|
+-----------------------+-----+-----+------------+-------------------+--------------+

============================================================
+ Verbose Summary: Synthesis Manager
============================================================
InlineROM: 1
ExposeGlobal: 0
============================================================
+ Verbose Summary: CDFG Model
============================================================
IsTopModel: 1
ResetActiveHigh: 1
IsCombinational: 2
IsDatapathOnly: 2
HasWiredReturn: 1
HasMFsm: 0
HasVarLatency: 1
IsPipeline: 0
IsRtlPipelined: 0
IsInstanceOverlapped: 0
IsDontTouch: 0
HasImplIP: 0
IsGatedGlobalClock: 0

+ Individual pipeline summary: 
  * Pipeline-0: initiation interval (II) = 1, depth = 3
  * Pipeline-1: initiation interval (II) = 1, depth = 3
  * Pipeline-2: initiation interval (II) = 1, depth = 20
  * Pipeline-3: initiation interval (II) = 5, depth = 64
  * Pipeline-4: initiation interval (II) = 1, depth = 3


============================================================
+ Verbose Summary: Schedule
============================================================
* Number of FSM states : 171
* Pipeline : 5
  Pipeline-0 : II = 1, D = 3, States = { 9 10 11 }
  Pipeline-1 : II = 1, D = 3, States = { 26 27 28 }
  Pipeline-2 : II = 1, D = 20, States = { 45 46 47 48 49 50 51 52 53 54 55 56 57 58 59 60 61 62 63 64 }
  Pipeline-3 : II = 5, D = 64, States = { 66 67 68 69 70 71 72 73 74 75 76 77 78 79 80 81 82 83 84 85 86 87 88 89 90 91 92 93 94 95 96 97 98 99 100 101 102 103 104 105 106 107 108 109 110 111 112 113 114 115 116 117 118 119 120 121 122 123 124 125 126 127 128 129 }
  Pipeline-4 : II = 1, D = 3, States = { 164 165 166 }
* Dataflow Pipeline: 0

* FSM state transitions: 
1 --> 2 12 
2 --> 3 
3 --> 4 
4 --> 5 
5 --> 6 
6 --> 7 
7 --> 8 
8 --> 9 
9 --> 12 10 
10 --> 11 
11 --> 9 
12 --> 13 
13 --> 14 
14 --> 15 
15 --> 16 
16 --> 17 
17 --> 18 
18 --> 19 171 
19 --> 20 
20 --> 21 
21 --> 22 
22 --> 23 
23 --> 24 
24 --> 25 
25 --> 26 
26 --> 29 27 
27 --> 28 
28 --> 26 
29 --> 30 
30 --> 31 163 
31 --> 32 
32 --> 33 
33 --> 34 131 
34 --> 35 
35 --> 36 
36 --> 37 
37 --> 38 
38 --> 39 
39 --> 40 
40 --> 41 
41 --> 42 
42 --> 43 
43 --> 44 
44 --> 45 
45 --> 65 46 
46 --> 47 
47 --> 48 
48 --> 49 
49 --> 50 
50 --> 51 
51 --> 52 
52 --> 53 
53 --> 54 
54 --> 55 
55 --> 56 
56 --> 57 
57 --> 58 
58 --> 59 
59 --> 60 
60 --> 61 
61 --> 62 
62 --> 63 
63 --> 64 
64 --> 45 
65 --> 66 
66 --> 67 
67 --> 68 
68 --> 69 
69 --> 70 
70 --> 71 
71 --> 72 
72 --> 73 
73 --> 74 
74 --> 75 
75 --> 76 
76 --> 77 
77 --> 78 
78 --> 79 
79 --> 80 
80 --> 81 
81 --> 82 
82 --> 83 
83 --> 84 
84 --> 85 
85 --> 86 
86 --> 87 
87 --> 88 
88 --> 89 
89 --> 90 
90 --> 91 
91 --> 92 
92 --> 93 
93 --> 94 
94 --> 95 
95 --> 96 
96 --> 130 97 
97 --> 98 
98 --> 99 
99 --> 100 
100 --> 101 
101 --> 102 
102 --> 103 
103 --> 104 
104 --> 105 
105 --> 106 
106 --> 107 
107 --> 108 
108 --> 109 
109 --> 110 
110 --> 111 
111 --> 112 
112 --> 113 
113 --> 114 
114 --> 115 
115 --> 116 
116 --> 117 
117 --> 118 
118 --> 119 
119 --> 120 
120 --> 121 
121 --> 122 
122 --> 123 
123 --> 124 
124 --> 125 
125 --> 126 
126 --> 127 
127 --> 128 
128 --> 129 
129 --> 66 
130 --> 131 
131 --> 132 
132 --> 133 
133 --> 134 
134 --> 135 
135 --> 136 
136 --> 137 
137 --> 138 
138 --> 139 
139 --> 140 
140 --> 141 
141 --> 142 
142 --> 143 
143 --> 144 
144 --> 145 
145 --> 146 
146 --> 147 
147 --> 148 
148 --> 149 
149 --> 150 
150 --> 151 
151 --> 152 
152 --> 153 
153 --> 154 
154 --> 155 
155 --> 156 
156 --> 157 
157 --> 158 
158 --> 159 
159 --> 160 
160 --> 161 
161 --> 162 
162 --> 30 
163 --> 164 
164 --> 167 165 
165 --> 166 
166 --> 164 
167 --> 168 
168 --> 169 
169 --> 170 
170 --> 171 
171 --> 17 

* FSM state operations: 

State 1 <SV = 0> <Delay = 1.85>
ST_1 : Operation 172 [1/1] (0.00ns)   --->   "%spectopmodule_ln0 = spectopmodule void @_ssdm_op_SpecTopModule, void @empty_19"   --->   Operation 172 'spectopmodule' 'spectopmodule_ln0' <Predicate = true> <Delay = 0.00>
ST_1 : Operation 173 [1/1] (0.00ns)   --->   "%specinterface_ln0 = specinterface void @_ssdm_op_SpecInterface, i64 %gmem0, void @empty_13, i32 0, i32 0, void @empty_25, i32 0, i32 0, void @empty_17, void @empty_10, void @empty_25, i32 16, i32 16, i32 16, i32 16, void @empty_25, void @empty_25"   --->   Operation 173 'specinterface' 'specinterface_ln0' <Predicate = true> <Delay = 0.00>
ST_1 : Operation 174 [1/1] (0.00ns)   --->   "%specbitsmap_ln0 = specbitsmap void @_ssdm_op_SpecBitsMap, i64 %gmem0"   --->   Operation 174 'specbitsmap' 'specbitsmap_ln0' <Predicate = true> <Delay = 0.00>
ST_1 : Operation 175 [1/1] (0.00ns)   --->   "%specinterface_ln0 = specinterface void @_ssdm_op_SpecInterface, i64 %gmem1, void @empty_13, i32 0, i32 0, void @empty_25, i32 0, i32 0, void @empty_9, void @empty_10, void @empty_25, i32 16, i32 16, i32 16, i32 16, void @empty_25, void @empty_25"   --->   Operation 175 'specinterface' 'specinterface_ln0' <Predicate = true> <Delay = 0.00>
ST_1 : Operation 176 [1/1] (0.00ns)   --->   "%specbitsmap_ln0 = specbitsmap void @_ssdm_op_SpecBitsMap, i64 %gmem1"   --->   Operation 176 'specbitsmap' 'specbitsmap_ln0' <Predicate = true> <Delay = 0.00>
ST_1 : Operation 177 [1/1] (0.00ns)   --->   "%specinterface_ln0 = specinterface void @_ssdm_op_SpecInterface, i64 %gmem2, void @empty_13, i32 0, i32 0, void @empty_25, i32 0, i32 0, void @empty_26, void @empty_10, void @empty_25, i32 16, i32 16, i32 16, i32 16, void @empty_25, void @empty_25"   --->   Operation 177 'specinterface' 'specinterface_ln0' <Predicate = true> <Delay = 0.00>
ST_1 : Operation 178 [1/1] (0.00ns)   --->   "%specbitsmap_ln0 = specbitsmap void @_ssdm_op_SpecBitsMap, i64 %gmem2"   --->   Operation 178 'specbitsmap' 'specbitsmap_ln0' <Predicate = true> <Delay = 0.00>
ST_1 : Operation 179 [1/1] (0.00ns)   --->   "%specinterface_ln0 = specinterface void @_ssdm_op_SpecInterface, i32 %gmem3, void @empty_13, i32 0, i32 0, void @empty_25, i32 0, i32 0, void @empty_22, void @empty_10, void @empty_25, i32 16, i32 16, i32 16, i32 16, void @empty_25, void @empty_25"   --->   Operation 179 'specinterface' 'specinterface_ln0' <Predicate = true> <Delay = 0.00>
ST_1 : Operation 180 [1/1] (0.00ns)   --->   "%specbitsmap_ln0 = specbitsmap void @_ssdm_op_SpecBitsMap, i32 %gmem3"   --->   Operation 180 'specbitsmap' 'specbitsmap_ln0' <Predicate = true> <Delay = 0.00>
ST_1 : Operation 181 [1/1] (0.00ns)   --->   "%specinterface_ln0 = specinterface void @_ssdm_op_SpecInterface, i64 %gmem4, void @empty_13, i32 0, i32 0, void @empty_25, i32 0, i32 0, void @empty_5, void @empty_10, void @empty_25, i32 16, i32 16, i32 16, i32 16, void @empty_25, void @empty_25"   --->   Operation 181 'specinterface' 'specinterface_ln0' <Predicate = true> <Delay = 0.00>
ST_1 : Operation 182 [1/1] (0.00ns)   --->   "%specbitsmap_ln0 = specbitsmap void @_ssdm_op_SpecBitsMap, i64 %gmem4"   --->   Operation 182 'specbitsmap' 'specbitsmap_ln0' <Predicate = true> <Delay = 0.00>
ST_1 : Operation 183 [1/1] (0.00ns)   --->   "%specbitsmap_ln0 = specbitsmap void @_ssdm_op_SpecBitsMap, i32 %Nparticles"   --->   Operation 183 'specbitsmap' 'specbitsmap_ln0' <Predicate = true> <Delay = 0.00>
ST_1 : Operation 184 [1/1] (0.00ns)   --->   "%specinterface_ln0 = specinterface void @_ssdm_op_SpecInterface, i32 %Nparticles, void @empty_6, i32 0, i32 0, void @empty_25, i32 0, i32 0, void @empty_4, void @empty_3, void @empty_25, i32 0, i32 0, i32 0, i32 0, void @empty_25, void @empty_25"   --->   Operation 184 'specinterface' 'specinterface_ln0' <Predicate = true> <Delay = 0.00>
ST_1 : Operation 185 [1/1] (0.00ns)   --->   "%specinterface_ln0 = specinterface void @_ssdm_op_SpecInterface, i32 %Nparticles, void @empty_2, i32 0, i32 0, void @empty_25, i32 0, i32 0, void @empty_25, void @empty_25, void @empty_25, i32 0, i32 0, i32 0, i32 0, void @empty_25, void @empty_25"   --->   Operation 185 'specinterface' 'specinterface_ln0' <Predicate = true> <Delay = 0.00>
ST_1 : Operation 186 [1/1] (0.00ns)   --->   "%specbitsmap_ln0 = specbitsmap void @_ssdm_op_SpecBitsMap, i32 %countOnes"   --->   Operation 186 'specbitsmap' 'specbitsmap_ln0' <Predicate = true> <Delay = 0.00>
ST_1 : Operation 187 [1/1] (0.00ns)   --->   "%specinterface_ln0 = specinterface void @_ssdm_op_SpecInterface, i32 %countOnes, void @empty_6, i32 0, i32 0, void @empty_25, i32 0, i32 0, void @empty_4, void @empty_1, void @empty_25, i32 0, i32 0, i32 0, i32 0, void @empty_25, void @empty_25"   --->   Operation 187 'specinterface' 'specinterface_ln0' <Predicate = true> <Delay = 0.00>
ST_1 : Operation 188 [1/1] (0.00ns)   --->   "%specinterface_ln0 = specinterface void @_ssdm_op_SpecInterface, i32 %countOnes, void @empty_2, i32 0, i32 0, void @empty_25, i32 0, i32 0, void @empty_25, void @empty_25, void @empty_25, i32 0, i32 0, i32 0, i32 0, void @empty_25, void @empty_25"   --->   Operation 188 'specinterface' 'specinterface_ln0' <Predicate = true> <Delay = 0.00>
ST_1 : Operation 189 [1/1] (0.00ns)   --->   "%specbitsmap_ln0 = specbitsmap void @_ssdm_op_SpecBitsMap, i32 %IszY"   --->   Operation 189 'specbitsmap' 'specbitsmap_ln0' <Predicate = true> <Delay = 0.00>
ST_1 : Operation 190 [1/1] (0.00ns)   --->   "%specinterface_ln0 = specinterface void @_ssdm_op_SpecInterface, i32 %IszY, void @empty_6, i32 0, i32 0, void @empty_25, i32 0, i32 0, void @empty_4, void @empty_0, void @empty_25, i32 0, i32 0, i32 0, i32 0, void @empty_25, void @empty_25"   --->   Operation 190 'specinterface' 'specinterface_ln0' <Predicate = true> <Delay = 0.00>
ST_1 : Operation 191 [1/1] (0.00ns)   --->   "%specinterface_ln0 = specinterface void @_ssdm_op_SpecInterface, i32 %IszY, void @empty_2, i32 0, i32 0, void @empty_25, i32 0, i32 0, void @empty_25, void @empty_25, void @empty_25, i32 0, i32 0, i32 0, i32 0, void @empty_25, void @empty_25"   --->   Operation 191 'specinterface' 'specinterface_ln0' <Predicate = true> <Delay = 0.00>
ST_1 : Operation 192 [1/1] (0.00ns)   --->   "%specbitsmap_ln0 = specbitsmap void @_ssdm_op_SpecBitsMap, i32 %Nfr"   --->   Operation 192 'specbitsmap' 'specbitsmap_ln0' <Predicate = true> <Delay = 0.00>
ST_1 : Operation 193 [1/1] (0.00ns)   --->   "%specinterface_ln0 = specinterface void @_ssdm_op_SpecInterface, i32 %Nfr, void @empty_6, i32 0, i32 0, void @empty_25, i32 0, i32 0, void @empty_4, void @empty, void @empty_25, i32 0, i32 0, i32 0, i32 0, void @empty_25, void @empty_25"   --->   Operation 193 'specinterface' 'specinterface_ln0' <Predicate = true> <Delay = 0.00>
ST_1 : Operation 194 [1/1] (0.00ns)   --->   "%specinterface_ln0 = specinterface void @_ssdm_op_SpecInterface, i32 %Nfr, void @empty_2, i32 0, i32 0, void @empty_25, i32 0, i32 0, void @empty_25, void @empty_25, void @empty_25, i32 0, i32 0, i32 0, i32 0, void @empty_25, void @empty_25"   --->   Operation 194 'specinterface' 'specinterface_ln0' <Predicate = true> <Delay = 0.00>
ST_1 : Operation 195 [1/1] (0.00ns)   --->   "%specbitsmap_ln0 = specbitsmap void @_ssdm_op_SpecBitsMap, i32 %k"   --->   Operation 195 'specbitsmap' 'specbitsmap_ln0' <Predicate = true> <Delay = 0.00>
ST_1 : Operation 196 [1/1] (0.00ns)   --->   "%specinterface_ln0 = specinterface void @_ssdm_op_SpecInterface, i32 %k, void @empty_6, i32 0, i32 0, void @empty_25, i32 0, i32 0, void @empty_4, void @empty_11, void @empty_25, i32 0, i32 0, i32 0, i32 0, void @empty_25, void @empty_25"   --->   Operation 196 'specinterface' 'specinterface_ln0' <Predicate = true> <Delay = 0.00>
ST_1 : Operation 197 [1/1] (0.00ns)   --->   "%specinterface_ln0 = specinterface void @_ssdm_op_SpecInterface, i32 %k, void @empty_2, i32 0, i32 0, void @empty_25, i32 0, i32 0, void @empty_25, void @empty_25, void @empty_25, i32 0, i32 0, i32 0, i32 0, void @empty_25, void @empty_25"   --->   Operation 197 'specinterface' 'specinterface_ln0' <Predicate = true> <Delay = 0.00>
ST_1 : Operation 198 [1/1] (0.00ns)   --->   "%specbitsmap_ln0 = specbitsmap void @_ssdm_op_SpecBitsMap, i64 %max_size"   --->   Operation 198 'specbitsmap' 'specbitsmap_ln0' <Predicate = true> <Delay = 0.00>
ST_1 : Operation 199 [1/1] (0.00ns)   --->   "%specinterface_ln0 = specinterface void @_ssdm_op_SpecInterface, i64 %max_size, void @empty_6, i32 0, i32 0, void @empty_25, i32 0, i32 0, void @empty_4, void @empty_18, void @empty_25, i32 0, i32 0, i32 0, i32 0, void @empty_25, void @empty_25"   --->   Operation 199 'specinterface' 'specinterface_ln0' <Predicate = true> <Delay = 0.00>
ST_1 : Operation 200 [1/1] (0.00ns)   --->   "%specinterface_ln0 = specinterface void @_ssdm_op_SpecInterface, i64 %max_size, void @empty_2, i32 0, i32 0, void @empty_25, i32 0, i32 0, void @empty_25, void @empty_25, void @empty_25, i32 0, i32 0, i32 0, i32 0, void @empty_25, void @empty_25"   --->   Operation 200 'specinterface' 'specinterface_ln0' <Predicate = true> <Delay = 0.00>
ST_1 : Operation 201 [1/1] (0.00ns)   --->   "%specinterface_ln0 = specinterface void @_ssdm_op_SpecInterface, i64 %arrayX, void @empty_6, i32 0, i32 0, void @empty_25, i32 0, i32 0, void @empty_4, void @empty_12, void @empty_25, i32 0, i32 0, i32 0, i32 0, void @empty_25, void @empty_24"   --->   Operation 201 'specinterface' 'specinterface_ln0' <Predicate = true> <Delay = 0.00>
ST_1 : Operation 202 [1/1] (0.00ns)   --->   "%specinterface_ln0 = specinterface void @_ssdm_op_SpecInterface, i64 %arrayX, void @empty_2, i32 0, i32 0, void @empty_25, i32 0, i32 0, void @empty_25, void @empty_25, void @empty_25, i32 0, i32 0, i32 0, i32 0, void @empty_25, void @empty_24"   --->   Operation 202 'specinterface' 'specinterface_ln0' <Predicate = true> <Delay = 0.00>
ST_1 : Operation 203 [1/1] (0.00ns)   --->   "%specinterface_ln0 = specinterface void @_ssdm_op_SpecInterface, i64 %arrayY, void @empty_6, i32 0, i32 0, void @empty_25, i32 0, i32 0, void @empty_4, void @empty_23, void @empty_25, i32 0, i32 0, i32 0, i32 0, void @empty_25, void @empty_24"   --->   Operation 203 'specinterface' 'specinterface_ln0' <Predicate = true> <Delay = 0.00>
ST_1 : Operation 204 [1/1] (0.00ns)   --->   "%specinterface_ln0 = specinterface void @_ssdm_op_SpecInterface, i64 %arrayY, void @empty_2, i32 0, i32 0, void @empty_25, i32 0, i32 0, void @empty_25, void @empty_25, void @empty_25, i32 0, i32 0, i32 0, i32 0, void @empty_25, void @empty_24"   --->   Operation 204 'specinterface' 'specinterface_ln0' <Predicate = true> <Delay = 0.00>
ST_1 : Operation 205 [1/1] (0.00ns)   --->   "%specinterface_ln0 = specinterface void @_ssdm_op_SpecInterface, i64 %objxy, void @empty_6, i32 0, i32 0, void @empty_25, i32 0, i32 0, void @empty_4, void @empty_29, void @empty_25, i32 0, i32 0, i32 0, i32 0, void @empty_25, void @empty_24"   --->   Operation 205 'specinterface' 'specinterface_ln0' <Predicate = true> <Delay = 0.00>
ST_1 : Operation 206 [1/1] (0.00ns)   --->   "%specinterface_ln0 = specinterface void @_ssdm_op_SpecInterface, i64 %objxy, void @empty_2, i32 0, i32 0, void @empty_25, i32 0, i32 0, void @empty_25, void @empty_25, void @empty_25, i32 0, i32 0, i32 0, i32 0, void @empty_25, void @empty_24"   --->   Operation 206 'specinterface' 'specinterface_ln0' <Predicate = true> <Delay = 0.00>
ST_1 : Operation 207 [1/1] (0.00ns)   --->   "%specinterface_ln0 = specinterface void @_ssdm_op_SpecInterface, i64 %I, void @empty_6, i32 0, i32 0, void @empty_25, i32 0, i32 0, void @empty_4, void @empty_21, void @empty_25, i32 0, i32 0, i32 0, i32 0, void @empty_25, void @empty_24"   --->   Operation 207 'specinterface' 'specinterface_ln0' <Predicate = true> <Delay = 0.00>
ST_1 : Operation 208 [1/1] (0.00ns)   --->   "%specinterface_ln0 = specinterface void @_ssdm_op_SpecInterface, i64 %I, void @empty_2, i32 0, i32 0, void @empty_25, i32 0, i32 0, void @empty_25, void @empty_25, void @empty_25, i32 0, i32 0, i32 0, i32 0, void @empty_25, void @empty_24"   --->   Operation 208 'specinterface' 'specinterface_ln0' <Predicate = true> <Delay = 0.00>
ST_1 : Operation 209 [1/1] (0.00ns)   --->   "%specinterface_ln0 = specinterface void @_ssdm_op_SpecInterface, i64 %likelihood, void @empty_6, i32 0, i32 0, void @empty_25, i32 0, i32 0, void @empty_4, void @empty_20, void @empty_25, i32 0, i32 0, i32 0, i32 0, void @empty_25, void @empty_24"   --->   Operation 209 'specinterface' 'specinterface_ln0' <Predicate = true> <Delay = 0.00>
ST_1 : Operation 210 [1/1] (0.00ns)   --->   "%specinterface_ln0 = specinterface void @_ssdm_op_SpecInterface, i64 %likelihood, void @empty_2, i32 0, i32 0, void @empty_25, i32 0, i32 0, void @empty_25, void @empty_25, void @empty_25, i32 0, i32 0, i32 0, i32 0, void @empty_25, void @empty_24"   --->   Operation 210 'specinterface' 'specinterface_ln0' <Predicate = true> <Delay = 0.00>
ST_1 : Operation 211 [1/1] (0.00ns)   --->   "%specinterface_ln0 = specinterface void @_ssdm_op_SpecInterface, i32 0, void @empty_6, i32 0, i32 0, void @empty_25, i32 0, i32 0, void @empty_4, void @empty_25, void @empty_25, i32 0, i32 0, i32 0, i32 0, void @empty_25, void @empty_25"   --->   Operation 211 'specinterface' 'specinterface_ln0' <Predicate = true> <Delay = 0.00>
ST_1 : Operation 212 [1/1] (1.00ns)   --->   "%likelihood_read = read i64 @_ssdm_op_Read.s_axilite.i64, i64 %likelihood"   --->   Operation 212 'read' 'likelihood_read' <Predicate = true> <Delay = 1.00> <CoreInst = "s_axilite">   --->   Core 122 's_axilite' <Latency = 0> <II = 1> <Delay = 1.00> <Adapter> <Opcode : 'read' 'write'>
ST_1 : Operation 213 [1/1] (1.00ns)   --->   "%I_read = read i64 @_ssdm_op_Read.s_axilite.i64, i64 %I"   --->   Operation 213 'read' 'I_read' <Predicate = true> <Delay = 1.00> <CoreInst = "s_axilite">   --->   Core 122 's_axilite' <Latency = 0> <II = 1> <Delay = 1.00> <Adapter> <Opcode : 'read' 'write'>
ST_1 : Operation 214 [1/1] (1.00ns)   --->   "%objxy_read = read i64 @_ssdm_op_Read.s_axilite.i64, i64 %objxy"   --->   Operation 214 'read' 'objxy_read' <Predicate = true> <Delay = 1.00> <CoreInst = "s_axilite">   --->   Core 122 's_axilite' <Latency = 0> <II = 1> <Delay = 1.00> <Adapter> <Opcode : 'read' 'write'>
ST_1 : Operation 215 [1/1] (1.00ns)   --->   "%arrayY_read = read i64 @_ssdm_op_Read.s_axilite.i64, i64 %arrayY"   --->   Operation 215 'read' 'arrayY_read' <Predicate = true> <Delay = 1.00> <CoreInst = "s_axilite">   --->   Core 122 's_axilite' <Latency = 0> <II = 1> <Delay = 1.00> <Adapter> <Opcode : 'read' 'write'>
ST_1 : Operation 216 [1/1] (1.00ns)   --->   "%arrayX_read = read i64 @_ssdm_op_Read.s_axilite.i64, i64 %arrayX"   --->   Operation 216 'read' 'arrayX_read' <Predicate = true> <Delay = 1.00> <CoreInst = "s_axilite">   --->   Core 122 's_axilite' <Latency = 0> <II = 1> <Delay = 1.00> <Adapter> <Opcode : 'read' 'write'>
ST_1 : Operation 217 [1/1] (1.00ns)   --->   "%max_size_read = read i64 @_ssdm_op_Read.s_axilite.i64, i64 %max_size"   --->   Operation 217 'read' 'max_size_read' <Predicate = true> <Delay = 1.00> <CoreInst = "s_axilite">   --->   Core 122 's_axilite' <Latency = 0> <II = 1> <Delay = 1.00> <Adapter> <Opcode : 'read' 'write'>
ST_1 : Operation 218 [1/1] (1.00ns)   --->   "%k_read = read i32 @_ssdm_op_Read.s_axilite.i32, i32 %k"   --->   Operation 218 'read' 'k_read' <Predicate = true> <Delay = 1.00> <CoreInst = "s_axilite">   --->   Core 122 's_axilite' <Latency = 0> <II = 1> <Delay = 1.00> <Adapter> <Opcode : 'read' 'write'>
ST_1 : Operation 219 [1/1] (1.00ns)   --->   "%Nfr_read = read i32 @_ssdm_op_Read.s_axilite.i32, i32 %Nfr"   --->   Operation 219 'read' 'Nfr_read' <Predicate = true> <Delay = 1.00> <CoreInst = "s_axilite">   --->   Core 122 's_axilite' <Latency = 0> <II = 1> <Delay = 1.00> <Adapter> <Opcode : 'read' 'write'>
ST_1 : Operation 220 [1/1] (1.00ns)   --->   "%IszY_read = read i32 @_ssdm_op_Read.s_axilite.i32, i32 %IszY"   --->   Operation 220 'read' 'IszY_read' <Predicate = true> <Delay = 1.00> <CoreInst = "s_axilite">   --->   Core 122 's_axilite' <Latency = 0> <II = 1> <Delay = 1.00> <Adapter> <Opcode : 'read' 'write'>
ST_1 : Operation 221 [1/1] (1.00ns)   --->   "%countOnes_read = read i32 @_ssdm_op_Read.s_axilite.i32, i32 %countOnes"   --->   Operation 221 'read' 'countOnes_read' <Predicate = true> <Delay = 1.00> <CoreInst = "s_axilite">   --->   Core 122 's_axilite' <Latency = 0> <II = 1> <Delay = 1.00> <Adapter> <Opcode : 'read' 'write'>
ST_1 : Operation 222 [1/1] (1.00ns)   --->   "%Nparticles_read = read i32 @_ssdm_op_Read.s_axilite.i32, i32 %Nparticles"   --->   Operation 222 'read' 'Nparticles_read' <Predicate = true> <Delay = 1.00> <CoreInst = "s_axilite">   --->   Core 122 's_axilite' <Latency = 0> <II = 1> <Delay = 1.00> <Adapter> <Opcode : 'read' 'write'>
ST_1 : Operation 223 [1/1] (1.20ns)   --->   "%buffer_likelihood = alloca i64 1"   --->   Operation 223 'alloca' 'buffer_likelihood' <Predicate = true> <Delay = 1.20> <CoreInst = "RAM">   --->   Core 83 'RAM' <Latency = 1> <II = 1> <Delay = 1.20> <Storage> <Opcode : 'load' 'store'> <Ports = 2> <Width = 64> <Depth = 100> <RAM>
ST_1 : Operation 224 [1/1] (1.20ns)   --->   "%buffer_objxy = alloca i64 1" [likelihood_kernel.cpp:141]   --->   Operation 224 'alloca' 'buffer_objxy' <Predicate = true> <Delay = 1.20> <CoreInst = "RAM_1WnR">   --->   Core 84 'RAM_1WnR' <Latency = 1> <II = 1> <Delay = 1.20> <Storage> <Opcode : 'load' 'store'> <Ports = 17> <Width = 64> <Depth = 800> <RAM>
ST_1 : Operation 225 [1/1] (1.20ns)   --->   "%buffer_X = alloca i64 1" [likelihood_kernel.cpp:142]   --->   Operation 225 'alloca' 'buffer_X' <Predicate = true> <Delay = 1.20> <CoreInst = "RAM">   --->   Core 83 'RAM' <Latency = 1> <II = 1> <Delay = 1.20> <Storage> <Opcode : 'load' 'store'> <Ports = 2> <Width = 64> <Depth = 100> <RAM>
ST_1 : Operation 226 [1/1] (1.20ns)   --->   "%buffer_Y = alloca i64 1" [likelihood_kernel.cpp:143]   --->   Operation 226 'alloca' 'buffer_Y' <Predicate = true> <Delay = 1.20> <CoreInst = "RAM">   --->   Core 83 'RAM' <Latency = 1> <II = 1> <Delay = 1.20> <Storage> <Opcode : 'load' 'store'> <Ports = 2> <Width = 64> <Depth = 100> <RAM>
ST_1 : Operation 227 [1/1] (1.24ns)   --->   "%ind_buffer = alloca i64 1" [likelihood_kernel.cpp:145]   --->   Operation 227 'alloca' 'ind_buffer' <Predicate = true> <Delay = 1.24> <CoreInst = "RAM">   --->   Core 83 'RAM' <Latency = 1> <II = 1> <Delay = 1.24> <Storage> <Opcode : 'load' 'store'> <Ports = 2> <Width = 32> <Depth = 40000> <RAM>
ST_1 : Operation 228 [1/1] (0.00ns)   --->   "%empty = trunc i32 %countOnes_read"   --->   Operation 228 'trunc' 'empty' <Predicate = true> <Delay = 0.00>
ST_1 : Operation 229 [1/1] (0.00ns)   --->   "%empty_37 = shl i32 %countOnes_read, i32 1"   --->   Operation 229 'shl' 'empty_37' <Predicate = true> <Delay = 0.00>
ST_1 : Operation 230 [1/1] (0.85ns)   --->   "%icmp_ln20 = icmp_sgt  i32 %empty_37, i32 0" [likelihood_kernel.cpp:20]   --->   Operation 230 'icmp' 'icmp_ln20' <Predicate = true> <Delay = 0.85> <CoreInst = "Cmp">   --->   Core 9 'Cmp' <Latency = 0> <II = 1> <Delay = 0.85> <FuncUnit> <Opcode : 'icmp'> <InPorts = 2> <OutPorts = 1>
ST_1 : Operation 231 [1/1] (0.00ns)   --->   "%br_ln20 = br i1 %icmp_ln20, void %_Z10load_objxyPKdPdi.exit, void %.lr.ph66" [likelihood_kernel.cpp:20]   --->   Operation 231 'br' 'br_ln20' <Predicate = true> <Delay = 0.00>
ST_1 : Operation 232 [1/1] (0.00ns)   --->   "%trunc_ln = partselect i61 @_ssdm_op_PartSelect.i61.i64.i32.i32, i64 %objxy_read, i32 3, i32 63" [likelihood_kernel.cpp:20]   --->   Operation 232 'partselect' 'trunc_ln' <Predicate = (icmp_ln20)> <Delay = 0.00>

State 2 <SV = 1> <Delay = 2.43>
ST_2 : Operation 233 [1/1] (0.00ns)   --->   "%sext_ln20 = sext i61 %trunc_ln" [likelihood_kernel.cpp:20]   --->   Operation 233 'sext' 'sext_ln20' <Predicate = true> <Delay = 0.00>
ST_2 : Operation 234 [1/1] (0.00ns)   --->   "%gmem2_addr = getelementptr i64 %gmem2, i64 %sext_ln20" [likelihood_kernel.cpp:20]   --->   Operation 234 'getelementptr' 'gmem2_addr' <Predicate = true> <Delay = 0.00>
ST_2 : Operation 235 [7/7] (2.43ns)   --->   "%empty_38 = readreq i1 @_ssdm_op_ReadReq.m_axi.p1i64, i64 %gmem2_addr, i32 %empty_37" [likelihood_kernel.cpp:20]   --->   Operation 235 'readreq' 'empty_38' <Predicate = true> <Delay = 2.43> <CoreInst = "m_axi">   --->   Core 121 'm_axi' <Latency = 6> <II = 1> <Delay = 1.00> <Adapter> <Opcode : 'read' 'write' 'readreq' 'writereq' 'writeresp'>

State 3 <SV = 2> <Delay = 2.43>
ST_3 : Operation 236 [6/7] (2.43ns)   --->   "%empty_38 = readreq i1 @_ssdm_op_ReadReq.m_axi.p1i64, i64 %gmem2_addr, i32 %empty_37" [likelihood_kernel.cpp:20]   --->   Operation 236 'readreq' 'empty_38' <Predicate = true> <Delay = 2.43> <CoreInst = "m_axi">   --->   Core 121 'm_axi' <Latency = 6> <II = 1> <Delay = 1.00> <Adapter> <Opcode : 'read' 'write' 'readreq' 'writereq' 'writeresp'>

State 4 <SV = 3> <Delay = 2.43>
ST_4 : Operation 237 [5/7] (2.43ns)   --->   "%empty_38 = readreq i1 @_ssdm_op_ReadReq.m_axi.p1i64, i64 %gmem2_addr, i32 %empty_37" [likelihood_kernel.cpp:20]   --->   Operation 237 'readreq' 'empty_38' <Predicate = true> <Delay = 2.43> <CoreInst = "m_axi">   --->   Core 121 'm_axi' <Latency = 6> <II = 1> <Delay = 1.00> <Adapter> <Opcode : 'read' 'write' 'readreq' 'writereq' 'writeresp'>

State 5 <SV = 4> <Delay = 2.43>
ST_5 : Operation 238 [4/7] (2.43ns)   --->   "%empty_38 = readreq i1 @_ssdm_op_ReadReq.m_axi.p1i64, i64 %gmem2_addr, i32 %empty_37" [likelihood_kernel.cpp:20]   --->   Operation 238 'readreq' 'empty_38' <Predicate = true> <Delay = 2.43> <CoreInst = "m_axi">   --->   Core 121 'm_axi' <Latency = 6> <II = 1> <Delay = 1.00> <Adapter> <Opcode : 'read' 'write' 'readreq' 'writereq' 'writeresp'>

State 6 <SV = 5> <Delay = 2.43>
ST_6 : Operation 239 [3/7] (2.43ns)   --->   "%empty_38 = readreq i1 @_ssdm_op_ReadReq.m_axi.p1i64, i64 %gmem2_addr, i32 %empty_37" [likelihood_kernel.cpp:20]   --->   Operation 239 'readreq' 'empty_38' <Predicate = true> <Delay = 2.43> <CoreInst = "m_axi">   --->   Core 121 'm_axi' <Latency = 6> <II = 1> <Delay = 1.00> <Adapter> <Opcode : 'read' 'write' 'readreq' 'writereq' 'writeresp'>

State 7 <SV = 6> <Delay = 2.43>
ST_7 : Operation 240 [2/7] (2.43ns)   --->   "%empty_38 = readreq i1 @_ssdm_op_ReadReq.m_axi.p1i64, i64 %gmem2_addr, i32 %empty_37" [likelihood_kernel.cpp:20]   --->   Operation 240 'readreq' 'empty_38' <Predicate = true> <Delay = 2.43> <CoreInst = "m_axi">   --->   Core 121 'm_axi' <Latency = 6> <II = 1> <Delay = 1.00> <Adapter> <Opcode : 'read' 'write' 'readreq' 'writereq' 'writeresp'>

State 8 <SV = 7> <Delay = 2.43>
ST_8 : Operation 241 [1/1] (0.00ns)   --->   "%trunc_ln20_1 = bitconcatenate i31 @_ssdm_op_BitConcatenate.i31.i30.i1, i30 %empty, i1 0" [likelihood_kernel.cpp:20]   --->   Operation 241 'bitconcatenate' 'trunc_ln20_1' <Predicate = true> <Delay = 0.00>
ST_8 : Operation 242 [1/7] (2.43ns)   --->   "%empty_38 = readreq i1 @_ssdm_op_ReadReq.m_axi.p1i64, i64 %gmem2_addr, i32 %empty_37" [likelihood_kernel.cpp:20]   --->   Operation 242 'readreq' 'empty_38' <Predicate = true> <Delay = 2.43> <CoreInst = "m_axi">   --->   Core 121 'm_axi' <Latency = 6> <II = 1> <Delay = 1.00> <Adapter> <Opcode : 'read' 'write' 'readreq' 'writereq' 'writeresp'>
ST_8 : Operation 243 [1/1] (0.38ns)   --->   "%br_ln20 = br void" [likelihood_kernel.cpp:20]   --->   Operation 243 'br' 'br_ln20' <Predicate = true> <Delay = 0.38>

State 9 <SV = 8> <Delay = 0.84>
ST_9 : Operation 244 [1/1] (0.00ns)   --->   "%i = phi i10 0, void %.lr.ph66, i10 %add_ln20, void %.split15" [likelihood_kernel.cpp:20]   --->   Operation 244 'phi' 'i' <Predicate = true> <Delay = 0.00>
ST_9 : Operation 245 [1/1] (0.72ns)   --->   "%add_ln20 = add i10 %i, i10 1" [likelihood_kernel.cpp:20]   --->   Operation 245 'add' 'add_ln20' <Predicate = true> <Delay = 0.72> <CoreInst = "Adder">   --->   Core 1 'Adder' <Latency = 0> <II = 1> <Delay = 0.88> <FuncUnit> <Opcode : 'add' 'sub'> <InPorts = 2> <OutPorts = 1>
ST_9 : Operation 246 [1/1] (0.00ns)   --->   "%zext_ln20_1 = zext i10 %i" [likelihood_kernel.cpp:20]   --->   Operation 246 'zext' 'zext_ln20_1' <Predicate = true> <Delay = 0.00>
ST_9 : Operation 247 [1/1] (0.84ns)   --->   "%icmp_ln20_1 = icmp_eq  i31 %zext_ln20_1, i31 %trunc_ln20_1" [likelihood_kernel.cpp:20]   --->   Operation 247 'icmp' 'icmp_ln20_1' <Predicate = true> <Delay = 0.84> <CoreInst = "Cmp">   --->   Core 9 'Cmp' <Latency = 0> <II = 1> <Delay = 0.85> <FuncUnit> <Opcode : 'icmp'> <InPorts = 2> <OutPorts = 1>
ST_9 : Operation 248 [1/1] (0.00ns)   --->   "%br_ln20 = br i1 %icmp_ln20_1, void %.split15, void %_Z10load_objxyPKdPdi.exit.loopexit" [likelihood_kernel.cpp:20]   --->   Operation 248 'br' 'br_ln20' <Predicate = true> <Delay = 0.00>

State 10 <SV = 9> <Delay = 2.43>
ST_10 : Operation 249 [1/1] (2.43ns)   --->   "%gmem2_addr_read = read i64 @_ssdm_op_Read.m_axi.p1i64, i64 %gmem2_addr" [likelihood_kernel.cpp:23]   --->   Operation 249 'read' 'gmem2_addr_read' <Predicate = (!icmp_ln20_1)> <Delay = 2.43> <CoreInst = "m_axi">   --->   Core 121 'm_axi' <Latency = 6> <II = 1> <Delay = 1.00> <Adapter> <Opcode : 'read' 'write' 'readreq' 'writereq' 'writeresp'>

State 11 <SV = 10> <Delay = 1.20>
ST_11 : Operation 250 [1/1] (0.00ns)   --->   "%zext_ln20 = zext i10 %i" [likelihood_kernel.cpp:20]   --->   Operation 250 'zext' 'zext_ln20' <Predicate = (!icmp_ln20_1)> <Delay = 0.00>
ST_11 : Operation 251 [1/1] (0.00ns)   --->   "%specpipeline_ln20 = specpipeline void @_ssdm_op_SpecPipeline, i32 1, i32 0, i32 0, i32 0, void @empty_25" [likelihood_kernel.cpp:20]   --->   Operation 251 'specpipeline' 'specpipeline_ln20' <Predicate = (!icmp_ln20_1)> <Delay = 0.00>
ST_11 : Operation 252 [1/1] (0.00ns)   --->   "%speclooptripcount_ln20 = speclooptripcount void @_ssdm_op_SpecLoopTripCount, i64 800, i64 800, i64 800" [likelihood_kernel.cpp:20]   --->   Operation 252 'speclooptripcount' 'speclooptripcount_ln20' <Predicate = (!icmp_ln20_1)> <Delay = 0.00>
ST_11 : Operation 253 [1/1] (0.00ns)   --->   "%specloopname_ln20 = specloopname void @_ssdm_op_SpecLoopName, void @empty_28" [likelihood_kernel.cpp:20]   --->   Operation 253 'specloopname' 'specloopname_ln20' <Predicate = (!icmp_ln20_1)> <Delay = 0.00>
ST_11 : Operation 254 [1/1] (0.00ns)   --->   "%bitcast_ln23 = bitcast i64 %gmem2_addr_read" [likelihood_kernel.cpp:23]   --->   Operation 254 'bitcast' 'bitcast_ln23' <Predicate = (!icmp_ln20_1)> <Delay = 0.00>
ST_11 : Operation 255 [1/1] (0.00ns)   --->   "%buffer_objxy_addr = getelementptr i64 %buffer_objxy, i64 0, i64 %zext_ln20" [likelihood_kernel.cpp:23]   --->   Operation 255 'getelementptr' 'buffer_objxy_addr' <Predicate = (!icmp_ln20_1)> <Delay = 0.00>
ST_11 : Operation 256 [1/1] (1.20ns)   --->   "%store_ln23 = store i64 %bitcast_ln23, i10 %buffer_objxy_addr" [likelihood_kernel.cpp:23]   --->   Operation 256 'store' 'store_ln23' <Predicate = (!icmp_ln20_1)> <Delay = 1.20> <CoreInst = "RAM_1WnR">   --->   Core 84 'RAM_1WnR' <Latency = 1> <II = 1> <Delay = 1.20> <Storage> <Opcode : 'load' 'store'> <Ports = 17> <Width = 64> <Depth = 800> <RAM>
ST_11 : Operation 257 [1/1] (0.00ns)   --->   "%br_ln0 = br void"   --->   Operation 257 'br' 'br_ln0' <Predicate = (!icmp_ln20_1)> <Delay = 0.00>

State 12 <SV = 9> <Delay = 2.21>
ST_12 : Operation 258 [1/1] (0.00ns)   --->   "%br_ln0 = br void %_Z10load_objxyPKdPdi.exit"   --->   Operation 258 'br' 'br_ln0' <Predicate = (icmp_ln20)> <Delay = 0.00>
ST_12 : Operation 259 [5/5] (2.21ns)   --->   "%conv57_i = sitodp i32 %countOnes_read"   --->   Operation 259 'sitodp' 'conv57_i' <Predicate = true> <Delay = 2.21> <CoreInst = "Int2Double">   --->   Core 66 'Int2Double' <Latency = 4> <II = 1> <Delay = 2.21> <FuncUnit> <Opcode : 'sitodp' 'uitodp'> <InPorts = 1> <OutPorts = 1>

State 13 <SV = 10> <Delay = 2.21>
ST_13 : Operation 260 [4/5] (2.21ns)   --->   "%conv57_i = sitodp i32 %countOnes_read"   --->   Operation 260 'sitodp' 'conv57_i' <Predicate = true> <Delay = 2.21> <CoreInst = "Int2Double">   --->   Core 66 'Int2Double' <Latency = 4> <II = 1> <Delay = 2.21> <FuncUnit> <Opcode : 'sitodp' 'uitodp'> <InPorts = 1> <OutPorts = 1>

State 14 <SV = 11> <Delay = 2.21>
ST_14 : Operation 261 [3/5] (2.21ns)   --->   "%conv57_i = sitodp i32 %countOnes_read"   --->   Operation 261 'sitodp' 'conv57_i' <Predicate = true> <Delay = 2.21> <CoreInst = "Int2Double">   --->   Core 66 'Int2Double' <Latency = 4> <II = 1> <Delay = 2.21> <FuncUnit> <Opcode : 'sitodp' 'uitodp'> <InPorts = 1> <OutPorts = 1>

State 15 <SV = 12> <Delay = 2.21>
ST_15 : Operation 262 [2/5] (2.21ns)   --->   "%conv57_i = sitodp i32 %countOnes_read"   --->   Operation 262 'sitodp' 'conv57_i' <Predicate = true> <Delay = 2.21> <CoreInst = "Int2Double">   --->   Core 66 'Int2Double' <Latency = 4> <II = 1> <Delay = 2.21> <FuncUnit> <Opcode : 'sitodp' 'uitodp'> <InPorts = 1> <OutPorts = 1>

State 16 <SV = 13> <Delay = 2.21>
ST_16 : Operation 263 [1/5] (2.21ns)   --->   "%conv57_i = sitodp i32 %countOnes_read"   --->   Operation 263 'sitodp' 'conv57_i' <Predicate = true> <Delay = 2.21> <CoreInst = "Int2Double">   --->   Core 66 'Int2Double' <Latency = 4> <II = 1> <Delay = 2.21> <FuncUnit> <Opcode : 'sitodp' 'uitodp'> <InPorts = 1> <OutPorts = 1>
ST_16 : Operation 264 [1/1] (0.85ns)   --->   "%cmp1_i42 = icmp_sgt  i32 %countOnes_read, i32 0"   --->   Operation 264 'icmp' 'cmp1_i42' <Predicate = true> <Delay = 0.85> <CoreInst = "Cmp">   --->   Core 9 'Cmp' <Latency = 0> <II = 1> <Delay = 0.85> <FuncUnit> <Opcode : 'icmp'> <InPorts = 2> <OutPorts = 1>
ST_16 : Operation 265 [1/1] (0.00ns)   --->   "%empty_39 = trunc i32 %countOnes_read"   --->   Operation 265 'trunc' 'empty_39' <Predicate = true> <Delay = 0.00>
ST_16 : Operation 266 [1/1] (0.00ns)   --->   "%sext_ln163 = sext i32 %Nparticles_read" [likelihood_kernel.cpp:163]   --->   Operation 266 'sext' 'sext_ln163' <Predicate = true> <Delay = 0.00>
ST_16 : Operation 267 [1/1] (0.38ns)   --->   "%br_ln163 = br void" [likelihood_kernel.cpp:163]   --->   Operation 267 'br' 'br_ln163' <Predicate = true> <Delay = 0.38>

State 17 <SV = 14> <Delay = 2.21>
ST_17 : Operation 268 [1/1] (0.00ns)   --->   "%base = phi i64 0, void %_Z10load_objxyPKdPdi.exit, i64 %add_ln168_3, void %._Z16store_likelihoodPdPKdii.exit_crit_edge" [likelihood_kernel.cpp:168]   --->   Operation 268 'phi' 'base' <Predicate = true> <Delay = 0.00>
ST_17 : Operation 269 [1/1] (0.00ns)   --->   "%phi_mul = phi i64 0, void %_Z10load_objxyPKdPdi.exit, i64 %add_ln163, void %._Z16store_likelihoodPdPKdii.exit_crit_edge" [likelihood_kernel.cpp:163]   --->   Operation 269 'phi' 'phi_mul' <Predicate = true> <Delay = 0.00>
ST_17 : Operation 270 [1/1] (1.14ns)   --->   "%add_ln163 = add i64 %phi_mul, i64 800" [likelihood_kernel.cpp:163]   --->   Operation 270 'add' 'add_ln163' <Predicate = true> <Delay = 1.14> <CoreInst = "Adder">   --->   Core 1 'Adder' <Latency = 0> <II = 1> <Delay = 0.88> <FuncUnit> <Opcode : 'add' 'sub'> <InPorts = 2> <OutPorts = 1>
ST_17 : Operation 271 [1/1] (1.06ns)   --->   "%icmp_ln163 = icmp_slt  i64 %base, i64 %sext_ln163" [likelihood_kernel.cpp:163]   --->   Operation 271 'icmp' 'icmp_ln163' <Predicate = true> <Delay = 1.06> <CoreInst = "Cmp">   --->   Core 9 'Cmp' <Latency = 0> <II = 1> <Delay = 0.85> <FuncUnit> <Opcode : 'icmp'> <InPorts = 2> <OutPorts = 1>
ST_17 : Operation 272 [1/1] (0.00ns)   --->   "%br_ln163 = br i1 %icmp_ln163, void %._crit_edge62.loopexit, void %.split13" [likelihood_kernel.cpp:163]   --->   Operation 272 'br' 'br_ln163' <Predicate = true> <Delay = 0.00>
ST_17 : Operation 273 [1/1] (1.14ns)   --->   "%add_ln168_3 = add i64 %base, i64 100" [likelihood_kernel.cpp:168]   --->   Operation 273 'add' 'add_ln168_3' <Predicate = (icmp_ln163)> <Delay = 1.14> <CoreInst = "Adder">   --->   Core 1 'Adder' <Latency = 0> <II = 1> <Delay = 0.88> <FuncUnit> <Opcode : 'add' 'sub'> <InPorts = 2> <OutPorts = 1>
ST_17 : Operation 274 [1/1] (1.14ns)   --->   "%add_ln168 = add i64 %phi_mul, i64 %likelihood_read" [likelihood_kernel.cpp:168]   --->   Operation 274 'add' 'add_ln168' <Predicate = (icmp_ln163)> <Delay = 1.14> <CoreInst = "Adder">   --->   Core 1 'Adder' <Latency = 0> <II = 1> <Delay = 0.88> <FuncUnit> <Opcode : 'add' 'sub'> <InPorts = 2> <OutPorts = 1>
ST_17 : Operation 275 [1/1] (1.14ns)   --->   "%add_ln168_1 = add i64 %phi_mul, i64 %arrayX_read" [likelihood_kernel.cpp:168]   --->   Operation 275 'add' 'add_ln168_1' <Predicate = (icmp_ln163)> <Delay = 1.14> <CoreInst = "Adder">   --->   Core 1 'Adder' <Latency = 0> <II = 1> <Delay = 0.88> <FuncUnit> <Opcode : 'add' 'sub'> <InPorts = 2> <OutPorts = 1>
ST_17 : Operation 276 [1/1] (1.14ns)   --->   "%add_ln168_2 = add i64 %phi_mul, i64 %arrayY_read" [likelihood_kernel.cpp:168]   --->   Operation 276 'add' 'add_ln168_2' <Predicate = (icmp_ln163)> <Delay = 1.14> <CoreInst = "Adder">   --->   Core 1 'Adder' <Latency = 0> <II = 1> <Delay = 0.88> <FuncUnit> <Opcode : 'add' 'sub'> <InPorts = 2> <OutPorts = 1>
ST_17 : Operation 277 [1/1] (1.06ns)   --->   "%icmp_ln168 = icmp_sgt  i64 %add_ln168_3, i64 %sext_ln163" [likelihood_kernel.cpp:168]   --->   Operation 277 'icmp' 'icmp_ln168' <Predicate = (icmp_ln163)> <Delay = 1.06> <CoreInst = "Cmp">   --->   Core 9 'Cmp' <Latency = 0> <II = 1> <Delay = 0.85> <FuncUnit> <Opcode : 'icmp'> <InPorts = 2> <OutPorts = 1>
ST_17 : Operation 278 [1/1] (0.00ns)   --->   "%trunc_ln169 = trunc i64 %base" [likelihood_kernel.cpp:169]   --->   Operation 278 'trunc' 'trunc_ln169' <Predicate = (icmp_ln163)> <Delay = 0.00>
ST_17 : Operation 279 [1/1] (0.88ns)   --->   "%sub_ln168 = sub i32 %Nparticles_read, i32 %trunc_ln169" [likelihood_kernel.cpp:168]   --->   Operation 279 'sub' 'sub_ln168' <Predicate = (icmp_ln163)> <Delay = 0.88> <CoreInst = "Adder">   --->   Core 1 'Adder' <Latency = 0> <II = 1> <Delay = 0.88> <FuncUnit> <Opcode : 'add' 'sub'> <InPorts = 2> <OutPorts = 1>
ST_17 : Operation 280 [1/1] (0.00ns)   --->   "%ret_ln178 = ret" [likelihood_kernel.cpp:178]   --->   Operation 280 'ret' 'ret_ln178' <Predicate = (!icmp_ln163)> <Delay = 0.00>

State 18 <SV = 15> <Delay = 1.08>
ST_18 : Operation 281 [1/1] (0.00ns)   --->   "%specpipeline_ln163 = specpipeline void @_ssdm_op_SpecPipeline, i32 1, i32 0, i32 0, i32 0, void @empty_25" [likelihood_kernel.cpp:163]   --->   Operation 281 'specpipeline' 'specpipeline_ln163' <Predicate = true> <Delay = 0.00>
ST_18 : Operation 282 [1/1] (0.00ns)   --->   "%speclooptripcount_ln163 = speclooptripcount void @_ssdm_op_SpecLoopTripCount, i64 20, i64 20, i64 20" [likelihood_kernel.cpp:163]   --->   Operation 282 'speclooptripcount' 'speclooptripcount_ln163' <Predicate = true> <Delay = 0.00>
ST_18 : Operation 283 [1/1] (0.00ns)   --->   "%specloopname_ln163 = specloopname void @_ssdm_op_SpecLoopName, void @empty_7" [likelihood_kernel.cpp:163]   --->   Operation 283 'specloopname' 'specloopname_ln163' <Predicate = true> <Delay = 0.00>
ST_18 : Operation 284 [1/1] (0.22ns)   --->   "%tileSize = select i1 %icmp_ln168, i32 %sub_ln168, i32 100" [likelihood_kernel.cpp:168]   --->   Operation 284 'select' 'tileSize' <Predicate = true> <Delay = 0.22> <CoreInst = "Sel">   --->   Core 73 'Sel' <Latency = 0> <II = 1> <Delay = 0.22> <FuncUnit> <Opcode : 'select'> <InPorts = 3> <OutPorts = 1>
ST_18 : Operation 285 [1/1] (0.85ns)   --->   "%icmp_ln37 = icmp_sgt  i32 %tileSize, i32 0" [likelihood_kernel.cpp:37]   --->   Operation 285 'icmp' 'icmp_ln37' <Predicate = true> <Delay = 0.85> <CoreInst = "Cmp">   --->   Core 9 'Cmp' <Latency = 0> <II = 1> <Delay = 0.85> <FuncUnit> <Opcode : 'icmp'> <InPorts = 2> <OutPorts = 1>
ST_18 : Operation 286 [1/1] (0.00ns)   --->   "%br_ln37 = br i1 %icmp_ln37, void %._Z16store_likelihoodPdPKdii.exit_crit_edge, void %.lr.ph" [likelihood_kernel.cpp:37]   --->   Operation 286 'br' 'br_ln37' <Predicate = true> <Delay = 0.00>
ST_18 : Operation 287 [1/1] (0.00ns)   --->   "%trunc_ln2 = partselect i61 @_ssdm_op_PartSelect.i61.i64.i32.i32, i64 %add_ln168_1, i32 3, i32 63" [likelihood_kernel.cpp:37]   --->   Operation 287 'partselect' 'trunc_ln2' <Predicate = (icmp_ln37)> <Delay = 0.00>
ST_18 : Operation 288 [1/1] (0.00ns)   --->   "%trunc_ln37_1 = partselect i61 @_ssdm_op_PartSelect.i61.i64.i32.i32, i64 %add_ln168_2, i32 3, i32 63" [likelihood_kernel.cpp:37]   --->   Operation 288 'partselect' 'trunc_ln37_1' <Predicate = (icmp_ln37)> <Delay = 0.00>

State 19 <SV = 16> <Delay = 2.43>
ST_19 : Operation 289 [1/1] (0.00ns)   --->   "%sext_ln37 = sext i61 %trunc_ln2" [likelihood_kernel.cpp:37]   --->   Operation 289 'sext' 'sext_ln37' <Predicate = true> <Delay = 0.00>
ST_19 : Operation 290 [1/1] (0.00ns)   --->   "%gmem0_addr = getelementptr i64 %gmem0, i64 %sext_ln37" [likelihood_kernel.cpp:37]   --->   Operation 290 'getelementptr' 'gmem0_addr' <Predicate = true> <Delay = 0.00>
ST_19 : Operation 291 [7/7] (2.43ns)   --->   "%empty_40 = readreq i1 @_ssdm_op_ReadReq.m_axi.p1i64, i64 %gmem0_addr, i32 %tileSize" [likelihood_kernel.cpp:37]   --->   Operation 291 'readreq' 'empty_40' <Predicate = true> <Delay = 2.43> <CoreInst = "m_axi">   --->   Core 121 'm_axi' <Latency = 6> <II = 1> <Delay = 1.00> <Adapter> <Opcode : 'read' 'write' 'readreq' 'writereq' 'writeresp'>
ST_19 : Operation 292 [1/1] (0.00ns)   --->   "%sext_ln37_1 = sext i61 %trunc_ln37_1" [likelihood_kernel.cpp:37]   --->   Operation 292 'sext' 'sext_ln37_1' <Predicate = true> <Delay = 0.00>
ST_19 : Operation 293 [1/1] (0.00ns)   --->   "%gmem1_addr = getelementptr i64 %gmem1, i64 %sext_ln37_1" [likelihood_kernel.cpp:37]   --->   Operation 293 'getelementptr' 'gmem1_addr' <Predicate = true> <Delay = 0.00>
ST_19 : Operation 294 [7/7] (2.43ns)   --->   "%empty_41 = readreq i1 @_ssdm_op_ReadReq.m_axi.p1i64, i64 %gmem1_addr, i32 %tileSize" [likelihood_kernel.cpp:37]   --->   Operation 294 'readreq' 'empty_41' <Predicate = true> <Delay = 2.43> <CoreInst = "m_axi">   --->   Core 121 'm_axi' <Latency = 6> <II = 1> <Delay = 1.00> <Adapter> <Opcode : 'read' 'write' 'readreq' 'writereq' 'writeresp'>

State 20 <SV = 17> <Delay = 2.43>
ST_20 : Operation 295 [6/7] (2.43ns)   --->   "%empty_40 = readreq i1 @_ssdm_op_ReadReq.m_axi.p1i64, i64 %gmem0_addr, i32 %tileSize" [likelihood_kernel.cpp:37]   --->   Operation 295 'readreq' 'empty_40' <Predicate = true> <Delay = 2.43> <CoreInst = "m_axi">   --->   Core 121 'm_axi' <Latency = 6> <II = 1> <Delay = 1.00> <Adapter> <Opcode : 'read' 'write' 'readreq' 'writereq' 'writeresp'>
ST_20 : Operation 296 [6/7] (2.43ns)   --->   "%empty_41 = readreq i1 @_ssdm_op_ReadReq.m_axi.p1i64, i64 %gmem1_addr, i32 %tileSize" [likelihood_kernel.cpp:37]   --->   Operation 296 'readreq' 'empty_41' <Predicate = true> <Delay = 2.43> <CoreInst = "m_axi">   --->   Core 121 'm_axi' <Latency = 6> <II = 1> <Delay = 1.00> <Adapter> <Opcode : 'read' 'write' 'readreq' 'writereq' 'writeresp'>

State 21 <SV = 18> <Delay = 2.43>
ST_21 : Operation 297 [5/7] (2.43ns)   --->   "%empty_40 = readreq i1 @_ssdm_op_ReadReq.m_axi.p1i64, i64 %gmem0_addr, i32 %tileSize" [likelihood_kernel.cpp:37]   --->   Operation 297 'readreq' 'empty_40' <Predicate = true> <Delay = 2.43> <CoreInst = "m_axi">   --->   Core 121 'm_axi' <Latency = 6> <II = 1> <Delay = 1.00> <Adapter> <Opcode : 'read' 'write' 'readreq' 'writereq' 'writeresp'>
ST_21 : Operation 298 [5/7] (2.43ns)   --->   "%empty_41 = readreq i1 @_ssdm_op_ReadReq.m_axi.p1i64, i64 %gmem1_addr, i32 %tileSize" [likelihood_kernel.cpp:37]   --->   Operation 298 'readreq' 'empty_41' <Predicate = true> <Delay = 2.43> <CoreInst = "m_axi">   --->   Core 121 'm_axi' <Latency = 6> <II = 1> <Delay = 1.00> <Adapter> <Opcode : 'read' 'write' 'readreq' 'writereq' 'writeresp'>

State 22 <SV = 19> <Delay = 2.43>
ST_22 : Operation 299 [4/7] (2.43ns)   --->   "%empty_40 = readreq i1 @_ssdm_op_ReadReq.m_axi.p1i64, i64 %gmem0_addr, i32 %tileSize" [likelihood_kernel.cpp:37]   --->   Operation 299 'readreq' 'empty_40' <Predicate = true> <Delay = 2.43> <CoreInst = "m_axi">   --->   Core 121 'm_axi' <Latency = 6> <II = 1> <Delay = 1.00> <Adapter> <Opcode : 'read' 'write' 'readreq' 'writereq' 'writeresp'>
ST_22 : Operation 300 [4/7] (2.43ns)   --->   "%empty_41 = readreq i1 @_ssdm_op_ReadReq.m_axi.p1i64, i64 %gmem1_addr, i32 %tileSize" [likelihood_kernel.cpp:37]   --->   Operation 300 'readreq' 'empty_41' <Predicate = true> <Delay = 2.43> <CoreInst = "m_axi">   --->   Core 121 'm_axi' <Latency = 6> <II = 1> <Delay = 1.00> <Adapter> <Opcode : 'read' 'write' 'readreq' 'writereq' 'writeresp'>

State 23 <SV = 20> <Delay = 2.43>
ST_23 : Operation 301 [3/7] (2.43ns)   --->   "%empty_40 = readreq i1 @_ssdm_op_ReadReq.m_axi.p1i64, i64 %gmem0_addr, i32 %tileSize" [likelihood_kernel.cpp:37]   --->   Operation 301 'readreq' 'empty_40' <Predicate = true> <Delay = 2.43> <CoreInst = "m_axi">   --->   Core 121 'm_axi' <Latency = 6> <II = 1> <Delay = 1.00> <Adapter> <Opcode : 'read' 'write' 'readreq' 'writereq' 'writeresp'>
ST_23 : Operation 302 [3/7] (2.43ns)   --->   "%empty_41 = readreq i1 @_ssdm_op_ReadReq.m_axi.p1i64, i64 %gmem1_addr, i32 %tileSize" [likelihood_kernel.cpp:37]   --->   Operation 302 'readreq' 'empty_41' <Predicate = true> <Delay = 2.43> <CoreInst = "m_axi">   --->   Core 121 'm_axi' <Latency = 6> <II = 1> <Delay = 1.00> <Adapter> <Opcode : 'read' 'write' 'readreq' 'writereq' 'writeresp'>

State 24 <SV = 21> <Delay = 2.43>
ST_24 : Operation 303 [2/7] (2.43ns)   --->   "%empty_40 = readreq i1 @_ssdm_op_ReadReq.m_axi.p1i64, i64 %gmem0_addr, i32 %tileSize" [likelihood_kernel.cpp:37]   --->   Operation 303 'readreq' 'empty_40' <Predicate = true> <Delay = 2.43> <CoreInst = "m_axi">   --->   Core 121 'm_axi' <Latency = 6> <II = 1> <Delay = 1.00> <Adapter> <Opcode : 'read' 'write' 'readreq' 'writereq' 'writeresp'>
ST_24 : Operation 304 [2/7] (2.43ns)   --->   "%empty_41 = readreq i1 @_ssdm_op_ReadReq.m_axi.p1i64, i64 %gmem1_addr, i32 %tileSize" [likelihood_kernel.cpp:37]   --->   Operation 304 'readreq' 'empty_41' <Predicate = true> <Delay = 2.43> <CoreInst = "m_axi">   --->   Core 121 'm_axi' <Latency = 6> <II = 1> <Delay = 1.00> <Adapter> <Opcode : 'read' 'write' 'readreq' 'writereq' 'writeresp'>

State 25 <SV = 22> <Delay = 2.43>
ST_25 : Operation 305 [1/1] (0.00ns)   --->   "%trunc_ln37 = trunc i32 %tileSize" [likelihood_kernel.cpp:37]   --->   Operation 305 'trunc' 'trunc_ln37' <Predicate = true> <Delay = 0.00>
ST_25 : Operation 306 [1/7] (2.43ns)   --->   "%empty_40 = readreq i1 @_ssdm_op_ReadReq.m_axi.p1i64, i64 %gmem0_addr, i32 %tileSize" [likelihood_kernel.cpp:37]   --->   Operation 306 'readreq' 'empty_40' <Predicate = true> <Delay = 2.43> <CoreInst = "m_axi">   --->   Core 121 'm_axi' <Latency = 6> <II = 1> <Delay = 1.00> <Adapter> <Opcode : 'read' 'write' 'readreq' 'writereq' 'writeresp'>
ST_25 : Operation 307 [1/7] (2.43ns)   --->   "%empty_41 = readreq i1 @_ssdm_op_ReadReq.m_axi.p1i64, i64 %gmem1_addr, i32 %tileSize" [likelihood_kernel.cpp:37]   --->   Operation 307 'readreq' 'empty_41' <Predicate = true> <Delay = 2.43> <CoreInst = "m_axi">   --->   Core 121 'm_axi' <Latency = 6> <II = 1> <Delay = 1.00> <Adapter> <Opcode : 'read' 'write' 'readreq' 'writereq' 'writeresp'>
ST_25 : Operation 308 [1/1] (0.38ns)   --->   "%br_ln37 = br void" [likelihood_kernel.cpp:37]   --->   Operation 308 'br' 'br_ln37' <Predicate = true> <Delay = 0.38>

State 26 <SV = 23> <Delay = 0.84>
ST_26 : Operation 309 [1/1] (0.00ns)   --->   "%x = phi i7 0, void %.lr.ph, i7 %add_ln37, void %.split" [likelihood_kernel.cpp:37]   --->   Operation 309 'phi' 'x' <Predicate = true> <Delay = 0.00>
ST_26 : Operation 310 [1/1] (0.70ns)   --->   "%add_ln37 = add i7 %x, i7 1" [likelihood_kernel.cpp:37]   --->   Operation 310 'add' 'add_ln37' <Predicate = true> <Delay = 0.70> <CoreInst = "Adder">   --->   Core 1 'Adder' <Latency = 0> <II = 1> <Delay = 0.88> <FuncUnit> <Opcode : 'add' 'sub'> <InPorts = 2> <OutPorts = 1>
ST_26 : Operation 311 [1/1] (0.00ns)   --->   "%zext_ln37_1 = zext i7 %x" [likelihood_kernel.cpp:37]   --->   Operation 311 'zext' 'zext_ln37_1' <Predicate = true> <Delay = 0.00>
ST_26 : Operation 312 [1/1] (0.84ns)   --->   "%icmp_ln37_1 = icmp_eq  i31 %zext_ln37_1, i31 %trunc_ln37" [likelihood_kernel.cpp:37]   --->   Operation 312 'icmp' 'icmp_ln37_1' <Predicate = true> <Delay = 0.84> <CoreInst = "Cmp">   --->   Core 9 'Cmp' <Latency = 0> <II = 1> <Delay = 0.85> <FuncUnit> <Opcode : 'icmp'> <InPorts = 2> <OutPorts = 1>
ST_26 : Operation 313 [1/1] (0.00ns)   --->   "%br_ln37 = br i1 %icmp_ln37_1, void %.split, void %.lr.ph52.preheader" [likelihood_kernel.cpp:37]   --->   Operation 313 'br' 'br_ln37' <Predicate = true> <Delay = 0.00>

State 27 <SV = 24> <Delay = 2.43>
ST_27 : Operation 314 [1/1] (2.43ns)   --->   "%gmem0_addr_read = read i64 @_ssdm_op_Read.m_axi.p1i64, i64 %gmem0_addr" [likelihood_kernel.cpp:40]   --->   Operation 314 'read' 'gmem0_addr_read' <Predicate = (!icmp_ln37_1)> <Delay = 2.43> <CoreInst = "m_axi">   --->   Core 121 'm_axi' <Latency = 6> <II = 1> <Delay = 1.00> <Adapter> <Opcode : 'read' 'write' 'readreq' 'writereq' 'writeresp'>
ST_27 : Operation 315 [1/1] (2.43ns)   --->   "%gmem1_addr_read = read i64 @_ssdm_op_Read.m_axi.p1i64, i64 %gmem1_addr" [likelihood_kernel.cpp:41]   --->   Operation 315 'read' 'gmem1_addr_read' <Predicate = (!icmp_ln37_1)> <Delay = 2.43> <CoreInst = "m_axi">   --->   Core 121 'm_axi' <Latency = 6> <II = 1> <Delay = 1.00> <Adapter> <Opcode : 'read' 'write' 'readreq' 'writereq' 'writeresp'>

State 28 <SV = 25> <Delay = 1.20>
ST_28 : Operation 316 [1/1] (0.00ns)   --->   "%zext_ln37 = zext i7 %x" [likelihood_kernel.cpp:37]   --->   Operation 316 'zext' 'zext_ln37' <Predicate = (!icmp_ln37_1)> <Delay = 0.00>
ST_28 : Operation 317 [1/1] (0.00ns)   --->   "%specpipeline_ln37 = specpipeline void @_ssdm_op_SpecPipeline, i32 1, i32 0, i32 0, i32 0, void @empty_25" [likelihood_kernel.cpp:37]   --->   Operation 317 'specpipeline' 'specpipeline_ln37' <Predicate = (!icmp_ln37_1)> <Delay = 0.00>
ST_28 : Operation 318 [1/1] (0.00ns)   --->   "%speclooptripcount_ln37 = speclooptripcount void @_ssdm_op_SpecLoopTripCount, i64 100, i64 100, i64 100" [likelihood_kernel.cpp:37]   --->   Operation 318 'speclooptripcount' 'speclooptripcount_ln37' <Predicate = (!icmp_ln37_1)> <Delay = 0.00>
ST_28 : Operation 319 [1/1] (0.00ns)   --->   "%specloopname_ln37 = specloopname void @_ssdm_op_SpecLoopName, void @empty_27" [likelihood_kernel.cpp:37]   --->   Operation 319 'specloopname' 'specloopname_ln37' <Predicate = (!icmp_ln37_1)> <Delay = 0.00>
ST_28 : Operation 320 [1/1] (0.00ns)   --->   "%bitcast_ln40 = bitcast i64 %gmem0_addr_read" [likelihood_kernel.cpp:40]   --->   Operation 320 'bitcast' 'bitcast_ln40' <Predicate = (!icmp_ln37_1)> <Delay = 0.00>
ST_28 : Operation 321 [1/1] (0.00ns)   --->   "%buffer_X_addr = getelementptr i64 %buffer_X, i64 0, i64 %zext_ln37" [likelihood_kernel.cpp:40]   --->   Operation 321 'getelementptr' 'buffer_X_addr' <Predicate = (!icmp_ln37_1)> <Delay = 0.00>
ST_28 : Operation 322 [1/1] (1.20ns)   --->   "%store_ln40 = store i64 %bitcast_ln40, i7 %buffer_X_addr" [likelihood_kernel.cpp:40]   --->   Operation 322 'store' 'store_ln40' <Predicate = (!icmp_ln37_1)> <Delay = 1.20> <CoreInst = "RAM">   --->   Core 83 'RAM' <Latency = 1> <II = 1> <Delay = 1.20> <Storage> <Opcode : 'load' 'store'> <Ports = 2> <Width = 64> <Depth = 100> <RAM>
ST_28 : Operation 323 [1/1] (0.00ns)   --->   "%bitcast_ln41 = bitcast i64 %gmem1_addr_read" [likelihood_kernel.cpp:41]   --->   Operation 323 'bitcast' 'bitcast_ln41' <Predicate = (!icmp_ln37_1)> <Delay = 0.00>
ST_28 : Operation 324 [1/1] (0.00ns)   --->   "%buffer_Y_addr = getelementptr i64 %buffer_Y, i64 0, i64 %zext_ln37" [likelihood_kernel.cpp:41]   --->   Operation 324 'getelementptr' 'buffer_Y_addr' <Predicate = (!icmp_ln37_1)> <Delay = 0.00>
ST_28 : Operation 325 [1/1] (1.20ns)   --->   "%store_ln41 = store i64 %bitcast_ln41, i7 %buffer_Y_addr" [likelihood_kernel.cpp:41]   --->   Operation 325 'store' 'store_ln41' <Predicate = (!icmp_ln37_1)> <Delay = 1.20> <CoreInst = "RAM">   --->   Core 83 'RAM' <Latency = 1> <II = 1> <Delay = 1.20> <Storage> <Opcode : 'load' 'store'> <Ports = 2> <Width = 64> <Depth = 100> <RAM>
ST_28 : Operation 326 [1/1] (0.00ns)   --->   "%br_ln0 = br void"   --->   Operation 326 'br' 'br_ln0' <Predicate = (!icmp_ln37_1)> <Delay = 0.00>

State 29 <SV = 24> <Delay = 0.38>
ST_29 : Operation 327 [1/1] (0.38ns)   --->   "%br_ln63 = br void %.lr.ph52" [likelihood_kernel.cpp:63]   --->   Operation 327 'br' 'br_ln63' <Predicate = true> <Delay = 0.38>

State 30 <SV = 25> <Delay = 0.84>
ST_30 : Operation 328 [1/1] (0.00ns)   --->   "%x_1 = phi i7 %add_ln63, void %._crit_edge49, i7 0, void %.lr.ph52.preheader" [likelihood_kernel.cpp:63]   --->   Operation 328 'phi' 'x_1' <Predicate = true> <Delay = 0.00>
ST_30 : Operation 329 [1/1] (0.70ns)   --->   "%add_ln63 = add i7 %x_1, i7 1" [likelihood_kernel.cpp:63]   --->   Operation 329 'add' 'add_ln63' <Predicate = true> <Delay = 0.70> <CoreInst = "Adder">   --->   Core 1 'Adder' <Latency = 0> <II = 1> <Delay = 0.88> <FuncUnit> <Opcode : 'add' 'sub'> <InPorts = 2> <OutPorts = 1>
ST_30 : Operation 330 [1/1] (0.00ns)   --->   "%zext_ln63_1 = zext i7 %x_1" [likelihood_kernel.cpp:63]   --->   Operation 330 'zext' 'zext_ln63_1' <Predicate = true> <Delay = 0.00>
ST_30 : Operation 331 [1/1] (0.84ns)   --->   "%icmp_ln63 = icmp_eq  i31 %zext_ln63_1, i31 %trunc_ln37" [likelihood_kernel.cpp:63]   --->   Operation 331 'icmp' 'icmp_ln63' <Predicate = true> <Delay = 0.84> <CoreInst = "Cmp">   --->   Core 9 'Cmp' <Latency = 0> <II = 1> <Delay = 0.85> <FuncUnit> <Opcode : 'icmp'> <InPorts = 2> <OutPorts = 1>
ST_30 : Operation 332 [1/1] (0.00ns)   --->   "%br_ln63 = br i1 %icmp_ln63, void %.split9, void %.lr.ph55" [likelihood_kernel.cpp:63]   --->   Operation 332 'br' 'br_ln63' <Predicate = true> <Delay = 0.00>
ST_30 : Operation 333 [1/1] (0.00ns)   --->   "%x_1_cast2 = zext i7 %x_1" [likelihood_kernel.cpp:63]   --->   Operation 333 'zext' 'x_1_cast2' <Predicate = (!icmp_ln63)> <Delay = 0.00>
ST_30 : Operation 334 [4/4] (0.53ns) (root node of the DSP)   --->   "%empty_42 = mul i16 %x_1_cast2, i16 %empty_39" [likelihood_kernel.cpp:63]   --->   Operation 334 'mul' 'empty_42' <Predicate = (!icmp_ln63)> <Delay = 0.53> <CoreInst = "DSP48">   --->   Core 127 'DSP48' <Latency = 3> <II = 1> <Delay = 0.53> <IPBlock> <Opcode : 'mul' 'add' 'sub' 'select'> <InPorts = 0> <OutPorts = 1> <Sync> <CReg>
ST_30 : Operation 335 [1/1] (0.00ns)   --->   "%trunc_ln3 = partselect i61 @_ssdm_op_PartSelect.i61.i64.i32.i32, i64 %add_ln168, i32 3, i32 63" [likelihood_kernel.cpp:102]   --->   Operation 335 'partselect' 'trunc_ln3' <Predicate = (icmp_ln63)> <Delay = 0.00>

State 31 <SV = 26> <Delay = 0.53>
ST_31 : Operation 336 [3/4] (0.53ns) (root node of the DSP)   --->   "%empty_42 = mul i16 %x_1_cast2, i16 %empty_39" [likelihood_kernel.cpp:63]   --->   Operation 336 'mul' 'empty_42' <Predicate = true> <Delay = 0.53> <CoreInst = "DSP48">   --->   Core 127 'DSP48' <Latency = 3> <II = 1> <Delay = 0.53> <IPBlock> <Opcode : 'mul' 'add' 'sub' 'select'> <InPorts = 0> <OutPorts = 1> <Sync> <CReg>

State 32 <SV = 27> <Delay = 0.53>
ST_32 : Operation 337 [2/4] (0.53ns) (root node of the DSP)   --->   "%empty_42 = mul i16 %x_1_cast2, i16 %empty_39" [likelihood_kernel.cpp:63]   --->   Operation 337 'mul' 'empty_42' <Predicate = true> <Delay = 0.53> <CoreInst = "DSP48">   --->   Core 127 'DSP48' <Latency = 3> <II = 1> <Delay = 0.53> <IPBlock> <Opcode : 'mul' 'add' 'sub' 'select'> <InPorts = 0> <OutPorts = 1> <Sync> <CReg>

State 33 <SV = 28> <Delay = 1.20>
ST_33 : Operation 338 [1/1] (0.00ns)   --->   "%zext_ln63 = zext i7 %x_1" [likelihood_kernel.cpp:63]   --->   Operation 338 'zext' 'zext_ln63' <Predicate = true> <Delay = 0.00>
ST_33 : Operation 339 [1/1] (0.00ns)   --->   "%specpipeline_ln63 = specpipeline void @_ssdm_op_SpecPipeline, i32 1, i32 0, i32 0, i32 0, void @empty_25" [likelihood_kernel.cpp:63]   --->   Operation 339 'specpipeline' 'specpipeline_ln63' <Predicate = true> <Delay = 0.00>
ST_33 : Operation 340 [1/1] (0.00ns)   --->   "%speclooptripcount_ln63 = speclooptripcount void @_ssdm_op_SpecLoopTripCount, i64 100, i64 100, i64 100" [likelihood_kernel.cpp:63]   --->   Operation 340 'speclooptripcount' 'speclooptripcount_ln63' <Predicate = true> <Delay = 0.00>
ST_33 : Operation 341 [1/1] (0.00ns)   --->   "%specloopname_ln63 = specloopname void @_ssdm_op_SpecLoopName, void @empty_15" [likelihood_kernel.cpp:63]   --->   Operation 341 'specloopname' 'specloopname_ln63' <Predicate = true> <Delay = 0.00>
ST_33 : Operation 342 [1/1] (0.00ns)   --->   "%buffer_X_addr_1 = getelementptr i64 %buffer_X, i64 0, i64 %zext_ln63" [likelihood_kernel.cpp:63]   --->   Operation 342 'getelementptr' 'buffer_X_addr_1' <Predicate = true> <Delay = 0.00>
ST_33 : Operation 343 [1/1] (0.00ns)   --->   "%buffer_Y_addr_1 = getelementptr i64 %buffer_Y, i64 0, i64 %zext_ln63" [likelihood_kernel.cpp:63]   --->   Operation 343 'getelementptr' 'buffer_Y_addr_1' <Predicate = true> <Delay = 0.00>
ST_33 : Operation 344 [1/4] (0.00ns) (root node of the DSP)   --->   "%empty_42 = mul i16 %x_1_cast2, i16 %empty_39" [likelihood_kernel.cpp:63]   --->   Operation 344 'mul' 'empty_42' <Predicate = true> <Delay = 0.00> <CoreInst = "DSP48">   --->   Core 127 'DSP48' <Latency = 3> <II = 1> <Delay = 0.53> <IPBlock> <Opcode : 'mul' 'add' 'sub' 'select'> <InPorts = 0> <OutPorts = 1> <Sync> <CReg>
ST_33 : Operation 345 [1/1] (0.38ns)   --->   "%br_ln67 = br i1 %cmp1_i42, void %._crit_edge49, void %.lr.ph44" [likelihood_kernel.cpp:67]   --->   Operation 345 'br' 'br_ln67' <Predicate = true> <Delay = 0.38>
ST_33 : Operation 346 [2/2] (1.20ns)   --->   "%buffer_X_load = load i7 %buffer_X_addr_1" [likelihood_kernel.cpp:63]   --->   Operation 346 'load' 'buffer_X_load' <Predicate = (cmp1_i42)> <Delay = 1.20> <CoreInst = "RAM">   --->   Core 83 'RAM' <Latency = 1> <II = 1> <Delay = 1.20> <Storage> <Opcode : 'load' 'store'> <Ports = 2> <Width = 64> <Depth = 100> <RAM>
ST_33 : Operation 347 [2/2] (1.20ns)   --->   "%buffer_Y_load = load i7 %buffer_Y_addr_1" [likelihood_kernel.cpp:63]   --->   Operation 347 'load' 'buffer_Y_load' <Predicate = (cmp1_i42)> <Delay = 1.20> <CoreInst = "RAM">   --->   Core 83 'RAM' <Latency = 1> <II = 1> <Delay = 1.20> <Storage> <Opcode : 'load' 'store'> <Ports = 2> <Width = 64> <Depth = 100> <RAM>

State 34 <SV = 29> <Delay = 1.20>
ST_34 : Operation 348 [1/2] (1.20ns)   --->   "%buffer_X_load = load i7 %buffer_X_addr_1" [likelihood_kernel.cpp:63]   --->   Operation 348 'load' 'buffer_X_load' <Predicate = true> <Delay = 1.20> <CoreInst = "RAM">   --->   Core 83 'RAM' <Latency = 1> <II = 1> <Delay = 1.20> <Storage> <Opcode : 'load' 'store'> <Ports = 2> <Width = 64> <Depth = 100> <RAM>
ST_34 : Operation 349 [1/2] (1.20ns)   --->   "%buffer_Y_load = load i7 %buffer_Y_addr_1" [likelihood_kernel.cpp:63]   --->   Operation 349 'load' 'buffer_Y_load' <Predicate = true> <Delay = 1.20> <CoreInst = "RAM">   --->   Core 83 'RAM' <Latency = 1> <II = 1> <Delay = 1.20> <Storage> <Opcode : 'load' 'store'> <Ports = 2> <Width = 64> <Depth = 100> <RAM>

State 35 <SV = 30> <Delay = 1.90>
ST_35 : Operation 350 [8/8] (1.90ns)   --->   "%dc = dadd i64 %buffer_X_load, i64 0.5" [likelihood_kernel.cpp:11->likelihood_kernel.cpp:70]   --->   Operation 350 'dadd' 'dc' <Predicate = true> <Delay = 1.90> <CoreInst = "DAddSub_fulldsp">   --->   Core 37 'DAddSub_fulldsp' <Latency = 7> <II = 1> <Delay = 1.90> <FuncUnit> <Opcode : 'dadd' 'dsub'> <InPorts = 2> <OutPorts = 1>
ST_35 : Operation 351 [8/8] (1.90ns)   --->   "%dc_1 = dadd i64 %buffer_Y_load, i64 0.5" [likelihood_kernel.cpp:11->likelihood_kernel.cpp:71]   --->   Operation 351 'dadd' 'dc_1' <Predicate = true> <Delay = 1.90> <CoreInst = "DAddSub_fulldsp">   --->   Core 37 'DAddSub_fulldsp' <Latency = 7> <II = 1> <Delay = 1.90> <FuncUnit> <Opcode : 'dadd' 'dsub'> <InPorts = 2> <OutPorts = 1>

State 36 <SV = 31> <Delay = 1.90>
ST_36 : Operation 352 [7/8] (1.90ns)   --->   "%dc = dadd i64 %buffer_X_load, i64 0.5" [likelihood_kernel.cpp:11->likelihood_kernel.cpp:70]   --->   Operation 352 'dadd' 'dc' <Predicate = true> <Delay = 1.90> <CoreInst = "DAddSub_fulldsp">   --->   Core 37 'DAddSub_fulldsp' <Latency = 7> <II = 1> <Delay = 1.90> <FuncUnit> <Opcode : 'dadd' 'dsub'> <InPorts = 2> <OutPorts = 1>
ST_36 : Operation 353 [7/8] (1.90ns)   --->   "%dc_1 = dadd i64 %buffer_Y_load, i64 0.5" [likelihood_kernel.cpp:11->likelihood_kernel.cpp:71]   --->   Operation 353 'dadd' 'dc_1' <Predicate = true> <Delay = 1.90> <CoreInst = "DAddSub_fulldsp">   --->   Core 37 'DAddSub_fulldsp' <Latency = 7> <II = 1> <Delay = 1.90> <FuncUnit> <Opcode : 'dadd' 'dsub'> <InPorts = 2> <OutPorts = 1>

State 37 <SV = 32> <Delay = 1.90>
ST_37 : Operation 354 [6/8] (1.90ns)   --->   "%dc = dadd i64 %buffer_X_load, i64 0.5" [likelihood_kernel.cpp:11->likelihood_kernel.cpp:70]   --->   Operation 354 'dadd' 'dc' <Predicate = true> <Delay = 1.90> <CoreInst = "DAddSub_fulldsp">   --->   Core 37 'DAddSub_fulldsp' <Latency = 7> <II = 1> <Delay = 1.90> <FuncUnit> <Opcode : 'dadd' 'dsub'> <InPorts = 2> <OutPorts = 1>
ST_37 : Operation 355 [6/8] (1.90ns)   --->   "%dc_1 = dadd i64 %buffer_Y_load, i64 0.5" [likelihood_kernel.cpp:11->likelihood_kernel.cpp:71]   --->   Operation 355 'dadd' 'dc_1' <Predicate = true> <Delay = 1.90> <CoreInst = "DAddSub_fulldsp">   --->   Core 37 'DAddSub_fulldsp' <Latency = 7> <II = 1> <Delay = 1.90> <FuncUnit> <Opcode : 'dadd' 'dsub'> <InPorts = 2> <OutPorts = 1>

State 38 <SV = 33> <Delay = 1.90>
ST_38 : Operation 356 [5/8] (1.90ns)   --->   "%dc = dadd i64 %buffer_X_load, i64 0.5" [likelihood_kernel.cpp:11->likelihood_kernel.cpp:70]   --->   Operation 356 'dadd' 'dc' <Predicate = true> <Delay = 1.90> <CoreInst = "DAddSub_fulldsp">   --->   Core 37 'DAddSub_fulldsp' <Latency = 7> <II = 1> <Delay = 1.90> <FuncUnit> <Opcode : 'dadd' 'dsub'> <InPorts = 2> <OutPorts = 1>
ST_38 : Operation 357 [5/8] (1.90ns)   --->   "%dc_1 = dadd i64 %buffer_Y_load, i64 0.5" [likelihood_kernel.cpp:11->likelihood_kernel.cpp:71]   --->   Operation 357 'dadd' 'dc_1' <Predicate = true> <Delay = 1.90> <CoreInst = "DAddSub_fulldsp">   --->   Core 37 'DAddSub_fulldsp' <Latency = 7> <II = 1> <Delay = 1.90> <FuncUnit> <Opcode : 'dadd' 'dsub'> <InPorts = 2> <OutPorts = 1>

State 39 <SV = 34> <Delay = 1.90>
ST_39 : Operation 358 [4/8] (1.90ns)   --->   "%dc = dadd i64 %buffer_X_load, i64 0.5" [likelihood_kernel.cpp:11->likelihood_kernel.cpp:70]   --->   Operation 358 'dadd' 'dc' <Predicate = true> <Delay = 1.90> <CoreInst = "DAddSub_fulldsp">   --->   Core 37 'DAddSub_fulldsp' <Latency = 7> <II = 1> <Delay = 1.90> <FuncUnit> <Opcode : 'dadd' 'dsub'> <InPorts = 2> <OutPorts = 1>
ST_39 : Operation 359 [4/8] (1.90ns)   --->   "%dc_1 = dadd i64 %buffer_Y_load, i64 0.5" [likelihood_kernel.cpp:11->likelihood_kernel.cpp:71]   --->   Operation 359 'dadd' 'dc_1' <Predicate = true> <Delay = 1.90> <CoreInst = "DAddSub_fulldsp">   --->   Core 37 'DAddSub_fulldsp' <Latency = 7> <II = 1> <Delay = 1.90> <FuncUnit> <Opcode : 'dadd' 'dsub'> <InPorts = 2> <OutPorts = 1>

State 40 <SV = 35> <Delay = 1.90>
ST_40 : Operation 360 [3/8] (1.90ns)   --->   "%dc = dadd i64 %buffer_X_load, i64 0.5" [likelihood_kernel.cpp:11->likelihood_kernel.cpp:70]   --->   Operation 360 'dadd' 'dc' <Predicate = true> <Delay = 1.90> <CoreInst = "DAddSub_fulldsp">   --->   Core 37 'DAddSub_fulldsp' <Latency = 7> <II = 1> <Delay = 1.90> <FuncUnit> <Opcode : 'dadd' 'dsub'> <InPorts = 2> <OutPorts = 1>
ST_40 : Operation 361 [3/8] (1.90ns)   --->   "%dc_1 = dadd i64 %buffer_Y_load, i64 0.5" [likelihood_kernel.cpp:11->likelihood_kernel.cpp:71]   --->   Operation 361 'dadd' 'dc_1' <Predicate = true> <Delay = 1.90> <CoreInst = "DAddSub_fulldsp">   --->   Core 37 'DAddSub_fulldsp' <Latency = 7> <II = 1> <Delay = 1.90> <FuncUnit> <Opcode : 'dadd' 'dsub'> <InPorts = 2> <OutPorts = 1>

State 41 <SV = 36> <Delay = 1.90>
ST_41 : Operation 362 [2/8] (1.90ns)   --->   "%dc = dadd i64 %buffer_X_load, i64 0.5" [likelihood_kernel.cpp:11->likelihood_kernel.cpp:70]   --->   Operation 362 'dadd' 'dc' <Predicate = true> <Delay = 1.90> <CoreInst = "DAddSub_fulldsp">   --->   Core 37 'DAddSub_fulldsp' <Latency = 7> <II = 1> <Delay = 1.90> <FuncUnit> <Opcode : 'dadd' 'dsub'> <InPorts = 2> <OutPorts = 1>
ST_41 : Operation 363 [2/8] (1.90ns)   --->   "%dc_1 = dadd i64 %buffer_Y_load, i64 0.5" [likelihood_kernel.cpp:11->likelihood_kernel.cpp:71]   --->   Operation 363 'dadd' 'dc_1' <Predicate = true> <Delay = 1.90> <CoreInst = "DAddSub_fulldsp">   --->   Core 37 'DAddSub_fulldsp' <Latency = 7> <II = 1> <Delay = 1.90> <FuncUnit> <Opcode : 'dadd' 'dsub'> <InPorts = 2> <OutPorts = 1>

State 42 <SV = 37> <Delay = 1.90>
ST_42 : Operation 364 [1/8] (1.90ns)   --->   "%dc = dadd i64 %buffer_X_load, i64 0.5" [likelihood_kernel.cpp:11->likelihood_kernel.cpp:70]   --->   Operation 364 'dadd' 'dc' <Predicate = true> <Delay = 1.90> <CoreInst = "DAddSub_fulldsp">   --->   Core 37 'DAddSub_fulldsp' <Latency = 7> <II = 1> <Delay = 1.90> <FuncUnit> <Opcode : 'dadd' 'dsub'> <InPorts = 2> <OutPorts = 1>
ST_42 : Operation 365 [1/8] (1.90ns)   --->   "%dc_1 = dadd i64 %buffer_Y_load, i64 0.5" [likelihood_kernel.cpp:11->likelihood_kernel.cpp:71]   --->   Operation 365 'dadd' 'dc_1' <Predicate = true> <Delay = 1.90> <CoreInst = "DAddSub_fulldsp">   --->   Core 37 'DAddSub_fulldsp' <Latency = 7> <II = 1> <Delay = 1.90> <FuncUnit> <Opcode : 'dadd' 'dsub'> <InPorts = 2> <OutPorts = 1>

State 43 <SV = 38> <Delay = 2.16>
ST_43 : Operation 366 [1/1] (0.00ns)   --->   "%data_V = bitcast i64 %dc" [/wrk/ci/prod/2020.2/rdi_builds/continuous/2020_11_18_3064766/src/shared/hls/clib/src/hls/utils/x_hls_utils.h:483]   --->   Operation 366 'bitcast' 'data_V' <Predicate = true> <Delay = 0.00>
ST_43 : Operation 367 [1/1] (0.00ns)   --->   "%p_Result_s = bitselect i1 @_ssdm_op_BitSelect.i1.i64.i32, i64 %data_V, i32 63"   --->   Operation 367 'bitselect' 'p_Result_s' <Predicate = true> <Delay = 0.00>
ST_43 : Operation 368 [1/1] (0.00ns)   --->   "%tmp_18 = partselect i11 @_ssdm_op_PartSelect.i11.i64.i32.i32, i64 %data_V, i32 52, i32 62"   --->   Operation 368 'partselect' 'tmp_18' <Predicate = true> <Delay = 0.00>
ST_43 : Operation 369 [1/1] (0.00ns)   --->   "%tmp_19 = trunc i64 %data_V"   --->   Operation 369 'trunc' 'tmp_19' <Predicate = true> <Delay = 0.00>
ST_43 : Operation 370 [1/1] (0.00ns)   --->   "%mantissa = bitconcatenate i54 @_ssdm_op_BitConcatenate.i54.i1.i52.i1, i1 1, i52 %tmp_19, i1 0"   --->   Operation 370 'bitconcatenate' 'mantissa' <Predicate = true> <Delay = 0.00>
ST_43 : Operation 371 [1/1] (0.00ns)   --->   "%zext_ln15 = zext i54 %mantissa" [/wrk/ci/prod/2020.2/rdi_builds/continuous/2020_11_18_3064766/src/shared/hls/clib/hlsmath/include/FloatingPoint/hls_case_IEEE754.h:15]   --->   Operation 371 'zext' 'zext_ln15' <Predicate = true> <Delay = 0.00>
ST_43 : Operation 372 [1/1] (0.00ns)   --->   "%zext_ln510 = zext i11 %tmp_18" [/wrk/ci/prod/2020.2/rdi_builds/continuous/2020_11_18_3064766/src/shared/hls/clib/src/hls/utils/x_hls_utils.h:510]   --->   Operation 372 'zext' 'zext_ln510' <Predicate = true> <Delay = 0.00>
ST_43 : Operation 373 [1/1] (0.73ns)   --->   "%add_ln510 = add i12 %zext_ln510, i12 3073" [/wrk/ci/prod/2020.2/rdi_builds/continuous/2020_11_18_3064766/src/shared/hls/clib/src/hls/utils/x_hls_utils.h:510]   --->   Operation 373 'add' 'add_ln510' <Predicate = true> <Delay = 0.73> <CoreInst = "Adder">   --->   Core 1 'Adder' <Latency = 0> <II = 1> <Delay = 0.88> <FuncUnit> <Opcode : 'add' 'sub'> <InPorts = 2> <OutPorts = 1>
ST_43 : Operation 374 [1/1] (0.00ns)   --->   "%isNeg = bitselect i1 @_ssdm_op_BitSelect.i1.i12.i32, i12 %add_ln510, i32 11"   --->   Operation 374 'bitselect' 'isNeg' <Predicate = true> <Delay = 0.00>
ST_43 : Operation 375 [1/1] (0.73ns)   --->   "%sub_ln1311 = sub i11 1023, i11 %tmp_18"   --->   Operation 375 'sub' 'sub_ln1311' <Predicate = true> <Delay = 0.73> <CoreInst = "Adder">   --->   Core 1 'Adder' <Latency = 0> <II = 1> <Delay = 0.88> <FuncUnit> <Opcode : 'add' 'sub'> <InPorts = 2> <OutPorts = 1>
ST_43 : Operation 376 [1/1] (0.00ns)   --->   "%sext_ln1311 = sext i11 %sub_ln1311"   --->   Operation 376 'sext' 'sext_ln1311' <Predicate = true> <Delay = 0.00>
ST_43 : Operation 377 [1/1] (0.29ns)   --->   "%ush = select i1 %isNeg, i12 %sext_ln1311, i12 %add_ln510"   --->   Operation 377 'select' 'ush' <Predicate = true> <Delay = 0.29> <CoreInst = "Sel">   --->   Core 73 'Sel' <Latency = 0> <II = 1> <Delay = 0.22> <FuncUnit> <Opcode : 'select'> <InPorts = 3> <OutPorts = 1>
ST_43 : Operation 378 [1/1] (0.00ns)   --->   "%sh_prom_i_i_i_i_i_i_cast_cast_cast = sext i12 %ush"   --->   Operation 378 'sext' 'sh_prom_i_i_i_i_i_i_cast_cast_cast' <Predicate = true> <Delay = 0.00>
ST_43 : Operation 379 [1/1] (0.00ns)   --->   "%sh_prom_i_i_i_i_i_i_cast_cast_cast_cast = zext i32 %sh_prom_i_i_i_i_i_i_cast_cast_cast"   --->   Operation 379 'zext' 'sh_prom_i_i_i_i_i_i_cast_cast_cast_cast' <Predicate = true> <Delay = 0.00>
ST_43 : Operation 380 [1/1] (0.00ns) (grouped into LUT with out node val)   --->   "%r_V = lshr i137 %zext_ln15, i137 %sh_prom_i_i_i_i_i_i_cast_cast_cast_cast"   --->   Operation 380 'lshr' 'r_V' <Predicate = true> <Delay = 0.00> <CoreInst = "Shifter">   --->   Core 75 'Shifter' <Latency = 0> <II = 1> <Delay = 1.17> <FuncUnit> <Opcode : 'shl' 'lshr' 'ashr'> <InPorts = 2> <OutPorts = 1>
ST_43 : Operation 381 [1/1] (0.00ns) (grouped into LUT with out node val)   --->   "%r_V_1 = shl i137 %zext_ln15, i137 %sh_prom_i_i_i_i_i_i_cast_cast_cast_cast"   --->   Operation 381 'shl' 'r_V_1' <Predicate = true> <Delay = 0.00> <CoreInst = "Shifter">   --->   Core 75 'Shifter' <Latency = 0> <II = 1> <Delay = 1.17> <FuncUnit> <Opcode : 'shl' 'lshr' 'ashr'> <InPorts = 2> <OutPorts = 1>
ST_43 : Operation 382 [1/1] (0.00ns) (grouped into LUT with out node val)   --->   "%tmp = bitselect i1 @_ssdm_op_BitSelect.i1.i137.i32, i137 %r_V, i32 53"   --->   Operation 382 'bitselect' 'tmp' <Predicate = true> <Delay = 0.00>
ST_43 : Operation 383 [1/1] (0.00ns) (grouped into LUT with out node val)   --->   "%zext_ln662 = zext i1 %tmp"   --->   Operation 383 'zext' 'zext_ln662' <Predicate = true> <Delay = 0.00>
ST_43 : Operation 384 [1/1] (0.00ns) (grouped into LUT with out node val)   --->   "%tmp_9 = partselect i32 @_ssdm_op_PartSelect.i32.i137.i32.i32, i137 %r_V_1, i32 53, i32 84"   --->   Operation 384 'partselect' 'tmp_9' <Predicate = true> <Delay = 0.00>
ST_43 : Operation 385 [1/1] (1.12ns) (out node of the LUT)   --->   "%val = select i1 %isNeg, i32 %zext_ln662, i32 %tmp_9"   --->   Operation 385 'select' 'val' <Predicate = true> <Delay = 1.12> <CoreInst = "Sel">   --->   Core 73 'Sel' <Latency = 0> <II = 1> <Delay = 0.22> <FuncUnit> <Opcode : 'select'> <InPorts = 3> <OutPorts = 1>
ST_43 : Operation 386 [1/1] (0.00ns)   --->   "%data_V_1 = bitcast i64 %dc_1" [/wrk/ci/prod/2020.2/rdi_builds/continuous/2020_11_18_3064766/src/shared/hls/clib/src/hls/utils/x_hls_utils.h:483]   --->   Operation 386 'bitcast' 'data_V_1' <Predicate = true> <Delay = 0.00>
ST_43 : Operation 387 [1/1] (0.00ns)   --->   "%p_Result_1 = bitselect i1 @_ssdm_op_BitSelect.i1.i64.i32, i64 %data_V_1, i32 63"   --->   Operation 387 'bitselect' 'p_Result_1' <Predicate = true> <Delay = 0.00>
ST_43 : Operation 388 [1/1] (0.00ns)   --->   "%tmp_20 = partselect i11 @_ssdm_op_PartSelect.i11.i64.i32.i32, i64 %data_V_1, i32 52, i32 62"   --->   Operation 388 'partselect' 'tmp_20' <Predicate = true> <Delay = 0.00>
ST_43 : Operation 389 [1/1] (0.00ns)   --->   "%tmp_21 = trunc i64 %data_V_1"   --->   Operation 389 'trunc' 'tmp_21' <Predicate = true> <Delay = 0.00>
ST_43 : Operation 390 [1/1] (0.00ns)   --->   "%mantissa_1 = bitconcatenate i54 @_ssdm_op_BitConcatenate.i54.i1.i52.i1, i1 1, i52 %tmp_21, i1 0"   --->   Operation 390 'bitconcatenate' 'mantissa_1' <Predicate = true> <Delay = 0.00>
ST_43 : Operation 391 [1/1] (0.00ns)   --->   "%zext_ln15_1 = zext i54 %mantissa_1" [/wrk/ci/prod/2020.2/rdi_builds/continuous/2020_11_18_3064766/src/shared/hls/clib/hlsmath/include/FloatingPoint/hls_case_IEEE754.h:15]   --->   Operation 391 'zext' 'zext_ln15_1' <Predicate = true> <Delay = 0.00>
ST_43 : Operation 392 [1/1] (0.00ns)   --->   "%zext_ln510_1 = zext i11 %tmp_20" [/wrk/ci/prod/2020.2/rdi_builds/continuous/2020_11_18_3064766/src/shared/hls/clib/src/hls/utils/x_hls_utils.h:510]   --->   Operation 392 'zext' 'zext_ln510_1' <Predicate = true> <Delay = 0.00>
ST_43 : Operation 393 [1/1] (0.73ns)   --->   "%add_ln510_1 = add i12 %zext_ln510_1, i12 3073" [/wrk/ci/prod/2020.2/rdi_builds/continuous/2020_11_18_3064766/src/shared/hls/clib/src/hls/utils/x_hls_utils.h:510]   --->   Operation 393 'add' 'add_ln510_1' <Predicate = true> <Delay = 0.73> <CoreInst = "Adder">   --->   Core 1 'Adder' <Latency = 0> <II = 1> <Delay = 0.88> <FuncUnit> <Opcode : 'add' 'sub'> <InPorts = 2> <OutPorts = 1>
ST_43 : Operation 394 [1/1] (0.00ns)   --->   "%isNeg_1 = bitselect i1 @_ssdm_op_BitSelect.i1.i12.i32, i12 %add_ln510_1, i32 11"   --->   Operation 394 'bitselect' 'isNeg_1' <Predicate = true> <Delay = 0.00>
ST_43 : Operation 395 [1/1] (0.73ns)   --->   "%sub_ln1311_1 = sub i11 1023, i11 %tmp_20"   --->   Operation 395 'sub' 'sub_ln1311_1' <Predicate = true> <Delay = 0.73> <CoreInst = "Adder">   --->   Core 1 'Adder' <Latency = 0> <II = 1> <Delay = 0.88> <FuncUnit> <Opcode : 'add' 'sub'> <InPorts = 2> <OutPorts = 1>
ST_43 : Operation 396 [1/1] (0.00ns)   --->   "%sext_ln1311_1 = sext i11 %sub_ln1311_1"   --->   Operation 396 'sext' 'sext_ln1311_1' <Predicate = true> <Delay = 0.00>
ST_43 : Operation 397 [1/1] (0.29ns)   --->   "%ush_1 = select i1 %isNeg_1, i12 %sext_ln1311_1, i12 %add_ln510_1"   --->   Operation 397 'select' 'ush_1' <Predicate = true> <Delay = 0.29> <CoreInst = "Sel">   --->   Core 73 'Sel' <Latency = 0> <II = 1> <Delay = 0.22> <FuncUnit> <Opcode : 'select'> <InPorts = 3> <OutPorts = 1>
ST_43 : Operation 398 [1/1] (0.00ns)   --->   "%sh_prom_i_i_i_i_i_i15_cast_cast_cast = sext i12 %ush_1"   --->   Operation 398 'sext' 'sh_prom_i_i_i_i_i_i15_cast_cast_cast' <Predicate = true> <Delay = 0.00>
ST_43 : Operation 399 [1/1] (0.00ns)   --->   "%sh_prom_i_i_i_i_i_i15_cast_cast_cast_cast = zext i32 %sh_prom_i_i_i_i_i_i15_cast_cast_cast"   --->   Operation 399 'zext' 'sh_prom_i_i_i_i_i_i15_cast_cast_cast_cast' <Predicate = true> <Delay = 0.00>
ST_43 : Operation 400 [1/1] (0.00ns) (grouped into LUT with out node val_1)   --->   "%r_V_2 = lshr i137 %zext_ln15_1, i137 %sh_prom_i_i_i_i_i_i15_cast_cast_cast_cast"   --->   Operation 400 'lshr' 'r_V_2' <Predicate = true> <Delay = 0.00> <CoreInst = "Shifter">   --->   Core 75 'Shifter' <Latency = 0> <II = 1> <Delay = 1.17> <FuncUnit> <Opcode : 'shl' 'lshr' 'ashr'> <InPorts = 2> <OutPorts = 1>
ST_43 : Operation 401 [1/1] (0.00ns) (grouped into LUT with out node val_1)   --->   "%r_V_3 = shl i137 %zext_ln15_1, i137 %sh_prom_i_i_i_i_i_i15_cast_cast_cast_cast"   --->   Operation 401 'shl' 'r_V_3' <Predicate = true> <Delay = 0.00> <CoreInst = "Shifter">   --->   Core 75 'Shifter' <Latency = 0> <II = 1> <Delay = 1.17> <FuncUnit> <Opcode : 'shl' 'lshr' 'ashr'> <InPorts = 2> <OutPorts = 1>
ST_43 : Operation 402 [1/1] (0.00ns) (grouped into LUT with out node val_1)   --->   "%tmp_6 = bitselect i1 @_ssdm_op_BitSelect.i1.i137.i32, i137 %r_V_2, i32 53"   --->   Operation 402 'bitselect' 'tmp_6' <Predicate = true> <Delay = 0.00>
ST_43 : Operation 403 [1/1] (0.00ns) (grouped into LUT with out node val_1)   --->   "%zext_ln662_1 = zext i1 %tmp_6"   --->   Operation 403 'zext' 'zext_ln662_1' <Predicate = true> <Delay = 0.00>
ST_43 : Operation 404 [1/1] (0.00ns) (grouped into LUT with out node val_1)   --->   "%tmp_s = partselect i32 @_ssdm_op_PartSelect.i32.i137.i32.i32, i137 %r_V_3, i32 53, i32 84"   --->   Operation 404 'partselect' 'tmp_s' <Predicate = true> <Delay = 0.00>
ST_43 : Operation 405 [1/1] (1.12ns) (out node of the LUT)   --->   "%val_1 = select i1 %isNeg_1, i32 %zext_ln662_1, i32 %tmp_s"   --->   Operation 405 'select' 'val_1' <Predicate = true> <Delay = 1.12> <CoreInst = "Sel">   --->   Core 73 'Sel' <Latency = 0> <II = 1> <Delay = 0.22> <FuncUnit> <Opcode : 'select'> <InPorts = 3> <OutPorts = 1>

State 44 <SV = 39> <Delay = 1.10>
ST_44 : Operation 406 [1/1] (0.88ns)   --->   "%result_V_2 = sub i32 0, i32 %val"   --->   Operation 406 'sub' 'result_V_2' <Predicate = (p_Result_s)> <Delay = 0.88> <CoreInst = "Adder">   --->   Core 1 'Adder' <Latency = 0> <II = 1> <Delay = 0.88> <FuncUnit> <Opcode : 'add' 'sub'> <InPorts = 2> <OutPorts = 1>
ST_44 : Operation 407 [1/1] (0.22ns)   --->   "%result_V_12 = select i1 %p_Result_s, i32 %result_V_2, i32 %val" [/wrk/ci/prod/2020.2/rdi_builds/continuous/2020_11_18_3064766/src/shared/hls/clib/hlsmath/include/FloatingPoint/hls_case_IEEE754.h:59]   --->   Operation 407 'select' 'result_V_12' <Predicate = true> <Delay = 0.22> <CoreInst = "Sel">   --->   Core 73 'Sel' <Latency = 0> <II = 1> <Delay = 0.22> <FuncUnit> <Opcode : 'select'> <InPorts = 3> <OutPorts = 1>
ST_44 : Operation 408 [1/1] (0.88ns)   --->   "%result_V_5 = sub i32 0, i32 %val_1"   --->   Operation 408 'sub' 'result_V_5' <Predicate = (p_Result_1)> <Delay = 0.88> <CoreInst = "Adder">   --->   Core 1 'Adder' <Latency = 0> <II = 1> <Delay = 0.88> <FuncUnit> <Opcode : 'add' 'sub'> <InPorts = 2> <OutPorts = 1>
ST_44 : Operation 409 [1/1] (0.22ns)   --->   "%result_V_13 = select i1 %p_Result_1, i32 %result_V_5, i32 %val_1" [/wrk/ci/prod/2020.2/rdi_builds/continuous/2020_11_18_3064766/src/shared/hls/clib/hlsmath/include/FloatingPoint/hls_case_IEEE754.h:59]   --->   Operation 409 'select' 'result_V_13' <Predicate = true> <Delay = 0.22> <CoreInst = "Sel">   --->   Core 73 'Sel' <Latency = 0> <II = 1> <Delay = 0.22> <FuncUnit> <Opcode : 'select'> <InPorts = 3> <OutPorts = 1>
ST_44 : Operation 410 [1/1] (0.38ns)   --->   "%br_ln67 = br void" [likelihood_kernel.cpp:67]   --->   Operation 410 'br' 'br_ln67' <Predicate = true> <Delay = 0.38>

State 45 <SV = 40> <Delay = 1.20>
ST_45 : Operation 411 [1/1] (0.00ns)   --->   "%y = phi i31 0, void %.lr.ph44, i31 %add_ln67, void %.split5" [likelihood_kernel.cpp:67]   --->   Operation 411 'phi' 'y' <Predicate = true> <Delay = 0.00>
ST_45 : Operation 412 [1/1] (0.87ns)   --->   "%add_ln67 = add i31 %y, i31 1" [likelihood_kernel.cpp:67]   --->   Operation 412 'add' 'add_ln67' <Predicate = true> <Delay = 0.87> <CoreInst = "Adder">   --->   Core 1 'Adder' <Latency = 0> <II = 1> <Delay = 0.88> <FuncUnit> <Opcode : 'add' 'sub'> <InPorts = 2> <OutPorts = 1>
ST_45 : Operation 413 [1/1] (0.00ns)   --->   "%zext_ln67 = zext i31 %y" [likelihood_kernel.cpp:67]   --->   Operation 413 'zext' 'zext_ln67' <Predicate = true> <Delay = 0.00>
ST_45 : Operation 414 [1/1] (0.85ns)   --->   "%icmp_ln67 = icmp_eq  i32 %zext_ln67, i32 %countOnes_read" [likelihood_kernel.cpp:67]   --->   Operation 414 'icmp' 'icmp_ln67' <Predicate = true> <Delay = 0.85> <CoreInst = "Cmp">   --->   Core 9 'Cmp' <Latency = 0> <II = 1> <Delay = 0.85> <FuncUnit> <Opcode : 'icmp'> <InPorts = 2> <OutPorts = 1>
ST_45 : Operation 415 [1/1] (0.00ns)   --->   "%br_ln67 = br i1 %icmp_ln67, void %.split5, void %._crit_edge.preheader" [likelihood_kernel.cpp:67]   --->   Operation 415 'br' 'br_ln67' <Predicate = true> <Delay = 0.00>
ST_45 : Operation 416 [1/1] (0.00ns)   --->   "%trunc_ln67 = trunc i31 %y" [likelihood_kernel.cpp:67]   --->   Operation 416 'trunc' 'trunc_ln67' <Predicate = (!icmp_ln67)> <Delay = 0.00>
ST_45 : Operation 417 [1/1] (0.00ns)   --->   "%trunc_ln70 = trunc i31 %y" [likelihood_kernel.cpp:70]   --->   Operation 417 'trunc' 'trunc_ln70' <Predicate = (!icmp_ln67)> <Delay = 0.00>
ST_45 : Operation 418 [1/1] (0.00ns)   --->   "%shl_ln = bitconcatenate i10 @_ssdm_op_BitConcatenate.i10.i9.i1, i9 %trunc_ln70, i1 0" [likelihood_kernel.cpp:70]   --->   Operation 418 'bitconcatenate' 'shl_ln' <Predicate = (!icmp_ln67)> <Delay = 0.00>
ST_45 : Operation 419 [1/1] (0.00ns)   --->   "%zext_ln70 = zext i10 %shl_ln" [likelihood_kernel.cpp:70]   --->   Operation 419 'zext' 'zext_ln70' <Predicate = (!icmp_ln67)> <Delay = 0.00>
ST_45 : Operation 420 [1/1] (0.00ns)   --->   "%or_ln70 = or i10 %shl_ln, i10 1" [likelihood_kernel.cpp:70]   --->   Operation 420 'or' 'or_ln70' <Predicate = (!icmp_ln67)> <Delay = 0.00>
ST_45 : Operation 421 [1/1] (0.00ns)   --->   "%zext_ln70_1 = zext i10 %or_ln70" [likelihood_kernel.cpp:70]   --->   Operation 421 'zext' 'zext_ln70_1' <Predicate = (!icmp_ln67)> <Delay = 0.00>
ST_45 : Operation 422 [1/1] (0.00ns)   --->   "%buffer_objxy_addr_1 = getelementptr i64 %buffer_objxy, i64 0, i64 %zext_ln70_1" [likelihood_kernel.cpp:70]   --->   Operation 422 'getelementptr' 'buffer_objxy_addr_1' <Predicate = (!icmp_ln67)> <Delay = 0.00>
ST_45 : Operation 423 [2/2] (1.20ns)   --->   "%buffer_objxy_load = load i10 %buffer_objxy_addr_1" [likelihood_kernel.cpp:70]   --->   Operation 423 'load' 'buffer_objxy_load' <Predicate = (!icmp_ln67)> <Delay = 1.20> <CoreInst = "RAM_1WnR">   --->   Core 84 'RAM_1WnR' <Latency = 1> <II = 1> <Delay = 1.20> <Storage> <Opcode : 'load' 'store'> <Ports = 17> <Width = 64> <Depth = 800> <RAM>
ST_45 : Operation 424 [1/1] (0.00ns)   --->   "%buffer_objxy_addr_2 = getelementptr i64 %buffer_objxy, i64 0, i64 %zext_ln70" [likelihood_kernel.cpp:71]   --->   Operation 424 'getelementptr' 'buffer_objxy_addr_2' <Predicate = (!icmp_ln67)> <Delay = 0.00>
ST_45 : Operation 425 [2/2] (1.20ns)   --->   "%buffer_objxy_load_1 = load i10 %buffer_objxy_addr_2" [likelihood_kernel.cpp:71]   --->   Operation 425 'load' 'buffer_objxy_load_1' <Predicate = (!icmp_ln67)> <Delay = 1.20> <CoreInst = "RAM_1WnR">   --->   Core 84 'RAM_1WnR' <Latency = 1> <II = 1> <Delay = 1.20> <Storage> <Opcode : 'load' 'store'> <Ports = 17> <Width = 64> <Depth = 800> <RAM>
ST_45 : Operation 426 [1/1] (0.78ns)   --->   "%add_ln73_2 = add i16 %trunc_ln67, i16 %empty_42" [likelihood_kernel.cpp:73]   --->   Operation 426 'add' 'add_ln73_2' <Predicate = (!icmp_ln67)> <Delay = 0.78> <CoreInst = "Adder">   --->   Core 1 'Adder' <Latency = 0> <II = 1> <Delay = 0.88> <FuncUnit> <Opcode : 'add' 'sub'> <InPorts = 2> <OutPorts = 1>

State 46 <SV = 41> <Delay = 1.20>
ST_46 : Operation 427 [1/2] (1.20ns)   --->   "%buffer_objxy_load = load i10 %buffer_objxy_addr_1" [likelihood_kernel.cpp:70]   --->   Operation 427 'load' 'buffer_objxy_load' <Predicate = (!icmp_ln67)> <Delay = 1.20> <CoreInst = "RAM_1WnR">   --->   Core 84 'RAM_1WnR' <Latency = 1> <II = 1> <Delay = 1.20> <Storage> <Opcode : 'load' 'store'> <Ports = 17> <Width = 64> <Depth = 800> <RAM>
ST_46 : Operation 428 [1/2] (1.20ns)   --->   "%buffer_objxy_load_1 = load i10 %buffer_objxy_addr_2" [likelihood_kernel.cpp:71]   --->   Operation 428 'load' 'buffer_objxy_load_1' <Predicate = (!icmp_ln67)> <Delay = 1.20> <CoreInst = "RAM_1WnR">   --->   Core 84 'RAM_1WnR' <Latency = 1> <II = 1> <Delay = 1.20> <Storage> <Opcode : 'load' 'store'> <Ports = 17> <Width = 64> <Depth = 800> <RAM>

State 47 <SV = 42> <Delay = 1.90>
ST_47 : Operation 429 [8/8] (1.90ns)   --->   "%dc_2 = dadd i64 %buffer_objxy_load, i64 0.5" [likelihood_kernel.cpp:11->likelihood_kernel.cpp:70]   --->   Operation 429 'dadd' 'dc_2' <Predicate = (!icmp_ln67)> <Delay = 1.90> <CoreInst = "DAddSub_fulldsp">   --->   Core 37 'DAddSub_fulldsp' <Latency = 7> <II = 1> <Delay = 1.90> <FuncUnit> <Opcode : 'dadd' 'dsub'> <InPorts = 2> <OutPorts = 1>
ST_47 : Operation 430 [8/8] (1.90ns)   --->   "%dc_3 = dadd i64 %buffer_objxy_load_1, i64 0.5" [likelihood_kernel.cpp:11->likelihood_kernel.cpp:71]   --->   Operation 430 'dadd' 'dc_3' <Predicate = (!icmp_ln67)> <Delay = 1.90> <CoreInst = "DAddSub_fulldsp">   --->   Core 37 'DAddSub_fulldsp' <Latency = 7> <II = 1> <Delay = 1.90> <FuncUnit> <Opcode : 'dadd' 'dsub'> <InPorts = 2> <OutPorts = 1>

State 48 <SV = 43> <Delay = 1.90>
ST_48 : Operation 431 [7/8] (1.90ns)   --->   "%dc_2 = dadd i64 %buffer_objxy_load, i64 0.5" [likelihood_kernel.cpp:11->likelihood_kernel.cpp:70]   --->   Operation 431 'dadd' 'dc_2' <Predicate = (!icmp_ln67)> <Delay = 1.90> <CoreInst = "DAddSub_fulldsp">   --->   Core 37 'DAddSub_fulldsp' <Latency = 7> <II = 1> <Delay = 1.90> <FuncUnit> <Opcode : 'dadd' 'dsub'> <InPorts = 2> <OutPorts = 1>
ST_48 : Operation 432 [7/8] (1.90ns)   --->   "%dc_3 = dadd i64 %buffer_objxy_load_1, i64 0.5" [likelihood_kernel.cpp:11->likelihood_kernel.cpp:71]   --->   Operation 432 'dadd' 'dc_3' <Predicate = (!icmp_ln67)> <Delay = 1.90> <CoreInst = "DAddSub_fulldsp">   --->   Core 37 'DAddSub_fulldsp' <Latency = 7> <II = 1> <Delay = 1.90> <FuncUnit> <Opcode : 'dadd' 'dsub'> <InPorts = 2> <OutPorts = 1>

State 49 <SV = 44> <Delay = 1.90>
ST_49 : Operation 433 [6/8] (1.90ns)   --->   "%dc_2 = dadd i64 %buffer_objxy_load, i64 0.5" [likelihood_kernel.cpp:11->likelihood_kernel.cpp:70]   --->   Operation 433 'dadd' 'dc_2' <Predicate = (!icmp_ln67)> <Delay = 1.90> <CoreInst = "DAddSub_fulldsp">   --->   Core 37 'DAddSub_fulldsp' <Latency = 7> <II = 1> <Delay = 1.90> <FuncUnit> <Opcode : 'dadd' 'dsub'> <InPorts = 2> <OutPorts = 1>
ST_49 : Operation 434 [6/8] (1.90ns)   --->   "%dc_3 = dadd i64 %buffer_objxy_load_1, i64 0.5" [likelihood_kernel.cpp:11->likelihood_kernel.cpp:71]   --->   Operation 434 'dadd' 'dc_3' <Predicate = (!icmp_ln67)> <Delay = 1.90> <CoreInst = "DAddSub_fulldsp">   --->   Core 37 'DAddSub_fulldsp' <Latency = 7> <II = 1> <Delay = 1.90> <FuncUnit> <Opcode : 'dadd' 'dsub'> <InPorts = 2> <OutPorts = 1>

State 50 <SV = 45> <Delay = 1.90>
ST_50 : Operation 435 [5/8] (1.90ns)   --->   "%dc_2 = dadd i64 %buffer_objxy_load, i64 0.5" [likelihood_kernel.cpp:11->likelihood_kernel.cpp:70]   --->   Operation 435 'dadd' 'dc_2' <Predicate = (!icmp_ln67)> <Delay = 1.90> <CoreInst = "DAddSub_fulldsp">   --->   Core 37 'DAddSub_fulldsp' <Latency = 7> <II = 1> <Delay = 1.90> <FuncUnit> <Opcode : 'dadd' 'dsub'> <InPorts = 2> <OutPorts = 1>
ST_50 : Operation 436 [5/8] (1.90ns)   --->   "%dc_3 = dadd i64 %buffer_objxy_load_1, i64 0.5" [likelihood_kernel.cpp:11->likelihood_kernel.cpp:71]   --->   Operation 436 'dadd' 'dc_3' <Predicate = (!icmp_ln67)> <Delay = 1.90> <CoreInst = "DAddSub_fulldsp">   --->   Core 37 'DAddSub_fulldsp' <Latency = 7> <II = 1> <Delay = 1.90> <FuncUnit> <Opcode : 'dadd' 'dsub'> <InPorts = 2> <OutPorts = 1>

State 51 <SV = 46> <Delay = 1.90>
ST_51 : Operation 437 [4/8] (1.90ns)   --->   "%dc_2 = dadd i64 %buffer_objxy_load, i64 0.5" [likelihood_kernel.cpp:11->likelihood_kernel.cpp:70]   --->   Operation 437 'dadd' 'dc_2' <Predicate = (!icmp_ln67)> <Delay = 1.90> <CoreInst = "DAddSub_fulldsp">   --->   Core 37 'DAddSub_fulldsp' <Latency = 7> <II = 1> <Delay = 1.90> <FuncUnit> <Opcode : 'dadd' 'dsub'> <InPorts = 2> <OutPorts = 1>
ST_51 : Operation 438 [4/8] (1.90ns)   --->   "%dc_3 = dadd i64 %buffer_objxy_load_1, i64 0.5" [likelihood_kernel.cpp:11->likelihood_kernel.cpp:71]   --->   Operation 438 'dadd' 'dc_3' <Predicate = (!icmp_ln67)> <Delay = 1.90> <CoreInst = "DAddSub_fulldsp">   --->   Core 37 'DAddSub_fulldsp' <Latency = 7> <II = 1> <Delay = 1.90> <FuncUnit> <Opcode : 'dadd' 'dsub'> <InPorts = 2> <OutPorts = 1>

State 52 <SV = 47> <Delay = 1.90>
ST_52 : Operation 439 [3/8] (1.90ns)   --->   "%dc_2 = dadd i64 %buffer_objxy_load, i64 0.5" [likelihood_kernel.cpp:11->likelihood_kernel.cpp:70]   --->   Operation 439 'dadd' 'dc_2' <Predicate = (!icmp_ln67)> <Delay = 1.90> <CoreInst = "DAddSub_fulldsp">   --->   Core 37 'DAddSub_fulldsp' <Latency = 7> <II = 1> <Delay = 1.90> <FuncUnit> <Opcode : 'dadd' 'dsub'> <InPorts = 2> <OutPorts = 1>
ST_52 : Operation 440 [3/8] (1.90ns)   --->   "%dc_3 = dadd i64 %buffer_objxy_load_1, i64 0.5" [likelihood_kernel.cpp:11->likelihood_kernel.cpp:71]   --->   Operation 440 'dadd' 'dc_3' <Predicate = (!icmp_ln67)> <Delay = 1.90> <CoreInst = "DAddSub_fulldsp">   --->   Core 37 'DAddSub_fulldsp' <Latency = 7> <II = 1> <Delay = 1.90> <FuncUnit> <Opcode : 'dadd' 'dsub'> <InPorts = 2> <OutPorts = 1>

State 53 <SV = 48> <Delay = 1.90>
ST_53 : Operation 441 [2/8] (1.90ns)   --->   "%dc_2 = dadd i64 %buffer_objxy_load, i64 0.5" [likelihood_kernel.cpp:11->likelihood_kernel.cpp:70]   --->   Operation 441 'dadd' 'dc_2' <Predicate = (!icmp_ln67)> <Delay = 1.90> <CoreInst = "DAddSub_fulldsp">   --->   Core 37 'DAddSub_fulldsp' <Latency = 7> <II = 1> <Delay = 1.90> <FuncUnit> <Opcode : 'dadd' 'dsub'> <InPorts = 2> <OutPorts = 1>
ST_53 : Operation 442 [2/8] (1.90ns)   --->   "%dc_3 = dadd i64 %buffer_objxy_load_1, i64 0.5" [likelihood_kernel.cpp:11->likelihood_kernel.cpp:71]   --->   Operation 442 'dadd' 'dc_3' <Predicate = (!icmp_ln67)> <Delay = 1.90> <CoreInst = "DAddSub_fulldsp">   --->   Core 37 'DAddSub_fulldsp' <Latency = 7> <II = 1> <Delay = 1.90> <FuncUnit> <Opcode : 'dadd' 'dsub'> <InPorts = 2> <OutPorts = 1>

State 54 <SV = 49> <Delay = 1.90>
ST_54 : Operation 443 [1/8] (1.90ns)   --->   "%dc_2 = dadd i64 %buffer_objxy_load, i64 0.5" [likelihood_kernel.cpp:11->likelihood_kernel.cpp:70]   --->   Operation 443 'dadd' 'dc_2' <Predicate = (!icmp_ln67)> <Delay = 1.90> <CoreInst = "DAddSub_fulldsp">   --->   Core 37 'DAddSub_fulldsp' <Latency = 7> <II = 1> <Delay = 1.90> <FuncUnit> <Opcode : 'dadd' 'dsub'> <InPorts = 2> <OutPorts = 1>
ST_54 : Operation 444 [1/8] (1.90ns)   --->   "%dc_3 = dadd i64 %buffer_objxy_load_1, i64 0.5" [likelihood_kernel.cpp:11->likelihood_kernel.cpp:71]   --->   Operation 444 'dadd' 'dc_3' <Predicate = (!icmp_ln67)> <Delay = 1.90> <CoreInst = "DAddSub_fulldsp">   --->   Core 37 'DAddSub_fulldsp' <Latency = 7> <II = 1> <Delay = 1.90> <FuncUnit> <Opcode : 'dadd' 'dsub'> <InPorts = 2> <OutPorts = 1>

State 55 <SV = 50> <Delay = 2.16>
ST_55 : Operation 445 [1/1] (0.00ns)   --->   "%data_V_2 = bitcast i64 %dc_2" [/wrk/ci/prod/2020.2/rdi_builds/continuous/2020_11_18_3064766/src/shared/hls/clib/src/hls/utils/x_hls_utils.h:483]   --->   Operation 445 'bitcast' 'data_V_2' <Predicate = (!icmp_ln67)> <Delay = 0.00>
ST_55 : Operation 446 [1/1] (0.00ns)   --->   "%tmp_22 = partselect i11 @_ssdm_op_PartSelect.i11.i64.i32.i32, i64 %data_V_2, i32 52, i32 62"   --->   Operation 446 'partselect' 'tmp_22' <Predicate = (!icmp_ln67)> <Delay = 0.00>
ST_55 : Operation 447 [1/1] (0.00ns)   --->   "%tmp_23 = trunc i64 %data_V_2"   --->   Operation 447 'trunc' 'tmp_23' <Predicate = (!icmp_ln67)> <Delay = 0.00>
ST_55 : Operation 448 [1/1] (0.00ns)   --->   "%mantissa_2 = bitconcatenate i54 @_ssdm_op_BitConcatenate.i54.i1.i52.i1, i1 1, i52 %tmp_23, i1 0"   --->   Operation 448 'bitconcatenate' 'mantissa_2' <Predicate = (!icmp_ln67)> <Delay = 0.00>
ST_55 : Operation 449 [1/1] (0.00ns)   --->   "%zext_ln15_2 = zext i54 %mantissa_2" [/wrk/ci/prod/2020.2/rdi_builds/continuous/2020_11_18_3064766/src/shared/hls/clib/hlsmath/include/FloatingPoint/hls_case_IEEE754.h:15]   --->   Operation 449 'zext' 'zext_ln15_2' <Predicate = (!icmp_ln67)> <Delay = 0.00>
ST_55 : Operation 450 [1/1] (0.00ns)   --->   "%zext_ln510_2 = zext i11 %tmp_22" [/wrk/ci/prod/2020.2/rdi_builds/continuous/2020_11_18_3064766/src/shared/hls/clib/src/hls/utils/x_hls_utils.h:510]   --->   Operation 450 'zext' 'zext_ln510_2' <Predicate = (!icmp_ln67)> <Delay = 0.00>
ST_55 : Operation 451 [1/1] (0.73ns)   --->   "%add_ln510_2 = add i12 %zext_ln510_2, i12 3073" [/wrk/ci/prod/2020.2/rdi_builds/continuous/2020_11_18_3064766/src/shared/hls/clib/src/hls/utils/x_hls_utils.h:510]   --->   Operation 451 'add' 'add_ln510_2' <Predicate = (!icmp_ln67)> <Delay = 0.73> <CoreInst = "Adder">   --->   Core 1 'Adder' <Latency = 0> <II = 1> <Delay = 0.88> <FuncUnit> <Opcode : 'add' 'sub'> <InPorts = 2> <OutPorts = 1>
ST_55 : Operation 452 [1/1] (0.00ns)   --->   "%isNeg_2 = bitselect i1 @_ssdm_op_BitSelect.i1.i12.i32, i12 %add_ln510_2, i32 11"   --->   Operation 452 'bitselect' 'isNeg_2' <Predicate = (!icmp_ln67)> <Delay = 0.00>
ST_55 : Operation 453 [1/1] (0.73ns)   --->   "%sub_ln1311_2 = sub i11 1023, i11 %tmp_22"   --->   Operation 453 'sub' 'sub_ln1311_2' <Predicate = (!icmp_ln67)> <Delay = 0.73> <CoreInst = "Adder">   --->   Core 1 'Adder' <Latency = 0> <II = 1> <Delay = 0.88> <FuncUnit> <Opcode : 'add' 'sub'> <InPorts = 2> <OutPorts = 1>
ST_55 : Operation 454 [1/1] (0.00ns)   --->   "%sext_ln1311_2 = sext i11 %sub_ln1311_2"   --->   Operation 454 'sext' 'sext_ln1311_2' <Predicate = (!icmp_ln67)> <Delay = 0.00>
ST_55 : Operation 455 [1/1] (0.29ns)   --->   "%ush_2 = select i1 %isNeg_2, i12 %sext_ln1311_2, i12 %add_ln510_2"   --->   Operation 455 'select' 'ush_2' <Predicate = (!icmp_ln67)> <Delay = 0.29> <CoreInst = "Sel">   --->   Core 73 'Sel' <Latency = 0> <II = 1> <Delay = 0.22> <FuncUnit> <Opcode : 'select'> <InPorts = 3> <OutPorts = 1>
ST_55 : Operation 456 [1/1] (0.00ns)   --->   "%sh_prom_i_i_i_i_i_i37_cast_cast_cast = sext i12 %ush_2"   --->   Operation 456 'sext' 'sh_prom_i_i_i_i_i_i37_cast_cast_cast' <Predicate = (!icmp_ln67)> <Delay = 0.00>
ST_55 : Operation 457 [1/1] (0.00ns)   --->   "%sh_prom_i_i_i_i_i_i37_cast_cast_cast_cast = zext i32 %sh_prom_i_i_i_i_i_i37_cast_cast_cast"   --->   Operation 457 'zext' 'sh_prom_i_i_i_i_i_i37_cast_cast_cast_cast' <Predicate = (!icmp_ln67)> <Delay = 0.00>
ST_55 : Operation 458 [1/1] (0.00ns) (grouped into LUT with out node val_2)   --->   "%r_V_4 = lshr i137 %zext_ln15_2, i137 %sh_prom_i_i_i_i_i_i37_cast_cast_cast_cast"   --->   Operation 458 'lshr' 'r_V_4' <Predicate = (!icmp_ln67)> <Delay = 0.00> <CoreInst = "Shifter">   --->   Core 75 'Shifter' <Latency = 0> <II = 1> <Delay = 1.17> <FuncUnit> <Opcode : 'shl' 'lshr' 'ashr'> <InPorts = 2> <OutPorts = 1>
ST_55 : Operation 459 [1/1] (0.00ns) (grouped into LUT with out node val_2)   --->   "%r_V_5 = shl i137 %zext_ln15_2, i137 %sh_prom_i_i_i_i_i_i37_cast_cast_cast_cast"   --->   Operation 459 'shl' 'r_V_5' <Predicate = (!icmp_ln67)> <Delay = 0.00> <CoreInst = "Shifter">   --->   Core 75 'Shifter' <Latency = 0> <II = 1> <Delay = 1.17> <FuncUnit> <Opcode : 'shl' 'lshr' 'ashr'> <InPorts = 2> <OutPorts = 1>
ST_55 : Operation 460 [1/1] (0.00ns) (grouped into LUT with out node val_2)   --->   "%tmp_12 = bitselect i1 @_ssdm_op_BitSelect.i1.i137.i32, i137 %r_V_4, i32 53"   --->   Operation 460 'bitselect' 'tmp_12' <Predicate = (!icmp_ln67)> <Delay = 0.00>
ST_55 : Operation 461 [1/1] (0.00ns) (grouped into LUT with out node val_2)   --->   "%zext_ln662_2 = zext i1 %tmp_12"   --->   Operation 461 'zext' 'zext_ln662_2' <Predicate = (!icmp_ln67)> <Delay = 0.00>
ST_55 : Operation 462 [1/1] (0.00ns) (grouped into LUT with out node val_2)   --->   "%tmp_2 = partselect i32 @_ssdm_op_PartSelect.i32.i137.i32.i32, i137 %r_V_5, i32 53, i32 84"   --->   Operation 462 'partselect' 'tmp_2' <Predicate = (!icmp_ln67)> <Delay = 0.00>
ST_55 : Operation 463 [1/1] (1.12ns) (out node of the LUT)   --->   "%val_2 = select i1 %isNeg_2, i32 %zext_ln662_2, i32 %tmp_2"   --->   Operation 463 'select' 'val_2' <Predicate = (!icmp_ln67)> <Delay = 1.12> <CoreInst = "Sel">   --->   Core 73 'Sel' <Latency = 0> <II = 1> <Delay = 0.22> <FuncUnit> <Opcode : 'select'> <InPorts = 3> <OutPorts = 1>
ST_55 : Operation 464 [1/1] (0.00ns)   --->   "%data_V_3 = bitcast i64 %dc_3" [/wrk/ci/prod/2020.2/rdi_builds/continuous/2020_11_18_3064766/src/shared/hls/clib/src/hls/utils/x_hls_utils.h:483]   --->   Operation 464 'bitcast' 'data_V_3' <Predicate = (!icmp_ln67)> <Delay = 0.00>
ST_55 : Operation 465 [1/1] (0.00ns)   --->   "%p_Result_3 = bitselect i1 @_ssdm_op_BitSelect.i1.i64.i32, i64 %data_V_3, i32 63"   --->   Operation 465 'bitselect' 'p_Result_3' <Predicate = (!icmp_ln67)> <Delay = 0.00>
ST_55 : Operation 466 [1/1] (0.00ns)   --->   "%tmp_24 = partselect i11 @_ssdm_op_PartSelect.i11.i64.i32.i32, i64 %data_V_3, i32 52, i32 62"   --->   Operation 466 'partselect' 'tmp_24' <Predicate = (!icmp_ln67)> <Delay = 0.00>
ST_55 : Operation 467 [1/1] (0.00ns)   --->   "%tmp_25 = trunc i64 %data_V_3"   --->   Operation 467 'trunc' 'tmp_25' <Predicate = (!icmp_ln67)> <Delay = 0.00>
ST_55 : Operation 468 [1/1] (0.00ns)   --->   "%mantissa_3 = bitconcatenate i54 @_ssdm_op_BitConcatenate.i54.i1.i52.i1, i1 1, i52 %tmp_25, i1 0"   --->   Operation 468 'bitconcatenate' 'mantissa_3' <Predicate = (!icmp_ln67)> <Delay = 0.00>
ST_55 : Operation 469 [1/1] (0.00ns)   --->   "%zext_ln15_3 = zext i54 %mantissa_3" [/wrk/ci/prod/2020.2/rdi_builds/continuous/2020_11_18_3064766/src/shared/hls/clib/hlsmath/include/FloatingPoint/hls_case_IEEE754.h:15]   --->   Operation 469 'zext' 'zext_ln15_3' <Predicate = (!icmp_ln67)> <Delay = 0.00>
ST_55 : Operation 470 [1/1] (0.00ns)   --->   "%zext_ln510_3 = zext i11 %tmp_24" [/wrk/ci/prod/2020.2/rdi_builds/continuous/2020_11_18_3064766/src/shared/hls/clib/src/hls/utils/x_hls_utils.h:510]   --->   Operation 470 'zext' 'zext_ln510_3' <Predicate = (!icmp_ln67)> <Delay = 0.00>
ST_55 : Operation 471 [1/1] (0.73ns)   --->   "%add_ln510_3 = add i12 %zext_ln510_3, i12 3073" [/wrk/ci/prod/2020.2/rdi_builds/continuous/2020_11_18_3064766/src/shared/hls/clib/src/hls/utils/x_hls_utils.h:510]   --->   Operation 471 'add' 'add_ln510_3' <Predicate = (!icmp_ln67)> <Delay = 0.73> <CoreInst = "Adder">   --->   Core 1 'Adder' <Latency = 0> <II = 1> <Delay = 0.88> <FuncUnit> <Opcode : 'add' 'sub'> <InPorts = 2> <OutPorts = 1>
ST_55 : Operation 472 [1/1] (0.00ns)   --->   "%isNeg_3 = bitselect i1 @_ssdm_op_BitSelect.i1.i12.i32, i12 %add_ln510_3, i32 11"   --->   Operation 472 'bitselect' 'isNeg_3' <Predicate = (!icmp_ln67)> <Delay = 0.00>
ST_55 : Operation 473 [1/1] (0.73ns)   --->   "%sub_ln1311_3 = sub i11 1023, i11 %tmp_24"   --->   Operation 473 'sub' 'sub_ln1311_3' <Predicate = (!icmp_ln67)> <Delay = 0.73> <CoreInst = "Adder">   --->   Core 1 'Adder' <Latency = 0> <II = 1> <Delay = 0.88> <FuncUnit> <Opcode : 'add' 'sub'> <InPorts = 2> <OutPorts = 1>
ST_55 : Operation 474 [1/1] (0.00ns)   --->   "%sext_ln1311_3 = sext i11 %sub_ln1311_3"   --->   Operation 474 'sext' 'sext_ln1311_3' <Predicate = (!icmp_ln67)> <Delay = 0.00>
ST_55 : Operation 475 [1/1] (0.29ns)   --->   "%ush_3 = select i1 %isNeg_3, i12 %sext_ln1311_3, i12 %add_ln510_3"   --->   Operation 475 'select' 'ush_3' <Predicate = (!icmp_ln67)> <Delay = 0.29> <CoreInst = "Sel">   --->   Core 73 'Sel' <Latency = 0> <II = 1> <Delay = 0.22> <FuncUnit> <Opcode : 'select'> <InPorts = 3> <OutPorts = 1>
ST_55 : Operation 476 [1/1] (0.00ns)   --->   "%sh_prom_i_i_i_i_i_i59_cast_cast_cast = sext i12 %ush_3"   --->   Operation 476 'sext' 'sh_prom_i_i_i_i_i_i59_cast_cast_cast' <Predicate = (!icmp_ln67)> <Delay = 0.00>
ST_55 : Operation 477 [1/1] (0.00ns)   --->   "%sh_prom_i_i_i_i_i_i59_cast_cast_cast_cast = zext i32 %sh_prom_i_i_i_i_i_i59_cast_cast_cast"   --->   Operation 477 'zext' 'sh_prom_i_i_i_i_i_i59_cast_cast_cast_cast' <Predicate = (!icmp_ln67)> <Delay = 0.00>
ST_55 : Operation 478 [1/1] (0.00ns) (grouped into LUT with out node val_3)   --->   "%r_V_6 = lshr i137 %zext_ln15_3, i137 %sh_prom_i_i_i_i_i_i59_cast_cast_cast_cast"   --->   Operation 478 'lshr' 'r_V_6' <Predicate = (!icmp_ln67)> <Delay = 0.00> <CoreInst = "Shifter">   --->   Core 75 'Shifter' <Latency = 0> <II = 1> <Delay = 1.17> <FuncUnit> <Opcode : 'shl' 'lshr' 'ashr'> <InPorts = 2> <OutPorts = 1>
ST_55 : Operation 479 [1/1] (0.00ns) (grouped into LUT with out node val_3)   --->   "%r_V_7 = shl i137 %zext_ln15_3, i137 %sh_prom_i_i_i_i_i_i59_cast_cast_cast_cast"   --->   Operation 479 'shl' 'r_V_7' <Predicate = (!icmp_ln67)> <Delay = 0.00> <CoreInst = "Shifter">   --->   Core 75 'Shifter' <Latency = 0> <II = 1> <Delay = 1.17> <FuncUnit> <Opcode : 'shl' 'lshr' 'ashr'> <InPorts = 2> <OutPorts = 1>
ST_55 : Operation 480 [1/1] (0.00ns) (grouped into LUT with out node val_3)   --->   "%tmp_17 = bitselect i1 @_ssdm_op_BitSelect.i1.i137.i32, i137 %r_V_6, i32 53"   --->   Operation 480 'bitselect' 'tmp_17' <Predicate = (!icmp_ln67)> <Delay = 0.00>
ST_55 : Operation 481 [1/1] (0.00ns) (grouped into LUT with out node val_3)   --->   "%zext_ln662_3 = zext i1 %tmp_17"   --->   Operation 481 'zext' 'zext_ln662_3' <Predicate = (!icmp_ln67)> <Delay = 0.00>
ST_55 : Operation 482 [1/1] (0.00ns) (grouped into LUT with out node val_3)   --->   "%tmp_4 = partselect i32 @_ssdm_op_PartSelect.i32.i137.i32.i32, i137 %r_V_7, i32 53, i32 84"   --->   Operation 482 'partselect' 'tmp_4' <Predicate = (!icmp_ln67)> <Delay = 0.00>
ST_55 : Operation 483 [1/1] (1.12ns) (out node of the LUT)   --->   "%val_3 = select i1 %isNeg_3, i32 %zext_ln662_3, i32 %tmp_4"   --->   Operation 483 'select' 'val_3' <Predicate = (!icmp_ln67)> <Delay = 1.12> <CoreInst = "Sel">   --->   Core 73 'Sel' <Latency = 0> <II = 1> <Delay = 0.22> <FuncUnit> <Opcode : 'select'> <InPorts = 3> <OutPorts = 1>

State 56 <SV = 51> <Delay = 1.76>
ST_56 : Operation 484 [1/1] (0.00ns) (grouped into LUT with out node indX)   --->   "%p_Result_2 = bitselect i1 @_ssdm_op_BitSelect.i1.i64.i32, i64 %data_V_2, i32 63"   --->   Operation 484 'bitselect' 'p_Result_2' <Predicate = (!icmp_ln67)> <Delay = 0.00>
ST_56 : Operation 485 [1/1] (0.88ns)   --->   "%result_V_9 = sub i32 0, i32 %val_2"   --->   Operation 485 'sub' 'result_V_9' <Predicate = (!icmp_ln67)> <Delay = 0.88> <CoreInst = "Adder">   --->   Core 1 'Adder' <Latency = 0> <II = 1> <Delay = 0.88> <FuncUnit> <Opcode : 'add' 'sub'> <InPorts = 2> <OutPorts = 1>
ST_56 : Operation 486 [1/1] (0.00ns) (grouped into LUT with out node indX)   --->   "%result_V_14 = select i1 %p_Result_2, i32 %result_V_9, i32 %val_2" [/wrk/ci/prod/2020.2/rdi_builds/continuous/2020_11_18_3064766/src/shared/hls/clib/hlsmath/include/FloatingPoint/hls_case_IEEE754.h:59]   --->   Operation 486 'select' 'result_V_14' <Predicate = (!icmp_ln67)> <Delay = 0.00> <CoreInst = "Sel">   --->   Core 73 'Sel' <Latency = 0> <II = 1> <Delay = 0.22> <FuncUnit> <Opcode : 'select'> <InPorts = 3> <OutPorts = 1>
ST_56 : Operation 487 [1/1] (0.88ns) (out node of the LUT)   --->   "%indX = add i32 %result_V_14, i32 %result_V_12" [likelihood_kernel.cpp:70]   --->   Operation 487 'add' 'indX' <Predicate = (!icmp_ln67)> <Delay = 0.88> <CoreInst = "Adder">   --->   Core 1 'Adder' <Latency = 0> <II = 1> <Delay = 0.88> <FuncUnit> <Opcode : 'add' 'sub'> <InPorts = 2> <OutPorts = 1>
ST_56 : Operation 488 [1/1] (0.88ns)   --->   "%result_V_10 = sub i32 0, i32 %val_3"   --->   Operation 488 'sub' 'result_V_10' <Predicate = (!icmp_ln67 & p_Result_3)> <Delay = 0.88> <CoreInst = "Adder">   --->   Core 1 'Adder' <Latency = 0> <II = 1> <Delay = 0.88> <FuncUnit> <Opcode : 'add' 'sub'> <InPorts = 2> <OutPorts = 1>
ST_56 : Operation 489 [1/1] (0.22ns)   --->   "%result_V = select i1 %p_Result_3, i32 %result_V_10, i32 %val_3" [/wrk/ci/prod/2020.2/rdi_builds/continuous/2020_11_18_3064766/src/shared/hls/clib/hlsmath/include/FloatingPoint/hls_case_IEEE754.h:59]   --->   Operation 489 'select' 'result_V' <Predicate = (!icmp_ln67)> <Delay = 0.22> <CoreInst = "Sel">   --->   Core 73 'Sel' <Latency = 0> <II = 1> <Delay = 0.22> <FuncUnit> <Opcode : 'select'> <InPorts = 3> <OutPorts = 1>

State 57 <SV = 52> <Delay = 2.29>
ST_57 : Operation 490 [2/2] (2.29ns)   --->   "%mul_ln73 = mul i32 %indX, i32 %IszY_read" [likelihood_kernel.cpp:73]   --->   Operation 490 'mul' 'mul_ln73' <Predicate = (!icmp_ln67)> <Delay = 2.29> <CoreInst = "Multiplier">   --->   Core 3 'Multiplier' <Latency = 1> <II = 1> <Delay = 2.29> <FuncUnit> <Opcode : 'mul'> <InPorts = 2> <OutPorts = 1>

State 58 <SV = 53> <Delay = 2.29>
ST_58 : Operation 491 [1/2] (2.29ns)   --->   "%mul_ln73 = mul i32 %indX, i32 %IszY_read" [likelihood_kernel.cpp:73]   --->   Operation 491 'mul' 'mul_ln73' <Predicate = (!icmp_ln67)> <Delay = 2.29> <CoreInst = "Multiplier">   --->   Core 3 'Multiplier' <Latency = 1> <II = 1> <Delay = 2.29> <FuncUnit> <Opcode : 'mul'> <InPorts = 2> <OutPorts = 1>

State 59 <SV = 54> <Delay = 0.73>
ST_59 : Operation 492 [1/1] (0.00ns) (grouped into TernaryAdder)   --->   "%add_ln73_3 = add i32 %result_V_13, i32 %result_V" [likelihood_kernel.cpp:73]   --->   Operation 492 'add' 'add_ln73_3' <Predicate = (!icmp_ln67)> <Delay = 0.00> <CoreInst = "TAddSub">   --->   Core 10 'TAddSub' <Latency = 0> <II = 1> <Delay = 0.36> <IPBlock> <Opcode : 'add' 'sub'> <InPorts = 3> <OutPorts = 1> <Sync>
ST_59 : Operation 493 [1/1] (0.73ns) (root node of TernaryAdder)   --->   "%add_ln73 = add i32 %add_ln73_3, i32 %mul_ln73" [likelihood_kernel.cpp:73]   --->   Operation 493 'add' 'add_ln73' <Predicate = (!icmp_ln67)> <Delay = 0.73> <CoreInst = "TAddSub">   --->   Core 10 'TAddSub' <Latency = 0> <II = 1> <Delay = 0.36> <IPBlock> <Opcode : 'add' 'sub'> <InPorts = 3> <OutPorts = 1> <Sync>

State 60 <SV = 55> <Delay = 2.29>
ST_60 : Operation 494 [2/2] (2.29ns)   --->   "%mul_ln73_1 = mul i32 %add_ln73, i32 %Nfr_read" [likelihood_kernel.cpp:73]   --->   Operation 494 'mul' 'mul_ln73_1' <Predicate = (!icmp_ln67)> <Delay = 2.29> <CoreInst = "Multiplier">   --->   Core 3 'Multiplier' <Latency = 1> <II = 1> <Delay = 2.29> <FuncUnit> <Opcode : 'mul'> <InPorts = 2> <OutPorts = 1>

State 61 <SV = 56> <Delay = 2.29>
ST_61 : Operation 495 [1/2] (2.29ns)   --->   "%mul_ln73_1 = mul i32 %add_ln73, i32 %Nfr_read" [likelihood_kernel.cpp:73]   --->   Operation 495 'mul' 'mul_ln73_1' <Predicate = (!icmp_ln67)> <Delay = 2.29> <CoreInst = "Multiplier">   --->   Core 3 'Multiplier' <Latency = 1> <II = 1> <Delay = 2.29> <FuncUnit> <Opcode : 'mul'> <InPorts = 2> <OutPorts = 1>

State 62 <SV = 57> <Delay = 0.88>
ST_62 : Operation 496 [1/1] (0.88ns)   --->   "%add_ln73_1 = add i32 %mul_ln73_1, i32 %k_read" [likelihood_kernel.cpp:73]   --->   Operation 496 'add' 'add_ln73_1' <Predicate = (!icmp_ln67)> <Delay = 0.88> <CoreInst = "Adder">   --->   Core 1 'Adder' <Latency = 0> <II = 1> <Delay = 0.88> <FuncUnit> <Opcode : 'add' 'sub'> <InPorts = 2> <OutPorts = 1>

State 63 <SV = 58> <Delay = 2.39>
ST_63 : Operation 497 [1/1] (0.88ns)   --->   "%neg = sub i32 0, i32 %add_ln73_1" [likelihood_kernel.cpp:73]   --->   Operation 497 'sub' 'neg' <Predicate = (!icmp_ln67)> <Delay = 0.88> <CoreInst = "Adder">   --->   Core 1 'Adder' <Latency = 0> <II = 1> <Delay = 0.88> <FuncUnit> <Opcode : 'add' 'sub'> <InPorts = 2> <OutPorts = 1>
ST_63 : Operation 498 [1/1] (0.85ns)   --->   "%abscond = icmp_sgt  i32 %add_ln73_1, i32 0" [likelihood_kernel.cpp:73]   --->   Operation 498 'icmp' 'abscond' <Predicate = (!icmp_ln67)> <Delay = 0.85> <CoreInst = "Cmp">   --->   Core 9 'Cmp' <Latency = 0> <II = 1> <Delay = 0.85> <FuncUnit> <Opcode : 'icmp'> <InPorts = 2> <OutPorts = 1>
ST_63 : Operation 499 [1/1] (0.22ns)   --->   "%abs = select i1 %abscond, i32 %add_ln73_1, i32 %neg" [likelihood_kernel.cpp:73]   --->   Operation 499 'select' 'abs' <Predicate = (!icmp_ln67)> <Delay = 0.22> <CoreInst = "Sel">   --->   Core 73 'Sel' <Latency = 0> <II = 1> <Delay = 0.22> <FuncUnit> <Opcode : 'select'> <InPorts = 3> <OutPorts = 1>
ST_63 : Operation 500 [1/1] (0.00ns)   --->   "%sext_ln75 = sext i32 %abs" [likelihood_kernel.cpp:75]   --->   Operation 500 'sext' 'sext_ln75' <Predicate = (!icmp_ln67)> <Delay = 0.00>
ST_63 : Operation 501 [1/1] (1.06ns)   --->   "%icmp_ln75 = icmp_slt  i64 %sext_ln75, i64 %max_size_read" [likelihood_kernel.cpp:75]   --->   Operation 501 'icmp' 'icmp_ln75' <Predicate = (!icmp_ln67)> <Delay = 1.06> <CoreInst = "Cmp">   --->   Core 9 'Cmp' <Latency = 0> <II = 1> <Delay = 0.85> <FuncUnit> <Opcode : 'icmp'> <InPorts = 2> <OutPorts = 1>
ST_63 : Operation 502 [1/1] (0.00ns) (grouped into LUT with out node select_ln75)   --->   "%xor_ln75 = xor i1 %icmp_ln75, i1 1" [likelihood_kernel.cpp:75]   --->   Operation 502 'xor' 'xor_ln75' <Predicate = (!icmp_ln67)> <Delay = 0.00> <CoreInst = "LogicGate">   --->   Core 74 'LogicGate' <Latency = 0> <II = 1> <Delay = 0.12> <FuncUnit> <Opcode : 'and' 'or' 'xor'> <InPorts = 2> <OutPorts = 1>
ST_63 : Operation 503 [1/1] (0.22ns) (out node of the LUT)   --->   "%select_ln75 = select i1 %xor_ln75, i32 0, i32 %abs" [likelihood_kernel.cpp:75]   --->   Operation 503 'select' 'select_ln75' <Predicate = (!icmp_ln67)> <Delay = 0.22> <CoreInst = "Sel">   --->   Core 73 'Sel' <Latency = 0> <II = 1> <Delay = 0.22> <FuncUnit> <Opcode : 'select'> <InPorts = 3> <OutPorts = 1>

State 64 <SV = 59> <Delay = 1.24>
ST_64 : Operation 504 [1/1] (0.00ns)   --->   "%specpipeline_ln67 = specpipeline void @_ssdm_op_SpecPipeline, i32 1, i32 0, i32 0, i32 0, void @empty_25" [likelihood_kernel.cpp:67]   --->   Operation 504 'specpipeline' 'specpipeline_ln67' <Predicate = (!icmp_ln67)> <Delay = 0.00>
ST_64 : Operation 505 [1/1] (0.00ns)   --->   "%speclooptripcount_ln67 = speclooptripcount void @_ssdm_op_SpecLoopTripCount, i64 400, i64 400, i64 400" [likelihood_kernel.cpp:67]   --->   Operation 505 'speclooptripcount' 'speclooptripcount_ln67' <Predicate = (!icmp_ln67)> <Delay = 0.00>
ST_64 : Operation 506 [1/1] (0.00ns)   --->   "%specloopname_ln67 = specloopname void @_ssdm_op_SpecLoopName, void @empty_8" [likelihood_kernel.cpp:67]   --->   Operation 506 'specloopname' 'specloopname_ln67' <Predicate = (!icmp_ln67)> <Delay = 0.00>
ST_64 : Operation 507 [1/1] (0.00ns)   --->   "%zext_ln73 = zext i16 %add_ln73_2" [likelihood_kernel.cpp:73]   --->   Operation 507 'zext' 'zext_ln73' <Predicate = (!icmp_ln67)> <Delay = 0.00>
ST_64 : Operation 508 [1/1] (0.00ns)   --->   "%ind_buffer_addr = getelementptr i32 %ind_buffer, i64 0, i64 %zext_ln73" [likelihood_kernel.cpp:73]   --->   Operation 508 'getelementptr' 'ind_buffer_addr' <Predicate = (!icmp_ln67)> <Delay = 0.00>
ST_64 : Operation 509 [1/1] (1.24ns)   --->   "%store_ln75 = store i32 %select_ln75, i16 %ind_buffer_addr" [likelihood_kernel.cpp:75]   --->   Operation 509 'store' 'store_ln75' <Predicate = (!icmp_ln67)> <Delay = 1.24> <CoreInst = "RAM">   --->   Core 83 'RAM' <Latency = 1> <II = 1> <Delay = 1.24> <Storage> <Opcode : 'load' 'store'> <Ports = 2> <Width = 32> <Depth = 40000> <RAM>
ST_64 : Operation 510 [1/1] (0.00ns)   --->   "%br_ln0 = br void"   --->   Operation 510 'br' 'br_ln0' <Predicate = (!icmp_ln67)> <Delay = 0.00>

State 65 <SV = 41> <Delay = 0.38>
ST_65 : Operation 511 [1/1] (0.38ns)   --->   "%br_ln82 = br void %._crit_edge" [likelihood_kernel.cpp:82]   --->   Operation 511 'br' 'br_ln82' <Predicate = true> <Delay = 0.38>

State 66 <SV = 42> <Delay = 2.03>
ST_66 : Operation 512 [1/1] (0.00ns)   --->   "%y_1 = phi i31 %add_ln82, void %.split7, i31 0, void %._crit_edge.preheader" [likelihood_kernel.cpp:82]   --->   Operation 512 'phi' 'y_1' <Predicate = true> <Delay = 0.00>
ST_66 : Operation 513 [1/1] (0.00ns)   --->   "%zext_ln82 = zext i31 %y_1" [likelihood_kernel.cpp:82]   --->   Operation 513 'zext' 'zext_ln82' <Predicate = true> <Delay = 0.00>
ST_66 : Operation 514 [1/1] (0.85ns)   --->   "%icmp_ln82 = icmp_eq  i32 %zext_ln82, i32 %countOnes_read" [likelihood_kernel.cpp:82]   --->   Operation 514 'icmp' 'icmp_ln82' <Predicate = true> <Delay = 0.85> <CoreInst = "Cmp">   --->   Core 9 'Cmp' <Latency = 0> <II = 1> <Delay = 0.85> <FuncUnit> <Opcode : 'icmp'> <InPorts = 2> <OutPorts = 1>
ST_66 : Operation 515 [1/1] (0.00ns)   --->   "%br_ln82 = br i1 %icmp_ln82, void %.split7, void %._crit_edge49.loopexit" [likelihood_kernel.cpp:82]   --->   Operation 515 'br' 'br_ln82' <Predicate = true> <Delay = 0.00>
ST_66 : Operation 516 [1/1] (0.00ns)   --->   "%trunc_ln82 = trunc i31 %y_1" [likelihood_kernel.cpp:82]   --->   Operation 516 'trunc' 'trunc_ln82' <Predicate = (!icmp_ln82)> <Delay = 0.00>
ST_66 : Operation 517 [1/1] (0.78ns)   --->   "%add_ln85 = add i16 %trunc_ln82, i16 %empty_42" [likelihood_kernel.cpp:85]   --->   Operation 517 'add' 'add_ln85' <Predicate = (!icmp_ln82)> <Delay = 0.78> <CoreInst = "Adder">   --->   Core 1 'Adder' <Latency = 0> <II = 1> <Delay = 0.88> <FuncUnit> <Opcode : 'add' 'sub'> <InPorts = 2> <OutPorts = 1>
ST_66 : Operation 518 [1/1] (0.00ns)   --->   "%zext_ln85 = zext i16 %add_ln85" [likelihood_kernel.cpp:85]   --->   Operation 518 'zext' 'zext_ln85' <Predicate = (!icmp_ln82)> <Delay = 0.00>
ST_66 : Operation 519 [1/1] (0.00ns)   --->   "%ind_buffer_addr_1 = getelementptr i32 %ind_buffer, i64 0, i64 %zext_ln85" [likelihood_kernel.cpp:85]   --->   Operation 519 'getelementptr' 'ind_buffer_addr_1' <Predicate = (!icmp_ln82)> <Delay = 0.00>
ST_66 : Operation 520 [2/2] (1.24ns)   --->   "%idx = load i16 %ind_buffer_addr_1" [likelihood_kernel.cpp:85]   --->   Operation 520 'load' 'idx' <Predicate = (!icmp_ln82)> <Delay = 1.24> <CoreInst = "RAM">   --->   Core 83 'RAM' <Latency = 1> <II = 1> <Delay = 1.24> <Storage> <Opcode : 'load' 'store'> <Ports = 2> <Width = 32> <Depth = 40000> <RAM>

State 67 <SV = 43> <Delay = 2.39>
ST_67 : Operation 521 [1/2] (1.24ns)   --->   "%idx = load i16 %ind_buffer_addr_1" [likelihood_kernel.cpp:85]   --->   Operation 521 'load' 'idx' <Predicate = (!icmp_ln82)> <Delay = 1.24> <CoreInst = "RAM">   --->   Core 83 'RAM' <Latency = 1> <II = 1> <Delay = 1.24> <Storage> <Opcode : 'load' 'store'> <Ports = 2> <Width = 32> <Depth = 40000> <RAM>
ST_67 : Operation 522 [1/1] (0.00ns)   --->   "%shl_ln1 = bitconcatenate i34 @_ssdm_op_BitConcatenate.i34.i32.i2, i32 %idx, i2 0" [likelihood_kernel.cpp:86]   --->   Operation 522 'bitconcatenate' 'shl_ln1' <Predicate = (!icmp_ln82)> <Delay = 0.00>
ST_67 : Operation 523 [1/1] (0.00ns)   --->   "%sext_ln86 = sext i34 %shl_ln1" [likelihood_kernel.cpp:86]   --->   Operation 523 'sext' 'sext_ln86' <Predicate = (!icmp_ln82)> <Delay = 0.00>
ST_67 : Operation 524 [1/1] (1.14ns)   --->   "%add_ln86 = add i64 %sext_ln86, i64 %I_read" [likelihood_kernel.cpp:86]   --->   Operation 524 'add' 'add_ln86' <Predicate = (!icmp_ln82)> <Delay = 1.14> <CoreInst = "Adder">   --->   Core 1 'Adder' <Latency = 0> <II = 1> <Delay = 0.88> <FuncUnit> <Opcode : 'add' 'sub'> <InPorts = 2> <OutPorts = 1>
ST_67 : Operation 525 [1/1] (0.00ns)   --->   "%trunc_ln6 = partselect i62 @_ssdm_op_PartSelect.i62.i64.i32.i32, i64 %add_ln86, i32 2, i32 63" [likelihood_kernel.cpp:86]   --->   Operation 525 'partselect' 'trunc_ln6' <Predicate = (!icmp_ln82)> <Delay = 0.00>
ST_67 : Operation 526 [1/1] (0.00ns)   --->   "%sext_ln86_1 = sext i62 %trunc_ln6" [likelihood_kernel.cpp:86]   --->   Operation 526 'sext' 'sext_ln86_1' <Predicate = (!icmp_ln82)> <Delay = 0.00>
ST_67 : Operation 527 [1/1] (0.00ns)   --->   "%gmem3_addr = getelementptr i32 %gmem3, i64 %sext_ln86_1" [likelihood_kernel.cpp:86]   --->   Operation 527 'getelementptr' 'gmem3_addr' <Predicate = (!icmp_ln82)> <Delay = 0.00>

State 68 <SV = 44> <Delay = 2.43>
ST_68 : Operation 528 [7/7] (2.43ns)   --->   "%gmem3_load_req = readreq i1 @_ssdm_op_ReadReq.m_axi.i32P1A, i64 %gmem3_addr, i32 1" [likelihood_kernel.cpp:86]   --->   Operation 528 'readreq' 'gmem3_load_req' <Predicate = (!icmp_ln82)> <Delay = 2.43> <CoreInst = "m_axi">   --->   Core 121 'm_axi' <Latency = 6> <II = 1> <Delay = 1.00> <Adapter> <Opcode : 'read' 'write' 'readreq' 'writereq' 'writeresp'>

State 69 <SV = 45> <Delay = 2.43>
ST_69 : Operation 529 [6/7] (2.43ns)   --->   "%gmem3_load_req = readreq i1 @_ssdm_op_ReadReq.m_axi.i32P1A, i64 %gmem3_addr, i32 1" [likelihood_kernel.cpp:86]   --->   Operation 529 'readreq' 'gmem3_load_req' <Predicate = (!icmp_ln82)> <Delay = 2.43> <CoreInst = "m_axi">   --->   Core 121 'm_axi' <Latency = 6> <II = 1> <Delay = 1.00> <Adapter> <Opcode : 'read' 'write' 'readreq' 'writereq' 'writeresp'>

State 70 <SV = 46> <Delay = 2.43>
ST_70 : Operation 530 [1/1] (0.87ns)   --->   "%add_ln82 = add i31 %y_1, i31 1" [likelihood_kernel.cpp:82]   --->   Operation 530 'add' 'add_ln82' <Predicate = true> <Delay = 0.87> <CoreInst = "Adder">   --->   Core 1 'Adder' <Latency = 0> <II = 1> <Delay = 0.88> <FuncUnit> <Opcode : 'add' 'sub'> <InPorts = 2> <OutPorts = 1>
ST_70 : Operation 531 [5/7] (2.43ns)   --->   "%gmem3_load_req = readreq i1 @_ssdm_op_ReadReq.m_axi.i32P1A, i64 %gmem3_addr, i32 1" [likelihood_kernel.cpp:86]   --->   Operation 531 'readreq' 'gmem3_load_req' <Predicate = (!icmp_ln82)> <Delay = 2.43> <CoreInst = "m_axi">   --->   Core 121 'm_axi' <Latency = 6> <II = 1> <Delay = 1.00> <Adapter> <Opcode : 'read' 'write' 'readreq' 'writereq' 'writeresp'>

State 71 <SV = 47> <Delay = 2.43>
ST_71 : Operation 532 [4/7] (2.43ns)   --->   "%gmem3_load_req = readreq i1 @_ssdm_op_ReadReq.m_axi.i32P1A, i64 %gmem3_addr, i32 1" [likelihood_kernel.cpp:86]   --->   Operation 532 'readreq' 'gmem3_load_req' <Predicate = (!icmp_ln82)> <Delay = 2.43> <CoreInst = "m_axi">   --->   Core 121 'm_axi' <Latency = 6> <II = 1> <Delay = 1.00> <Adapter> <Opcode : 'read' 'write' 'readreq' 'writereq' 'writeresp'>

State 72 <SV = 48> <Delay = 2.43>
ST_72 : Operation 533 [3/7] (2.43ns)   --->   "%gmem3_load_req = readreq i1 @_ssdm_op_ReadReq.m_axi.i32P1A, i64 %gmem3_addr, i32 1" [likelihood_kernel.cpp:86]   --->   Operation 533 'readreq' 'gmem3_load_req' <Predicate = (!icmp_ln82)> <Delay = 2.43> <CoreInst = "m_axi">   --->   Core 121 'm_axi' <Latency = 6> <II = 1> <Delay = 1.00> <Adapter> <Opcode : 'read' 'write' 'readreq' 'writereq' 'writeresp'>

State 73 <SV = 49> <Delay = 2.43>
ST_73 : Operation 534 [2/7] (2.43ns)   --->   "%gmem3_load_req = readreq i1 @_ssdm_op_ReadReq.m_axi.i32P1A, i64 %gmem3_addr, i32 1" [likelihood_kernel.cpp:86]   --->   Operation 534 'readreq' 'gmem3_load_req' <Predicate = (!icmp_ln82)> <Delay = 2.43> <CoreInst = "m_axi">   --->   Core 121 'm_axi' <Latency = 6> <II = 1> <Delay = 1.00> <Adapter> <Opcode : 'read' 'write' 'readreq' 'writereq' 'writeresp'>

State 74 <SV = 50> <Delay = 2.43>
ST_74 : Operation 535 [1/7] (2.43ns)   --->   "%gmem3_load_req = readreq i1 @_ssdm_op_ReadReq.m_axi.i32P1A, i64 %gmem3_addr, i32 1" [likelihood_kernel.cpp:86]   --->   Operation 535 'readreq' 'gmem3_load_req' <Predicate = (!icmp_ln82)> <Delay = 2.43> <CoreInst = "m_axi">   --->   Core 121 'm_axi' <Latency = 6> <II = 1> <Delay = 1.00> <Adapter> <Opcode : 'read' 'write' 'readreq' 'writereq' 'writeresp'>

State 75 <SV = 51> <Delay = 2.43>
ST_75 : Operation 536 [1/1] (2.43ns)   --->   "%gmem3_addr_read = read i32 @_ssdm_op_Read.m_axi.i32P1A, i64 %gmem3_addr" [likelihood_kernel.cpp:86]   --->   Operation 536 'read' 'gmem3_addr_read' <Predicate = (!icmp_ln82)> <Delay = 2.43> <CoreInst = "m_axi">   --->   Core 121 'm_axi' <Latency = 6> <II = 1> <Delay = 1.00> <Adapter> <Opcode : 'read' 'write' 'readreq' 'writereq' 'writeresp'>

State 76 <SV = 52> <Delay = 0.88>
ST_76 : Operation 537 [1/1] (0.88ns)   --->   "%a = add i32 %gmem3_addr_read, i32 4294967196" [likelihood_kernel.cpp:86]   --->   Operation 537 'add' 'a' <Predicate = (!icmp_ln82)> <Delay = 0.88> <CoreInst = "Adder">   --->   Core 1 'Adder' <Latency = 0> <II = 1> <Delay = 0.88> <FuncUnit> <Opcode : 'add' 'sub'> <InPorts = 2> <OutPorts = 1>

State 77 <SV = 53> <Delay = 2.29>
ST_77 : Operation 538 [1/1] (0.88ns)   --->   "%b = add i32 %gmem3_addr_read, i32 4294967068" [likelihood_kernel.cpp:87]   --->   Operation 538 'add' 'b' <Predicate = (!icmp_ln82)> <Delay = 0.88> <CoreInst = "Adder">   --->   Core 1 'Adder' <Latency = 0> <II = 1> <Delay = 0.88> <FuncUnit> <Opcode : 'add' 'sub'> <InPorts = 2> <OutPorts = 1>
ST_77 : Operation 539 [2/2] (2.29ns)   --->   "%mul_ln88 = mul i32 %a, i32 %a" [likelihood_kernel.cpp:88]   --->   Operation 539 'mul' 'mul_ln88' <Predicate = (!icmp_ln82)> <Delay = 2.29> <CoreInst = "Multiplier">   --->   Core 3 'Multiplier' <Latency = 1> <II = 1> <Delay = 2.29> <FuncUnit> <Opcode : 'mul'> <InPorts = 2> <OutPorts = 1>

State 78 <SV = 54> <Delay = 2.29>
ST_78 : Operation 540 [1/2] (2.29ns)   --->   "%mul_ln88 = mul i32 %a, i32 %a" [likelihood_kernel.cpp:88]   --->   Operation 540 'mul' 'mul_ln88' <Predicate = (!icmp_ln82)> <Delay = 2.29> <CoreInst = "Multiplier">   --->   Core 3 'Multiplier' <Latency = 1> <II = 1> <Delay = 2.29> <FuncUnit> <Opcode : 'mul'> <InPorts = 2> <OutPorts = 1>
ST_78 : Operation 541 [2/2] (2.29ns)   --->   "%mul_ln88_1 = mul i32 %b, i32 %b" [likelihood_kernel.cpp:88]   --->   Operation 541 'mul' 'mul_ln88_1' <Predicate = (!icmp_ln82)> <Delay = 2.29> <CoreInst = "Multiplier">   --->   Core 3 'Multiplier' <Latency = 1> <II = 1> <Delay = 2.29> <FuncUnit> <Opcode : 'mul'> <InPorts = 2> <OutPorts = 1>

State 79 <SV = 55> <Delay = 2.29>
ST_79 : Operation 542 [5/5] (2.21ns)   --->   "%conv47_i = sitodp i32 %mul_ln88" [likelihood_kernel.cpp:88]   --->   Operation 542 'sitodp' 'conv47_i' <Predicate = (!icmp_ln82)> <Delay = 2.21> <CoreInst = "Int2Double">   --->   Core 66 'Int2Double' <Latency = 4> <II = 1> <Delay = 2.21> <FuncUnit> <Opcode : 'sitodp' 'uitodp'> <InPorts = 1> <OutPorts = 1>
ST_79 : Operation 543 [1/2] (2.29ns)   --->   "%mul_ln88_1 = mul i32 %b, i32 %b" [likelihood_kernel.cpp:88]   --->   Operation 543 'mul' 'mul_ln88_1' <Predicate = (!icmp_ln82)> <Delay = 2.29> <CoreInst = "Multiplier">   --->   Core 3 'Multiplier' <Latency = 1> <II = 1> <Delay = 2.29> <FuncUnit> <Opcode : 'mul'> <InPorts = 2> <OutPorts = 1>

State 80 <SV = 56> <Delay = 2.21>
ST_80 : Operation 544 [4/5] (2.21ns)   --->   "%conv47_i = sitodp i32 %mul_ln88" [likelihood_kernel.cpp:88]   --->   Operation 544 'sitodp' 'conv47_i' <Predicate = (!icmp_ln82)> <Delay = 2.21> <CoreInst = "Int2Double">   --->   Core 66 'Int2Double' <Latency = 4> <II = 1> <Delay = 2.21> <FuncUnit> <Opcode : 'sitodp' 'uitodp'> <InPorts = 1> <OutPorts = 1>
ST_80 : Operation 545 [5/5] (2.21ns)   --->   "%conv49_i = sitodp i32 %mul_ln88_1" [likelihood_kernel.cpp:88]   --->   Operation 545 'sitodp' 'conv49_i' <Predicate = (!icmp_ln82)> <Delay = 2.21> <CoreInst = "Int2Double">   --->   Core 66 'Int2Double' <Latency = 4> <II = 1> <Delay = 2.21> <FuncUnit> <Opcode : 'sitodp' 'uitodp'> <InPorts = 1> <OutPorts = 1>

State 81 <SV = 57> <Delay = 2.21>
ST_81 : Operation 546 [3/5] (2.21ns)   --->   "%conv47_i = sitodp i32 %mul_ln88" [likelihood_kernel.cpp:88]   --->   Operation 546 'sitodp' 'conv47_i' <Predicate = (!icmp_ln82)> <Delay = 2.21> <CoreInst = "Int2Double">   --->   Core 66 'Int2Double' <Latency = 4> <II = 1> <Delay = 2.21> <FuncUnit> <Opcode : 'sitodp' 'uitodp'> <InPorts = 1> <OutPorts = 1>
ST_81 : Operation 547 [4/5] (2.21ns)   --->   "%conv49_i = sitodp i32 %mul_ln88_1" [likelihood_kernel.cpp:88]   --->   Operation 547 'sitodp' 'conv49_i' <Predicate = (!icmp_ln82)> <Delay = 2.21> <CoreInst = "Int2Double">   --->   Core 66 'Int2Double' <Latency = 4> <II = 1> <Delay = 2.21> <FuncUnit> <Opcode : 'sitodp' 'uitodp'> <InPorts = 1> <OutPorts = 1>

State 82 <SV = 58> <Delay = 2.21>
ST_82 : Operation 548 [2/5] (2.21ns)   --->   "%conv47_i = sitodp i32 %mul_ln88" [likelihood_kernel.cpp:88]   --->   Operation 548 'sitodp' 'conv47_i' <Predicate = (!icmp_ln82)> <Delay = 2.21> <CoreInst = "Int2Double">   --->   Core 66 'Int2Double' <Latency = 4> <II = 1> <Delay = 2.21> <FuncUnit> <Opcode : 'sitodp' 'uitodp'> <InPorts = 1> <OutPorts = 1>
ST_82 : Operation 549 [3/5] (2.21ns)   --->   "%conv49_i = sitodp i32 %mul_ln88_1" [likelihood_kernel.cpp:88]   --->   Operation 549 'sitodp' 'conv49_i' <Predicate = (!icmp_ln82)> <Delay = 2.21> <CoreInst = "Int2Double">   --->   Core 66 'Int2Double' <Latency = 4> <II = 1> <Delay = 2.21> <FuncUnit> <Opcode : 'sitodp' 'uitodp'> <InPorts = 1> <OutPorts = 1>

State 83 <SV = 59> <Delay = 2.21>
ST_83 : Operation 550 [1/5] (2.21ns)   --->   "%conv47_i = sitodp i32 %mul_ln88" [likelihood_kernel.cpp:88]   --->   Operation 550 'sitodp' 'conv47_i' <Predicate = (!icmp_ln82)> <Delay = 2.21> <CoreInst = "Int2Double">   --->   Core 66 'Int2Double' <Latency = 4> <II = 1> <Delay = 2.21> <FuncUnit> <Opcode : 'sitodp' 'uitodp'> <InPorts = 1> <OutPorts = 1>
ST_83 : Operation 551 [2/5] (2.21ns)   --->   "%conv49_i = sitodp i32 %mul_ln88_1" [likelihood_kernel.cpp:88]   --->   Operation 551 'sitodp' 'conv49_i' <Predicate = (!icmp_ln82)> <Delay = 2.21> <CoreInst = "Int2Double">   --->   Core 66 'Int2Double' <Latency = 4> <II = 1> <Delay = 2.21> <FuncUnit> <Opcode : 'sitodp' 'uitodp'> <InPorts = 1> <OutPorts = 1>

State 84 <SV = 60> <Delay = 2.21>
ST_84 : Operation 552 [1/5] (2.21ns)   --->   "%conv49_i = sitodp i32 %mul_ln88_1" [likelihood_kernel.cpp:88]   --->   Operation 552 'sitodp' 'conv49_i' <Predicate = (!icmp_ln82)> <Delay = 2.21> <CoreInst = "Int2Double">   --->   Core 66 'Int2Double' <Latency = 4> <II = 1> <Delay = 2.21> <FuncUnit> <Opcode : 'sitodp' 'uitodp'> <InPorts = 1> <OutPorts = 1>

State 85 <SV = 61> <Delay = 1.90>
ST_85 : Operation 553 [8/8] (1.90ns)   --->   "%sub50_i = dsub i64 %conv47_i, i64 %conv49_i" [likelihood_kernel.cpp:88]   --->   Operation 553 'dsub' 'sub50_i' <Predicate = (!icmp_ln82)> <Delay = 1.90> <CoreInst = "DAddSub_fulldsp">   --->   Core 37 'DAddSub_fulldsp' <Latency = 7> <II = 1> <Delay = 1.90> <FuncUnit> <Opcode : 'dadd' 'dsub'> <InPorts = 2> <OutPorts = 1>

State 86 <SV = 62> <Delay = 1.90>
ST_86 : Operation 554 [7/8] (1.90ns)   --->   "%sub50_i = dsub i64 %conv47_i, i64 %conv49_i" [likelihood_kernel.cpp:88]   --->   Operation 554 'dsub' 'sub50_i' <Predicate = (!icmp_ln82)> <Delay = 1.90> <CoreInst = "DAddSub_fulldsp">   --->   Core 37 'DAddSub_fulldsp' <Latency = 7> <II = 1> <Delay = 1.90> <FuncUnit> <Opcode : 'dadd' 'dsub'> <InPorts = 2> <OutPorts = 1>

State 87 <SV = 63> <Delay = 1.90>
ST_87 : Operation 555 [6/8] (1.90ns)   --->   "%sub50_i = dsub i64 %conv47_i, i64 %conv49_i" [likelihood_kernel.cpp:88]   --->   Operation 555 'dsub' 'sub50_i' <Predicate = (!icmp_ln82)> <Delay = 1.90> <CoreInst = "DAddSub_fulldsp">   --->   Core 37 'DAddSub_fulldsp' <Latency = 7> <II = 1> <Delay = 1.90> <FuncUnit> <Opcode : 'dadd' 'dsub'> <InPorts = 2> <OutPorts = 1>

State 88 <SV = 64> <Delay = 1.90>
ST_88 : Operation 556 [5/8] (1.90ns)   --->   "%sub50_i = dsub i64 %conv47_i, i64 %conv49_i" [likelihood_kernel.cpp:88]   --->   Operation 556 'dsub' 'sub50_i' <Predicate = (!icmp_ln82)> <Delay = 1.90> <CoreInst = "DAddSub_fulldsp">   --->   Core 37 'DAddSub_fulldsp' <Latency = 7> <II = 1> <Delay = 1.90> <FuncUnit> <Opcode : 'dadd' 'dsub'> <InPorts = 2> <OutPorts = 1>

State 89 <SV = 65> <Delay = 1.90>
ST_89 : Operation 557 [4/8] (1.90ns)   --->   "%sub50_i = dsub i64 %conv47_i, i64 %conv49_i" [likelihood_kernel.cpp:88]   --->   Operation 557 'dsub' 'sub50_i' <Predicate = (!icmp_ln82)> <Delay = 1.90> <CoreInst = "DAddSub_fulldsp">   --->   Core 37 'DAddSub_fulldsp' <Latency = 7> <II = 1> <Delay = 1.90> <FuncUnit> <Opcode : 'dadd' 'dsub'> <InPorts = 2> <OutPorts = 1>

State 90 <SV = 66> <Delay = 1.90>
ST_90 : Operation 558 [3/8] (1.90ns)   --->   "%sub50_i = dsub i64 %conv47_i, i64 %conv49_i" [likelihood_kernel.cpp:88]   --->   Operation 558 'dsub' 'sub50_i' <Predicate = (!icmp_ln82)> <Delay = 1.90> <CoreInst = "DAddSub_fulldsp">   --->   Core 37 'DAddSub_fulldsp' <Latency = 7> <II = 1> <Delay = 1.90> <FuncUnit> <Opcode : 'dadd' 'dsub'> <InPorts = 2> <OutPorts = 1>

State 91 <SV = 67> <Delay = 1.90>
ST_91 : Operation 559 [2/8] (1.90ns)   --->   "%sub50_i = dsub i64 %conv47_i, i64 %conv49_i" [likelihood_kernel.cpp:88]   --->   Operation 559 'dsub' 'sub50_i' <Predicate = (!icmp_ln82)> <Delay = 1.90> <CoreInst = "DAddSub_fulldsp">   --->   Core 37 'DAddSub_fulldsp' <Latency = 7> <II = 1> <Delay = 1.90> <FuncUnit> <Opcode : 'dadd' 'dsub'> <InPorts = 2> <OutPorts = 1>

State 92 <SV = 68> <Delay = 1.90>
ST_92 : Operation 560 [1/8] (1.90ns)   --->   "%sub50_i = dsub i64 %conv47_i, i64 %conv49_i" [likelihood_kernel.cpp:88]   --->   Operation 560 'dsub' 'sub50_i' <Predicate = (!icmp_ln82)> <Delay = 1.90> <CoreInst = "DAddSub_fulldsp">   --->   Core 37 'DAddSub_fulldsp' <Latency = 7> <II = 1> <Delay = 1.90> <FuncUnit> <Opcode : 'dadd' 'dsub'> <InPorts = 2> <OutPorts = 1>

State 93 <SV = 69> <Delay = 2.35>
ST_93 : Operation 561 [31/31] (2.35ns)   --->   "%div_i = ddiv i64 %sub50_i, i64 50" [likelihood_kernel.cpp:88]   --->   Operation 561 'ddiv' 'div_i' <Predicate = (!icmp_ln82)> <Delay = 2.35> <CoreInst = "DDiv">   --->   Core 39 'DDiv' <Latency = 30> <II = 1> <Delay = 2.35> <FuncUnit> <Opcode : 'ddiv' 'drem'> <InPorts = 2> <OutPorts = 1>

State 94 <SV = 70> <Delay = 2.35>
ST_94 : Operation 562 [30/31] (2.35ns)   --->   "%div_i = ddiv i64 %sub50_i, i64 50" [likelihood_kernel.cpp:88]   --->   Operation 562 'ddiv' 'div_i' <Predicate = (!icmp_ln82)> <Delay = 2.35> <CoreInst = "DDiv">   --->   Core 39 'DDiv' <Latency = 30> <II = 1> <Delay = 2.35> <FuncUnit> <Opcode : 'ddiv' 'drem'> <InPorts = 2> <OutPorts = 1>

State 95 <SV = 71> <Delay = 2.35>
ST_95 : Operation 563 [29/31] (2.35ns)   --->   "%div_i = ddiv i64 %sub50_i, i64 50" [likelihood_kernel.cpp:88]   --->   Operation 563 'ddiv' 'div_i' <Predicate = (!icmp_ln82)> <Delay = 2.35> <CoreInst = "DDiv">   --->   Core 39 'DDiv' <Latency = 30> <II = 1> <Delay = 2.35> <FuncUnit> <Opcode : 'ddiv' 'drem'> <InPorts = 2> <OutPorts = 1>

State 96 <SV = 72> <Delay = 2.35>
ST_96 : Operation 564 [1/1] (0.00ns)   --->   "%empty_43 = phi i64 %add53_i, void %.split7, i64 0, void %._crit_edge.preheader" [likelihood_kernel.cpp:88]   --->   Operation 564 'phi' 'empty_43' <Predicate = true> <Delay = 0.00>
ST_96 : Operation 565 [28/31] (2.35ns)   --->   "%div_i = ddiv i64 %sub50_i, i64 50" [likelihood_kernel.cpp:88]   --->   Operation 565 'ddiv' 'div_i' <Predicate = (!icmp_ln82)> <Delay = 2.35> <CoreInst = "DDiv">   --->   Core 39 'DDiv' <Latency = 30> <II = 1> <Delay = 2.35> <FuncUnit> <Opcode : 'ddiv' 'drem'> <InPorts = 2> <OutPorts = 1>

State 97 <SV = 73> <Delay = 2.35>
ST_97 : Operation 566 [27/31] (2.35ns)   --->   "%div_i = ddiv i64 %sub50_i, i64 50" [likelihood_kernel.cpp:88]   --->   Operation 566 'ddiv' 'div_i' <Predicate = (!icmp_ln82)> <Delay = 2.35> <CoreInst = "DDiv">   --->   Core 39 'DDiv' <Latency = 30> <II = 1> <Delay = 2.35> <FuncUnit> <Opcode : 'ddiv' 'drem'> <InPorts = 2> <OutPorts = 1>

State 98 <SV = 74> <Delay = 2.35>
ST_98 : Operation 567 [26/31] (2.35ns)   --->   "%div_i = ddiv i64 %sub50_i, i64 50" [likelihood_kernel.cpp:88]   --->   Operation 567 'ddiv' 'div_i' <Predicate = (!icmp_ln82)> <Delay = 2.35> <CoreInst = "DDiv">   --->   Core 39 'DDiv' <Latency = 30> <II = 1> <Delay = 2.35> <FuncUnit> <Opcode : 'ddiv' 'drem'> <InPorts = 2> <OutPorts = 1>

State 99 <SV = 75> <Delay = 2.35>
ST_99 : Operation 568 [25/31] (2.35ns)   --->   "%div_i = ddiv i64 %sub50_i, i64 50" [likelihood_kernel.cpp:88]   --->   Operation 568 'ddiv' 'div_i' <Predicate = (!icmp_ln82)> <Delay = 2.35> <CoreInst = "DDiv">   --->   Core 39 'DDiv' <Latency = 30> <II = 1> <Delay = 2.35> <FuncUnit> <Opcode : 'ddiv' 'drem'> <InPorts = 2> <OutPorts = 1>

State 100 <SV = 76> <Delay = 2.35>
ST_100 : Operation 569 [24/31] (2.35ns)   --->   "%div_i = ddiv i64 %sub50_i, i64 50" [likelihood_kernel.cpp:88]   --->   Operation 569 'ddiv' 'div_i' <Predicate = (!icmp_ln82)> <Delay = 2.35> <CoreInst = "DDiv">   --->   Core 39 'DDiv' <Latency = 30> <II = 1> <Delay = 2.35> <FuncUnit> <Opcode : 'ddiv' 'drem'> <InPorts = 2> <OutPorts = 1>

State 101 <SV = 77> <Delay = 2.35>
ST_101 : Operation 570 [23/31] (2.35ns)   --->   "%div_i = ddiv i64 %sub50_i, i64 50" [likelihood_kernel.cpp:88]   --->   Operation 570 'ddiv' 'div_i' <Predicate = (!icmp_ln82)> <Delay = 2.35> <CoreInst = "DDiv">   --->   Core 39 'DDiv' <Latency = 30> <II = 1> <Delay = 2.35> <FuncUnit> <Opcode : 'ddiv' 'drem'> <InPorts = 2> <OutPorts = 1>

State 102 <SV = 78> <Delay = 2.35>
ST_102 : Operation 571 [22/31] (2.35ns)   --->   "%div_i = ddiv i64 %sub50_i, i64 50" [likelihood_kernel.cpp:88]   --->   Operation 571 'ddiv' 'div_i' <Predicate = (!icmp_ln82)> <Delay = 2.35> <CoreInst = "DDiv">   --->   Core 39 'DDiv' <Latency = 30> <II = 1> <Delay = 2.35> <FuncUnit> <Opcode : 'ddiv' 'drem'> <InPorts = 2> <OutPorts = 1>

State 103 <SV = 79> <Delay = 2.35>
ST_103 : Operation 572 [21/31] (2.35ns)   --->   "%div_i = ddiv i64 %sub50_i, i64 50" [likelihood_kernel.cpp:88]   --->   Operation 572 'ddiv' 'div_i' <Predicate = (!icmp_ln82)> <Delay = 2.35> <CoreInst = "DDiv">   --->   Core 39 'DDiv' <Latency = 30> <II = 1> <Delay = 2.35> <FuncUnit> <Opcode : 'ddiv' 'drem'> <InPorts = 2> <OutPorts = 1>

State 104 <SV = 80> <Delay = 2.35>
ST_104 : Operation 573 [20/31] (2.35ns)   --->   "%div_i = ddiv i64 %sub50_i, i64 50" [likelihood_kernel.cpp:88]   --->   Operation 573 'ddiv' 'div_i' <Predicate = (!icmp_ln82)> <Delay = 2.35> <CoreInst = "DDiv">   --->   Core 39 'DDiv' <Latency = 30> <II = 1> <Delay = 2.35> <FuncUnit> <Opcode : 'ddiv' 'drem'> <InPorts = 2> <OutPorts = 1>

State 105 <SV = 81> <Delay = 2.35>
ST_105 : Operation 574 [19/31] (2.35ns)   --->   "%div_i = ddiv i64 %sub50_i, i64 50" [likelihood_kernel.cpp:88]   --->   Operation 574 'ddiv' 'div_i' <Predicate = (!icmp_ln82)> <Delay = 2.35> <CoreInst = "DDiv">   --->   Core 39 'DDiv' <Latency = 30> <II = 1> <Delay = 2.35> <FuncUnit> <Opcode : 'ddiv' 'drem'> <InPorts = 2> <OutPorts = 1>

State 106 <SV = 82> <Delay = 2.35>
ST_106 : Operation 575 [18/31] (2.35ns)   --->   "%div_i = ddiv i64 %sub50_i, i64 50" [likelihood_kernel.cpp:88]   --->   Operation 575 'ddiv' 'div_i' <Predicate = (!icmp_ln82)> <Delay = 2.35> <CoreInst = "DDiv">   --->   Core 39 'DDiv' <Latency = 30> <II = 1> <Delay = 2.35> <FuncUnit> <Opcode : 'ddiv' 'drem'> <InPorts = 2> <OutPorts = 1>

State 107 <SV = 83> <Delay = 2.35>
ST_107 : Operation 576 [17/31] (2.35ns)   --->   "%div_i = ddiv i64 %sub50_i, i64 50" [likelihood_kernel.cpp:88]   --->   Operation 576 'ddiv' 'div_i' <Predicate = (!icmp_ln82)> <Delay = 2.35> <CoreInst = "DDiv">   --->   Core 39 'DDiv' <Latency = 30> <II = 1> <Delay = 2.35> <FuncUnit> <Opcode : 'ddiv' 'drem'> <InPorts = 2> <OutPorts = 1>

State 108 <SV = 84> <Delay = 2.35>
ST_108 : Operation 577 [16/31] (2.35ns)   --->   "%div_i = ddiv i64 %sub50_i, i64 50" [likelihood_kernel.cpp:88]   --->   Operation 577 'ddiv' 'div_i' <Predicate = (!icmp_ln82)> <Delay = 2.35> <CoreInst = "DDiv">   --->   Core 39 'DDiv' <Latency = 30> <II = 1> <Delay = 2.35> <FuncUnit> <Opcode : 'ddiv' 'drem'> <InPorts = 2> <OutPorts = 1>

State 109 <SV = 85> <Delay = 2.35>
ST_109 : Operation 578 [15/31] (2.35ns)   --->   "%div_i = ddiv i64 %sub50_i, i64 50" [likelihood_kernel.cpp:88]   --->   Operation 578 'ddiv' 'div_i' <Predicate = (!icmp_ln82)> <Delay = 2.35> <CoreInst = "DDiv">   --->   Core 39 'DDiv' <Latency = 30> <II = 1> <Delay = 2.35> <FuncUnit> <Opcode : 'ddiv' 'drem'> <InPorts = 2> <OutPorts = 1>

State 110 <SV = 86> <Delay = 2.35>
ST_110 : Operation 579 [14/31] (2.35ns)   --->   "%div_i = ddiv i64 %sub50_i, i64 50" [likelihood_kernel.cpp:88]   --->   Operation 579 'ddiv' 'div_i' <Predicate = (!icmp_ln82)> <Delay = 2.35> <CoreInst = "DDiv">   --->   Core 39 'DDiv' <Latency = 30> <II = 1> <Delay = 2.35> <FuncUnit> <Opcode : 'ddiv' 'drem'> <InPorts = 2> <OutPorts = 1>

State 111 <SV = 87> <Delay = 2.35>
ST_111 : Operation 580 [13/31] (2.35ns)   --->   "%div_i = ddiv i64 %sub50_i, i64 50" [likelihood_kernel.cpp:88]   --->   Operation 580 'ddiv' 'div_i' <Predicate = (!icmp_ln82)> <Delay = 2.35> <CoreInst = "DDiv">   --->   Core 39 'DDiv' <Latency = 30> <II = 1> <Delay = 2.35> <FuncUnit> <Opcode : 'ddiv' 'drem'> <InPorts = 2> <OutPorts = 1>

State 112 <SV = 88> <Delay = 2.35>
ST_112 : Operation 581 [12/31] (2.35ns)   --->   "%div_i = ddiv i64 %sub50_i, i64 50" [likelihood_kernel.cpp:88]   --->   Operation 581 'ddiv' 'div_i' <Predicate = (!icmp_ln82)> <Delay = 2.35> <CoreInst = "DDiv">   --->   Core 39 'DDiv' <Latency = 30> <II = 1> <Delay = 2.35> <FuncUnit> <Opcode : 'ddiv' 'drem'> <InPorts = 2> <OutPorts = 1>

State 113 <SV = 89> <Delay = 2.35>
ST_113 : Operation 582 [11/31] (2.35ns)   --->   "%div_i = ddiv i64 %sub50_i, i64 50" [likelihood_kernel.cpp:88]   --->   Operation 582 'ddiv' 'div_i' <Predicate = (!icmp_ln82)> <Delay = 2.35> <CoreInst = "DDiv">   --->   Core 39 'DDiv' <Latency = 30> <II = 1> <Delay = 2.35> <FuncUnit> <Opcode : 'ddiv' 'drem'> <InPorts = 2> <OutPorts = 1>

State 114 <SV = 90> <Delay = 2.35>
ST_114 : Operation 583 [10/31] (2.35ns)   --->   "%div_i = ddiv i64 %sub50_i, i64 50" [likelihood_kernel.cpp:88]   --->   Operation 583 'ddiv' 'div_i' <Predicate = (!icmp_ln82)> <Delay = 2.35> <CoreInst = "DDiv">   --->   Core 39 'DDiv' <Latency = 30> <II = 1> <Delay = 2.35> <FuncUnit> <Opcode : 'ddiv' 'drem'> <InPorts = 2> <OutPorts = 1>

State 115 <SV = 91> <Delay = 2.35>
ST_115 : Operation 584 [9/31] (2.35ns)   --->   "%div_i = ddiv i64 %sub50_i, i64 50" [likelihood_kernel.cpp:88]   --->   Operation 584 'ddiv' 'div_i' <Predicate = (!icmp_ln82)> <Delay = 2.35> <CoreInst = "DDiv">   --->   Core 39 'DDiv' <Latency = 30> <II = 1> <Delay = 2.35> <FuncUnit> <Opcode : 'ddiv' 'drem'> <InPorts = 2> <OutPorts = 1>

State 116 <SV = 92> <Delay = 2.35>
ST_116 : Operation 585 [8/31] (2.35ns)   --->   "%div_i = ddiv i64 %sub50_i, i64 50" [likelihood_kernel.cpp:88]   --->   Operation 585 'ddiv' 'div_i' <Predicate = (!icmp_ln82)> <Delay = 2.35> <CoreInst = "DDiv">   --->   Core 39 'DDiv' <Latency = 30> <II = 1> <Delay = 2.35> <FuncUnit> <Opcode : 'ddiv' 'drem'> <InPorts = 2> <OutPorts = 1>

State 117 <SV = 93> <Delay = 2.35>
ST_117 : Operation 586 [7/31] (2.35ns)   --->   "%div_i = ddiv i64 %sub50_i, i64 50" [likelihood_kernel.cpp:88]   --->   Operation 586 'ddiv' 'div_i' <Predicate = (!icmp_ln82)> <Delay = 2.35> <CoreInst = "DDiv">   --->   Core 39 'DDiv' <Latency = 30> <II = 1> <Delay = 2.35> <FuncUnit> <Opcode : 'ddiv' 'drem'> <InPorts = 2> <OutPorts = 1>

State 118 <SV = 94> <Delay = 2.35>
ST_118 : Operation 587 [6/31] (2.35ns)   --->   "%div_i = ddiv i64 %sub50_i, i64 50" [likelihood_kernel.cpp:88]   --->   Operation 587 'ddiv' 'div_i' <Predicate = (!icmp_ln82)> <Delay = 2.35> <CoreInst = "DDiv">   --->   Core 39 'DDiv' <Latency = 30> <II = 1> <Delay = 2.35> <FuncUnit> <Opcode : 'ddiv' 'drem'> <InPorts = 2> <OutPorts = 1>

State 119 <SV = 95> <Delay = 2.35>
ST_119 : Operation 588 [5/31] (2.35ns)   --->   "%div_i = ddiv i64 %sub50_i, i64 50" [likelihood_kernel.cpp:88]   --->   Operation 588 'ddiv' 'div_i' <Predicate = (!icmp_ln82)> <Delay = 2.35> <CoreInst = "DDiv">   --->   Core 39 'DDiv' <Latency = 30> <II = 1> <Delay = 2.35> <FuncUnit> <Opcode : 'ddiv' 'drem'> <InPorts = 2> <OutPorts = 1>

State 120 <SV = 96> <Delay = 2.35>
ST_120 : Operation 589 [4/31] (2.35ns)   --->   "%div_i = ddiv i64 %sub50_i, i64 50" [likelihood_kernel.cpp:88]   --->   Operation 589 'ddiv' 'div_i' <Predicate = (!icmp_ln82)> <Delay = 2.35> <CoreInst = "DDiv">   --->   Core 39 'DDiv' <Latency = 30> <II = 1> <Delay = 2.35> <FuncUnit> <Opcode : 'ddiv' 'drem'> <InPorts = 2> <OutPorts = 1>

State 121 <SV = 97> <Delay = 2.35>
ST_121 : Operation 590 [3/31] (2.35ns)   --->   "%div_i = ddiv i64 %sub50_i, i64 50" [likelihood_kernel.cpp:88]   --->   Operation 590 'ddiv' 'div_i' <Predicate = (!icmp_ln82)> <Delay = 2.35> <CoreInst = "DDiv">   --->   Core 39 'DDiv' <Latency = 30> <II = 1> <Delay = 2.35> <FuncUnit> <Opcode : 'ddiv' 'drem'> <InPorts = 2> <OutPorts = 1>

State 122 <SV = 98> <Delay = 2.35>
ST_122 : Operation 591 [2/31] (2.35ns)   --->   "%div_i = ddiv i64 %sub50_i, i64 50" [likelihood_kernel.cpp:88]   --->   Operation 591 'ddiv' 'div_i' <Predicate = (!icmp_ln82)> <Delay = 2.35> <CoreInst = "DDiv">   --->   Core 39 'DDiv' <Latency = 30> <II = 1> <Delay = 2.35> <FuncUnit> <Opcode : 'ddiv' 'drem'> <InPorts = 2> <OutPorts = 1>

State 123 <SV = 99> <Delay = 2.35>
ST_123 : Operation 592 [1/31] (2.35ns)   --->   "%div_i = ddiv i64 %sub50_i, i64 50" [likelihood_kernel.cpp:88]   --->   Operation 592 'ddiv' 'div_i' <Predicate = (!icmp_ln82)> <Delay = 2.35> <CoreInst = "DDiv">   --->   Core 39 'DDiv' <Latency = 30> <II = 1> <Delay = 2.35> <FuncUnit> <Opcode : 'ddiv' 'drem'> <InPorts = 2> <OutPorts = 1>

State 124 <SV = 100> <Delay = 1.97>
ST_124 : Operation 593 [6/6] (1.97ns)   --->   "%add53_i = dadd i64 %empty_43, i64 %div_i" [likelihood_kernel.cpp:88]   --->   Operation 593 'dadd' 'add53_i' <Predicate = (!icmp_ln82)> <Delay = 1.97> <CoreInst = "DAddSub_nodsp">   --->   Core 36 'DAddSub_nodsp' <Latency = 5> <II = 1> <Delay = 1.97> <FuncUnit> <Opcode : 'dadd' 'dsub'> <InPorts = 2> <OutPorts = 1>

State 125 <SV = 101> <Delay = 3.94>
ST_125 : Operation 594 [5/6] (1.97ns)   --->   "%add53_i = dadd i64 %empty_43, i64 %div_i" [likelihood_kernel.cpp:88]   --->   Operation 594 'dadd' 'add53_i' <Predicate = (!icmp_ln82)> <Delay = 1.97> <CoreInst = "DAddSub_nodsp">   --->   Core 36 'DAddSub_nodsp' <Latency = 5> <II = 1> <Delay = 1.97> <FuncUnit> <Opcode : 'dadd' 'dsub'> <InPorts = 2> <OutPorts = 1>

State 126 <SV = 102> <Delay = 3.94>
ST_126 : Operation 595 [4/6] (1.97ns)   --->   "%add53_i = dadd i64 %empty_43, i64 %div_i" [likelihood_kernel.cpp:88]   --->   Operation 595 'dadd' 'add53_i' <Predicate = (!icmp_ln82)> <Delay = 1.97> <CoreInst = "DAddSub_nodsp">   --->   Core 36 'DAddSub_nodsp' <Latency = 5> <II = 1> <Delay = 1.97> <FuncUnit> <Opcode : 'dadd' 'dsub'> <InPorts = 2> <OutPorts = 1>

State 127 <SV = 103> <Delay = 3.94>
ST_127 : Operation 596 [3/6] (1.97ns)   --->   "%add53_i = dadd i64 %empty_43, i64 %div_i" [likelihood_kernel.cpp:88]   --->   Operation 596 'dadd' 'add53_i' <Predicate = (!icmp_ln82)> <Delay = 1.97> <CoreInst = "DAddSub_nodsp">   --->   Core 36 'DAddSub_nodsp' <Latency = 5> <II = 1> <Delay = 1.97> <FuncUnit> <Opcode : 'dadd' 'dsub'> <InPorts = 2> <OutPorts = 1>

State 128 <SV = 104> <Delay = 3.94>
ST_128 : Operation 597 [2/6] (1.97ns)   --->   "%add53_i = dadd i64 %empty_43, i64 %div_i" [likelihood_kernel.cpp:88]   --->   Operation 597 'dadd' 'add53_i' <Predicate = (!icmp_ln82)> <Delay = 1.97> <CoreInst = "DAddSub_nodsp">   --->   Core 36 'DAddSub_nodsp' <Latency = 5> <II = 1> <Delay = 1.97> <FuncUnit> <Opcode : 'dadd' 'dsub'> <InPorts = 2> <OutPorts = 1>

State 129 <SV = 105> <Delay = 3.94>
ST_129 : Operation 598 [1/1] (0.00ns)   --->   "%specpipeline_ln82 = specpipeline void @_ssdm_op_SpecPipeline, i32 1, i32 0, i32 0, i32 0, void @empty_25" [likelihood_kernel.cpp:82]   --->   Operation 598 'specpipeline' 'specpipeline_ln82' <Predicate = (!icmp_ln82)> <Delay = 0.00>
ST_129 : Operation 599 [1/1] (0.00ns)   --->   "%speclooptripcount_ln82 = speclooptripcount void @_ssdm_op_SpecLoopTripCount, i64 400, i64 400, i64 400" [likelihood_kernel.cpp:82]   --->   Operation 599 'speclooptripcount' 'speclooptripcount_ln82' <Predicate = (!icmp_ln82)> <Delay = 0.00>
ST_129 : Operation 600 [1/1] (0.00ns)   --->   "%specloopname_ln82 = specloopname void @_ssdm_op_SpecLoopName, void @empty_16" [likelihood_kernel.cpp:82]   --->   Operation 600 'specloopname' 'specloopname_ln82' <Predicate = (!icmp_ln82)> <Delay = 0.00>
ST_129 : Operation 601 [1/6] (1.97ns)   --->   "%add53_i = dadd i64 %empty_43, i64 %div_i" [likelihood_kernel.cpp:88]   --->   Operation 601 'dadd' 'add53_i' <Predicate = (!icmp_ln82)> <Delay = 1.97> <CoreInst = "DAddSub_nodsp">   --->   Core 36 'DAddSub_nodsp' <Latency = 5> <II = 1> <Delay = 1.97> <FuncUnit> <Opcode : 'dadd' 'dsub'> <InPorts = 2> <OutPorts = 1>
ST_129 : Operation 602 [1/1] (0.00ns)   --->   "%br_ln0 = br void %._crit_edge"   --->   Operation 602 'br' 'br_ln0' <Predicate = (!icmp_ln82)> <Delay = 0.00>

State 130 <SV = 73> <Delay = 0.38>
ST_130 : Operation 603 [1/1] (0.38ns)   --->   "%br_ln0 = br void %._crit_edge49"   --->   Operation 603 'br' 'br_ln0' <Predicate = true> <Delay = 0.38>

State 131 <SV = 74> <Delay = 2.35>
ST_131 : Operation 604 [1/1] (0.00ns)   --->   "%empty_44 = phi i64 0, void %.split9, i64 %empty_43, void %._crit_edge49.loopexit" [likelihood_kernel.cpp:88]   --->   Operation 604 'phi' 'empty_44' <Predicate = true> <Delay = 0.00>
ST_131 : Operation 605 [31/31] (2.35ns)   --->   "%div58_i = ddiv i64 %empty_44, i64 %conv57_i" [likelihood_kernel.cpp:91]   --->   Operation 605 'ddiv' 'div58_i' <Predicate = true> <Delay = 2.35> <CoreInst = "DDiv">   --->   Core 39 'DDiv' <Latency = 30> <II = 1> <Delay = 2.35> <FuncUnit> <Opcode : 'ddiv' 'drem'> <InPorts = 2> <OutPorts = 1>

State 132 <SV = 75> <Delay = 2.35>
ST_132 : Operation 606 [30/31] (2.35ns)   --->   "%div58_i = ddiv i64 %empty_44, i64 %conv57_i" [likelihood_kernel.cpp:91]   --->   Operation 606 'ddiv' 'div58_i' <Predicate = true> <Delay = 2.35> <CoreInst = "DDiv">   --->   Core 39 'DDiv' <Latency = 30> <II = 1> <Delay = 2.35> <FuncUnit> <Opcode : 'ddiv' 'drem'> <InPorts = 2> <OutPorts = 1>

State 133 <SV = 76> <Delay = 2.35>
ST_133 : Operation 607 [29/31] (2.35ns)   --->   "%div58_i = ddiv i64 %empty_44, i64 %conv57_i" [likelihood_kernel.cpp:91]   --->   Operation 607 'ddiv' 'div58_i' <Predicate = true> <Delay = 2.35> <CoreInst = "DDiv">   --->   Core 39 'DDiv' <Latency = 30> <II = 1> <Delay = 2.35> <FuncUnit> <Opcode : 'ddiv' 'drem'> <InPorts = 2> <OutPorts = 1>

State 134 <SV = 77> <Delay = 2.35>
ST_134 : Operation 608 [28/31] (2.35ns)   --->   "%div58_i = ddiv i64 %empty_44, i64 %conv57_i" [likelihood_kernel.cpp:91]   --->   Operation 608 'ddiv' 'div58_i' <Predicate = true> <Delay = 2.35> <CoreInst = "DDiv">   --->   Core 39 'DDiv' <Latency = 30> <II = 1> <Delay = 2.35> <FuncUnit> <Opcode : 'ddiv' 'drem'> <InPorts = 2> <OutPorts = 1>

State 135 <SV = 78> <Delay = 2.35>
ST_135 : Operation 609 [27/31] (2.35ns)   --->   "%div58_i = ddiv i64 %empty_44, i64 %conv57_i" [likelihood_kernel.cpp:91]   --->   Operation 609 'ddiv' 'div58_i' <Predicate = true> <Delay = 2.35> <CoreInst = "DDiv">   --->   Core 39 'DDiv' <Latency = 30> <II = 1> <Delay = 2.35> <FuncUnit> <Opcode : 'ddiv' 'drem'> <InPorts = 2> <OutPorts = 1>

State 136 <SV = 79> <Delay = 2.35>
ST_136 : Operation 610 [26/31] (2.35ns)   --->   "%div58_i = ddiv i64 %empty_44, i64 %conv57_i" [likelihood_kernel.cpp:91]   --->   Operation 610 'ddiv' 'div58_i' <Predicate = true> <Delay = 2.35> <CoreInst = "DDiv">   --->   Core 39 'DDiv' <Latency = 30> <II = 1> <Delay = 2.35> <FuncUnit> <Opcode : 'ddiv' 'drem'> <InPorts = 2> <OutPorts = 1>

State 137 <SV = 80> <Delay = 2.35>
ST_137 : Operation 611 [25/31] (2.35ns)   --->   "%div58_i = ddiv i64 %empty_44, i64 %conv57_i" [likelihood_kernel.cpp:91]   --->   Operation 611 'ddiv' 'div58_i' <Predicate = true> <Delay = 2.35> <CoreInst = "DDiv">   --->   Core 39 'DDiv' <Latency = 30> <II = 1> <Delay = 2.35> <FuncUnit> <Opcode : 'ddiv' 'drem'> <InPorts = 2> <OutPorts = 1>

State 138 <SV = 81> <Delay = 2.35>
ST_138 : Operation 612 [24/31] (2.35ns)   --->   "%div58_i = ddiv i64 %empty_44, i64 %conv57_i" [likelihood_kernel.cpp:91]   --->   Operation 612 'ddiv' 'div58_i' <Predicate = true> <Delay = 2.35> <CoreInst = "DDiv">   --->   Core 39 'DDiv' <Latency = 30> <II = 1> <Delay = 2.35> <FuncUnit> <Opcode : 'ddiv' 'drem'> <InPorts = 2> <OutPorts = 1>

State 139 <SV = 82> <Delay = 2.35>
ST_139 : Operation 613 [23/31] (2.35ns)   --->   "%div58_i = ddiv i64 %empty_44, i64 %conv57_i" [likelihood_kernel.cpp:91]   --->   Operation 613 'ddiv' 'div58_i' <Predicate = true> <Delay = 2.35> <CoreInst = "DDiv">   --->   Core 39 'DDiv' <Latency = 30> <II = 1> <Delay = 2.35> <FuncUnit> <Opcode : 'ddiv' 'drem'> <InPorts = 2> <OutPorts = 1>

State 140 <SV = 83> <Delay = 2.35>
ST_140 : Operation 614 [22/31] (2.35ns)   --->   "%div58_i = ddiv i64 %empty_44, i64 %conv57_i" [likelihood_kernel.cpp:91]   --->   Operation 614 'ddiv' 'div58_i' <Predicate = true> <Delay = 2.35> <CoreInst = "DDiv">   --->   Core 39 'DDiv' <Latency = 30> <II = 1> <Delay = 2.35> <FuncUnit> <Opcode : 'ddiv' 'drem'> <InPorts = 2> <OutPorts = 1>

State 141 <SV = 84> <Delay = 2.35>
ST_141 : Operation 615 [21/31] (2.35ns)   --->   "%div58_i = ddiv i64 %empty_44, i64 %conv57_i" [likelihood_kernel.cpp:91]   --->   Operation 615 'ddiv' 'div58_i' <Predicate = true> <Delay = 2.35> <CoreInst = "DDiv">   --->   Core 39 'DDiv' <Latency = 30> <II = 1> <Delay = 2.35> <FuncUnit> <Opcode : 'ddiv' 'drem'> <InPorts = 2> <OutPorts = 1>

State 142 <SV = 85> <Delay = 2.35>
ST_142 : Operation 616 [20/31] (2.35ns)   --->   "%div58_i = ddiv i64 %empty_44, i64 %conv57_i" [likelihood_kernel.cpp:91]   --->   Operation 616 'ddiv' 'div58_i' <Predicate = true> <Delay = 2.35> <CoreInst = "DDiv">   --->   Core 39 'DDiv' <Latency = 30> <II = 1> <Delay = 2.35> <FuncUnit> <Opcode : 'ddiv' 'drem'> <InPorts = 2> <OutPorts = 1>

State 143 <SV = 86> <Delay = 2.35>
ST_143 : Operation 617 [19/31] (2.35ns)   --->   "%div58_i = ddiv i64 %empty_44, i64 %conv57_i" [likelihood_kernel.cpp:91]   --->   Operation 617 'ddiv' 'div58_i' <Predicate = true> <Delay = 2.35> <CoreInst = "DDiv">   --->   Core 39 'DDiv' <Latency = 30> <II = 1> <Delay = 2.35> <FuncUnit> <Opcode : 'ddiv' 'drem'> <InPorts = 2> <OutPorts = 1>

State 144 <SV = 87> <Delay = 2.35>
ST_144 : Operation 618 [18/31] (2.35ns)   --->   "%div58_i = ddiv i64 %empty_44, i64 %conv57_i" [likelihood_kernel.cpp:91]   --->   Operation 618 'ddiv' 'div58_i' <Predicate = true> <Delay = 2.35> <CoreInst = "DDiv">   --->   Core 39 'DDiv' <Latency = 30> <II = 1> <Delay = 2.35> <FuncUnit> <Opcode : 'ddiv' 'drem'> <InPorts = 2> <OutPorts = 1>

State 145 <SV = 88> <Delay = 2.35>
ST_145 : Operation 619 [17/31] (2.35ns)   --->   "%div58_i = ddiv i64 %empty_44, i64 %conv57_i" [likelihood_kernel.cpp:91]   --->   Operation 619 'ddiv' 'div58_i' <Predicate = true> <Delay = 2.35> <CoreInst = "DDiv">   --->   Core 39 'DDiv' <Latency = 30> <II = 1> <Delay = 2.35> <FuncUnit> <Opcode : 'ddiv' 'drem'> <InPorts = 2> <OutPorts = 1>

State 146 <SV = 89> <Delay = 2.35>
ST_146 : Operation 620 [16/31] (2.35ns)   --->   "%div58_i = ddiv i64 %empty_44, i64 %conv57_i" [likelihood_kernel.cpp:91]   --->   Operation 620 'ddiv' 'div58_i' <Predicate = true> <Delay = 2.35> <CoreInst = "DDiv">   --->   Core 39 'DDiv' <Latency = 30> <II = 1> <Delay = 2.35> <FuncUnit> <Opcode : 'ddiv' 'drem'> <InPorts = 2> <OutPorts = 1>

State 147 <SV = 90> <Delay = 2.35>
ST_147 : Operation 621 [15/31] (2.35ns)   --->   "%div58_i = ddiv i64 %empty_44, i64 %conv57_i" [likelihood_kernel.cpp:91]   --->   Operation 621 'ddiv' 'div58_i' <Predicate = true> <Delay = 2.35> <CoreInst = "DDiv">   --->   Core 39 'DDiv' <Latency = 30> <II = 1> <Delay = 2.35> <FuncUnit> <Opcode : 'ddiv' 'drem'> <InPorts = 2> <OutPorts = 1>

State 148 <SV = 91> <Delay = 2.35>
ST_148 : Operation 622 [14/31] (2.35ns)   --->   "%div58_i = ddiv i64 %empty_44, i64 %conv57_i" [likelihood_kernel.cpp:91]   --->   Operation 622 'ddiv' 'div58_i' <Predicate = true> <Delay = 2.35> <CoreInst = "DDiv">   --->   Core 39 'DDiv' <Latency = 30> <II = 1> <Delay = 2.35> <FuncUnit> <Opcode : 'ddiv' 'drem'> <InPorts = 2> <OutPorts = 1>

State 149 <SV = 92> <Delay = 2.35>
ST_149 : Operation 623 [13/31] (2.35ns)   --->   "%div58_i = ddiv i64 %empty_44, i64 %conv57_i" [likelihood_kernel.cpp:91]   --->   Operation 623 'ddiv' 'div58_i' <Predicate = true> <Delay = 2.35> <CoreInst = "DDiv">   --->   Core 39 'DDiv' <Latency = 30> <II = 1> <Delay = 2.35> <FuncUnit> <Opcode : 'ddiv' 'drem'> <InPorts = 2> <OutPorts = 1>

State 150 <SV = 93> <Delay = 2.35>
ST_150 : Operation 624 [12/31] (2.35ns)   --->   "%div58_i = ddiv i64 %empty_44, i64 %conv57_i" [likelihood_kernel.cpp:91]   --->   Operation 624 'ddiv' 'div58_i' <Predicate = true> <Delay = 2.35> <CoreInst = "DDiv">   --->   Core 39 'DDiv' <Latency = 30> <II = 1> <Delay = 2.35> <FuncUnit> <Opcode : 'ddiv' 'drem'> <InPorts = 2> <OutPorts = 1>

State 151 <SV = 94> <Delay = 2.35>
ST_151 : Operation 625 [11/31] (2.35ns)   --->   "%div58_i = ddiv i64 %empty_44, i64 %conv57_i" [likelihood_kernel.cpp:91]   --->   Operation 625 'ddiv' 'div58_i' <Predicate = true> <Delay = 2.35> <CoreInst = "DDiv">   --->   Core 39 'DDiv' <Latency = 30> <II = 1> <Delay = 2.35> <FuncUnit> <Opcode : 'ddiv' 'drem'> <InPorts = 2> <OutPorts = 1>

State 152 <SV = 95> <Delay = 2.35>
ST_152 : Operation 626 [10/31] (2.35ns)   --->   "%div58_i = ddiv i64 %empty_44, i64 %conv57_i" [likelihood_kernel.cpp:91]   --->   Operation 626 'ddiv' 'div58_i' <Predicate = true> <Delay = 2.35> <CoreInst = "DDiv">   --->   Core 39 'DDiv' <Latency = 30> <II = 1> <Delay = 2.35> <FuncUnit> <Opcode : 'ddiv' 'drem'> <InPorts = 2> <OutPorts = 1>

State 153 <SV = 96> <Delay = 2.35>
ST_153 : Operation 627 [9/31] (2.35ns)   --->   "%div58_i = ddiv i64 %empty_44, i64 %conv57_i" [likelihood_kernel.cpp:91]   --->   Operation 627 'ddiv' 'div58_i' <Predicate = true> <Delay = 2.35> <CoreInst = "DDiv">   --->   Core 39 'DDiv' <Latency = 30> <II = 1> <Delay = 2.35> <FuncUnit> <Opcode : 'ddiv' 'drem'> <InPorts = 2> <OutPorts = 1>

State 154 <SV = 97> <Delay = 2.35>
ST_154 : Operation 628 [8/31] (2.35ns)   --->   "%div58_i = ddiv i64 %empty_44, i64 %conv57_i" [likelihood_kernel.cpp:91]   --->   Operation 628 'ddiv' 'div58_i' <Predicate = true> <Delay = 2.35> <CoreInst = "DDiv">   --->   Core 39 'DDiv' <Latency = 30> <II = 1> <Delay = 2.35> <FuncUnit> <Opcode : 'ddiv' 'drem'> <InPorts = 2> <OutPorts = 1>

State 155 <SV = 98> <Delay = 2.35>
ST_155 : Operation 629 [7/31] (2.35ns)   --->   "%div58_i = ddiv i64 %empty_44, i64 %conv57_i" [likelihood_kernel.cpp:91]   --->   Operation 629 'ddiv' 'div58_i' <Predicate = true> <Delay = 2.35> <CoreInst = "DDiv">   --->   Core 39 'DDiv' <Latency = 30> <II = 1> <Delay = 2.35> <FuncUnit> <Opcode : 'ddiv' 'drem'> <InPorts = 2> <OutPorts = 1>

State 156 <SV = 99> <Delay = 2.35>
ST_156 : Operation 630 [6/31] (2.35ns)   --->   "%div58_i = ddiv i64 %empty_44, i64 %conv57_i" [likelihood_kernel.cpp:91]   --->   Operation 630 'ddiv' 'div58_i' <Predicate = true> <Delay = 2.35> <CoreInst = "DDiv">   --->   Core 39 'DDiv' <Latency = 30> <II = 1> <Delay = 2.35> <FuncUnit> <Opcode : 'ddiv' 'drem'> <InPorts = 2> <OutPorts = 1>

State 157 <SV = 100> <Delay = 2.35>
ST_157 : Operation 631 [5/31] (2.35ns)   --->   "%div58_i = ddiv i64 %empty_44, i64 %conv57_i" [likelihood_kernel.cpp:91]   --->   Operation 631 'ddiv' 'div58_i' <Predicate = true> <Delay = 2.35> <CoreInst = "DDiv">   --->   Core 39 'DDiv' <Latency = 30> <II = 1> <Delay = 2.35> <FuncUnit> <Opcode : 'ddiv' 'drem'> <InPorts = 2> <OutPorts = 1>

State 158 <SV = 101> <Delay = 2.35>
ST_158 : Operation 632 [4/31] (2.35ns)   --->   "%div58_i = ddiv i64 %empty_44, i64 %conv57_i" [likelihood_kernel.cpp:91]   --->   Operation 632 'ddiv' 'div58_i' <Predicate = true> <Delay = 2.35> <CoreInst = "DDiv">   --->   Core 39 'DDiv' <Latency = 30> <II = 1> <Delay = 2.35> <FuncUnit> <Opcode : 'ddiv' 'drem'> <InPorts = 2> <OutPorts = 1>

State 159 <SV = 102> <Delay = 2.35>
ST_159 : Operation 633 [3/31] (2.35ns)   --->   "%div58_i = ddiv i64 %empty_44, i64 %conv57_i" [likelihood_kernel.cpp:91]   --->   Operation 633 'ddiv' 'div58_i' <Predicate = true> <Delay = 2.35> <CoreInst = "DDiv">   --->   Core 39 'DDiv' <Latency = 30> <II = 1> <Delay = 2.35> <FuncUnit> <Opcode : 'ddiv' 'drem'> <InPorts = 2> <OutPorts = 1>

State 160 <SV = 103> <Delay = 2.35>
ST_160 : Operation 634 [2/31] (2.35ns)   --->   "%div58_i = ddiv i64 %empty_44, i64 %conv57_i" [likelihood_kernel.cpp:91]   --->   Operation 634 'ddiv' 'div58_i' <Predicate = true> <Delay = 2.35> <CoreInst = "DDiv">   --->   Core 39 'DDiv' <Latency = 30> <II = 1> <Delay = 2.35> <FuncUnit> <Opcode : 'ddiv' 'drem'> <InPorts = 2> <OutPorts = 1>

State 161 <SV = 104> <Delay = 2.35>
ST_161 : Operation 635 [1/31] (2.35ns)   --->   "%div58_i = ddiv i64 %empty_44, i64 %conv57_i" [likelihood_kernel.cpp:91]   --->   Operation 635 'ddiv' 'div58_i' <Predicate = true> <Delay = 2.35> <CoreInst = "DDiv">   --->   Core 39 'DDiv' <Latency = 30> <II = 1> <Delay = 2.35> <FuncUnit> <Opcode : 'ddiv' 'drem'> <InPorts = 2> <OutPorts = 1>

State 162 <SV = 105> <Delay = 1.20>
ST_162 : Operation 636 [1/1] (0.00ns)   --->   "%bitcast_ln91 = bitcast i64 %div58_i" [likelihood_kernel.cpp:91]   --->   Operation 636 'bitcast' 'bitcast_ln91' <Predicate = true> <Delay = 0.00>
ST_162 : Operation 637 [1/1] (0.00ns)   --->   "%buffer_likelihood_addr_1 = getelementptr i64 %buffer_likelihood, i64 0, i64 %zext_ln63" [likelihood_kernel.cpp:91]   --->   Operation 637 'getelementptr' 'buffer_likelihood_addr_1' <Predicate = true> <Delay = 0.00>
ST_162 : Operation 638 [1/1] (1.20ns)   --->   "%store_ln91 = store i64 %bitcast_ln91, i7 %buffer_likelihood_addr_1" [likelihood_kernel.cpp:91]   --->   Operation 638 'store' 'store_ln91' <Predicate = true> <Delay = 1.20> <CoreInst = "RAM">   --->   Core 83 'RAM' <Latency = 1> <II = 1> <Delay = 1.20> <Storage> <Opcode : 'load' 'store'> <Ports = 2> <Width = 64> <Depth = 100> <RAM>
ST_162 : Operation 639 [1/1] (0.00ns)   --->   "%br_ln0 = br void %.lr.ph52"   --->   Operation 639 'br' 'br_ln0' <Predicate = true> <Delay = 0.00>

State 163 <SV = 26> <Delay = 2.43>
ST_163 : Operation 640 [1/1] (0.00ns)   --->   "%sext_ln102 = sext i61 %trunc_ln3" [likelihood_kernel.cpp:102]   --->   Operation 640 'sext' 'sext_ln102' <Predicate = true> <Delay = 0.00>
ST_163 : Operation 641 [1/1] (0.00ns)   --->   "%gmem4_addr = getelementptr i64 %gmem4, i64 %sext_ln102" [likelihood_kernel.cpp:102]   --->   Operation 641 'getelementptr' 'gmem4_addr' <Predicate = true> <Delay = 0.00>
ST_163 : Operation 642 [1/1] (2.43ns)   --->   "%empty_45 = writereq i1 @_ssdm_op_WriteReq.m_axi.p1i64, i64 %gmem4_addr, i32 %tileSize" [likelihood_kernel.cpp:102]   --->   Operation 642 'writereq' 'empty_45' <Predicate = true> <Delay = 2.43> <CoreInst = "m_axi">   --->   Core 121 'm_axi' <Latency = 6> <II = 1> <Delay = 1.00> <Adapter> <Opcode : 'read' 'write' 'readreq' 'writereq' 'writeresp'>
ST_163 : Operation 643 [1/1] (0.38ns)   --->   "%br_ln102 = br void" [likelihood_kernel.cpp:102]   --->   Operation 643 'br' 'br_ln102' <Predicate = true> <Delay = 0.38>

State 164 <SV = 27> <Delay = 1.20>
ST_164 : Operation 644 [1/1] (0.00ns)   --->   "%x_2 = phi i7 0, void %.lr.ph55, i7 %add_ln102, void %.split11" [likelihood_kernel.cpp:102]   --->   Operation 644 'phi' 'x_2' <Predicate = true> <Delay = 0.00>
ST_164 : Operation 645 [1/1] (0.70ns)   --->   "%add_ln102 = add i7 %x_2, i7 1" [likelihood_kernel.cpp:102]   --->   Operation 645 'add' 'add_ln102' <Predicate = true> <Delay = 0.70> <CoreInst = "Adder">   --->   Core 1 'Adder' <Latency = 0> <II = 1> <Delay = 0.88> <FuncUnit> <Opcode : 'add' 'sub'> <InPorts = 2> <OutPorts = 1>
ST_164 : Operation 646 [1/1] (0.00ns)   --->   "%zext_ln102 = zext i7 %x_2" [likelihood_kernel.cpp:102]   --->   Operation 646 'zext' 'zext_ln102' <Predicate = true> <Delay = 0.00>
ST_164 : Operation 647 [1/1] (0.84ns)   --->   "%icmp_ln102 = icmp_eq  i31 %zext_ln102, i31 %trunc_ln37" [likelihood_kernel.cpp:102]   --->   Operation 647 'icmp' 'icmp_ln102' <Predicate = true> <Delay = 0.84> <CoreInst = "Cmp">   --->   Core 9 'Cmp' <Latency = 0> <II = 1> <Delay = 0.85> <FuncUnit> <Opcode : 'icmp'> <InPorts = 2> <OutPorts = 1>
ST_164 : Operation 648 [1/1] (0.00ns)   --->   "%br_ln102 = br i1 %icmp_ln102, void %.split11, void %._Z16store_likelihoodPdPKdii.exit_crit_edge.loopexit" [likelihood_kernel.cpp:102]   --->   Operation 648 'br' 'br_ln102' <Predicate = true> <Delay = 0.00>
ST_164 : Operation 649 [1/1] (0.00ns)   --->   "%zext_ln102_1 = zext i7 %x_2" [likelihood_kernel.cpp:102]   --->   Operation 649 'zext' 'zext_ln102_1' <Predicate = (!icmp_ln102)> <Delay = 0.00>
ST_164 : Operation 650 [1/1] (0.00ns)   --->   "%buffer_likelihood_addr = getelementptr i64 %buffer_likelihood, i64 0, i64 %zext_ln102_1" [likelihood_kernel.cpp:105]   --->   Operation 650 'getelementptr' 'buffer_likelihood_addr' <Predicate = (!icmp_ln102)> <Delay = 0.00>
ST_164 : Operation 651 [2/2] (1.20ns)   --->   "%buffer_likelihood_load = load i7 %buffer_likelihood_addr" [likelihood_kernel.cpp:105]   --->   Operation 651 'load' 'buffer_likelihood_load' <Predicate = (!icmp_ln102)> <Delay = 1.20> <CoreInst = "RAM">   --->   Core 83 'RAM' <Latency = 1> <II = 1> <Delay = 1.20> <Storage> <Opcode : 'load' 'store'> <Ports = 2> <Width = 64> <Depth = 100> <RAM>

State 165 <SV = 28> <Delay = 1.20>
ST_165 : Operation 652 [1/2] (1.20ns)   --->   "%buffer_likelihood_load = load i7 %buffer_likelihood_addr" [likelihood_kernel.cpp:105]   --->   Operation 652 'load' 'buffer_likelihood_load' <Predicate = (!icmp_ln102)> <Delay = 1.20> <CoreInst = "RAM">   --->   Core 83 'RAM' <Latency = 1> <II = 1> <Delay = 1.20> <Storage> <Opcode : 'load' 'store'> <Ports = 2> <Width = 64> <Depth = 100> <RAM>

State 166 <SV = 29> <Delay = 2.43>
ST_166 : Operation 653 [1/1] (0.00ns)   --->   "%specpipeline_ln102 = specpipeline void @_ssdm_op_SpecPipeline, i32 1, i32 0, i32 0, i32 0, void @empty_25" [likelihood_kernel.cpp:102]   --->   Operation 653 'specpipeline' 'specpipeline_ln102' <Predicate = (!icmp_ln102)> <Delay = 0.00>
ST_166 : Operation 654 [1/1] (0.00ns)   --->   "%speclooptripcount_ln102 = speclooptripcount void @_ssdm_op_SpecLoopTripCount, i64 100, i64 100, i64 100" [likelihood_kernel.cpp:102]   --->   Operation 654 'speclooptripcount' 'speclooptripcount_ln102' <Predicate = (!icmp_ln102)> <Delay = 0.00>
ST_166 : Operation 655 [1/1] (0.00ns)   --->   "%specloopname_ln102 = specloopname void @_ssdm_op_SpecLoopName, void @empty_14" [likelihood_kernel.cpp:102]   --->   Operation 655 'specloopname' 'specloopname_ln102' <Predicate = (!icmp_ln102)> <Delay = 0.00>
ST_166 : Operation 656 [1/1] (2.43ns)   --->   "%write_ln105 = write void @_ssdm_op_Write.m_axi.p1i64, i64 %gmem4_addr, i64 %buffer_likelihood_load, i8 255" [likelihood_kernel.cpp:105]   --->   Operation 656 'write' 'write_ln105' <Predicate = (!icmp_ln102)> <Delay = 2.43> <CoreInst = "m_axi">   --->   Core 121 'm_axi' <Latency = 6> <II = 1> <Delay = 1.00> <Adapter> <Opcode : 'read' 'write' 'readreq' 'writereq' 'writeresp'>
ST_166 : Operation 657 [1/1] (0.00ns)   --->   "%br_ln0 = br void"   --->   Operation 657 'br' 'br_ln0' <Predicate = (!icmp_ln102)> <Delay = 0.00>

State 167 <SV = 28> <Delay = 2.43>
ST_167 : Operation 658 [5/5] (2.43ns)   --->   "%empty_46 = writeresp i1 @_ssdm_op_WriteResp.m_axi.p1i64, i64 %gmem4_addr" [likelihood_kernel.cpp:163]   --->   Operation 658 'writeresp' 'empty_46' <Predicate = true> <Delay = 2.43> <CoreInst = "m_axi">   --->   Core 121 'm_axi' <Latency = 6> <II = 1> <Delay = 1.00> <Adapter> <Opcode : 'read' 'write' 'readreq' 'writereq' 'writeresp'>

State 168 <SV = 29> <Delay = 2.43>
ST_168 : Operation 659 [4/5] (2.43ns)   --->   "%empty_46 = writeresp i1 @_ssdm_op_WriteResp.m_axi.p1i64, i64 %gmem4_addr" [likelihood_kernel.cpp:163]   --->   Operation 659 'writeresp' 'empty_46' <Predicate = true> <Delay = 2.43> <CoreInst = "m_axi">   --->   Core 121 'm_axi' <Latency = 6> <II = 1> <Delay = 1.00> <Adapter> <Opcode : 'read' 'write' 'readreq' 'writereq' 'writeresp'>

State 169 <SV = 30> <Delay = 2.43>
ST_169 : Operation 660 [3/5] (2.43ns)   --->   "%empty_46 = writeresp i1 @_ssdm_op_WriteResp.m_axi.p1i64, i64 %gmem4_addr" [likelihood_kernel.cpp:163]   --->   Operation 660 'writeresp' 'empty_46' <Predicate = true> <Delay = 2.43> <CoreInst = "m_axi">   --->   Core 121 'm_axi' <Latency = 6> <II = 1> <Delay = 1.00> <Adapter> <Opcode : 'read' 'write' 'readreq' 'writereq' 'writeresp'>

State 170 <SV = 31> <Delay = 2.43>
ST_170 : Operation 661 [2/5] (2.43ns)   --->   "%empty_46 = writeresp i1 @_ssdm_op_WriteResp.m_axi.p1i64, i64 %gmem4_addr" [likelihood_kernel.cpp:163]   --->   Operation 661 'writeresp' 'empty_46' <Predicate = true> <Delay = 2.43> <CoreInst = "m_axi">   --->   Core 121 'm_axi' <Latency = 6> <II = 1> <Delay = 1.00> <Adapter> <Opcode : 'read' 'write' 'readreq' 'writereq' 'writeresp'>

State 171 <SV = 32> <Delay = 2.43>
ST_171 : Operation 662 [1/5] (2.43ns)   --->   "%empty_46 = writeresp i1 @_ssdm_op_WriteResp.m_axi.p1i64, i64 %gmem4_addr" [likelihood_kernel.cpp:163]   --->   Operation 662 'writeresp' 'empty_46' <Predicate = (icmp_ln37)> <Delay = 2.43> <CoreInst = "m_axi">   --->   Core 121 'm_axi' <Latency = 6> <II = 1> <Delay = 1.00> <Adapter> <Opcode : 'read' 'write' 'readreq' 'writereq' 'writeresp'>
ST_171 : Operation 663 [1/1] (0.00ns)   --->   "%br_ln163 = br void %._Z16store_likelihoodPdPKdii.exit_crit_edge" [likelihood_kernel.cpp:163]   --->   Operation 663 'br' 'br_ln163' <Predicate = (icmp_ln37)> <Delay = 0.00>
ST_171 : Operation 664 [1/1] (0.00ns)   --->   "%br_ln0 = br void"   --->   Operation 664 'br' 'br_ln0' <Predicate = true> <Delay = 0.00>


============================================================
+ Verbose Summary: Binding
============================================================
STG Binding: 
---------------- STG Properties BEGIN ----------------
- Is combinational: 0
- Is one-state seq: 0
- Is datapath-only: 0
- Is pipelined: 0
- Is top level: 1
Port [ Return ] is wired: 1; IO mode=ap_ctrl_hs:ce=0
Port [ gmem0]:  wired=1; compound=1; hidden=0; nouse=0; global=0; static=0; extern=0; dir=0; type=4; pingpong=0; private_global=0; IO mode=m_axi:ce=0
Port [ gmem1]:  wired=1; compound=1; hidden=0; nouse=0; global=0; static=0; extern=0; dir=0; type=4; pingpong=0; private_global=0; IO mode=m_axi:ce=0
Port [ gmem2]:  wired=1; compound=1; hidden=0; nouse=0; global=0; static=0; extern=0; dir=0; type=4; pingpong=0; private_global=0; IO mode=m_axi:ce=0
Port [ gmem3]:  wired=1; compound=1; hidden=0; nouse=0; global=0; static=0; extern=0; dir=0; type=4; pingpong=0; private_global=0; IO mode=m_axi:ce=0
Port [ gmem4]:  wired=1; compound=1; hidden=0; nouse=0; global=0; static=0; extern=0; dir=1; type=4; pingpong=0; private_global=0; IO mode=m_axi:ce=0
Port [ Nparticles]:  wired=1; compound=0; hidden=0; nouse=0; global=0; static=0; extern=0; dir=0; type=0; pingpong=0; private_global=0; IO mode=ap_none:ce=0
Port [ countOnes]:  wired=1; compound=0; hidden=0; nouse=0; global=0; static=0; extern=0; dir=0; type=0; pingpong=0; private_global=0; IO mode=ap_none:ce=0
Port [ IszY]:  wired=1; compound=0; hidden=0; nouse=0; global=0; static=0; extern=0; dir=0; type=0; pingpong=0; private_global=0; IO mode=ap_none:ce=0
Port [ Nfr]:  wired=1; compound=0; hidden=0; nouse=0; global=0; static=0; extern=0; dir=0; type=0; pingpong=0; private_global=0; IO mode=ap_none:ce=0
Port [ k]:  wired=1; compound=0; hidden=0; nouse=0; global=0; static=0; extern=0; dir=0; type=0; pingpong=0; private_global=0; IO mode=ap_none:ce=0
Port [ max_size]:  wired=1; compound=0; hidden=0; nouse=0; global=0; static=0; extern=0; dir=0; type=0; pingpong=0; private_global=0; IO mode=ap_none:ce=0
Port [ arrayX]:  wired=1; compound=0; hidden=0; nouse=0; global=0; static=0; extern=0; dir=0; type=0; pingpong=0; private_global=0; IO mode=ap_none:ce=0
Port [ arrayY]:  wired=1; compound=0; hidden=0; nouse=0; global=0; static=0; extern=0; dir=0; type=0; pingpong=0; private_global=0; IO mode=ap_none:ce=0
Port [ objxy]:  wired=1; compound=0; hidden=0; nouse=0; global=0; static=0; extern=0; dir=0; type=0; pingpong=0; private_global=0; IO mode=ap_none:ce=0
Port [ I]:  wired=1; compound=0; hidden=0; nouse=0; global=0; static=0; extern=0; dir=0; type=0; pingpong=0; private_global=0; IO mode=ap_none:ce=0
Port [ likelihood]:  wired=1; compound=0; hidden=0; nouse=0; global=0; static=0; extern=0; dir=0; type=0; pingpong=0; private_global=0; IO mode=ap_none:ce=0
---------------- STG Properties END ------------------

---------------- Datapath Model BEGIN ----------------

<LifeTime>
<method=bitvector/>
spectopmodule_ln0                         (spectopmodule    ) [ 0000000000000000000000000000000000000000000000000000000000000000000000000000000000000000000000000000000000000000000000000000000000000000000000000000000000000000000000000000]
specinterface_ln0                         (specinterface    ) [ 0000000000000000000000000000000000000000000000000000000000000000000000000000000000000000000000000000000000000000000000000000000000000000000000000000000000000000000000000000]
specbitsmap_ln0                           (specbitsmap      ) [ 0000000000000000000000000000000000000000000000000000000000000000000000000000000000000000000000000000000000000000000000000000000000000000000000000000000000000000000000000000]
specinterface_ln0                         (specinterface    ) [ 0000000000000000000000000000000000000000000000000000000000000000000000000000000000000000000000000000000000000000000000000000000000000000000000000000000000000000000000000000]
specbitsmap_ln0                           (specbitsmap      ) [ 0000000000000000000000000000000000000000000000000000000000000000000000000000000000000000000000000000000000000000000000000000000000000000000000000000000000000000000000000000]
specinterface_ln0                         (specinterface    ) [ 0000000000000000000000000000000000000000000000000000000000000000000000000000000000000000000000000000000000000000000000000000000000000000000000000000000000000000000000000000]
specbitsmap_ln0                           (specbitsmap      ) [ 0000000000000000000000000000000000000000000000000000000000000000000000000000000000000000000000000000000000000000000000000000000000000000000000000000000000000000000000000000]
specinterface_ln0                         (specinterface    ) [ 0000000000000000000000000000000000000000000000000000000000000000000000000000000000000000000000000000000000000000000000000000000000000000000000000000000000000000000000000000]
specbitsmap_ln0                           (specbitsmap      ) [ 0000000000000000000000000000000000000000000000000000000000000000000000000000000000000000000000000000000000000000000000000000000000000000000000000000000000000000000000000000]
specinterface_ln0                         (specinterface    ) [ 0000000000000000000000000000000000000000000000000000000000000000000000000000000000000000000000000000000000000000000000000000000000000000000000000000000000000000000000000000]
specbitsmap_ln0                           (specbitsmap      ) [ 0000000000000000000000000000000000000000000000000000000000000000000000000000000000000000000000000000000000000000000000000000000000000000000000000000000000000000000000000000]
specbitsmap_ln0                           (specbitsmap      ) [ 0000000000000000000000000000000000000000000000000000000000000000000000000000000000000000000000000000000000000000000000000000000000000000000000000000000000000000000000000000]
specinterface_ln0                         (specinterface    ) [ 0000000000000000000000000000000000000000000000000000000000000000000000000000000000000000000000000000000000000000000000000000000000000000000000000000000000000000000000000000]
specinterface_ln0                         (specinterface    ) [ 0000000000000000000000000000000000000000000000000000000000000000000000000000000000000000000000000000000000000000000000000000000000000000000000000000000000000000000000000000]
specbitsmap_ln0                           (specbitsmap      ) [ 0000000000000000000000000000000000000000000000000000000000000000000000000000000000000000000000000000000000000000000000000000000000000000000000000000000000000000000000000000]
specinterface_ln0                         (specinterface    ) [ 0000000000000000000000000000000000000000000000000000000000000000000000000000000000000000000000000000000000000000000000000000000000000000000000000000000000000000000000000000]
specinterface_ln0                         (specinterface    ) [ 0000000000000000000000000000000000000000000000000000000000000000000000000000000000000000000000000000000000000000000000000000000000000000000000000000000000000000000000000000]
specbitsmap_ln0                           (specbitsmap      ) [ 0000000000000000000000000000000000000000000000000000000000000000000000000000000000000000000000000000000000000000000000000000000000000000000000000000000000000000000000000000]
specinterface_ln0                         (specinterface    ) [ 0000000000000000000000000000000000000000000000000000000000000000000000000000000000000000000000000000000000000000000000000000000000000000000000000000000000000000000000000000]
specinterface_ln0                         (specinterface    ) [ 0000000000000000000000000000000000000000000000000000000000000000000000000000000000000000000000000000000000000000000000000000000000000000000000000000000000000000000000000000]
specbitsmap_ln0                           (specbitsmap      ) [ 0000000000000000000000000000000000000000000000000000000000000000000000000000000000000000000000000000000000000000000000000000000000000000000000000000000000000000000000000000]
specinterface_ln0                         (specinterface    ) [ 0000000000000000000000000000000000000000000000000000000000000000000000000000000000000000000000000000000000000000000000000000000000000000000000000000000000000000000000000000]
specinterface_ln0                         (specinterface    ) [ 0000000000000000000000000000000000000000000000000000000000000000000000000000000000000000000000000000000000000000000000000000000000000000000000000000000000000000000000000000]
specbitsmap_ln0                           (specbitsmap      ) [ 0000000000000000000000000000000000000000000000000000000000000000000000000000000000000000000000000000000000000000000000000000000000000000000000000000000000000000000000000000]
specinterface_ln0                         (specinterface    ) [ 0000000000000000000000000000000000000000000000000000000000000000000000000000000000000000000000000000000000000000000000000000000000000000000000000000000000000000000000000000]
specinterface_ln0                         (specinterface    ) [ 0000000000000000000000000000000000000000000000000000000000000000000000000000000000000000000000000000000000000000000000000000000000000000000000000000000000000000000000000000]
specbitsmap_ln0                           (specbitsmap      ) [ 0000000000000000000000000000000000000000000000000000000000000000000000000000000000000000000000000000000000000000000000000000000000000000000000000000000000000000000000000000]
specinterface_ln0                         (specinterface    ) [ 0000000000000000000000000000000000000000000000000000000000000000000000000000000000000000000000000000000000000000000000000000000000000000000000000000000000000000000000000000]
specinterface_ln0                         (specinterface    ) [ 0000000000000000000000000000000000000000000000000000000000000000000000000000000000000000000000000000000000000000000000000000000000000000000000000000000000000000000000000000]
specinterface_ln0                         (specinterface    ) [ 0000000000000000000000000000000000000000000000000000000000000000000000000000000000000000000000000000000000000000000000000000000000000000000000000000000000000000000000000000]
specinterface_ln0                         (specinterface    ) [ 0000000000000000000000000000000000000000000000000000000000000000000000000000000000000000000000000000000000000000000000000000000000000000000000000000000000000000000000000000]
specinterface_ln0                         (specinterface    ) [ 0000000000000000000000000000000000000000000000000000000000000000000000000000000000000000000000000000000000000000000000000000000000000000000000000000000000000000000000000000]
specinterface_ln0                         (specinterface    ) [ 0000000000000000000000000000000000000000000000000000000000000000000000000000000000000000000000000000000000000000000000000000000000000000000000000000000000000000000000000000]
specinterface_ln0                         (specinterface    ) [ 0000000000000000000000000000000000000000000000000000000000000000000000000000000000000000000000000000000000000000000000000000000000000000000000000000000000000000000000000000]
specinterface_ln0                         (specinterface    ) [ 0000000000000000000000000000000000000000000000000000000000000000000000000000000000000000000000000000000000000000000000000000000000000000000000000000000000000000000000000000]
specinterface_ln0                         (specinterface    ) [ 0000000000000000000000000000000000000000000000000000000000000000000000000000000000000000000000000000000000000000000000000000000000000000000000000000000000000000000000000000]
specinterface_ln0                         (specinterface    ) [ 0000000000000000000000000000000000000000000000000000000000000000000000000000000000000000000000000000000000000000000000000000000000000000000000000000000000000000000000000000]
specinterface_ln0                         (specinterface    ) [ 0000000000000000000000000000000000000000000000000000000000000000000000000000000000000000000000000000000000000000000000000000000000000000000000000000000000000000000000000000]
specinterface_ln0                         (specinterface    ) [ 0000000000000000000000000000000000000000000000000000000000000000000000000000000000000000000000000000000000000000000000000000000000000000000000000000000000000000000000000000]
specinterface_ln0                         (specinterface    ) [ 0000000000000000000000000000000000000000000000000000000000000000000000000000000000000000000000000000000000000000000000000000000000000000000000000000000000000000000000000000]
likelihood_read                           (read             ) [ 0011111111111111111111111111111111111111111111111111111111111111111111111111111111111111111111111111111111111111111111111111111111111111111111111111111111111111111111111111]
I_read                                    (read             ) [ 0011111111111111111111111111111111111111111111111111111111111111111111111111111111111111111111111111111111111111111111111111111111111111111111111111111111111111111111111111]
objxy_read                                (read             ) [ 0000000000000000000000000000000000000000000000000000000000000000000000000000000000000000000000000000000000000000000000000000000000000000000000000000000000000000000000000000]
arrayY_read                               (read             ) [ 0011111111111111111111111111111111111111111111111111111111111111111111111111111111111111111111111111111111111111111111111111111111111111111111111111111111111111111111111111]
arrayX_read                               (read             ) [ 0011111111111111111111111111111111111111111111111111111111111111111111111111111111111111111111111111111111111111111111111111111111111111111111111111111111111111111111111111]
max_size_read                             (read             ) [ 0011111111111111111111111111111111111111111111111111111111111111111111111111111111111111111111111111111111111111111111111111111111111111111111111111111111111111111111111111]
k_read                                    (read             ) [ 0011111111111111111111111111111111111111111111111111111111111111111111111111111111111111111111111111111111111111111111111111111111111111111111111111111111111111111111111111]
Nfr_read                                  (read             ) [ 0011111111111111111111111111111111111111111111111111111111111111111111111111111111111111111111111111111111111111111111111111111111111111111111111111111111111111111111111111]
IszY_read                                 (read             ) [ 0011111111111111111111111111111111111111111111111111111111111111111111111111111111111111111111111111111111111111111111111111111111111111111111111111111111111111111111111111]
countOnes_read                            (read             ) [ 0011111111111111111111111111111111111111111111111111111111111111111111111111111111111111111111111111111111111111111111111111111111111111111111111111111111111111111111111111]
Nparticles_read                           (read             ) [ 0011111111111111111111111111111111111111111111111111111111111111111111111111111111111111111111111111111111111111111111111111111111111111111111111111111111111111111111111111]
buffer_likelihood                         (alloca           ) [ 0011111111111111111111111111111111111111111111111111111111111111111111111111111111111111111111111111111111111111111111111111111111111111111111111111111111111111111111111111]
buffer_objxy                              (alloca           ) [ 0011111111111111111111111111111111111111111111111111111111111111111111111111111111111111111111111111111111111111111111111111111111111111111111111111111111111111111111111111]
buffer_X                                  (alloca           ) [ 0011111111111111111111111111111111111111111111111111111111111111111111111111111111111111111111111111111111111111111111111111111111111111111111111111111111111111111111111111]
buffer_Y                                  (alloca           ) [ 0011111111111111111111111111111111111111111111111111111111111111111111111111111111111111111111111111111111111111111111111111111111111111111111111111111111111111111111111111]
ind_buffer                                (alloca           ) [ 0011111111111111111111111111111111111111111111111111111111111111111111111111111111111111111111111111111111111111111111111111111111111111111111111111111111111111111111111111]
empty                                     (trunc            ) [ 0011111110000000000000000000000000000000000000000000000000000000000000000000000000000000000000000000000000000000000000000000000000000000000000000000000000000000000000000000]
empty_37                                  (shl              ) [ 0011111110000000000000000000000000000000000000000000000000000000000000000000000000000000000000000000000000000000000000000000000000000000000000000000000000000000000000000000]
icmp_ln20                                 (icmp             ) [ 0111111111111000000000000000000000000000000000000000000000000000000000000000000000000000000000000000000000000000000000000000000000000000000000000000000000000000000000000000]
br_ln20                                   (br               ) [ 0000000000000000000000000000000000000000000000000000000000000000000000000000000000000000000000000000000000000000000000000000000000000000000000000000000000000000000000000000]
trunc_ln                                  (partselect       ) [ 0010000000000000000000000000000000000000000000000000000000000000000000000000000000000000000000000000000000000000000000000000000000000000000000000000000000000000000000000000]
sext_ln20                                 (sext             ) [ 0000000000000000000000000000000000000000000000000000000000000000000000000000000000000000000000000000000000000000000000000000000000000000000000000000000000000000000000000000]
gmem2_addr                                (getelementptr    ) [ 0001111111110000000000000000000000000000000000000000000000000000000000000000000000000000000000000000000000000000000000000000000000000000000000000000000000000000000000000000]
trunc_ln20_1                              (bitconcatenate   ) [ 0000000001110000000000000000000000000000000000000000000000000000000000000000000000000000000000000000000000000000000000000000000000000000000000000000000000000000000000000000]
empty_38                                  (readreq          ) [ 0000000000000000000000000000000000000000000000000000000000000000000000000000000000000000000000000000000000000000000000000000000000000000000000000000000000000000000000000000]
br_ln20                                   (br               ) [ 0000000011110000000000000000000000000000000000000000000000000000000000000000000000000000000000000000000000000000000000000000000000000000000000000000000000000000000000000000]
i                                         (phi              ) [ 0000000001110000000000000000000000000000000000000000000000000000000000000000000000000000000000000000000000000000000000000000000000000000000000000000000000000000000000000000]
add_ln20                                  (add              ) [ 0000000011110000000000000000000000000000000000000000000000000000000000000000000000000000000000000000000000000000000000000000000000000000000000000000000000000000000000000000]
zext_ln20_1                               (zext             ) [ 0000000000000000000000000000000000000000000000000000000000000000000000000000000000000000000000000000000000000000000000000000000000000000000000000000000000000000000000000000]
icmp_ln20_1                               (icmp             ) [ 0000000001110000000000000000000000000000000000000000000000000000000000000000000000000000000000000000000000000000000000000000000000000000000000000000000000000000000000000000]
br_ln20                                   (br               ) [ 0000000000000000000000000000000000000000000000000000000000000000000000000000000000000000000000000000000000000000000000000000000000000000000000000000000000000000000000000000]
gmem2_addr_read                           (read             ) [ 0000000001010000000000000000000000000000000000000000000000000000000000000000000000000000000000000000000000000000000000000000000000000000000000000000000000000000000000000000]
zext_ln20                                 (zext             ) [ 0000000000000000000000000000000000000000000000000000000000000000000000000000000000000000000000000000000000000000000000000000000000000000000000000000000000000000000000000000]
specpipeline_ln20                         (specpipeline     ) [ 0000000000000000000000000000000000000000000000000000000000000000000000000000000000000000000000000000000000000000000000000000000000000000000000000000000000000000000000000000]
speclooptripcount_ln20                    (speclooptripcount) [ 0000000000000000000000000000000000000000000000000000000000000000000000000000000000000000000000000000000000000000000000000000000000000000000000000000000000000000000000000000]
specloopname_ln20                         (specloopname     ) [ 0000000000000000000000000000000000000000000000000000000000000000000000000000000000000000000000000000000000000000000000000000000000000000000000000000000000000000000000000000]
bitcast_ln23                              (bitcast          ) [ 0000000000000000000000000000000000000000000000000000000000000000000000000000000000000000000000000000000000000000000000000000000000000000000000000000000000000000000000000000]
buffer_objxy_addr                         (getelementptr    ) [ 0000000000000000000000000000000000000000000000000000000000000000000000000000000000000000000000000000000000000000000000000000000000000000000000000000000000000000000000000000]
store_ln23                                (store            ) [ 0000000000000000000000000000000000000000000000000000000000000000000000000000000000000000000000000000000000000000000000000000000000000000000000000000000000000000000000000000]
br_ln0                                    (br               ) [ 0000000011110000000000000000000000000000000000000000000000000000000000000000000000000000000000000000000000000000000000000000000000000000000000000000000000000000000000000000]
br_ln0                                    (br               ) [ 0000000000000000000000000000000000000000000000000000000000000000000000000000000000000000000000000000000000000000000000000000000000000000000000000000000000000000000000000000]
conv57_i                                  (sitodp           ) [ 0000000000000000011111111111111111111111111111111111111111111111111111111111111111111111111111111111111111111111111111111111111111111111111111111111111111111111111111111111]
cmp1_i42                                  (icmp             ) [ 0000000000000000011111111111111111111111111111111111111111111111111111111111111111111111111111111111111111111111111111111111111111111111111111111111111111111111111111111111]
empty_39                                  (trunc            ) [ 0000000000000000011111111111111111111111111111111111111111111111111111111111111111111111111111111111111111111111111111111111111111111111111111111111111111111111111111111111]
sext_ln163                                (sext             ) [ 0000000000000000011111111111111111111111111111111111111111111111111111111111111111111111111111111111111111111111111111111111111111111111111111111111111111111111111111111111]
br_ln163                                  (br               ) [ 0000000000000000111111111111111111111111111111111111111111111111111111111111111111111111111111111111111111111111111111111111111111111111111111111111111111111111111111111111]
base                                      (phi              ) [ 0000000000000000010000000000000000000000000000000000000000000000000000000000000000000000000000000000000000000000000000000000000000000000000000000000000000000000000000000000]
phi_mul                                   (phi              ) [ 0000000000000000010000000000000000000000000000000000000000000000000000000000000000000000000000000000000000000000000000000000000000000000000000000000000000000000000000000000]
add_ln163                                 (add              ) [ 0000000000000000111111111111111111111111111111111111111111111111111111111111111111111111111111111111111111111111111111111111111111111111111111111111111111111111111111111111]
icmp_ln163                                (icmp             ) [ 0000000000000000011111111111111111111111111111111111111111111111111111111111111111111111111111111111111111111111111111111111111111111111111111111111111111111111111111111111]
br_ln163                                  (br               ) [ 0000000000000000000000000000000000000000000000000000000000000000000000000000000000000000000000000000000000000000000000000000000000000000000000000000000000000000000000000000]
add_ln168_3                               (add              ) [ 0000000000000000111111111111111111111111111111111111111111111111111111111111111111111111111111111111111111111111111111111111111111111111111111111111111111111111111111111111]
add_ln168                                 (add              ) [ 0000000000000000001111111111111111111111111111111111111111111111111111111111111111111111111111111111111111111111111111111111111111111111111111111111111111111111111000000000]
add_ln168_1                               (add              ) [ 0000000000000000001000000000000000000000000000000000000000000000000000000000000000000000000000000000000000000000000000000000000000000000000000000000000000000000000000000000]
add_ln168_2                               (add              ) [ 0000000000000000001000000000000000000000000000000000000000000000000000000000000000000000000000000000000000000000000000000000000000000000000000000000000000000000000000000000]
icmp_ln168                                (icmp             ) [ 0000000000000000001000000000000000000000000000000000000000000000000000000000000000000000000000000000000000000000000000000000000000000000000000000000000000000000000000000000]
trunc_ln169                               (trunc            ) [ 0000000000000000000000000000000000000000000000000000000000000000000000000000000000000000000000000000000000000000000000000000000000000000000000000000000000000000000000000000]
sub_ln168                                 (sub              ) [ 0000000000000000001000000000000000000000000000000000000000000000000000000000000000000000000000000000000000000000000000000000000000000000000000000000000000000000000000000000]
ret_ln178                                 (ret              ) [ 0000000000000000000000000000000000000000000000000000000000000000000000000000000000000000000000000000000000000000000000000000000000000000000000000000000000000000000000000000]
specpipeline_ln163                        (specpipeline     ) [ 0000000000000000000000000000000000000000000000000000000000000000000000000000000000000000000000000000000000000000000000000000000000000000000000000000000000000000000000000000]
speclooptripcount_ln163                   (speclooptripcount) [ 0000000000000000000000000000000000000000000000000000000000000000000000000000000000000000000000000000000000000000000000000000000000000000000000000000000000000000000000000000]
specloopname_ln163                        (specloopname     ) [ 0000000000000000000000000000000000000000000000000000000000000000000000000000000000000000000000000000000000000000000000000000000000000000000000000000000000000000000000000000]
tileSize                                  (select           ) [ 0000000000000000000111111111111111111111111111111111111111111111111111111111111111111111111111111111111111111111111111111111111111111111111111111111111111111111111100000000]
icmp_ln37                                 (icmp             ) [ 0000000000000000011111111111111111111111111111111111111111111111111111111111111111111111111111111111111111111111111111111111111111111111111111111111111111111111111111111111]
br_ln37                                   (br               ) [ 0000000000000000000000000000000000000000000000000000000000000000000000000000000000000000000000000000000000000000000000000000000000000000000000000000000000000000000000000000]
trunc_ln2                                 (partselect       ) [ 0000000000000000000100000000000000000000000000000000000000000000000000000000000000000000000000000000000000000000000000000000000000000000000000000000000000000000000000000000]
trunc_ln37_1                              (partselect       ) [ 0000000000000000000100000000000000000000000000000000000000000000000000000000000000000000000000000000000000000000000000000000000000000000000000000000000000000000000000000000]
sext_ln37                                 (sext             ) [ 0000000000000000000000000000000000000000000000000000000000000000000000000000000000000000000000000000000000000000000000000000000000000000000000000000000000000000000000000000]
gmem0_addr                                (getelementptr    ) [ 0000000000000000000011111111100000000000000000000000000000000000000000000000000000000000000000000000000000000000000000000000000000000000000000000000000000000000000000000000]
sext_ln37_1                               (sext             ) [ 0000000000000000000000000000000000000000000000000000000000000000000000000000000000000000000000000000000000000000000000000000000000000000000000000000000000000000000000000000]
gmem1_addr                                (getelementptr    ) [ 0000000000000000000011111111100000000000000000000000000000000000000000000000000000000000000000000000000000000000000000000000000000000000000000000000000000000000000000000000]
trunc_ln37                                (trunc            ) [ 0000000000000000000000000011111111111111111111111111111111111111111111111111111111111111111111111111111111111111111111111111111111111111111111111111111111111111111111100000]
empty_40                                  (readreq          ) [ 0000000000000000000000000000000000000000000000000000000000000000000000000000000000000000000000000000000000000000000000000000000000000000000000000000000000000000000000000000]
empty_41                                  (readreq          ) [ 0000000000000000000000000000000000000000000000000000000000000000000000000000000000000000000000000000000000000000000000000000000000000000000000000000000000000000000000000000]
br_ln37                                   (br               ) [ 0000000000000000011111111111111111111111111111111111111111111111111111111111111111111111111111111111111111111111111111111111111111111111111111111111111111111111111111111111]
x                                         (phi              ) [ 0000000000000000000000000011100000000000000000000000000000000000000000000000000000000000000000000000000000000000000000000000000000000000000000000000000000000000000000000000]
add_ln37                                  (add              ) [ 0000000000000000011111111111111111111111111111111111111111111111111111111111111111111111111111111111111111111111111111111111111111111111111111111111111111111111111111111111]
zext_ln37_1                               (zext             ) [ 0000000000000000000000000000000000000000000000000000000000000000000000000000000000000000000000000000000000000000000000000000000000000000000000000000000000000000000000000000]
icmp_ln37_1                               (icmp             ) [ 0000000000000000011111111111111111111111111111111111111111111111111111111111111111111111111111111111111111111111111111111111111111111111111111111111111111111111111111111111]
br_ln37                                   (br               ) [ 0000000000000000000000000000000000000000000000000000000000000000000000000000000000000000000000000000000000000000000000000000000000000000000000000000000000000000000000000000]
gmem0_addr_read                           (read             ) [ 0000000000000000000000000010100000000000000000000000000000000000000000000000000000000000000000000000000000000000000000000000000000000000000000000000000000000000000000000000]
gmem1_addr_read                           (read             ) [ 0000000000000000000000000010100000000000000000000000000000000000000000000000000000000000000000000000000000000000000000000000000000000000000000000000000000000000000000000000]
zext_ln37                                 (zext             ) [ 0000000000000000000000000000000000000000000000000000000000000000000000000000000000000000000000000000000000000000000000000000000000000000000000000000000000000000000000000000]
specpipeline_ln37                         (specpipeline     ) [ 0000000000000000000000000000000000000000000000000000000000000000000000000000000000000000000000000000000000000000000000000000000000000000000000000000000000000000000000000000]
speclooptripcount_ln37                    (speclooptripcount) [ 0000000000000000000000000000000000000000000000000000000000000000000000000000000000000000000000000000000000000000000000000000000000000000000000000000000000000000000000000000]
specloopname_ln37                         (specloopname     ) [ 0000000000000000000000000000000000000000000000000000000000000000000000000000000000000000000000000000000000000000000000000000000000000000000000000000000000000000000000000000]
bitcast_ln40                              (bitcast          ) [ 0000000000000000000000000000000000000000000000000000000000000000000000000000000000000000000000000000000000000000000000000000000000000000000000000000000000000000000000000000]
buffer_X_addr                             (getelementptr    ) [ 0000000000000000000000000000000000000000000000000000000000000000000000000000000000000000000000000000000000000000000000000000000000000000000000000000000000000000000000000000]
store_ln40                                (store            ) [ 0000000000000000000000000000000000000000000000000000000000000000000000000000000000000000000000000000000000000000000000000000000000000000000000000000000000000000000000000000]
bitcast_ln41                              (bitcast          ) [ 0000000000000000000000000000000000000000000000000000000000000000000000000000000000000000000000000000000000000000000000000000000000000000000000000000000000000000000000000000]
buffer_Y_addr                             (getelementptr    ) [ 0000000000000000000000000000000000000000000000000000000000000000000000000000000000000000000000000000000000000000000000000000000000000000000000000000000000000000000000000000]
store_ln41                                (store            ) [ 0000000000000000000000000000000000000000000000000000000000000000000000000000000000000000000000000000000000000000000000000000000000000000000000000000000000000000000000000000]
br_ln0                                    (br               ) [ 0000000000000000011111111111111111111111111111111111111111111111111111111111111111111111111111111111111111111111111111111111111111111111111111111111111111111111111111111111]
br_ln63                                   (br               ) [ 0000000000000000011111111111111111111111111111111111111111111111111111111111111111111111111111111111111111111111111111111111111111111111111111111111111111111111111111111111]
x_1                                       (phi              ) [ 0000000000000000000000000000001111000000000000000000000000000000000000000000000000000000000000000000000000000000000000000000000000000000000000000000000000000000000000000000]
add_ln63                                  (add              ) [ 0000000000000000011111111111111111111111111111111111111111111111111111111111111111111111111111111111111111111111111111111111111111111111111111111111111111111111111111111111]
zext_ln63_1                               (zext             ) [ 0000000000000000000000000000000000000000000000000000000000000000000000000000000000000000000000000000000000000000000000000000000000000000000000000000000000000000000000000000]
icmp_ln63                                 (icmp             ) [ 0000000000000000011111111111111111111111111111111111111111111111111111111111111111111111111111111111111111111111111111111111111111111111111111111111111111111111111111111111]
br_ln63                                   (br               ) [ 0000000000000000000000000000000000000000000000000000000000000000000000000000000000000000000000000000000000000000000000000000000000000000000000000000000000000000000000000000]
x_1_cast2                                 (zext             ) [ 0000000000000000000000000000000111000000000000000000000000000000000000000000000000000000000000000000000000000000000000000000000000000000000000000000000000000000000000000000]
trunc_ln3                                 (partselect       ) [ 0000000000000000000000000000000000000000000000000000000000000000000000000000000000000000000000000000000000000000000000000000000000000000000000000000000000000000000100000000]
zext_ln63                                 (zext             ) [ 0000000000000000000000000000000000111111111111111111111111111111111111111111111111111111111111111111111111111111111111111111111111111111111111111111111111111111111000000000]
specpipeline_ln63                         (specpipeline     ) [ 0000000000000000000000000000000000000000000000000000000000000000000000000000000000000000000000000000000000000000000000000000000000000000000000000000000000000000000000000000]
speclooptripcount_ln63                    (speclooptripcount) [ 0000000000000000000000000000000000000000000000000000000000000000000000000000000000000000000000000000000000000000000000000000000000000000000000000000000000000000000000000000]
specloopname_ln63                         (specloopname     ) [ 0000000000000000000000000000000000000000000000000000000000000000000000000000000000000000000000000000000000000000000000000000000000000000000000000000000000000000000000000000]
buffer_X_addr_1                           (getelementptr    ) [ 0000000000000000000000000000000000100000000000000000000000000000000000000000000000000000000000000000000000000000000000000000000000000000000000000000000000000000000000000000]
buffer_Y_addr_1                           (getelementptr    ) [ 0000000000000000000000000000000000100000000000000000000000000000000000000000000000000000000000000000000000000000000000000000000000000000000000000000000000000000000000000000]
empty_42                                  (mul              ) [ 0000000000000000000000000000000000111111111111111111111111111111111111111111111111111111111111111111111111111111111111111111111111000000000000000000000000000000000000000000]
br_ln67                                   (br               ) [ 0000000000000000011111111111111111111111111111111111111111111111111111111111111111111111111111111111111111111111111111111111111111111111111111111111111111111111111111111111]
buffer_X_load                             (load             ) [ 0000000000000000000000000000000000011111111000000000000000000000000000000000000000000000000000000000000000000000000000000000000000000000000000000000000000000000000000000000]
buffer_Y_load                             (load             ) [ 0000000000000000000000000000000000011111111000000000000000000000000000000000000000000000000000000000000000000000000000000000000000000000000000000000000000000000000000000000]
dc                                        (dadd             ) [ 0000000000000000000000000000000000000000000100000000000000000000000000000000000000000000000000000000000000000000000000000000000000000000000000000000000000000000000000000000]
dc_1                                      (dadd             ) [ 0000000000000000000000000000000000000000000100000000000000000000000000000000000000000000000000000000000000000000000000000000000000000000000000000000000000000000000000000000]
data_V                                    (bitcast          ) [ 0000000000000000000000000000000000000000000000000000000000000000000000000000000000000000000000000000000000000000000000000000000000000000000000000000000000000000000000000000]
p_Result_s                                (bitselect        ) [ 0000000000000000000000000000000000000000000010000000000000000000000000000000000000000000000000000000000000000000000000000000000000000000000000000000000000000000000000000000]
tmp_18                                    (partselect       ) [ 0000000000000000000000000000000000000000000000000000000000000000000000000000000000000000000000000000000000000000000000000000000000000000000000000000000000000000000000000000]
tmp_19                                    (trunc            ) [ 0000000000000000000000000000000000000000000000000000000000000000000000000000000000000000000000000000000000000000000000000000000000000000000000000000000000000000000000000000]
mantissa                                  (bitconcatenate   ) [ 0000000000000000000000000000000000000000000000000000000000000000000000000000000000000000000000000000000000000000000000000000000000000000000000000000000000000000000000000000]
zext_ln15                                 (zext             ) [ 0000000000000000000000000000000000000000000000000000000000000000000000000000000000000000000000000000000000000000000000000000000000000000000000000000000000000000000000000000]
zext_ln510                                (zext             ) [ 0000000000000000000000000000000000000000000000000000000000000000000000000000000000000000000000000000000000000000000000000000000000000000000000000000000000000000000000000000]
add_ln510                                 (add              ) [ 0000000000000000000000000000000000000000000000000000000000000000000000000000000000000000000000000000000000000000000000000000000000000000000000000000000000000000000000000000]
isNeg                                     (bitselect        ) [ 0000000000000000000000000000000000000000000000000000000000000000000000000000000000000000000000000000000000000000000000000000000000000000000000000000000000000000000000000000]
sub_ln1311                                (sub              ) [ 0000000000000000000000000000000000000000000000000000000000000000000000000000000000000000000000000000000000000000000000000000000000000000000000000000000000000000000000000000]
sext_ln1311                               (sext             ) [ 0000000000000000000000000000000000000000000000000000000000000000000000000000000000000000000000000000000000000000000000000000000000000000000000000000000000000000000000000000]
ush                                       (select           ) [ 0000000000000000000000000000000000000000000000000000000000000000000000000000000000000000000000000000000000000000000000000000000000000000000000000000000000000000000000000000]
sh_prom_i_i_i_i_i_i_cast_cast_cast        (sext             ) [ 0000000000000000000000000000000000000000000000000000000000000000000000000000000000000000000000000000000000000000000000000000000000000000000000000000000000000000000000000000]
sh_prom_i_i_i_i_i_i_cast_cast_cast_cast   (zext             ) [ 0000000000000000000000000000000000000000000000000000000000000000000000000000000000000000000000000000000000000000000000000000000000000000000000000000000000000000000000000000]
r_V                                       (lshr             ) [ 0000000000000000000000000000000000000000000000000000000000000000000000000000000000000000000000000000000000000000000000000000000000000000000000000000000000000000000000000000]
r_V_1                                     (shl              ) [ 0000000000000000000000000000000000000000000000000000000000000000000000000000000000000000000000000000000000000000000000000000000000000000000000000000000000000000000000000000]
tmp                                       (bitselect        ) [ 0000000000000000000000000000000000000000000000000000000000000000000000000000000000000000000000000000000000000000000000000000000000000000000000000000000000000000000000000000]
zext_ln662                                (zext             ) [ 0000000000000000000000000000000000000000000000000000000000000000000000000000000000000000000000000000000000000000000000000000000000000000000000000000000000000000000000000000]
tmp_9                                     (partselect       ) [ 0000000000000000000000000000000000000000000000000000000000000000000000000000000000000000000000000000000000000000000000000000000000000000000000000000000000000000000000000000]
val                                       (select           ) [ 0000000000000000000000000000000000000000000010000000000000000000000000000000000000000000000000000000000000000000000000000000000000000000000000000000000000000000000000000000]
data_V_1                                  (bitcast          ) [ 0000000000000000000000000000000000000000000000000000000000000000000000000000000000000000000000000000000000000000000000000000000000000000000000000000000000000000000000000000]
p_Result_1                                (bitselect        ) [ 0000000000000000000000000000000000000000000010000000000000000000000000000000000000000000000000000000000000000000000000000000000000000000000000000000000000000000000000000000]
tmp_20                                    (partselect       ) [ 0000000000000000000000000000000000000000000000000000000000000000000000000000000000000000000000000000000000000000000000000000000000000000000000000000000000000000000000000000]
tmp_21                                    (trunc            ) [ 0000000000000000000000000000000000000000000000000000000000000000000000000000000000000000000000000000000000000000000000000000000000000000000000000000000000000000000000000000]
mantissa_1                                (bitconcatenate   ) [ 0000000000000000000000000000000000000000000000000000000000000000000000000000000000000000000000000000000000000000000000000000000000000000000000000000000000000000000000000000]
zext_ln15_1                               (zext             ) [ 0000000000000000000000000000000000000000000000000000000000000000000000000000000000000000000000000000000000000000000000000000000000000000000000000000000000000000000000000000]
zext_ln510_1                              (zext             ) [ 0000000000000000000000000000000000000000000000000000000000000000000000000000000000000000000000000000000000000000000000000000000000000000000000000000000000000000000000000000]
add_ln510_1                               (add              ) [ 0000000000000000000000000000000000000000000000000000000000000000000000000000000000000000000000000000000000000000000000000000000000000000000000000000000000000000000000000000]
isNeg_1                                   (bitselect        ) [ 0000000000000000000000000000000000000000000000000000000000000000000000000000000000000000000000000000000000000000000000000000000000000000000000000000000000000000000000000000]
sub_ln1311_1                              (sub              ) [ 0000000000000000000000000000000000000000000000000000000000000000000000000000000000000000000000000000000000000000000000000000000000000000000000000000000000000000000000000000]
sext_ln1311_1                             (sext             ) [ 0000000000000000000000000000000000000000000000000000000000000000000000000000000000000000000000000000000000000000000000000000000000000000000000000000000000000000000000000000]
ush_1                                     (select           ) [ 0000000000000000000000000000000000000000000000000000000000000000000000000000000000000000000000000000000000000000000000000000000000000000000000000000000000000000000000000000]
sh_prom_i_i_i_i_i_i15_cast_cast_cast      (sext             ) [ 0000000000000000000000000000000000000000000000000000000000000000000000000000000000000000000000000000000000000000000000000000000000000000000000000000000000000000000000000000]
sh_prom_i_i_i_i_i_i15_cast_cast_cast_cast (zext             ) [ 0000000000000000000000000000000000000000000000000000000000000000000000000000000000000000000000000000000000000000000000000000000000000000000000000000000000000000000000000000]
r_V_2                                     (lshr             ) [ 0000000000000000000000000000000000000000000000000000000000000000000000000000000000000000000000000000000000000000000000000000000000000000000000000000000000000000000000000000]
r_V_3                                     (shl              ) [ 0000000000000000000000000000000000000000000000000000000000000000000000000000000000000000000000000000000000000000000000000000000000000000000000000000000000000000000000000000]
tmp_6                                     (bitselect        ) [ 0000000000000000000000000000000000000000000000000000000000000000000000000000000000000000000000000000000000000000000000000000000000000000000000000000000000000000000000000000]
zext_ln662_1                              (zext             ) [ 0000000000000000000000000000000000000000000000000000000000000000000000000000000000000000000000000000000000000000000000000000000000000000000000000000000000000000000000000000]
tmp_s                                     (partselect       ) [ 0000000000000000000000000000000000000000000000000000000000000000000000000000000000000000000000000000000000000000000000000000000000000000000000000000000000000000000000000000]
val_1                                     (select           ) [ 0000000000000000000000000000000000000000000010000000000000000000000000000000000000000000000000000000000000000000000000000000000000000000000000000000000000000000000000000000]
result_V_2                                (sub              ) [ 0000000000000000000000000000000000000000000000000000000000000000000000000000000000000000000000000000000000000000000000000000000000000000000000000000000000000000000000000000]
result_V_12                               (select           ) [ 0000000000000000000000000000000000000000000001111111111111111111100000000000000000000000000000000000000000000000000000000000000000000000000000000000000000000000000000000000]
result_V_5                                (sub              ) [ 0000000000000000000000000000000000000000000000000000000000000000000000000000000000000000000000000000000000000000000000000000000000000000000000000000000000000000000000000000]
result_V_13                               (select           ) [ 0000000000000000000000000000000000000000000001111111111111111111100000000000000000000000000000000000000000000000000000000000000000000000000000000000000000000000000000000000]
br_ln67                                   (br               ) [ 0000000000000000011111111111111111111111111111111111111111111111111111111111111111111111111111111111111111111111111111111111111111111111111111111111111111111111111111111111]
y                                         (phi              ) [ 0000000000000000000000000000000000000000000001000000000000000000000000000000000000000000000000000000000000000000000000000000000000000000000000000000000000000000000000000000]
add_ln67                                  (add              ) [ 0000000000000000011111111111111111111111111111111111111111111111111111111111111111111111111111111111111111111111111111111111111111111111111111111111111111111111111111111111]
zext_ln67                                 (zext             ) [ 0000000000000000000000000000000000000000000000000000000000000000000000000000000000000000000000000000000000000000000000000000000000000000000000000000000000000000000000000000]
icmp_ln67                                 (icmp             ) [ 0000000000000000011111111111111111111111111111111111111111111111111111111111111111111111111111111111111111111111111111111111111111111111111111111111111111111111111111111111]
br_ln67                                   (br               ) [ 0000000000000000000000000000000000000000000000000000000000000000000000000000000000000000000000000000000000000000000000000000000000000000000000000000000000000000000000000000]
trunc_ln67                                (trunc            ) [ 0000000000000000000000000000000000000000000000000000000000000000000000000000000000000000000000000000000000000000000000000000000000000000000000000000000000000000000000000000]
trunc_ln70                                (trunc            ) [ 0000000000000000000000000000000000000000000000000000000000000000000000000000000000000000000000000000000000000000000000000000000000000000000000000000000000000000000000000000]
shl_ln                                    (bitconcatenate   ) [ 0000000000000000000000000000000000000000000000000000000000000000000000000000000000000000000000000000000000000000000000000000000000000000000000000000000000000000000000000000]
zext_ln70                                 (zext             ) [ 0000000000000000000000000000000000000000000000000000000000000000000000000000000000000000000000000000000000000000000000000000000000000000000000000000000000000000000000000000]
or_ln70                                   (or               ) [ 0000000000000000000000000000000000000000000000000000000000000000000000000000000000000000000000000000000000000000000000000000000000000000000000000000000000000000000000000000]
zext_ln70_1                               (zext             ) [ 0000000000000000000000000000000000000000000000000000000000000000000000000000000000000000000000000000000000000000000000000000000000000000000000000000000000000000000000000000]
buffer_objxy_addr_1                       (getelementptr    ) [ 0000000000000000000000000000000000000000000001100000000000000000000000000000000000000000000000000000000000000000000000000000000000000000000000000000000000000000000000000000]
buffer_objxy_addr_2                       (getelementptr    ) [ 0000000000000000000000000000000000000000000001100000000000000000000000000000000000000000000000000000000000000000000000000000000000000000000000000000000000000000000000000000]
add_ln73_2                                (add              ) [ 0000000000000000000000000000000000000000000001111111111111111111100000000000000000000000000000000000000000000000000000000000000000000000000000000000000000000000000000000000]
buffer_objxy_load                         (load             ) [ 0000000000000000000000000000000000000000000001011111111000000000000000000000000000000000000000000000000000000000000000000000000000000000000000000000000000000000000000000000]
buffer_objxy_load_1                       (load             ) [ 0000000000000000000000000000000000000000000001011111111000000000000000000000000000000000000000000000000000000000000000000000000000000000000000000000000000000000000000000000]
dc_2                                      (dadd             ) [ 0000000000000000000000000000000000000000000001000000000100000000000000000000000000000000000000000000000000000000000000000000000000000000000000000000000000000000000000000000]
dc_3                                      (dadd             ) [ 0000000000000000000000000000000000000000000001000000000100000000000000000000000000000000000000000000000000000000000000000000000000000000000000000000000000000000000000000000]
data_V_2                                  (bitcast          ) [ 0000000000000000000000000000000000000000000001000000000010000000000000000000000000000000000000000000000000000000000000000000000000000000000000000000000000000000000000000000]
tmp_22                                    (partselect       ) [ 0000000000000000000000000000000000000000000000000000000000000000000000000000000000000000000000000000000000000000000000000000000000000000000000000000000000000000000000000000]
tmp_23                                    (trunc            ) [ 0000000000000000000000000000000000000000000000000000000000000000000000000000000000000000000000000000000000000000000000000000000000000000000000000000000000000000000000000000]
mantissa_2                                (bitconcatenate   ) [ 0000000000000000000000000000000000000000000000000000000000000000000000000000000000000000000000000000000000000000000000000000000000000000000000000000000000000000000000000000]
zext_ln15_2                               (zext             ) [ 0000000000000000000000000000000000000000000000000000000000000000000000000000000000000000000000000000000000000000000000000000000000000000000000000000000000000000000000000000]
zext_ln510_2                              (zext             ) [ 0000000000000000000000000000000000000000000000000000000000000000000000000000000000000000000000000000000000000000000000000000000000000000000000000000000000000000000000000000]
add_ln510_2                               (add              ) [ 0000000000000000000000000000000000000000000000000000000000000000000000000000000000000000000000000000000000000000000000000000000000000000000000000000000000000000000000000000]
isNeg_2                                   (bitselect        ) [ 0000000000000000000000000000000000000000000000000000000000000000000000000000000000000000000000000000000000000000000000000000000000000000000000000000000000000000000000000000]
sub_ln1311_2                              (sub              ) [ 0000000000000000000000000000000000000000000000000000000000000000000000000000000000000000000000000000000000000000000000000000000000000000000000000000000000000000000000000000]
sext_ln1311_2                             (sext             ) [ 0000000000000000000000000000000000000000000000000000000000000000000000000000000000000000000000000000000000000000000000000000000000000000000000000000000000000000000000000000]
ush_2                                     (select           ) [ 0000000000000000000000000000000000000000000000000000000000000000000000000000000000000000000000000000000000000000000000000000000000000000000000000000000000000000000000000000]
sh_prom_i_i_i_i_i_i37_cast_cast_cast      (sext             ) [ 0000000000000000000000000000000000000000000000000000000000000000000000000000000000000000000000000000000000000000000000000000000000000000000000000000000000000000000000000000]
sh_prom_i_i_i_i_i_i37_cast_cast_cast_cast (zext             ) [ 0000000000000000000000000000000000000000000000000000000000000000000000000000000000000000000000000000000000000000000000000000000000000000000000000000000000000000000000000000]
r_V_4                                     (lshr             ) [ 0000000000000000000000000000000000000000000000000000000000000000000000000000000000000000000000000000000000000000000000000000000000000000000000000000000000000000000000000000]
r_V_5                                     (shl              ) [ 0000000000000000000000000000000000000000000000000000000000000000000000000000000000000000000000000000000000000000000000000000000000000000000000000000000000000000000000000000]
tmp_12                                    (bitselect        ) [ 0000000000000000000000000000000000000000000000000000000000000000000000000000000000000000000000000000000000000000000000000000000000000000000000000000000000000000000000000000]
zext_ln662_2                              (zext             ) [ 0000000000000000000000000000000000000000000000000000000000000000000000000000000000000000000000000000000000000000000000000000000000000000000000000000000000000000000000000000]
tmp_2                                     (partselect       ) [ 0000000000000000000000000000000000000000000000000000000000000000000000000000000000000000000000000000000000000000000000000000000000000000000000000000000000000000000000000000]
val_2                                     (select           ) [ 0000000000000000000000000000000000000000000001000000000010000000000000000000000000000000000000000000000000000000000000000000000000000000000000000000000000000000000000000000]
data_V_3                                  (bitcast          ) [ 0000000000000000000000000000000000000000000000000000000000000000000000000000000000000000000000000000000000000000000000000000000000000000000000000000000000000000000000000000]
p_Result_3                                (bitselect        ) [ 0000000000000000000000000000000000000000000001000000000010000000000000000000000000000000000000000000000000000000000000000000000000000000000000000000000000000000000000000000]
tmp_24                                    (partselect       ) [ 0000000000000000000000000000000000000000000000000000000000000000000000000000000000000000000000000000000000000000000000000000000000000000000000000000000000000000000000000000]
tmp_25                                    (trunc            ) [ 0000000000000000000000000000000000000000000000000000000000000000000000000000000000000000000000000000000000000000000000000000000000000000000000000000000000000000000000000000]
mantissa_3                                (bitconcatenate   ) [ 0000000000000000000000000000000000000000000000000000000000000000000000000000000000000000000000000000000000000000000000000000000000000000000000000000000000000000000000000000]
zext_ln15_3                               (zext             ) [ 0000000000000000000000000000000000000000000000000000000000000000000000000000000000000000000000000000000000000000000000000000000000000000000000000000000000000000000000000000]
zext_ln510_3                              (zext             ) [ 0000000000000000000000000000000000000000000000000000000000000000000000000000000000000000000000000000000000000000000000000000000000000000000000000000000000000000000000000000]
add_ln510_3                               (add              ) [ 0000000000000000000000000000000000000000000000000000000000000000000000000000000000000000000000000000000000000000000000000000000000000000000000000000000000000000000000000000]
isNeg_3                                   (bitselect        ) [ 0000000000000000000000000000000000000000000000000000000000000000000000000000000000000000000000000000000000000000000000000000000000000000000000000000000000000000000000000000]
sub_ln1311_3                              (sub              ) [ 0000000000000000000000000000000000000000000000000000000000000000000000000000000000000000000000000000000000000000000000000000000000000000000000000000000000000000000000000000]
sext_ln1311_3                             (sext             ) [ 0000000000000000000000000000000000000000000000000000000000000000000000000000000000000000000000000000000000000000000000000000000000000000000000000000000000000000000000000000]
ush_3                                     (select           ) [ 0000000000000000000000000000000000000000000000000000000000000000000000000000000000000000000000000000000000000000000000000000000000000000000000000000000000000000000000000000]
sh_prom_i_i_i_i_i_i59_cast_cast_cast      (sext             ) [ 0000000000000000000000000000000000000000000000000000000000000000000000000000000000000000000000000000000000000000000000000000000000000000000000000000000000000000000000000000]
sh_prom_i_i_i_i_i_i59_cast_cast_cast_cast (zext             ) [ 0000000000000000000000000000000000000000000000000000000000000000000000000000000000000000000000000000000000000000000000000000000000000000000000000000000000000000000000000000]
r_V_6                                     (lshr             ) [ 0000000000000000000000000000000000000000000000000000000000000000000000000000000000000000000000000000000000000000000000000000000000000000000000000000000000000000000000000000]
r_V_7                                     (shl              ) [ 0000000000000000000000000000000000000000000000000000000000000000000000000000000000000000000000000000000000000000000000000000000000000000000000000000000000000000000000000000]
tmp_17                                    (bitselect        ) [ 0000000000000000000000000000000000000000000000000000000000000000000000000000000000000000000000000000000000000000000000000000000000000000000000000000000000000000000000000000]
zext_ln662_3                              (zext             ) [ 0000000000000000000000000000000000000000000000000000000000000000000000000000000000000000000000000000000000000000000000000000000000000000000000000000000000000000000000000000]
tmp_4                                     (partselect       ) [ 0000000000000000000000000000000000000000000000000000000000000000000000000000000000000000000000000000000000000000000000000000000000000000000000000000000000000000000000000000]
val_3                                     (select           ) [ 0000000000000000000000000000000000000000000001000000000010000000000000000000000000000000000000000000000000000000000000000000000000000000000000000000000000000000000000000000]
p_Result_2                                (bitselect        ) [ 0000000000000000000000000000000000000000000000000000000000000000000000000000000000000000000000000000000000000000000000000000000000000000000000000000000000000000000000000000]
result_V_9                                (sub              ) [ 0000000000000000000000000000000000000000000000000000000000000000000000000000000000000000000000000000000000000000000000000000000000000000000000000000000000000000000000000000]
result_V_14                               (select           ) [ 0000000000000000000000000000000000000000000000000000000000000000000000000000000000000000000000000000000000000000000000000000000000000000000000000000000000000000000000000000]
indX                                      (add              ) [ 0000000000000000000000000000000000000000000001000000000001100000000000000000000000000000000000000000000000000000000000000000000000000000000000000000000000000000000000000000]
result_V_10                               (sub              ) [ 0000000000000000000000000000000000000000000000000000000000000000000000000000000000000000000000000000000000000000000000000000000000000000000000000000000000000000000000000000]
result_V                                  (select           ) [ 0000000000000000000000000000000000000000000001000000000001110000000000000000000000000000000000000000000000000000000000000000000000000000000000000000000000000000000000000000]
mul_ln73                                  (mul              ) [ 0000000000000000000000000000000000000000000001000000000000010000000000000000000000000000000000000000000000000000000000000000000000000000000000000000000000000000000000000000]
add_ln73_3                                (add              ) [ 0000000000000000000000000000000000000000000000000000000000000000000000000000000000000000000000000000000000000000000000000000000000000000000000000000000000000000000000000000]
add_ln73                                  (add              ) [ 0000000000000000000000000000000000000000000001000000000000001100000000000000000000000000000000000000000000000000000000000000000000000000000000000000000000000000000000000000]
mul_ln73_1                                (mul              ) [ 0000000000000000000000000000000000000000000001000000000000000010000000000000000000000000000000000000000000000000000000000000000000000000000000000000000000000000000000000000]
add_ln73_1                                (add              ) [ 0000000000000000000000000000000000000000000001000000000000000001000000000000000000000000000000000000000000000000000000000000000000000000000000000000000000000000000000000000]
neg                                       (sub              ) [ 0000000000000000000000000000000000000000000000000000000000000000000000000000000000000000000000000000000000000000000000000000000000000000000000000000000000000000000000000000]
abscond                                   (icmp             ) [ 0000000000000000000000000000000000000000000000000000000000000000000000000000000000000000000000000000000000000000000000000000000000000000000000000000000000000000000000000000]
abs                                       (select           ) [ 0000000000000000000000000000000000000000000000000000000000000000000000000000000000000000000000000000000000000000000000000000000000000000000000000000000000000000000000000000]
sext_ln75                                 (sext             ) [ 0000000000000000000000000000000000000000000000000000000000000000000000000000000000000000000000000000000000000000000000000000000000000000000000000000000000000000000000000000]
icmp_ln75                                 (icmp             ) [ 0000000000000000000000000000000000000000000000000000000000000000000000000000000000000000000000000000000000000000000000000000000000000000000000000000000000000000000000000000]
xor_ln75                                  (xor              ) [ 0000000000000000000000000000000000000000000000000000000000000000000000000000000000000000000000000000000000000000000000000000000000000000000000000000000000000000000000000000]
select_ln75                               (select           ) [ 0000000000000000000000000000000000000000000001000000000000000000100000000000000000000000000000000000000000000000000000000000000000000000000000000000000000000000000000000000]
specpipeline_ln67                         (specpipeline     ) [ 0000000000000000000000000000000000000000000000000000000000000000000000000000000000000000000000000000000000000000000000000000000000000000000000000000000000000000000000000000]
speclooptripcount_ln67                    (speclooptripcount) [ 0000000000000000000000000000000000000000000000000000000000000000000000000000000000000000000000000000000000000000000000000000000000000000000000000000000000000000000000000000]
specloopname_ln67                         (specloopname     ) [ 0000000000000000000000000000000000000000000000000000000000000000000000000000000000000000000000000000000000000000000000000000000000000000000000000000000000000000000000000000]
zext_ln73                                 (zext             ) [ 0000000000000000000000000000000000000000000000000000000000000000000000000000000000000000000000000000000000000000000000000000000000000000000000000000000000000000000000000000]
ind_buffer_addr                           (getelementptr    ) [ 0000000000000000000000000000000000000000000000000000000000000000000000000000000000000000000000000000000000000000000000000000000000000000000000000000000000000000000000000000]
store_ln75                                (store            ) [ 0000000000000000000000000000000000000000000000000000000000000000000000000000000000000000000000000000000000000000000000000000000000000000000000000000000000000000000000000000]
br_ln0                                    (br               ) [ 0000000000000000011111111111111111111111111111111111111111111111111111111111111111111111111111111111111111111111111111111111111111111111111111111111111111111111111111111111]
br_ln82                                   (br               ) [ 0000000000000000011111111111111111111111111111111111111111111111111111111111111111111111111111111111111111111111111111111111111111111111111111111111111111111111111111111111]
y_1                                       (phi              ) [ 0000000000000000000000000000000000000000000000000000000000000000001111100000000000000000000000000000000000000000000000000000000000000000000000000000000000000000000000000000]
zext_ln82                                 (zext             ) [ 0000000000000000000000000000000000000000000000000000000000000000000000000000000000000000000000000000000000000000000000000000000000000000000000000000000000000000000000000000]
icmp_ln82                                 (icmp             ) [ 0000000000000000011111111111111111111111111111111111111111111111111111111111111111111111111111111111111111111111111111111111111111111111111111111111111111111111111111111111]
br_ln82                                   (br               ) [ 0000000000000000000000000000000000000000000000000000000000000000000000000000000000000000000000000000000000000000000000000000000000000000000000000000000000000000000000000000]
trunc_ln82                                (trunc            ) [ 0000000000000000000000000000000000000000000000000000000000000000000000000000000000000000000000000000000000000000000000000000000000000000000000000000000000000000000000000000]
add_ln85                                  (add              ) [ 0000000000000000000000000000000000000000000000000000000000000000000000000000000000000000000000000000000000000000000000000000000000000000000000000000000000000000000000000000]
zext_ln85                                 (zext             ) [ 0000000000000000000000000000000000000000000000000000000000000000000000000000000000000000000000000000000000000000000000000000000000000000000000000000000000000000000000000000]
ind_buffer_addr_1                         (getelementptr    ) [ 0000000000000000000000000000000000000000000000000000000000000000000100000000000000000000000000000000000000000000000000000000000000000000000000000000000000000000000000000000]
idx                                       (load             ) [ 0000000000000000000000000000000000000000000000000000000000000000000000000000000000000000000000000000000000000000000000000000000000000000000000000000000000000000000000000000]
shl_ln1                                   (bitconcatenate   ) [ 0000000000000000000000000000000000000000000000000000000000000000000000000000000000000000000000000000000000000000000000000000000000000000000000000000000000000000000000000000]
sext_ln86                                 (sext             ) [ 0000000000000000000000000000000000000000000000000000000000000000000000000000000000000000000000000000000000000000000000000000000000000000000000000000000000000000000000000000]
add_ln86                                  (add              ) [ 0000000000000000000000000000000000000000000000000000000000000000000000000000000000000000000000000000000000000000000000000000000000000000000000000000000000000000000000000000]
trunc_ln6                                 (partselect       ) [ 0000000000000000000000000000000000000000000000000000000000000000000000000000000000000000000000000000000000000000000000000000000000000000000000000000000000000000000000000000]
sext_ln86_1                               (sext             ) [ 0000000000000000000000000000000000000000000000000000000000000000000000000000000000000000000000000000000000000000000000000000000000000000000000000000000000000000000000000000]
gmem3_addr                                (getelementptr    ) [ 0000000000000000000000000000000000000000000000000000000000000000001111111111000000000000000000000000000000000000000000000000000000000000000000000000000000000000000000000000]
add_ln82                                  (add              ) [ 0000000000000000011111111111111111111111111111111111111111111111111111111111111111111111111111111111111111111111111111111111111111111111111111111111111111111111111111111111]
gmem3_load_req                            (readreq          ) [ 0000000000000000000000000000000000000000000000000000000000000000000000000000000000000000000000000000000000000000000000000000000000000000000000000000000000000000000000000000]
gmem3_addr_read                           (read             ) [ 0000000000000000000000000000000000000000000000000000000000000000001100000000110000000000000000000000000000000000000000000000000000000000000000000000000000000000000000000000]
a                                         (add              ) [ 0000000000000000000000000000000000000000000000000000000000000000000110000000011000000000000000000000000000000000000000000000000000000000000000000000000000000000000000000000]
b                                         (add              ) [ 0000000000000000000000000000000000000000000000000000000000000000000011000000001100000000000000000000000000000000000000000000000000000000000000000000000000000000000000000000]
mul_ln88                                  (mul              ) [ 0000000000000000000000000000000000000000000000000000000000000000001111100000000111110000000000000000000000000000000000000000000000000000000000000000000000000000000000000000]
mul_ln88_1                                (mul              ) [ 0000000000000000000000000000000000000000000000000000000000000000001111100000000011111000000000000000000000000000000000000000000000000000000000000000000000000000000000000000]
conv47_i                                  (sitodp           ) [ 0000000000000000000000000000000000000000000000000000000000000000001111100000000000001111111110000000000000000000000000000000000000000000000000000000000000000000000000000000]
conv49_i                                  (sitodp           ) [ 0000000000000000000000000000000000000000000000000000000000000000001111100000000000000111111110000000000000000000000000000000000000000000000000000000000000000000000000000000]
sub50_i                                   (dsub             ) [ 0000000000000000000000000000000000000000000000000000000000000000001111100000000000000000000001111111111111111111111111111111000000000000000000000000000000000000000000000000]
empty_43                                  (phi              ) [ 0000000000000000011111111111111111000000000000000000000000000000001111111111111111111111111111111111111111111111111111111111111111111111111111111111111111111111111111111111]
div_i                                     (ddiv             ) [ 0000000000000000000000000000000000000000000000000000000000000000001111100000000000000000000000000000000000000000000000000000111111000000000000000000000000000000000000000000]
specpipeline_ln82                         (specpipeline     ) [ 0000000000000000000000000000000000000000000000000000000000000000000000000000000000000000000000000000000000000000000000000000000000000000000000000000000000000000000000000000]
speclooptripcount_ln82                    (speclooptripcount) [ 0000000000000000000000000000000000000000000000000000000000000000000000000000000000000000000000000000000000000000000000000000000000000000000000000000000000000000000000000000]
specloopname_ln82                         (specloopname     ) [ 0000000000000000000000000000000000000000000000000000000000000000000000000000000000000000000000000000000000000000000000000000000000000000000000000000000000000000000000000000]
add53_i                                   (dadd             ) [ 0000000000000000011111111111111111111111111111111111111111111111111111111111111111111111111111111111111111111111111111111111111111111111111111111111111111111111111111111111]
br_ln0                                    (br               ) [ 0000000000000000011111111111111111111111111111111111111111111111111111111111111111111111111111111111111111111111111111111111111111111111111111111111111111111111111111111111]
br_ln0                                    (br               ) [ 0000000000000000011111111111111111111111111111111111111111111111111111111111111111111111111111111111111111111111111111111111111111111111111111111111111111111111111111111111]
empty_44                                  (phi              ) [ 0000000000000000000000000000000000000000000000000000000000000000000000000000000000000000000000000000000000000000000000000000000000011111111111111111111111111111110000000000]
div58_i                                   (ddiv             ) [ 0000000000000000000000000000000000000000000000000000000000000000000000000000000000000000000000000000000000000000000000000000000000000000000000000000000000000000001000000000]
bitcast_ln91                              (bitcast          ) [ 0000000000000000000000000000000000000000000000000000000000000000000000000000000000000000000000000000000000000000000000000000000000000000000000000000000000000000000000000000]
buffer_likelihood_addr_1                  (getelementptr    ) [ 0000000000000000000000000000000000000000000000000000000000000000000000000000000000000000000000000000000000000000000000000000000000000000000000000000000000000000000000000000]
store_ln91                                (store            ) [ 0000000000000000000000000000000000000000000000000000000000000000000000000000000000000000000000000000000000000000000000000000000000000000000000000000000000000000000000000000]
br_ln0                                    (br               ) [ 0000000000000000011111111111111111111111111111111111111111111111111111111111111111111111111111111111111111111111111111111111111111111111111111111111111111111111111111111111]
sext_ln102                                (sext             ) [ 0000000000000000000000000000000000000000000000000000000000000000000000000000000000000000000000000000000000000000000000000000000000000000000000000000000000000000000000000000]
gmem4_addr                                (getelementptr    ) [ 0000000000000000011000000000000000000000000000000000000000000000000000000000000000000000000000000000000000000000000000000000000000000000000000000000000000000000000011111111]
empty_45                                  (writereq         ) [ 0000000000000000000000000000000000000000000000000000000000000000000000000000000000000000000000000000000000000000000000000000000000000000000000000000000000000000000000000000]
br_ln102                                  (br               ) [ 0000000000000000011111111111111111111111111111111111111111111111111111111111111111111111111111111111111111111111111111111111111111111111111111111111111111111111111111111111]
x_2                                       (phi              ) [ 0000000000000000000000000000000000000000000000000000000000000000000000000000000000000000000000000000000000000000000000000000000000000000000000000000000000000000000010000000]
add_ln102                                 (add              ) [ 0000000000000000011111111111111111111111111111111111111111111111111111111111111111111111111111111111111111111111111111111111111111111111111111111111111111111111111111111111]
zext_ln102                                (zext             ) [ 0000000000000000000000000000000000000000000000000000000000000000000000000000000000000000000000000000000000000000000000000000000000000000000000000000000000000000000000000000]
icmp_ln102                                (icmp             ) [ 0000000000000000011111111111111111111111111111111111111111111111111111111111111111111111111111111111111111111111111111111111111111111111111111111111111111111111111111111111]
br_ln102                                  (br               ) [ 0000000000000000000000000000000000000000000000000000000000000000000000000000000000000000000000000000000000000000000000000000000000000000000000000000000000000000000000000000]
zext_ln102_1                              (zext             ) [ 0000000000000000000000000000000000000000000000000000000000000000000000000000000000000000000000000000000000000000000000000000000000000000000000000000000000000000000000000000]
buffer_likelihood_addr                    (getelementptr    ) [ 0000000000000000000000000000000000000000000000000000000000000000000000000000000000000000000000000000000000000000000000000000000000000000000000000000000000000000000011000000]
buffer_likelihood_load                    (load             ) [ 0000000000000000000000000000000000000000000000000000000000000000000000000000000000000000000000000000000000000000000000000000000000000000000000000000000000000000000010100000]
specpipeline_ln102                        (specpipeline     ) [ 0000000000000000000000000000000000000000000000000000000000000000000000000000000000000000000000000000000000000000000000000000000000000000000000000000000000000000000000000000]
speclooptripcount_ln102                   (speclooptripcount) [ 0000000000000000000000000000000000000000000000000000000000000000000000000000000000000000000000000000000000000000000000000000000000000000000000000000000000000000000000000000]
specloopname_ln102                        (specloopname     ) [ 0000000000000000000000000000000000000000000000000000000000000000000000000000000000000000000000000000000000000000000000000000000000000000000000000000000000000000000000000000]
write_ln105                               (write            ) [ 0000000000000000000000000000000000000000000000000000000000000000000000000000000000000000000000000000000000000000000000000000000000000000000000000000000000000000000000000000]
br_ln0                                    (br               ) [ 0000000000000000011111111111111111111111111111111111111111111111111111111111111111111111111111111111111111111111111111111111111111111111111111111111111111111111111111111111]
empty_46                                  (writeresp        ) [ 0000000000000000000000000000000000000000000000000000000000000000000000000000000000000000000000000000000000000000000000000000000000000000000000000000000000000000000000000000]
br_ln163                                  (br               ) [ 0000000000000000000000000000000000000000000000000000000000000000000000000000000000000000000000000000000000000000000000000000000000000000000000000000000000000000000000000000]
br_ln0                                    (br               ) [ 0000000000000000111111111111111111111111111111111111111111111111111111111111111111111111111111111111111111111111111111111111111111111111111111111111111111111111111111111111]
</LifeTime>

<model>

<comp_list>
<comp id="0" class="1000" name="gmem0">
<pin_list>
<pin id="1" dir="1" index="0" bw="1" slack="0"/>
</pin_list>
<bind>
<StgValue><ssdm name="gmem0"/></StgValue>
</bind>
</comp>

<comp id="2" class="1000" name="gmem1">
<pin_list>
<pin id="3" dir="1" index="0" bw="1" slack="0"/>
</pin_list>
<bind>
<StgValue><ssdm name="gmem1"/></StgValue>
</bind>
</comp>

<comp id="4" class="1000" name="gmem2">
<pin_list>
<pin id="5" dir="1" index="0" bw="1" slack="0"/>
</pin_list>
<bind>
<StgValue><ssdm name="gmem2"/></StgValue>
</bind>
</comp>

<comp id="6" class="1000" name="gmem3">
<pin_list>
<pin id="7" dir="1" index="0" bw="1" slack="0"/>
</pin_list>
<bind>
<StgValue><ssdm name="gmem3"/></StgValue>
</bind>
</comp>

<comp id="8" class="1000" name="gmem4">
<pin_list>
<pin id="9" dir="1" index="0" bw="1" slack="0"/>
</pin_list>
<bind>
<StgValue><ssdm name="gmem4"/></StgValue>
</bind>
</comp>

<comp id="10" class="1000" name="Nparticles">
<pin_list>
<pin id="11" dir="1" index="0" bw="1" slack="0"/>
</pin_list>
<bind>
<StgValue><ssdm name="Nparticles"/></StgValue>
</bind>
</comp>

<comp id="12" class="1000" name="countOnes">
<pin_list>
<pin id="13" dir="1" index="0" bw="1" slack="0"/>
</pin_list>
<bind>
<StgValue><ssdm name="countOnes"/></StgValue>
</bind>
</comp>

<comp id="14" class="1000" name="IszY">
<pin_list>
<pin id="15" dir="1" index="0" bw="1" slack="0"/>
</pin_list>
<bind>
<StgValue><ssdm name="IszY"/></StgValue>
</bind>
</comp>

<comp id="16" class="1000" name="Nfr">
<pin_list>
<pin id="17" dir="1" index="0" bw="1" slack="0"/>
</pin_list>
<bind>
<StgValue><ssdm name="Nfr"/></StgValue>
</bind>
</comp>

<comp id="18" class="1000" name="k">
<pin_list>
<pin id="19" dir="1" index="0" bw="1" slack="0"/>
</pin_list>
<bind>
<StgValue><ssdm name="k"/></StgValue>
</bind>
</comp>

<comp id="20" class="1000" name="max_size">
<pin_list>
<pin id="21" dir="1" index="0" bw="1" slack="0"/>
</pin_list>
<bind>
<StgValue><ssdm name="max_size"/></StgValue>
</bind>
</comp>

<comp id="22" class="1000" name="arrayX">
<pin_list>
<pin id="23" dir="1" index="0" bw="1" slack="0"/>
</pin_list>
<bind>
<StgValue><ssdm name="arrayX"/></StgValue>
</bind>
</comp>

<comp id="24" class="1000" name="arrayY">
<pin_list>
<pin id="25" dir="1" index="0" bw="1" slack="0"/>
</pin_list>
<bind>
<StgValue><ssdm name="arrayY"/></StgValue>
</bind>
</comp>

<comp id="26" class="1000" name="objxy">
<pin_list>
<pin id="27" dir="1" index="0" bw="1" slack="0"/>
</pin_list>
<bind>
<StgValue><ssdm name="objxy"/></StgValue>
</bind>
</comp>

<comp id="28" class="1000" name="I">
<pin_list>
<pin id="29" dir="1" index="0" bw="1" slack="0"/>
</pin_list>
<bind>
<StgValue><ssdm name="I"/></StgValue>
</bind>
</comp>

<comp id="30" class="1000" name="likelihood">
<pin_list>
<pin id="31" dir="1" index="0" bw="1" slack="0"/>
</pin_list>
<bind>
<StgValue><ssdm name="likelihood"/></StgValue>
</bind>
</comp>

<comp id="32" class="1001" name="const_32">
<pin_list>
<pin id="33" dir="1" index="0" bw="1" slack="2147483647"/>
</pin_list>
<bind>
<StgValue><ssdm name="_ssdm_op_SpecTopModule"/></StgValue>
</bind>
</comp>

<comp id="34" class="1001" name="const_34">
<pin_list>
<pin id="35" dir="1" index="0" bw="1" slack="2147483647"/>
</pin_list>
<bind>
<StgValue><ssdm name="empty_19"/></StgValue>
</bind>
</comp>

<comp id="36" class="1001" name="const_36">
<pin_list>
<pin id="37" dir="1" index="0" bw="1" slack="2147483647"/>
</pin_list>
<bind>
<StgValue><ssdm name="_ssdm_op_SpecInterface"/></StgValue>
</bind>
</comp>

<comp id="38" class="1001" name="const_38">
<pin_list>
<pin id="39" dir="1" index="0" bw="1" slack="2147483647"/>
</pin_list>
<bind>
<StgValue><ssdm name="empty_13"/></StgValue>
</bind>
</comp>

<comp id="40" class="1001" name="const_40">
<pin_list>
<pin id="41" dir="1" index="0" bw="1" slack="0"/>
</pin_list>
<bind>
<StgValue><ssdm name=""/></StgValue>
</bind>
</comp>

<comp id="42" class="1001" name="const_42">
<pin_list>
<pin id="43" dir="1" index="0" bw="1" slack="2147483647"/>
</pin_list>
<bind>
<StgValue><ssdm name="empty_25"/></StgValue>
</bind>
</comp>

<comp id="44" class="1001" name="const_44">
<pin_list>
<pin id="45" dir="1" index="0" bw="1" slack="2147483647"/>
</pin_list>
<bind>
<StgValue><ssdm name="empty_17"/></StgValue>
</bind>
</comp>

<comp id="46" class="1001" name="const_46">
<pin_list>
<pin id="47" dir="1" index="0" bw="1" slack="2147483647"/>
</pin_list>
<bind>
<StgValue><ssdm name="empty_10"/></StgValue>
</bind>
</comp>

<comp id="48" class="1001" name="const_48">
<pin_list>
<pin id="49" dir="1" index="0" bw="1" slack="2147483647"/>
</pin_list>
<bind>
<StgValue><ssdm name=""/></StgValue>
</bind>
</comp>

<comp id="50" class="1001" name="const_50">
<pin_list>
<pin id="51" dir="1" index="0" bw="1" slack="2147483647"/>
</pin_list>
<bind>
<StgValue><ssdm name="_ssdm_op_SpecBitsMap"/></StgValue>
</bind>
</comp>

<comp id="52" class="1001" name="const_52">
<pin_list>
<pin id="53" dir="1" index="0" bw="1" slack="2147483647"/>
</pin_list>
<bind>
<StgValue><ssdm name="empty_9"/></StgValue>
</bind>
</comp>

<comp id="54" class="1001" name="const_54">
<pin_list>
<pin id="55" dir="1" index="0" bw="1" slack="2147483647"/>
</pin_list>
<bind>
<StgValue><ssdm name="empty_26"/></StgValue>
</bind>
</comp>

<comp id="56" class="1001" name="const_56">
<pin_list>
<pin id="57" dir="1" index="0" bw="1" slack="2147483647"/>
</pin_list>
<bind>
<StgValue><ssdm name="empty_22"/></StgValue>
</bind>
</comp>

<comp id="58" class="1001" name="const_58">
<pin_list>
<pin id="59" dir="1" index="0" bw="1" slack="2147483647"/>
</pin_list>
<bind>
<StgValue><ssdm name="empty_5"/></StgValue>
</bind>
</comp>

<comp id="60" class="1001" name="const_60">
<pin_list>
<pin id="61" dir="1" index="0" bw="1" slack="2147483647"/>
</pin_list>
<bind>
<StgValue><ssdm name="empty_6"/></StgValue>
</bind>
</comp>

<comp id="62" class="1001" name="const_62">
<pin_list>
<pin id="63" dir="1" index="0" bw="1" slack="2147483647"/>
</pin_list>
<bind>
<StgValue><ssdm name="empty_4"/></StgValue>
</bind>
</comp>

<comp id="64" class="1001" name="const_64">
<pin_list>
<pin id="65" dir="1" index="0" bw="1" slack="2147483647"/>
</pin_list>
<bind>
<StgValue><ssdm name="empty_3"/></StgValue>
</bind>
</comp>

<comp id="66" class="1001" name="const_66">
<pin_list>
<pin id="67" dir="1" index="0" bw="1" slack="2147483647"/>
</pin_list>
<bind>
<StgValue><ssdm name="empty_2"/></StgValue>
</bind>
</comp>

<comp id="68" class="1001" name="const_68">
<pin_list>
<pin id="69" dir="1" index="0" bw="1" slack="2147483647"/>
</pin_list>
<bind>
<StgValue><ssdm name="empty_1"/></StgValue>
</bind>
</comp>

<comp id="70" class="1001" name="const_70">
<pin_list>
<pin id="71" dir="1" index="0" bw="1" slack="2147483647"/>
</pin_list>
<bind>
<StgValue><ssdm name="empty_0"/></StgValue>
</bind>
</comp>

<comp id="72" class="1001" name="const_72">
<pin_list>
<pin id="73" dir="1" index="0" bw="1" slack="2147483647"/>
</pin_list>
<bind>
<StgValue><ssdm name="empty"/></StgValue>
</bind>
</comp>

<comp id="74" class="1001" name="const_74">
<pin_list>
<pin id="75" dir="1" index="0" bw="1" slack="2147483647"/>
</pin_list>
<bind>
<StgValue><ssdm name="empty_11"/></StgValue>
</bind>
</comp>

<comp id="76" class="1001" name="const_76">
<pin_list>
<pin id="77" dir="1" index="0" bw="1" slack="2147483647"/>
</pin_list>
<bind>
<StgValue><ssdm name="empty_18"/></StgValue>
</bind>
</comp>

<comp id="78" class="1001" name="const_78">
<pin_list>
<pin id="79" dir="1" index="0" bw="1" slack="2147483647"/>
</pin_list>
<bind>
<StgValue><ssdm name="empty_12"/></StgValue>
</bind>
</comp>

<comp id="80" class="1001" name="const_80">
<pin_list>
<pin id="81" dir="1" index="0" bw="1" slack="2147483647"/>
</pin_list>
<bind>
<StgValue><ssdm name="empty_24"/></StgValue>
</bind>
</comp>

<comp id="82" class="1001" name="const_82">
<pin_list>
<pin id="83" dir="1" index="0" bw="1" slack="2147483647"/>
</pin_list>
<bind>
<StgValue><ssdm name="empty_23"/></StgValue>
</bind>
</comp>

<comp id="84" class="1001" name="const_84">
<pin_list>
<pin id="85" dir="1" index="0" bw="1" slack="2147483647"/>
</pin_list>
<bind>
<StgValue><ssdm name="empty_29"/></StgValue>
</bind>
</comp>

<comp id="86" class="1001" name="const_86">
<pin_list>
<pin id="87" dir="1" index="0" bw="1" slack="2147483647"/>
</pin_list>
<bind>
<StgValue><ssdm name="empty_21"/></StgValue>
</bind>
</comp>

<comp id="88" class="1001" name="const_88">
<pin_list>
<pin id="89" dir="1" index="0" bw="1" slack="2147483647"/>
</pin_list>
<bind>
<StgValue><ssdm name="empty_20"/></StgValue>
</bind>
</comp>

<comp id="90" class="1001" name="const_90">
<pin_list>
<pin id="91" dir="1" index="0" bw="1" slack="0"/>
</pin_list>
<bind>
<StgValue><ssdm name="_ssdm_op_Read.s_axilite.i64"/></StgValue>
</bind>
</comp>

<comp id="92" class="1001" name="const_92">
<pin_list>
<pin id="93" dir="1" index="0" bw="1" slack="0"/>
</pin_list>
<bind>
<StgValue><ssdm name="_ssdm_op_Read.s_axilite.i32"/></StgValue>
</bind>
</comp>

<comp id="94" class="1001" name="const_94">
<pin_list>
<pin id="95" dir="1" index="0" bw="1" slack="0"/>
</pin_list>
<bind>
<StgValue><ssdm name=""/></StgValue>
</bind>
</comp>

<comp id="96" class="1001" name="const_96">
<pin_list>
<pin id="97" dir="1" index="0" bw="1" slack="0"/>
</pin_list>
<bind>
<StgValue><ssdm name=""/></StgValue>
</bind>
</comp>

<comp id="98" class="1001" name="const_98">
<pin_list>
<pin id="99" dir="1" index="0" bw="1" slack="0"/>
</pin_list>
<bind>
<StgValue><ssdm name="_ssdm_op_PartSelect.i61.i64.i32.i32"/></StgValue>
</bind>
</comp>

<comp id="100" class="1001" name="const_100">
<pin_list>
<pin id="101" dir="1" index="0" bw="1" slack="0"/>
</pin_list>
<bind>
<StgValue><ssdm name=""/></StgValue>
</bind>
</comp>

<comp id="102" class="1001" name="const_102">
<pin_list>
<pin id="103" dir="1" index="0" bw="1" slack="0"/>
</pin_list>
<bind>
<StgValue><ssdm name=""/></StgValue>
</bind>
</comp>

<comp id="104" class="1001" name="const_104">
<pin_list>
<pin id="105" dir="1" index="0" bw="1" slack="0"/>
</pin_list>
<bind>
<StgValue><ssdm name="_ssdm_op_ReadReq.m_axi.p1i64"/></StgValue>
</bind>
</comp>

<comp id="106" class="1001" name="const_106">
<pin_list>
<pin id="107" dir="1" index="0" bw="1" slack="0"/>
</pin_list>
<bind>
<StgValue><ssdm name="_ssdm_op_BitConcatenate.i31.i30.i1"/></StgValue>
</bind>
</comp>

<comp id="108" class="1001" name="const_108">
<pin_list>
<pin id="109" dir="1" index="0" bw="1" slack="0"/>
</pin_list>
<bind>
<StgValue><ssdm name=""/></StgValue>
</bind>
</comp>

<comp id="110" class="1001" name="const_110">
<pin_list>
<pin id="111" dir="1" index="0" bw="1" slack="1"/>
</pin_list>
<bind>
<StgValue><ssdm name=""/></StgValue>
</bind>
</comp>

<comp id="112" class="1001" name="const_112">
<pin_list>
<pin id="113" dir="1" index="0" bw="1" slack="0"/>
</pin_list>
<bind>
<StgValue><ssdm name=""/></StgValue>
</bind>
</comp>

<comp id="114" class="1001" name="const_114">
<pin_list>
<pin id="115" dir="1" index="0" bw="1" slack="0"/>
</pin_list>
<bind>
<StgValue><ssdm name="_ssdm_op_Read.m_axi.p1i64"/></StgValue>
</bind>
</comp>

<comp id="116" class="1001" name="const_116">
<pin_list>
<pin id="117" dir="1" index="0" bw="1" slack="2147483647"/>
</pin_list>
<bind>
<StgValue><ssdm name="_ssdm_op_SpecPipeline"/></StgValue>
</bind>
</comp>

<comp id="118" class="1001" name="const_118">
<pin_list>
<pin id="119" dir="1" index="0" bw="1" slack="2147483647"/>
</pin_list>
<bind>
<StgValue><ssdm name="_ssdm_op_SpecLoopTripCount"/></StgValue>
</bind>
</comp>

<comp id="120" class="1001" name="const_120">
<pin_list>
<pin id="121" dir="1" index="0" bw="1" slack="0"/>
</pin_list>
<bind>
<StgValue><ssdm name=""/></StgValue>
</bind>
</comp>

<comp id="122" class="1001" name="const_122">
<pin_list>
<pin id="123" dir="1" index="0" bw="1" slack="2147483647"/>
</pin_list>
<bind>
<StgValue><ssdm name="_ssdm_op_SpecLoopName"/></StgValue>
</bind>
</comp>

<comp id="124" class="1001" name="const_124">
<pin_list>
<pin id="125" dir="1" index="0" bw="1" slack="2147483647"/>
</pin_list>
<bind>
<StgValue><ssdm name="empty_28"/></StgValue>
</bind>
</comp>

<comp id="126" class="1001" name="const_126">
<pin_list>
<pin id="127" dir="1" index="0" bw="1" slack="0"/>
</pin_list>
<bind>
<StgValue><ssdm name=""/></StgValue>
</bind>
</comp>

<comp id="128" class="1001" name="const_128">
<pin_list>
<pin id="129" dir="1" index="0" bw="1" slack="0"/>
</pin_list>
<bind>
<StgValue><ssdm name=""/></StgValue>
</bind>
</comp>

<comp id="130" class="1001" name="const_130">
<pin_list>
<pin id="131" dir="1" index="0" bw="1" slack="2147483647"/>
</pin_list>
<bind>
<StgValue><ssdm name=""/></StgValue>
</bind>
</comp>

<comp id="132" class="1001" name="const_132">
<pin_list>
<pin id="133" dir="1" index="0" bw="1" slack="2147483647"/>
</pin_list>
<bind>
<StgValue><ssdm name="empty_7"/></StgValue>
</bind>
</comp>

<comp id="134" class="1001" name="const_134">
<pin_list>
<pin id="135" dir="1" index="0" bw="1" slack="0"/>
</pin_list>
<bind>
<StgValue><ssdm name=""/></StgValue>
</bind>
</comp>

<comp id="136" class="1001" name="const_136">
<pin_list>
<pin id="137" dir="1" index="0" bw="1" slack="1"/>
</pin_list>
<bind>
<StgValue><ssdm name=""/></StgValue>
</bind>
</comp>

<comp id="138" class="1001" name="const_138">
<pin_list>
<pin id="139" dir="1" index="0" bw="1" slack="0"/>
</pin_list>
<bind>
<StgValue><ssdm name=""/></StgValue>
</bind>
</comp>

<comp id="140" class="1001" name="const_140">
<pin_list>
<pin id="141" dir="1" index="0" bw="1" slack="2147483647"/>
</pin_list>
<bind>
<StgValue><ssdm name="empty_27"/></StgValue>
</bind>
</comp>

<comp id="142" class="1001" name="const_142">
<pin_list>
<pin id="143" dir="1" index="0" bw="1" slack="2147483647"/>
</pin_list>
<bind>
<StgValue><ssdm name="empty_15"/></StgValue>
</bind>
</comp>

<comp id="144" class="1001" name="const_144">
<pin_list>
<pin id="145" dir="1" index="0" bw="1" slack="0"/>
</pin_list>
<bind>
<StgValue><ssdm name=""/></StgValue>
</bind>
</comp>

<comp id="146" class="1001" name="const_146">
<pin_list>
<pin id="147" dir="1" index="0" bw="1" slack="0"/>
</pin_list>
<bind>
<StgValue><ssdm name="_ssdm_op_BitSelect.i1.i64.i32"/></StgValue>
</bind>
</comp>

<comp id="148" class="1001" name="const_148">
<pin_list>
<pin id="149" dir="1" index="0" bw="1" slack="0"/>
</pin_list>
<bind>
<StgValue><ssdm name="_ssdm_op_PartSelect.i11.i64.i32.i32"/></StgValue>
</bind>
</comp>

<comp id="150" class="1001" name="const_150">
<pin_list>
<pin id="151" dir="1" index="0" bw="1" slack="0"/>
</pin_list>
<bind>
<StgValue><ssdm name=""/></StgValue>
</bind>
</comp>

<comp id="152" class="1001" name="const_152">
<pin_list>
<pin id="153" dir="1" index="0" bw="1" slack="0"/>
</pin_list>
<bind>
<StgValue><ssdm name=""/></StgValue>
</bind>
</comp>

<comp id="154" class="1001" name="const_154">
<pin_list>
<pin id="155" dir="1" index="0" bw="1" slack="0"/>
</pin_list>
<bind>
<StgValue><ssdm name="_ssdm_op_BitConcatenate.i54.i1.i52.i1"/></StgValue>
</bind>
</comp>

<comp id="156" class="1001" name="const_156">
<pin_list>
<pin id="157" dir="1" index="0" bw="1" slack="0"/>
</pin_list>
<bind>
<StgValue><ssdm name=""/></StgValue>
</bind>
</comp>

<comp id="158" class="1001" name="const_158">
<pin_list>
<pin id="159" dir="1" index="0" bw="1" slack="0"/>
</pin_list>
<bind>
<StgValue><ssdm name=""/></StgValue>
</bind>
</comp>

<comp id="160" class="1001" name="const_160">
<pin_list>
<pin id="161" dir="1" index="0" bw="1" slack="0"/>
</pin_list>
<bind>
<StgValue><ssdm name="_ssdm_op_BitSelect.i1.i12.i32"/></StgValue>
</bind>
</comp>

<comp id="162" class="1001" name="const_162">
<pin_list>
<pin id="163" dir="1" index="0" bw="1" slack="0"/>
</pin_list>
<bind>
<StgValue><ssdm name=""/></StgValue>
</bind>
</comp>

<comp id="164" class="1001" name="const_164">
<pin_list>
<pin id="165" dir="1" index="0" bw="1" slack="0"/>
</pin_list>
<bind>
<StgValue><ssdm name=""/></StgValue>
</bind>
</comp>

<comp id="166" class="1001" name="const_166">
<pin_list>
<pin id="167" dir="1" index="0" bw="1" slack="0"/>
</pin_list>
<bind>
<StgValue><ssdm name="_ssdm_op_BitSelect.i1.i137.i32"/></StgValue>
</bind>
</comp>

<comp id="168" class="1001" name="const_168">
<pin_list>
<pin id="169" dir="1" index="0" bw="1" slack="0"/>
</pin_list>
<bind>
<StgValue><ssdm name=""/></StgValue>
</bind>
</comp>

<comp id="170" class="1001" name="const_170">
<pin_list>
<pin id="171" dir="1" index="0" bw="1" slack="0"/>
</pin_list>
<bind>
<StgValue><ssdm name="_ssdm_op_PartSelect.i32.i137.i32.i32"/></StgValue>
</bind>
</comp>

<comp id="172" class="1001" name="const_172">
<pin_list>
<pin id="173" dir="1" index="0" bw="1" slack="0"/>
</pin_list>
<bind>
<StgValue><ssdm name=""/></StgValue>
</bind>
</comp>

<comp id="174" class="1001" name="const_174">
<pin_list>
<pin id="175" dir="1" index="0" bw="1" slack="1"/>
</pin_list>
<bind>
<StgValue><ssdm name=""/></StgValue>
</bind>
</comp>

<comp id="176" class="1001" name="const_176">
<pin_list>
<pin id="177" dir="1" index="0" bw="1" slack="0"/>
</pin_list>
<bind>
<StgValue><ssdm name=""/></StgValue>
</bind>
</comp>

<comp id="178" class="1001" name="const_178">
<pin_list>
<pin id="179" dir="1" index="0" bw="1" slack="0"/>
</pin_list>
<bind>
<StgValue><ssdm name="_ssdm_op_BitConcatenate.i10.i9.i1"/></StgValue>
</bind>
</comp>

<comp id="180" class="1001" name="const_180">
<pin_list>
<pin id="181" dir="1" index="0" bw="1" slack="2147483647"/>
</pin_list>
<bind>
<StgValue><ssdm name=""/></StgValue>
</bind>
</comp>

<comp id="182" class="1001" name="const_182">
<pin_list>
<pin id="183" dir="1" index="0" bw="1" slack="2147483647"/>
</pin_list>
<bind>
<StgValue><ssdm name="empty_8"/></StgValue>
</bind>
</comp>

<comp id="184" class="1001" name="const_184">
<pin_list>
<pin id="185" dir="1" index="0" bw="1" slack="0"/>
</pin_list>
<bind>
<StgValue><ssdm name="_ssdm_op_BitConcatenate.i34.i32.i2"/></StgValue>
</bind>
</comp>

<comp id="186" class="1001" name="const_186">
<pin_list>
<pin id="187" dir="1" index="0" bw="1" slack="0"/>
</pin_list>
<bind>
<StgValue><ssdm name=""/></StgValue>
</bind>
</comp>

<comp id="188" class="1001" name="const_188">
<pin_list>
<pin id="189" dir="1" index="0" bw="1" slack="0"/>
</pin_list>
<bind>
<StgValue><ssdm name="_ssdm_op_PartSelect.i62.i64.i32.i32"/></StgValue>
</bind>
</comp>

<comp id="190" class="1001" name="const_190">
<pin_list>
<pin id="191" dir="1" index="0" bw="1" slack="0"/>
</pin_list>
<bind>
<StgValue><ssdm name=""/></StgValue>
</bind>
</comp>

<comp id="192" class="1001" name="const_192">
<pin_list>
<pin id="193" dir="1" index="0" bw="1" slack="0"/>
</pin_list>
<bind>
<StgValue><ssdm name="_ssdm_op_ReadReq.m_axi.i32P1A"/></StgValue>
</bind>
</comp>

<comp id="194" class="1001" name="const_194">
<pin_list>
<pin id="195" dir="1" index="0" bw="1" slack="0"/>
</pin_list>
<bind>
<StgValue><ssdm name="_ssdm_op_Read.m_axi.i32P1A"/></StgValue>
</bind>
</comp>

<comp id="196" class="1001" name="const_196">
<pin_list>
<pin id="197" dir="1" index="0" bw="1" slack="0"/>
</pin_list>
<bind>
<StgValue><ssdm name=""/></StgValue>
</bind>
</comp>

<comp id="198" class="1001" name="const_198">
<pin_list>
<pin id="199" dir="1" index="0" bw="1" slack="0"/>
</pin_list>
<bind>
<StgValue><ssdm name=""/></StgValue>
</bind>
</comp>

<comp id="200" class="1001" name="const_200">
<pin_list>
<pin id="201" dir="1" index="0" bw="1" slack="0"/>
</pin_list>
<bind>
<StgValue><ssdm name=""/></StgValue>
</bind>
</comp>

<comp id="202" class="1001" name="const_202">
<pin_list>
<pin id="203" dir="1" index="0" bw="1" slack="31"/>
</pin_list>
<bind>
<StgValue><ssdm name=""/></StgValue>
</bind>
</comp>

<comp id="204" class="1001" name="const_204">
<pin_list>
<pin id="205" dir="1" index="0" bw="1" slack="2147483647"/>
</pin_list>
<bind>
<StgValue><ssdm name="empty_16"/></StgValue>
</bind>
</comp>

<comp id="206" class="1001" name="const_206">
<pin_list>
<pin id="207" dir="1" index="0" bw="1" slack="0"/>
</pin_list>
<bind>
<StgValue><ssdm name="_ssdm_op_WriteReq.m_axi.p1i64"/></StgValue>
</bind>
</comp>

<comp id="208" class="1001" name="const_208">
<pin_list>
<pin id="209" dir="1" index="0" bw="1" slack="2147483647"/>
</pin_list>
<bind>
<StgValue><ssdm name="empty_14"/></StgValue>
</bind>
</comp>

<comp id="210" class="1001" name="const_210">
<pin_list>
<pin id="211" dir="1" index="0" bw="1" slack="0"/>
</pin_list>
<bind>
<StgValue><ssdm name="_ssdm_op_Write.m_axi.p1i64"/></StgValue>
</bind>
</comp>

<comp id="212" class="1001" name="const_212">
<pin_list>
<pin id="213" dir="1" index="0" bw="1" slack="0"/>
</pin_list>
<bind>
<StgValue><ssdm name=""/></StgValue>
</bind>
</comp>

<comp id="214" class="1001" name="const_214">
<pin_list>
<pin id="215" dir="1" index="0" bw="1" slack="0"/>
</pin_list>
<bind>
<StgValue><ssdm name="_ssdm_op_WriteResp.m_axi.p1i64"/></StgValue>
</bind>
</comp>

<comp id="216" class="1004" name="buffer_likelihood_alloca_fu_216">
<pin_list>
<pin id="217" dir="0" index="0" bw="1" slack="0"/>
<pin id="218" dir="1" index="1" bw="64" slack="2147483647"/>
</pin_list>
<bind>
<opcode="alloca(26) " fcode="alloca"/>
<opset="buffer_likelihood/1 "/>
</bind>
</comp>

<comp id="220" class="1004" name="buffer_objxy_alloca_fu_220">
<pin_list>
<pin id="221" dir="0" index="0" bw="1" slack="0"/>
<pin id="222" dir="1" index="1" bw="64" slack="2147483647"/>
</pin_list>
<bind>
<opcode="alloca(26) " fcode="alloca"/>
<opset="buffer_objxy/1 "/>
</bind>
</comp>

<comp id="224" class="1004" name="buffer_X_alloca_fu_224">
<pin_list>
<pin id="225" dir="0" index="0" bw="1" slack="0"/>
<pin id="226" dir="1" index="1" bw="64" slack="2147483647"/>
</pin_list>
<bind>
<opcode="alloca(26) " fcode="alloca"/>
<opset="buffer_X/1 "/>
</bind>
</comp>

<comp id="228" class="1004" name="buffer_Y_alloca_fu_228">
<pin_list>
<pin id="229" dir="0" index="0" bw="1" slack="0"/>
<pin id="230" dir="1" index="1" bw="64" slack="2147483647"/>
</pin_list>
<bind>
<opcode="alloca(26) " fcode="alloca"/>
<opset="buffer_Y/1 "/>
</bind>
</comp>

<comp id="232" class="1004" name="ind_buffer_alloca_fu_232">
<pin_list>
<pin id="233" dir="0" index="0" bw="1" slack="0"/>
<pin id="234" dir="1" index="1" bw="32" slack="2147483647"/>
</pin_list>
<bind>
<opcode="alloca(26) " fcode="alloca"/>
<opset="ind_buffer/1 "/>
</bind>
</comp>

<comp id="236" class="1004" name="likelihood_read_read_fu_236">
<pin_list>
<pin id="237" dir="0" index="0" bw="64" slack="0"/>
<pin id="238" dir="0" index="1" bw="64" slack="0"/>
<pin id="239" dir="1" index="2" bw="64" slack="14"/>
</pin_list>
<bind>
<opcode="read(1150) " fcode="read"/>
<opset="likelihood_read/1 "/>
</bind>
</comp>

<comp id="242" class="1004" name="I_read_read_fu_242">
<pin_list>
<pin id="243" dir="0" index="0" bw="64" slack="0"/>
<pin id="244" dir="0" index="1" bw="64" slack="0"/>
<pin id="245" dir="1" index="2" bw="64" slack="43"/>
</pin_list>
<bind>
<opcode="read(1150) " fcode="read"/>
<opset="I_read/1 "/>
</bind>
</comp>

<comp id="248" class="1004" name="objxy_read_read_fu_248">
<pin_list>
<pin id="249" dir="0" index="0" bw="64" slack="0"/>
<pin id="250" dir="0" index="1" bw="64" slack="0"/>
<pin id="251" dir="1" index="2" bw="64" slack="0"/>
</pin_list>
<bind>
<opcode="read(1150) " fcode="read"/>
<opset="objxy_read/1 "/>
</bind>
</comp>

<comp id="254" class="1004" name="arrayY_read_read_fu_254">
<pin_list>
<pin id="255" dir="0" index="0" bw="64" slack="0"/>
<pin id="256" dir="0" index="1" bw="64" slack="0"/>
<pin id="257" dir="1" index="2" bw="64" slack="14"/>
</pin_list>
<bind>
<opcode="read(1150) " fcode="read"/>
<opset="arrayY_read/1 "/>
</bind>
</comp>

<comp id="260" class="1004" name="arrayX_read_read_fu_260">
<pin_list>
<pin id="261" dir="0" index="0" bw="64" slack="0"/>
<pin id="262" dir="0" index="1" bw="64" slack="0"/>
<pin id="263" dir="1" index="2" bw="64" slack="14"/>
</pin_list>
<bind>
<opcode="read(1150) " fcode="read"/>
<opset="arrayX_read/1 "/>
</bind>
</comp>

<comp id="266" class="1004" name="max_size_read_read_fu_266">
<pin_list>
<pin id="267" dir="0" index="0" bw="64" slack="0"/>
<pin id="268" dir="0" index="1" bw="64" slack="0"/>
<pin id="269" dir="1" index="2" bw="64" slack="58"/>
</pin_list>
<bind>
<opcode="read(1150) " fcode="read"/>
<opset="max_size_read/1 "/>
</bind>
</comp>

<comp id="272" class="1004" name="k_read_read_fu_272">
<pin_list>
<pin id="273" dir="0" index="0" bw="32" slack="0"/>
<pin id="274" dir="0" index="1" bw="32" slack="0"/>
<pin id="275" dir="1" index="2" bw="32" slack="57"/>
</pin_list>
<bind>
<opcode="read(1150) " fcode="read"/>
<opset="k_read/1 "/>
</bind>
</comp>

<comp id="278" class="1004" name="Nfr_read_read_fu_278">
<pin_list>
<pin id="279" dir="0" index="0" bw="32" slack="0"/>
<pin id="280" dir="0" index="1" bw="32" slack="0"/>
<pin id="281" dir="1" index="2" bw="32" slack="55"/>
</pin_list>
<bind>
<opcode="read(1150) " fcode="read"/>
<opset="Nfr_read/1 "/>
</bind>
</comp>

<comp id="284" class="1004" name="IszY_read_read_fu_284">
<pin_list>
<pin id="285" dir="0" index="0" bw="32" slack="0"/>
<pin id="286" dir="0" index="1" bw="32" slack="0"/>
<pin id="287" dir="1" index="2" bw="32" slack="52"/>
</pin_list>
<bind>
<opcode="read(1150) " fcode="read"/>
<opset="IszY_read/1 "/>
</bind>
</comp>

<comp id="290" class="1004" name="countOnes_read_read_fu_290">
<pin_list>
<pin id="291" dir="0" index="0" bw="32" slack="0"/>
<pin id="292" dir="0" index="1" bw="32" slack="0"/>
<pin id="293" dir="1" index="2" bw="32" slack="0"/>
</pin_list>
<bind>
<opcode="read(1150) " fcode="read"/>
<opset="countOnes_read/1 "/>
</bind>
</comp>

<comp id="296" class="1004" name="Nparticles_read_read_fu_296">
<pin_list>
<pin id="297" dir="0" index="0" bw="32" slack="0"/>
<pin id="298" dir="0" index="1" bw="32" slack="0"/>
<pin id="299" dir="1" index="2" bw="32" slack="13"/>
</pin_list>
<bind>
<opcode="read(1150) " fcode="read"/>
<opset="Nparticles_read/1 "/>
</bind>
</comp>

<comp id="302" class="1004" name="grp_readreq_fu_302">
<pin_list>
<pin id="303" dir="0" index="0" bw="1" slack="0"/>
<pin id="304" dir="0" index="1" bw="64" slack="0"/>
<pin id="305" dir="0" index="2" bw="32" slack="1"/>
<pin id="306" dir="1" index="3" bw="1" slack="2147483647"/>
</pin_list>
<bind>
<opcode="readreq(1154) " fcode="readreq"/>
<opset="empty_38/2 "/>
</bind>
</comp>

<comp id="308" class="1004" name="gmem2_addr_read_read_fu_308">
<pin_list>
<pin id="309" dir="0" index="0" bw="64" slack="0"/>
<pin id="310" dir="0" index="1" bw="64" slack="8"/>
<pin id="311" dir="1" index="2" bw="64" slack="1"/>
</pin_list>
<bind>
<opcode="read(1150) " fcode="read"/>
<opset="gmem2_addr_read/10 "/>
</bind>
</comp>

<comp id="313" class="1004" name="grp_readreq_fu_313">
<pin_list>
<pin id="314" dir="0" index="0" bw="1" slack="0"/>
<pin id="315" dir="0" index="1" bw="64" slack="0"/>
<pin id="316" dir="0" index="2" bw="32" slack="1"/>
<pin id="317" dir="1" index="3" bw="1" slack="2147483647"/>
</pin_list>
<bind>
<opcode="readreq(1154) " fcode="readreq"/>
<opset="empty_40/19 "/>
</bind>
</comp>

<comp id="319" class="1004" name="grp_readreq_fu_319">
<pin_list>
<pin id="320" dir="0" index="0" bw="1" slack="0"/>
<pin id="321" dir="0" index="1" bw="64" slack="0"/>
<pin id="322" dir="0" index="2" bw="32" slack="1"/>
<pin id="323" dir="1" index="3" bw="1" slack="2147483647"/>
</pin_list>
<bind>
<opcode="readreq(1154) " fcode="readreq"/>
<opset="empty_41/19 "/>
</bind>
</comp>

<comp id="325" class="1004" name="gmem0_addr_read_read_fu_325">
<pin_list>
<pin id="326" dir="0" index="0" bw="64" slack="0"/>
<pin id="327" dir="0" index="1" bw="64" slack="8"/>
<pin id="328" dir="1" index="2" bw="64" slack="1"/>
</pin_list>
<bind>
<opcode="read(1150) " fcode="read"/>
<opset="gmem0_addr_read/27 "/>
</bind>
</comp>

<comp id="330" class="1004" name="gmem1_addr_read_read_fu_330">
<pin_list>
<pin id="331" dir="0" index="0" bw="64" slack="0"/>
<pin id="332" dir="0" index="1" bw="64" slack="8"/>
<pin id="333" dir="1" index="2" bw="64" slack="1"/>
</pin_list>
<bind>
<opcode="read(1150) " fcode="read"/>
<opset="gmem1_addr_read/27 "/>
</bind>
</comp>

<comp id="335" class="1004" name="grp_readreq_fu_335">
<pin_list>
<pin id="336" dir="0" index="0" bw="1" slack="0"/>
<pin id="337" dir="0" index="1" bw="32" slack="1"/>
<pin id="338" dir="0" index="2" bw="1" slack="0"/>
<pin id="339" dir="1" index="3" bw="1" slack="2147483647"/>
</pin_list>
<bind>
<opcode="readreq(1154) " fcode="readreq"/>
<opset="gmem3_load_req/68 "/>
</bind>
</comp>

<comp id="342" class="1004" name="gmem3_addr_read_read_fu_342">
<pin_list>
<pin id="343" dir="0" index="0" bw="32" slack="0"/>
<pin id="344" dir="0" index="1" bw="32" slack="8"/>
<pin id="345" dir="1" index="2" bw="32" slack="1"/>
</pin_list>
<bind>
<opcode="read(1150) " fcode="read"/>
<opset="gmem3_addr_read/75 "/>
</bind>
</comp>

<comp id="347" class="1004" name="grp_writeresp_fu_347">
<pin_list>
<pin id="348" dir="0" index="0" bw="1" slack="0"/>
<pin id="349" dir="0" index="1" bw="64" slack="0"/>
<pin id="350" dir="0" index="2" bw="32" slack="11"/>
<pin id="351" dir="1" index="3" bw="1" slack="2147483647"/>
</pin_list>
<bind>
<opcode="writereq(1155) writeresp(1158) " fcode="writeresp"/>
<opset="empty_45/163 empty_46/167 "/>
</bind>
</comp>

<comp id="353" class="1004" name="write_ln105_write_fu_353">
<pin_list>
<pin id="354" dir="0" index="0" bw="0" slack="0"/>
<pin id="355" dir="0" index="1" bw="64" slack="3"/>
<pin id="356" dir="0" index="2" bw="64" slack="1"/>
<pin id="357" dir="0" index="3" bw="1" slack="0"/>
<pin id="358" dir="1" index="4" bw="0" slack="2147483647"/>
</pin_list>
<bind>
<opcode="write(1151) " fcode="write"/>
<opset="write_ln105/166 "/>
</bind>
</comp>

<comp id="362" class="1004" name="buffer_objxy_addr_gep_fu_362">
<pin_list>
<pin id="363" dir="0" index="0" bw="64" slack="2147483647"/>
<pin id="364" dir="0" index="1" bw="1" slack="0"/>
<pin id="365" dir="0" index="2" bw="10" slack="0"/>
<pin id="366" dir="1" index="3" bw="10" slack="0"/>
</pin_list>
<bind>
<opcode="getelementptr(29) " fcode="getelementptr"/>
<opset="buffer_objxy_addr/11 "/>
</bind>
</comp>

<comp id="368" class="1004" name="grp_access_fu_368">
<pin_list>
<pin id="369" dir="0" index="0" bw="10" slack="0"/>
<pin id="370" dir="0" index="1" bw="64" slack="0"/>
<pin id="371" dir="0" index="2" bw="0" slack="0"/>
<pin id="418" dir="0" index="4" bw="10" slack="2147483647"/>
<pin id="419" dir="0" index="5" bw="64" slack="2147483647"/>
<pin id="420" dir="0" index="6" bw="0" slack="2147483647"/>
<pin id="372" dir="1" index="3" bw="64" slack="1"/>
<pin id="421" dir="1" index="7" bw="64" slack="1"/>
</pin_list>
<bind>
<opcode="load(27) store(28) " fcode="load"/>
<opset="store_ln23/11 buffer_objxy_load/45 buffer_objxy_load_1/45 "/>
</bind>
</comp>

<comp id="374" class="1004" name="buffer_X_addr_gep_fu_374">
<pin_list>
<pin id="375" dir="0" index="0" bw="64" slack="2147483647"/>
<pin id="376" dir="0" index="1" bw="1" slack="0"/>
<pin id="377" dir="0" index="2" bw="7" slack="0"/>
<pin id="378" dir="1" index="3" bw="7" slack="0"/>
</pin_list>
<bind>
<opcode="getelementptr(29) " fcode="getelementptr"/>
<opset="buffer_X_addr/28 "/>
</bind>
</comp>

<comp id="380" class="1004" name="grp_access_fu_380">
<pin_list>
<pin id="381" dir="0" index="0" bw="7" slack="0"/>
<pin id="382" dir="0" index="1" bw="64" slack="0"/>
<pin id="383" dir="0" index="2" bw="0" slack="2147483647"/>
<pin id="384" dir="1" index="3" bw="64" slack="1"/>
</pin_list>
<bind>
<opcode="load(27) store(28) " fcode="load"/>
<opset="store_ln40/28 buffer_X_load/33 "/>
</bind>
</comp>

<comp id="386" class="1004" name="buffer_Y_addr_gep_fu_386">
<pin_list>
<pin id="387" dir="0" index="0" bw="64" slack="2147483647"/>
<pin id="388" dir="0" index="1" bw="1" slack="0"/>
<pin id="389" dir="0" index="2" bw="7" slack="0"/>
<pin id="390" dir="1" index="3" bw="7" slack="0"/>
</pin_list>
<bind>
<opcode="getelementptr(29) " fcode="getelementptr"/>
<opset="buffer_Y_addr/28 "/>
</bind>
</comp>

<comp id="392" class="1004" name="grp_access_fu_392">
<pin_list>
<pin id="393" dir="0" index="0" bw="7" slack="0"/>
<pin id="394" dir="0" index="1" bw="64" slack="0"/>
<pin id="395" dir="0" index="2" bw="0" slack="2147483647"/>
<pin id="396" dir="1" index="3" bw="64" slack="1"/>
</pin_list>
<bind>
<opcode="load(27) store(28) " fcode="load"/>
<opset="store_ln41/28 buffer_Y_load/33 "/>
</bind>
</comp>

<comp id="398" class="1004" name="buffer_X_addr_1_gep_fu_398">
<pin_list>
<pin id="399" dir="0" index="0" bw="64" slack="2147483647"/>
<pin id="400" dir="0" index="1" bw="1" slack="0"/>
<pin id="401" dir="0" index="2" bw="7" slack="0"/>
<pin id="402" dir="1" index="3" bw="7" slack="0"/>
</pin_list>
<bind>
<opcode="getelementptr(29) " fcode="getelementptr"/>
<opset="buffer_X_addr_1/33 "/>
</bind>
</comp>

<comp id="404" class="1004" name="buffer_Y_addr_1_gep_fu_404">
<pin_list>
<pin id="405" dir="0" index="0" bw="64" slack="2147483647"/>
<pin id="406" dir="0" index="1" bw="1" slack="0"/>
<pin id="407" dir="0" index="2" bw="7" slack="0"/>
<pin id="408" dir="1" index="3" bw="7" slack="0"/>
</pin_list>
<bind>
<opcode="getelementptr(29) " fcode="getelementptr"/>
<opset="buffer_Y_addr_1/33 "/>
</bind>
</comp>

<comp id="412" class="1004" name="buffer_objxy_addr_1_gep_fu_412">
<pin_list>
<pin id="413" dir="0" index="0" bw="64" slack="2147483647"/>
<pin id="414" dir="0" index="1" bw="1" slack="0"/>
<pin id="415" dir="0" index="2" bw="10" slack="0"/>
<pin id="416" dir="1" index="3" bw="10" slack="0"/>
</pin_list>
<bind>
<opcode="getelementptr(29) " fcode="getelementptr"/>
<opset="buffer_objxy_addr_1/45 "/>
</bind>
</comp>

<comp id="423" class="1004" name="buffer_objxy_addr_2_gep_fu_423">
<pin_list>
<pin id="424" dir="0" index="0" bw="64" slack="2147483647"/>
<pin id="425" dir="0" index="1" bw="1" slack="0"/>
<pin id="426" dir="0" index="2" bw="10" slack="0"/>
<pin id="427" dir="1" index="3" bw="10" slack="0"/>
</pin_list>
<bind>
<opcode="getelementptr(29) " fcode="getelementptr"/>
<opset="buffer_objxy_addr_2/45 "/>
</bind>
</comp>

<comp id="430" class="1004" name="ind_buffer_addr_gep_fu_430">
<pin_list>
<pin id="431" dir="0" index="0" bw="32" slack="2147483647"/>
<pin id="432" dir="0" index="1" bw="1" slack="0"/>
<pin id="433" dir="0" index="2" bw="16" slack="0"/>
<pin id="434" dir="1" index="3" bw="16" slack="0"/>
</pin_list>
<bind>
<opcode="getelementptr(29) " fcode="getelementptr"/>
<opset="ind_buffer_addr/64 "/>
</bind>
</comp>

<comp id="436" class="1004" name="grp_access_fu_436">
<pin_list>
<pin id="437" dir="0" index="0" bw="16" slack="0"/>
<pin id="438" dir="0" index="1" bw="32" slack="1"/>
<pin id="439" dir="0" index="2" bw="0" slack="2147483647"/>
<pin id="440" dir="1" index="3" bw="32" slack="0"/>
</pin_list>
<bind>
<opcode="load(27) store(28) " fcode="load"/>
<opset="store_ln75/64 idx/66 "/>
</bind>
</comp>

<comp id="442" class="1004" name="ind_buffer_addr_1_gep_fu_442">
<pin_list>
<pin id="443" dir="0" index="0" bw="32" slack="2147483647"/>
<pin id="444" dir="0" index="1" bw="1" slack="0"/>
<pin id="445" dir="0" index="2" bw="16" slack="0"/>
<pin id="446" dir="1" index="3" bw="16" slack="0"/>
</pin_list>
<bind>
<opcode="getelementptr(29) " fcode="getelementptr"/>
<opset="ind_buffer_addr_1/66 "/>
</bind>
</comp>

<comp id="449" class="1004" name="buffer_likelihood_addr_1_gep_fu_449">
<pin_list>
<pin id="450" dir="0" index="0" bw="64" slack="2147483647"/>
<pin id="451" dir="0" index="1" bw="1" slack="0"/>
<pin id="452" dir="0" index="2" bw="7" slack="77"/>
<pin id="453" dir="1" index="3" bw="7" slack="0"/>
</pin_list>
<bind>
<opcode="getelementptr(29) " fcode="getelementptr"/>
<opset="buffer_likelihood_addr_1/162 "/>
</bind>
</comp>

<comp id="455" class="1004" name="grp_access_fu_455">
<pin_list>
<pin id="456" dir="0" index="0" bw="7" slack="0"/>
<pin id="457" dir="0" index="1" bw="64" slack="0"/>
<pin id="458" dir="0" index="2" bw="0" slack="2147483647"/>
<pin id="459" dir="1" index="3" bw="64" slack="1"/>
</pin_list>
<bind>
<opcode="load(27) store(28) " fcode="load"/>
<opset="store_ln91/162 buffer_likelihood_load/164 "/>
</bind>
</comp>

<comp id="461" class="1004" name="buffer_likelihood_addr_gep_fu_461">
<pin_list>
<pin id="462" dir="0" index="0" bw="64" slack="2147483647"/>
<pin id="463" dir="0" index="1" bw="1" slack="0"/>
<pin id="464" dir="0" index="2" bw="7" slack="0"/>
<pin id="465" dir="1" index="3" bw="7" slack="0"/>
</pin_list>
<bind>
<opcode="getelementptr(29) " fcode="getelementptr"/>
<opset="buffer_likelihood_addr/164 "/>
</bind>
</comp>

<comp id="468" class="1005" name="i_reg_468">
<pin_list>
<pin id="469" dir="0" index="0" bw="10" slack="1"/>
<pin id="470" dir="1" index="1" bw="10" slack="1"/>
</pin_list>
<bind>
<opset="i (phireg) "/>
</bind>
</comp>

<comp id="472" class="1004" name="i_phi_fu_472">
<pin_list>
<pin id="473" dir="0" index="0" bw="1" slack="1"/>
<pin id="474" dir="0" index="1" bw="0" slack="2147483647"/>
<pin id="475" dir="0" index="2" bw="10" slack="0"/>
<pin id="476" dir="0" index="3" bw="0" slack="2147483647"/>
<pin id="477" dir="1" index="4" bw="10" slack="0"/>
</pin_list>
<bind>
<opcode="phi(47) " fcode="phi"/>
<opset="i/9 "/>
</bind>
</comp>

<comp id="480" class="1005" name="base_reg_480">
<pin_list>
<pin id="481" dir="0" index="0" bw="64" slack="1"/>
<pin id="482" dir="1" index="1" bw="64" slack="1"/>
</pin_list>
<bind>
<opset="base (phireg) "/>
</bind>
</comp>

<comp id="484" class="1004" name="base_phi_fu_484">
<pin_list>
<pin id="485" dir="0" index="0" bw="1" slack="1"/>
<pin id="486" dir="0" index="1" bw="0" slack="2147483647"/>
<pin id="487" dir="0" index="2" bw="64" slack="0"/>
<pin id="488" dir="0" index="3" bw="0" slack="2147483647"/>
<pin id="489" dir="1" index="4" bw="64" slack="0"/>
</pin_list>
<bind>
<opcode="phi(47) " fcode="phi"/>
<opset="base/17 "/>
</bind>
</comp>

<comp id="491" class="1005" name="phi_mul_reg_491">
<pin_list>
<pin id="492" dir="0" index="0" bw="64" slack="1"/>
<pin id="493" dir="1" index="1" bw="64" slack="1"/>
</pin_list>
<bind>
<opset="phi_mul (phireg) "/>
</bind>
</comp>

<comp id="495" class="1004" name="phi_mul_phi_fu_495">
<pin_list>
<pin id="496" dir="0" index="0" bw="1" slack="1"/>
<pin id="497" dir="0" index="1" bw="0" slack="2147483647"/>
<pin id="498" dir="0" index="2" bw="64" slack="0"/>
<pin id="499" dir="0" index="3" bw="0" slack="2147483647"/>
<pin id="500" dir="1" index="4" bw="64" slack="0"/>
</pin_list>
<bind>
<opcode="phi(47) " fcode="phi"/>
<opset="phi_mul/17 "/>
</bind>
</comp>

<comp id="502" class="1005" name="x_reg_502">
<pin_list>
<pin id="503" dir="0" index="0" bw="7" slack="1"/>
<pin id="504" dir="1" index="1" bw="7" slack="1"/>
</pin_list>
<bind>
<opset="x (phireg) "/>
</bind>
</comp>

<comp id="506" class="1004" name="x_phi_fu_506">
<pin_list>
<pin id="507" dir="0" index="0" bw="1" slack="1"/>
<pin id="508" dir="0" index="1" bw="0" slack="2147483647"/>
<pin id="509" dir="0" index="2" bw="7" slack="0"/>
<pin id="510" dir="0" index="3" bw="0" slack="2147483647"/>
<pin id="511" dir="1" index="4" bw="7" slack="0"/>
</pin_list>
<bind>
<opcode="phi(47) " fcode="phi"/>
<opset="x/26 "/>
</bind>
</comp>

<comp id="514" class="1005" name="x_1_reg_514">
<pin_list>
<pin id="515" dir="0" index="0" bw="7" slack="1"/>
<pin id="516" dir="1" index="1" bw="7" slack="1"/>
</pin_list>
<bind>
<opset="x_1 (phireg) "/>
</bind>
</comp>

<comp id="518" class="1004" name="x_1_phi_fu_518">
<pin_list>
<pin id="519" dir="0" index="0" bw="7" slack="0"/>
<pin id="520" dir="0" index="1" bw="0" slack="2147483647"/>
<pin id="521" dir="0" index="2" bw="1" slack="1"/>
<pin id="522" dir="0" index="3" bw="0" slack="2147483647"/>
<pin id="523" dir="1" index="4" bw="7" slack="0"/>
</pin_list>
<bind>
<opcode="phi(47) " fcode="phi"/>
<opset="x_1/30 "/>
</bind>
</comp>

<comp id="526" class="1005" name="y_reg_526">
<pin_list>
<pin id="527" dir="0" index="0" bw="31" slack="1"/>
<pin id="528" dir="1" index="1" bw="31" slack="1"/>
</pin_list>
<bind>
<opset="y (phireg) "/>
</bind>
</comp>

<comp id="530" class="1004" name="y_phi_fu_530">
<pin_list>
<pin id="531" dir="0" index="0" bw="1" slack="1"/>
<pin id="532" dir="0" index="1" bw="0" slack="2147483647"/>
<pin id="533" dir="0" index="2" bw="31" slack="0"/>
<pin id="534" dir="0" index="3" bw="0" slack="2147483647"/>
<pin id="535" dir="1" index="4" bw="31" slack="0"/>
</pin_list>
<bind>
<opcode="phi(47) " fcode="phi"/>
<opset="y/45 "/>
</bind>
</comp>

<comp id="537" class="1005" name="y_1_reg_537">
<pin_list>
<pin id="538" dir="0" index="0" bw="31" slack="1"/>
<pin id="539" dir="1" index="1" bw="31" slack="1"/>
</pin_list>
<bind>
<opset="y_1 (phireg) "/>
</bind>
</comp>

<comp id="541" class="1004" name="y_1_phi_fu_541">
<pin_list>
<pin id="542" dir="0" index="0" bw="31" slack="1"/>
<pin id="543" dir="0" index="1" bw="0" slack="2147483647"/>
<pin id="544" dir="0" index="2" bw="1" slack="1"/>
<pin id="545" dir="0" index="3" bw="0" slack="2147483647"/>
<pin id="546" dir="1" index="4" bw="31" slack="0"/>
</pin_list>
<bind>
<opcode="phi(47) " fcode="phi"/>
<opset="y_1/66 "/>
</bind>
</comp>

<comp id="549" class="1005" name="empty_43_reg_549">
<pin_list>
<pin id="550" dir="0" index="0" bw="64" slack="2"/>
<pin id="551" dir="1" index="1" bw="64" slack="2"/>
</pin_list>
<bind>
<opset="empty_43 (phireg) "/>
</bind>
</comp>

<comp id="553" class="1004" name="empty_43_phi_fu_553">
<pin_list>
<pin id="554" dir="0" index="0" bw="64" slack="1"/>
<pin id="555" dir="0" index="1" bw="0" slack="2147483647"/>
<pin id="556" dir="0" index="2" bw="64" slack="31"/>
<pin id="557" dir="0" index="3" bw="0" slack="2147483647"/>
<pin id="558" dir="1" index="4" bw="64" slack="2"/>
</pin_list>
<bind>
<opcode="phi(47) " fcode="phi"/>
<opset="empty_43/96 "/>
</bind>
</comp>

<comp id="561" class="1005" name="empty_44_reg_561">
<pin_list>
<pin id="562" dir="0" index="0" bw="64" slack="1"/>
<pin id="563" dir="1" index="1" bw="64" slack="46"/>
</pin_list>
<bind>
<opset="empty_44 (phireg) "/>
</bind>
</comp>

<comp id="565" class="1004" name="empty_44_phi_fu_565">
<pin_list>
<pin id="566" dir="0" index="0" bw="64" slack="46"/>
<pin id="567" dir="0" index="1" bw="0" slack="2147483647"/>
<pin id="568" dir="0" index="2" bw="64" slack="2"/>
<pin id="569" dir="0" index="3" bw="0" slack="2147483647"/>
<pin id="570" dir="1" index="4" bw="64" slack="0"/>
</pin_list>
<bind>
<opcode="phi(47) " fcode="phi"/>
<opset="empty_44/131 "/>
</bind>
</comp>

<comp id="574" class="1005" name="x_2_reg_574">
<pin_list>
<pin id="575" dir="0" index="0" bw="7" slack="1"/>
<pin id="576" dir="1" index="1" bw="7" slack="1"/>
</pin_list>
<bind>
<opset="x_2 (phireg) "/>
</bind>
</comp>

<comp id="578" class="1004" name="x_2_phi_fu_578">
<pin_list>
<pin id="579" dir="0" index="0" bw="1" slack="1"/>
<pin id="580" dir="0" index="1" bw="0" slack="2147483647"/>
<pin id="581" dir="0" index="2" bw="7" slack="0"/>
<pin id="582" dir="0" index="3" bw="0" slack="2147483647"/>
<pin id="583" dir="1" index="4" bw="7" slack="0"/>
</pin_list>
<bind>
<opcode="phi(47) " fcode="phi"/>
<opset="x_2/164 "/>
</bind>
</comp>

<comp id="585" class="1004" name="grp_fu_585">
<pin_list>
<pin id="586" dir="0" index="0" bw="64" slack="1"/>
<pin id="587" dir="0" index="1" bw="64" slack="0"/>
<pin id="588" dir="1" index="2" bw="64" slack="1"/>
</pin_list>
<bind>
<opcode="dadd(508) dsub(509) " fcode="dadd"/>
<opset="dc/35 dc_2/47 sub50_i/85 "/>
</bind>
</comp>

<comp id="590" class="1004" name="grp_fu_590">
<pin_list>
<pin id="591" dir="0" index="0" bw="64" slack="1"/>
<pin id="592" dir="0" index="1" bw="64" slack="0"/>
<pin id="593" dir="1" index="2" bw="64" slack="1"/>
</pin_list>
<bind>
<opcode="dadd(508) " fcode="dadd"/>
<opset="dc_1/35 dc_3/47 "/>
</bind>
</comp>

<comp id="595" class="1004" name="grp_fu_595">
<pin_list>
<pin id="596" dir="0" index="0" bw="64" slack="28"/>
<pin id="597" dir="0" index="1" bw="64" slack="1"/>
<pin id="598" dir="1" index="2" bw="64" slack="1"/>
</pin_list>
<bind>
<opcode="dadd(508) " fcode="dadd"/>
<opset="add53_i/124 "/>
</bind>
</comp>

<comp id="600" class="1004" name="grp_fu_600">
<pin_list>
<pin id="601" dir="0" index="0" bw="64" slack="0"/>
<pin id="602" dir="0" index="1" bw="64" slack="0"/>
<pin id="603" dir="1" index="2" bw="64" slack="1"/>
</pin_list>
<bind>
<opcode="ddiv(511) " fcode="ddiv"/>
<opset="div_i/93 div58_i/131 "/>
</bind>
</comp>

<comp id="606" class="1004" name="grp_fu_606">
<pin_list>
<pin id="607" dir="0" index="0" bw="32" slack="1"/>
<pin id="608" dir="1" index="1" bw="64" slack="1"/>
</pin_list>
<bind>
<opcode="sitodp(517) " fcode="sitodp"/>
<opset="conv57_i/12 conv47_i/79 conv49_i/80 "/>
</bind>
</comp>

<comp id="609" class="1005" name="reg_609">
<pin_list>
<pin id="610" dir="0" index="0" bw="64" slack="1"/>
<pin id="611" dir="1" index="1" bw="64" slack="1"/>
</pin_list>
<bind>
<opset="dc dc_2 sub50_i "/>
</bind>
</comp>

<comp id="614" class="1005" name="reg_614">
<pin_list>
<pin id="615" dir="0" index="0" bw="64" slack="1"/>
<pin id="616" dir="1" index="1" bw="64" slack="1"/>
</pin_list>
<bind>
<opset="dc_1 dc_3 "/>
</bind>
</comp>

<comp id="618" class="1005" name="reg_618">
<pin_list>
<pin id="619" dir="0" index="0" bw="64" slack="1"/>
<pin id="620" dir="1" index="1" bw="64" slack="1"/>
</pin_list>
<bind>
<opset="div_i div58_i "/>
</bind>
</comp>

<comp id="623" class="1004" name="empty_fu_623">
<pin_list>
<pin id="624" dir="0" index="0" bw="32" slack="0"/>
<pin id="625" dir="1" index="1" bw="30" slack="7"/>
</pin_list>
<bind>
<opcode="trunc(33) " fcode="trunc"/>
<opset="empty/1 "/>
</bind>
</comp>

<comp id="627" class="1004" name="empty_37_fu_627">
<pin_list>
<pin id="628" dir="0" index="0" bw="32" slack="0"/>
<pin id="629" dir="0" index="1" bw="1" slack="0"/>
<pin id="630" dir="1" index="2" bw="32" slack="0"/>
</pin_list>
<bind>
<opcode="shl(20) " fcode="shl"/>
<opset="empty_37/1 "/>
</bind>
</comp>

<comp id="633" class="1004" name="icmp_ln20_fu_633">
<pin_list>
<pin id="634" dir="0" index="0" bw="32" slack="0"/>
<pin id="635" dir="0" index="1" bw="32" slack="0"/>
<pin id="636" dir="1" index="2" bw="1" slack="9"/>
</pin_list>
<bind>
<opcode="icmp(45) " fcode="icmp"/>
<opset="icmp_ln20/1 "/>
</bind>
</comp>

<comp id="639" class="1004" name="trunc_ln_fu_639">
<pin_list>
<pin id="640" dir="0" index="0" bw="61" slack="0"/>
<pin id="641" dir="0" index="1" bw="64" slack="0"/>
<pin id="642" dir="0" index="2" bw="3" slack="0"/>
<pin id="643" dir="0" index="3" bw="7" slack="0"/>
<pin id="644" dir="1" index="4" bw="61" slack="1"/>
</pin_list>
<bind>
<opcode="partselect(1002) " fcode="partselect"/>
<opset="trunc_ln/1 "/>
</bind>
</comp>

<comp id="649" class="1004" name="sext_ln20_fu_649">
<pin_list>
<pin id="650" dir="0" index="0" bw="61" slack="1"/>
<pin id="651" dir="1" index="1" bw="64" slack="0"/>
</pin_list>
<bind>
<opcode="sext(35) " fcode="sext"/>
<opset="sext_ln20/2 "/>
</bind>
</comp>

<comp id="652" class="1004" name="gmem2_addr_fu_652">
<pin_list>
<pin id="653" dir="0" index="0" bw="64" slack="0"/>
<pin id="654" dir="0" index="1" bw="64" slack="0"/>
<pin id="655" dir="1" index="2" bw="64" slack="0"/>
</pin_list>
<bind>
<opcode="getelementptr(29) " fcode="getelementptr"/>
<opset="gmem2_addr/2 "/>
</bind>
</comp>

<comp id="659" class="1004" name="trunc_ln20_1_fu_659">
<pin_list>
<pin id="660" dir="0" index="0" bw="31" slack="0"/>
<pin id="661" dir="0" index="1" bw="30" slack="7"/>
<pin id="662" dir="0" index="2" bw="1" slack="0"/>
<pin id="663" dir="1" index="3" bw="31" slack="1"/>
</pin_list>
<bind>
<opcode="bitconcatenate(1004) " fcode="bitconcatenate"/>
<opset="trunc_ln20_1/8 "/>
</bind>
</comp>

<comp id="666" class="1004" name="add_ln20_fu_666">
<pin_list>
<pin id="667" dir="0" index="0" bw="10" slack="0"/>
<pin id="668" dir="0" index="1" bw="1" slack="0"/>
<pin id="669" dir="1" index="2" bw="10" slack="0"/>
</pin_list>
<bind>
<opcode="add(8) " fcode="add"/>
<opset="add_ln20/9 "/>
</bind>
</comp>

<comp id="672" class="1004" name="zext_ln20_1_fu_672">
<pin_list>
<pin id="673" dir="0" index="0" bw="10" slack="0"/>
<pin id="674" dir="1" index="1" bw="31" slack="0"/>
</pin_list>
<bind>
<opcode="zext(34) " fcode="zext"/>
<opset="zext_ln20_1/9 "/>
</bind>
</comp>

<comp id="676" class="1004" name="icmp_ln20_1_fu_676">
<pin_list>
<pin id="677" dir="0" index="0" bw="31" slack="0"/>
<pin id="678" dir="0" index="1" bw="31" slack="1"/>
<pin id="679" dir="1" index="2" bw="1" slack="1"/>
</pin_list>
<bind>
<opcode="icmp(45) " fcode="icmp"/>
<opset="icmp_ln20_1/9 "/>
</bind>
</comp>

<comp id="681" class="1004" name="zext_ln20_fu_681">
<pin_list>
<pin id="682" dir="0" index="0" bw="10" slack="2"/>
<pin id="683" dir="1" index="1" bw="64" slack="0"/>
</pin_list>
<bind>
<opcode="zext(34) " fcode="zext"/>
<opset="zext_ln20/11 "/>
</bind>
</comp>

<comp id="686" class="1004" name="bitcast_ln23_fu_686">
<pin_list>
<pin id="687" dir="0" index="0" bw="64" slack="1"/>
<pin id="688" dir="1" index="1" bw="64" slack="0"/>
</pin_list>
<bind>
<opcode="bitcast(44) " fcode="bitcast"/>
<opset="bitcast_ln23/11 "/>
</bind>
</comp>

<comp id="690" class="1004" name="cmp1_i42_fu_690">
<pin_list>
<pin id="691" dir="0" index="0" bw="32" slack="13"/>
<pin id="692" dir="0" index="1" bw="32" slack="0"/>
<pin id="693" dir="1" index="2" bw="1" slack="15"/>
</pin_list>
<bind>
<opcode="icmp(45) " fcode="icmp"/>
<opset="cmp1_i42/16 "/>
</bind>
</comp>

<comp id="695" class="1004" name="empty_39_fu_695">
<pin_list>
<pin id="696" dir="0" index="0" bw="32" slack="13"/>
<pin id="697" dir="1" index="1" bw="16" slack="12"/>
</pin_list>
<bind>
<opcode="trunc(33) " fcode="trunc"/>
<opset="empty_39/16 "/>
</bind>
</comp>

<comp id="698" class="1004" name="sext_ln163_fu_698">
<pin_list>
<pin id="699" dir="0" index="0" bw="32" slack="13"/>
<pin id="700" dir="1" index="1" bw="64" slack="1"/>
</pin_list>
<bind>
<opcode="sext(35) " fcode="sext"/>
<opset="sext_ln163/16 "/>
</bind>
</comp>

<comp id="701" class="1004" name="add_ln163_fu_701">
<pin_list>
<pin id="702" dir="0" index="0" bw="64" slack="0"/>
<pin id="703" dir="0" index="1" bw="11" slack="0"/>
<pin id="704" dir="1" index="2" bw="64" slack="0"/>
</pin_list>
<bind>
<opcode="add(8) " fcode="add"/>
<opset="add_ln163/17 "/>
</bind>
</comp>

<comp id="707" class="1004" name="icmp_ln163_fu_707">
<pin_list>
<pin id="708" dir="0" index="0" bw="64" slack="0"/>
<pin id="709" dir="0" index="1" bw="64" slack="1"/>
<pin id="710" dir="1" index="2" bw="1" slack="2147483647"/>
</pin_list>
<bind>
<opcode="icmp(45) " fcode="icmp"/>
<opset="icmp_ln163/17 "/>
</bind>
</comp>

<comp id="712" class="1004" name="add_ln168_3_fu_712">
<pin_list>
<pin id="713" dir="0" index="0" bw="64" slack="0"/>
<pin id="714" dir="0" index="1" bw="8" slack="0"/>
<pin id="715" dir="1" index="2" bw="64" slack="0"/>
</pin_list>
<bind>
<opcode="add(8) " fcode="add"/>
<opset="add_ln168_3/17 "/>
</bind>
</comp>

<comp id="718" class="1004" name="add_ln168_fu_718">
<pin_list>
<pin id="719" dir="0" index="0" bw="64" slack="0"/>
<pin id="720" dir="0" index="1" bw="64" slack="14"/>
<pin id="721" dir="1" index="2" bw="64" slack="11"/>
</pin_list>
<bind>
<opcode="add(8) " fcode="add"/>
<opset="add_ln168/17 "/>
</bind>
</comp>

<comp id="723" class="1004" name="add_ln168_1_fu_723">
<pin_list>
<pin id="724" dir="0" index="0" bw="64" slack="0"/>
<pin id="725" dir="0" index="1" bw="64" slack="14"/>
<pin id="726" dir="1" index="2" bw="64" slack="1"/>
</pin_list>
<bind>
<opcode="add(8) " fcode="add"/>
<opset="add_ln168_1/17 "/>
</bind>
</comp>

<comp id="728" class="1004" name="add_ln168_2_fu_728">
<pin_list>
<pin id="729" dir="0" index="0" bw="64" slack="0"/>
<pin id="730" dir="0" index="1" bw="64" slack="14"/>
<pin id="731" dir="1" index="2" bw="64" slack="1"/>
</pin_list>
<bind>
<opcode="add(8) " fcode="add"/>
<opset="add_ln168_2/17 "/>
</bind>
</comp>

<comp id="733" class="1004" name="icmp_ln168_fu_733">
<pin_list>
<pin id="734" dir="0" index="0" bw="64" slack="0"/>
<pin id="735" dir="0" index="1" bw="64" slack="1"/>
<pin id="736" dir="1" index="2" bw="1" slack="1"/>
</pin_list>
<bind>
<opcode="icmp(45) " fcode="icmp"/>
<opset="icmp_ln168/17 "/>
</bind>
</comp>

<comp id="738" class="1004" name="trunc_ln169_fu_738">
<pin_list>
<pin id="739" dir="0" index="0" bw="64" slack="0"/>
<pin id="740" dir="1" index="1" bw="32" slack="0"/>
</pin_list>
<bind>
<opcode="trunc(33) " fcode="trunc"/>
<opset="trunc_ln169/17 "/>
</bind>
</comp>

<comp id="742" class="1004" name="sub_ln168_fu_742">
<pin_list>
<pin id="743" dir="0" index="0" bw="32" slack="14"/>
<pin id="744" dir="0" index="1" bw="32" slack="0"/>
<pin id="745" dir="1" index="2" bw="32" slack="1"/>
</pin_list>
<bind>
<opcode="sub(10) " fcode="sub"/>
<opset="sub_ln168/17 "/>
</bind>
</comp>

<comp id="747" class="1004" name="tileSize_fu_747">
<pin_list>
<pin id="748" dir="0" index="0" bw="1" slack="1"/>
<pin id="749" dir="0" index="1" bw="32" slack="1"/>
<pin id="750" dir="0" index="2" bw="32" slack="0"/>
<pin id="751" dir="1" index="3" bw="32" slack="0"/>
</pin_list>
<bind>
<opcode="select(49) " fcode="select"/>
<opset="tileSize/18 "/>
</bind>
</comp>

<comp id="753" class="1004" name="icmp_ln37_fu_753">
<pin_list>
<pin id="754" dir="0" index="0" bw="32" slack="0"/>
<pin id="755" dir="0" index="1" bw="32" slack="0"/>
<pin id="756" dir="1" index="2" bw="1" slack="17"/>
</pin_list>
<bind>
<opcode="icmp(45) " fcode="icmp"/>
<opset="icmp_ln37/18 "/>
</bind>
</comp>

<comp id="759" class="1004" name="trunc_ln2_fu_759">
<pin_list>
<pin id="760" dir="0" index="0" bw="61" slack="0"/>
<pin id="761" dir="0" index="1" bw="64" slack="1"/>
<pin id="762" dir="0" index="2" bw="3" slack="0"/>
<pin id="763" dir="0" index="3" bw="7" slack="0"/>
<pin id="764" dir="1" index="4" bw="61" slack="1"/>
</pin_list>
<bind>
<opcode="partselect(1002) " fcode="partselect"/>
<opset="trunc_ln2/18 "/>
</bind>
</comp>

<comp id="768" class="1004" name="trunc_ln37_1_fu_768">
<pin_list>
<pin id="769" dir="0" index="0" bw="61" slack="0"/>
<pin id="770" dir="0" index="1" bw="64" slack="1"/>
<pin id="771" dir="0" index="2" bw="3" slack="0"/>
<pin id="772" dir="0" index="3" bw="7" slack="0"/>
<pin id="773" dir="1" index="4" bw="61" slack="1"/>
</pin_list>
<bind>
<opcode="partselect(1002) " fcode="partselect"/>
<opset="trunc_ln37_1/18 "/>
</bind>
</comp>

<comp id="777" class="1004" name="sext_ln37_fu_777">
<pin_list>
<pin id="778" dir="0" index="0" bw="61" slack="1"/>
<pin id="779" dir="1" index="1" bw="64" slack="0"/>
</pin_list>
<bind>
<opcode="sext(35) " fcode="sext"/>
<opset="sext_ln37/19 "/>
</bind>
</comp>

<comp id="780" class="1004" name="gmem0_addr_fu_780">
<pin_list>
<pin id="781" dir="0" index="0" bw="64" slack="0"/>
<pin id="782" dir="0" index="1" bw="64" slack="0"/>
<pin id="783" dir="1" index="2" bw="64" slack="0"/>
</pin_list>
<bind>
<opcode="getelementptr(29) " fcode="getelementptr"/>
<opset="gmem0_addr/19 "/>
</bind>
</comp>

<comp id="787" class="1004" name="sext_ln37_1_fu_787">
<pin_list>
<pin id="788" dir="0" index="0" bw="61" slack="1"/>
<pin id="789" dir="1" index="1" bw="64" slack="0"/>
</pin_list>
<bind>
<opcode="sext(35) " fcode="sext"/>
<opset="sext_ln37_1/19 "/>
</bind>
</comp>

<comp id="790" class="1004" name="gmem1_addr_fu_790">
<pin_list>
<pin id="791" dir="0" index="0" bw="64" slack="0"/>
<pin id="792" dir="0" index="1" bw="64" slack="0"/>
<pin id="793" dir="1" index="2" bw="64" slack="0"/>
</pin_list>
<bind>
<opcode="getelementptr(29) " fcode="getelementptr"/>
<opset="gmem1_addr/19 "/>
</bind>
</comp>

<comp id="797" class="1004" name="trunc_ln37_fu_797">
<pin_list>
<pin id="798" dir="0" index="0" bw="32" slack="7"/>
<pin id="799" dir="1" index="1" bw="31" slack="1"/>
</pin_list>
<bind>
<opcode="trunc(33) " fcode="trunc"/>
<opset="trunc_ln37/25 "/>
</bind>
</comp>

<comp id="800" class="1004" name="add_ln37_fu_800">
<pin_list>
<pin id="801" dir="0" index="0" bw="7" slack="0"/>
<pin id="802" dir="0" index="1" bw="1" slack="0"/>
<pin id="803" dir="1" index="2" bw="7" slack="0"/>
</pin_list>
<bind>
<opcode="add(8) " fcode="add"/>
<opset="add_ln37/26 "/>
</bind>
</comp>

<comp id="806" class="1004" name="zext_ln37_1_fu_806">
<pin_list>
<pin id="807" dir="0" index="0" bw="7" slack="0"/>
<pin id="808" dir="1" index="1" bw="31" slack="0"/>
</pin_list>
<bind>
<opcode="zext(34) " fcode="zext"/>
<opset="zext_ln37_1/26 "/>
</bind>
</comp>

<comp id="810" class="1004" name="icmp_ln37_1_fu_810">
<pin_list>
<pin id="811" dir="0" index="0" bw="31" slack="0"/>
<pin id="812" dir="0" index="1" bw="31" slack="1"/>
<pin id="813" dir="1" index="2" bw="1" slack="1"/>
</pin_list>
<bind>
<opcode="icmp(45) " fcode="icmp"/>
<opset="icmp_ln37_1/26 "/>
</bind>
</comp>

<comp id="815" class="1004" name="zext_ln37_fu_815">
<pin_list>
<pin id="816" dir="0" index="0" bw="7" slack="2"/>
<pin id="817" dir="1" index="1" bw="64" slack="0"/>
</pin_list>
<bind>
<opcode="zext(34) " fcode="zext"/>
<opset="zext_ln37/28 "/>
</bind>
</comp>

<comp id="821" class="1004" name="bitcast_ln40_fu_821">
<pin_list>
<pin id="822" dir="0" index="0" bw="64" slack="1"/>
<pin id="823" dir="1" index="1" bw="64" slack="0"/>
</pin_list>
<bind>
<opcode="bitcast(44) " fcode="bitcast"/>
<opset="bitcast_ln40/28 "/>
</bind>
</comp>

<comp id="825" class="1004" name="bitcast_ln41_fu_825">
<pin_list>
<pin id="826" dir="0" index="0" bw="64" slack="1"/>
<pin id="827" dir="1" index="1" bw="64" slack="0"/>
</pin_list>
<bind>
<opcode="bitcast(44) " fcode="bitcast"/>
<opset="bitcast_ln41/28 "/>
</bind>
</comp>

<comp id="829" class="1004" name="add_ln63_fu_829">
<pin_list>
<pin id="830" dir="0" index="0" bw="7" slack="0"/>
<pin id="831" dir="0" index="1" bw="1" slack="0"/>
<pin id="832" dir="1" index="2" bw="7" slack="0"/>
</pin_list>
<bind>
<opcode="add(8) " fcode="add"/>
<opset="add_ln63/30 "/>
</bind>
</comp>

<comp id="835" class="1004" name="zext_ln63_1_fu_835">
<pin_list>
<pin id="836" dir="0" index="0" bw="7" slack="0"/>
<pin id="837" dir="1" index="1" bw="31" slack="0"/>
</pin_list>
<bind>
<opcode="zext(34) " fcode="zext"/>
<opset="zext_ln63_1/30 "/>
</bind>
</comp>

<comp id="839" class="1004" name="icmp_ln63_fu_839">
<pin_list>
<pin id="840" dir="0" index="0" bw="31" slack="0"/>
<pin id="841" dir="0" index="1" bw="31" slack="3"/>
<pin id="842" dir="1" index="2" bw="1" slack="2147483647"/>
</pin_list>
<bind>
<opcode="icmp(45) " fcode="icmp"/>
<opset="icmp_ln63/30 "/>
</bind>
</comp>

<comp id="844" class="1004" name="x_1_cast2_fu_844">
<pin_list>
<pin id="845" dir="0" index="0" bw="7" slack="0"/>
<pin id="846" dir="1" index="1" bw="16" slack="0"/>
</pin_list>
<bind>
<opcode="zext(34) " fcode="zext"/>
<opset="x_1_cast2/30 "/>
</bind>
</comp>

<comp id="848" class="1004" name="trunc_ln3_fu_848">
<pin_list>
<pin id="849" dir="0" index="0" bw="61" slack="0"/>
<pin id="850" dir="0" index="1" bw="64" slack="11"/>
<pin id="851" dir="0" index="2" bw="3" slack="0"/>
<pin id="852" dir="0" index="3" bw="7" slack="0"/>
<pin id="853" dir="1" index="4" bw="61" slack="1"/>
</pin_list>
<bind>
<opcode="partselect(1002) " fcode="partselect"/>
<opset="trunc_ln3/30 "/>
</bind>
</comp>

<comp id="857" class="1004" name="zext_ln63_fu_857">
<pin_list>
<pin id="858" dir="0" index="0" bw="7" slack="3"/>
<pin id="859" dir="1" index="1" bw="64" slack="0"/>
</pin_list>
<bind>
<opcode="zext(34) " fcode="zext"/>
<opset="zext_ln63/33 "/>
</bind>
</comp>

<comp id="863" class="1004" name="data_V_fu_863">
<pin_list>
<pin id="864" dir="0" index="0" bw="64" slack="1"/>
<pin id="865" dir="1" index="1" bw="64" slack="0"/>
</pin_list>
<bind>
<opcode="bitcast(44) " fcode="bitcast"/>
<opset="data_V/43 "/>
</bind>
</comp>

<comp id="867" class="1004" name="p_Result_s_fu_867">
<pin_list>
<pin id="868" dir="0" index="0" bw="1" slack="0"/>
<pin id="869" dir="0" index="1" bw="64" slack="0"/>
<pin id="870" dir="0" index="2" bw="7" slack="0"/>
<pin id="871" dir="1" index="3" bw="1" slack="1"/>
</pin_list>
<bind>
<opcode="bitselect(1000) " fcode="bitselect"/>
<opset="p_Result_s/43 "/>
</bind>
</comp>

<comp id="875" class="1004" name="tmp_18_fu_875">
<pin_list>
<pin id="876" dir="0" index="0" bw="11" slack="0"/>
<pin id="877" dir="0" index="1" bw="64" slack="0"/>
<pin id="878" dir="0" index="2" bw="7" slack="0"/>
<pin id="879" dir="0" index="3" bw="7" slack="0"/>
<pin id="880" dir="1" index="4" bw="11" slack="0"/>
</pin_list>
<bind>
<opcode="partselect(1002) " fcode="partselect"/>
<opset="tmp_18/43 "/>
</bind>
</comp>

<comp id="885" class="1004" name="tmp_19_fu_885">
<pin_list>
<pin id="886" dir="0" index="0" bw="64" slack="0"/>
<pin id="887" dir="1" index="1" bw="52" slack="0"/>
</pin_list>
<bind>
<opcode="trunc(33) " fcode="trunc"/>
<opset="tmp_19/43 "/>
</bind>
</comp>

<comp id="889" class="1004" name="mantissa_fu_889">
<pin_list>
<pin id="890" dir="0" index="0" bw="54" slack="0"/>
<pin id="891" dir="0" index="1" bw="1" slack="0"/>
<pin id="892" dir="0" index="2" bw="52" slack="0"/>
<pin id="893" dir="0" index="3" bw="1" slack="0"/>
<pin id="894" dir="1" index="4" bw="54" slack="0"/>
</pin_list>
<bind>
<opcode="bitconcatenate(1004) " fcode="bitconcatenate"/>
<opset="mantissa/43 "/>
</bind>
</comp>

<comp id="899" class="1004" name="zext_ln15_fu_899">
<pin_list>
<pin id="900" dir="0" index="0" bw="54" slack="0"/>
<pin id="901" dir="1" index="1" bw="137" slack="0"/>
</pin_list>
<bind>
<opcode="zext(34) " fcode="zext"/>
<opset="zext_ln15/43 "/>
</bind>
</comp>

<comp id="903" class="1004" name="zext_ln510_fu_903">
<pin_list>
<pin id="904" dir="0" index="0" bw="11" slack="0"/>
<pin id="905" dir="1" index="1" bw="12" slack="0"/>
</pin_list>
<bind>
<opcode="zext(34) " fcode="zext"/>
<opset="zext_ln510/43 "/>
</bind>
</comp>

<comp id="907" class="1004" name="add_ln510_fu_907">
<pin_list>
<pin id="908" dir="0" index="0" bw="11" slack="0"/>
<pin id="909" dir="0" index="1" bw="11" slack="0"/>
<pin id="910" dir="1" index="2" bw="12" slack="0"/>
</pin_list>
<bind>
<opcode="add(8) " fcode="add"/>
<opset="add_ln510/43 "/>
</bind>
</comp>

<comp id="913" class="1004" name="isNeg_fu_913">
<pin_list>
<pin id="914" dir="0" index="0" bw="1" slack="0"/>
<pin id="915" dir="0" index="1" bw="12" slack="0"/>
<pin id="916" dir="0" index="2" bw="5" slack="0"/>
<pin id="917" dir="1" index="3" bw="1" slack="0"/>
</pin_list>
<bind>
<opcode="bitselect(1000) " fcode="bitselect"/>
<opset="isNeg/43 "/>
</bind>
</comp>

<comp id="921" class="1004" name="sub_ln1311_fu_921">
<pin_list>
<pin id="922" dir="0" index="0" bw="11" slack="0"/>
<pin id="923" dir="0" index="1" bw="11" slack="0"/>
<pin id="924" dir="1" index="2" bw="11" slack="0"/>
</pin_list>
<bind>
<opcode="sub(10) " fcode="sub"/>
<opset="sub_ln1311/43 "/>
</bind>
</comp>

<comp id="927" class="1004" name="sext_ln1311_fu_927">
<pin_list>
<pin id="928" dir="0" index="0" bw="11" slack="0"/>
<pin id="929" dir="1" index="1" bw="12" slack="0"/>
</pin_list>
<bind>
<opcode="sext(35) " fcode="sext"/>
<opset="sext_ln1311/43 "/>
</bind>
</comp>

<comp id="931" class="1004" name="ush_fu_931">
<pin_list>
<pin id="932" dir="0" index="0" bw="1" slack="0"/>
<pin id="933" dir="0" index="1" bw="12" slack="0"/>
<pin id="934" dir="0" index="2" bw="12" slack="0"/>
<pin id="935" dir="1" index="3" bw="12" slack="0"/>
</pin_list>
<bind>
<opcode="select(49) " fcode="select"/>
<opset="ush/43 "/>
</bind>
</comp>

<comp id="939" class="1004" name="sh_prom_i_i_i_i_i_i_cast_cast_cast_fu_939">
<pin_list>
<pin id="940" dir="0" index="0" bw="12" slack="0"/>
<pin id="941" dir="1" index="1" bw="32" slack="0"/>
</pin_list>
<bind>
<opcode="sext(35) " fcode="sext"/>
<opset="sh_prom_i_i_i_i_i_i_cast_cast_cast/43 "/>
</bind>
</comp>

<comp id="943" class="1004" name="sh_prom_i_i_i_i_i_i_cast_cast_cast_cast_fu_943">
<pin_list>
<pin id="944" dir="0" index="0" bw="12" slack="0"/>
<pin id="945" dir="1" index="1" bw="137" slack="0"/>
</pin_list>
<bind>
<opcode="zext(34) " fcode="zext"/>
<opset="sh_prom_i_i_i_i_i_i_cast_cast_cast_cast/43 "/>
</bind>
</comp>

<comp id="947" class="1004" name="r_V_fu_947">
<pin_list>
<pin id="948" dir="0" index="0" bw="54" slack="0"/>
<pin id="949" dir="0" index="1" bw="32" slack="0"/>
<pin id="950" dir="1" index="2" bw="137" slack="0"/>
</pin_list>
<bind>
<opcode="lshr(21) " fcode="lshr"/>
<opset="r_V/43 "/>
</bind>
</comp>

<comp id="953" class="1004" name="r_V_1_fu_953">
<pin_list>
<pin id="954" dir="0" index="0" bw="54" slack="0"/>
<pin id="955" dir="0" index="1" bw="32" slack="0"/>
<pin id="956" dir="1" index="2" bw="137" slack="0"/>
</pin_list>
<bind>
<opcode="shl(20) " fcode="shl"/>
<opset="r_V_1/43 "/>
</bind>
</comp>

<comp id="959" class="1004" name="tmp_fu_959">
<pin_list>
<pin id="960" dir="0" index="0" bw="1" slack="0"/>
<pin id="961" dir="0" index="1" bw="137" slack="0"/>
<pin id="962" dir="0" index="2" bw="7" slack="0"/>
<pin id="963" dir="1" index="3" bw="1" slack="0"/>
</pin_list>
<bind>
<opcode="bitselect(1000) " fcode="bitselect"/>
<opset="tmp/43 "/>
</bind>
</comp>

<comp id="967" class="1004" name="zext_ln662_fu_967">
<pin_list>
<pin id="968" dir="0" index="0" bw="1" slack="0"/>
<pin id="969" dir="1" index="1" bw="32" slack="0"/>
</pin_list>
<bind>
<opcode="zext(34) " fcode="zext"/>
<opset="zext_ln662/43 "/>
</bind>
</comp>

<comp id="971" class="1004" name="tmp_9_fu_971">
<pin_list>
<pin id="972" dir="0" index="0" bw="32" slack="0"/>
<pin id="973" dir="0" index="1" bw="137" slack="0"/>
<pin id="974" dir="0" index="2" bw="7" slack="0"/>
<pin id="975" dir="0" index="3" bw="8" slack="0"/>
<pin id="976" dir="1" index="4" bw="32" slack="0"/>
</pin_list>
<bind>
<opcode="partselect(1002) " fcode="partselect"/>
<opset="tmp_9/43 "/>
</bind>
</comp>

<comp id="981" class="1004" name="val_fu_981">
<pin_list>
<pin id="982" dir="0" index="0" bw="1" slack="0"/>
<pin id="983" dir="0" index="1" bw="32" slack="0"/>
<pin id="984" dir="0" index="2" bw="32" slack="0"/>
<pin id="985" dir="1" index="3" bw="32" slack="1"/>
</pin_list>
<bind>
<opcode="select(49) " fcode="select"/>
<opset="val/43 "/>
</bind>
</comp>

<comp id="989" class="1004" name="data_V_1_fu_989">
<pin_list>
<pin id="990" dir="0" index="0" bw="64" slack="1"/>
<pin id="991" dir="1" index="1" bw="64" slack="0"/>
</pin_list>
<bind>
<opcode="bitcast(44) " fcode="bitcast"/>
<opset="data_V_1/43 "/>
</bind>
</comp>

<comp id="993" class="1004" name="p_Result_1_fu_993">
<pin_list>
<pin id="994" dir="0" index="0" bw="1" slack="0"/>
<pin id="995" dir="0" index="1" bw="64" slack="0"/>
<pin id="996" dir="0" index="2" bw="7" slack="0"/>
<pin id="997" dir="1" index="3" bw="1" slack="1"/>
</pin_list>
<bind>
<opcode="bitselect(1000) " fcode="bitselect"/>
<opset="p_Result_1/43 "/>
</bind>
</comp>

<comp id="1001" class="1004" name="tmp_20_fu_1001">
<pin_list>
<pin id="1002" dir="0" index="0" bw="11" slack="0"/>
<pin id="1003" dir="0" index="1" bw="64" slack="0"/>
<pin id="1004" dir="0" index="2" bw="7" slack="0"/>
<pin id="1005" dir="0" index="3" bw="7" slack="0"/>
<pin id="1006" dir="1" index="4" bw="11" slack="0"/>
</pin_list>
<bind>
<opcode="partselect(1002) " fcode="partselect"/>
<opset="tmp_20/43 "/>
</bind>
</comp>

<comp id="1011" class="1004" name="tmp_21_fu_1011">
<pin_list>
<pin id="1012" dir="0" index="0" bw="64" slack="0"/>
<pin id="1013" dir="1" index="1" bw="52" slack="0"/>
</pin_list>
<bind>
<opcode="trunc(33) " fcode="trunc"/>
<opset="tmp_21/43 "/>
</bind>
</comp>

<comp id="1015" class="1004" name="mantissa_1_fu_1015">
<pin_list>
<pin id="1016" dir="0" index="0" bw="54" slack="0"/>
<pin id="1017" dir="0" index="1" bw="1" slack="0"/>
<pin id="1018" dir="0" index="2" bw="52" slack="0"/>
<pin id="1019" dir="0" index="3" bw="1" slack="0"/>
<pin id="1020" dir="1" index="4" bw="54" slack="0"/>
</pin_list>
<bind>
<opcode="bitconcatenate(1004) " fcode="bitconcatenate"/>
<opset="mantissa_1/43 "/>
</bind>
</comp>

<comp id="1025" class="1004" name="zext_ln15_1_fu_1025">
<pin_list>
<pin id="1026" dir="0" index="0" bw="54" slack="0"/>
<pin id="1027" dir="1" index="1" bw="137" slack="0"/>
</pin_list>
<bind>
<opcode="zext(34) " fcode="zext"/>
<opset="zext_ln15_1/43 "/>
</bind>
</comp>

<comp id="1029" class="1004" name="zext_ln510_1_fu_1029">
<pin_list>
<pin id="1030" dir="0" index="0" bw="11" slack="0"/>
<pin id="1031" dir="1" index="1" bw="12" slack="0"/>
</pin_list>
<bind>
<opcode="zext(34) " fcode="zext"/>
<opset="zext_ln510_1/43 "/>
</bind>
</comp>

<comp id="1033" class="1004" name="add_ln510_1_fu_1033">
<pin_list>
<pin id="1034" dir="0" index="0" bw="11" slack="0"/>
<pin id="1035" dir="0" index="1" bw="11" slack="0"/>
<pin id="1036" dir="1" index="2" bw="12" slack="0"/>
</pin_list>
<bind>
<opcode="add(8) " fcode="add"/>
<opset="add_ln510_1/43 "/>
</bind>
</comp>

<comp id="1039" class="1004" name="isNeg_1_fu_1039">
<pin_list>
<pin id="1040" dir="0" index="0" bw="1" slack="0"/>
<pin id="1041" dir="0" index="1" bw="12" slack="0"/>
<pin id="1042" dir="0" index="2" bw="5" slack="0"/>
<pin id="1043" dir="1" index="3" bw="1" slack="0"/>
</pin_list>
<bind>
<opcode="bitselect(1000) " fcode="bitselect"/>
<opset="isNeg_1/43 "/>
</bind>
</comp>

<comp id="1047" class="1004" name="sub_ln1311_1_fu_1047">
<pin_list>
<pin id="1048" dir="0" index="0" bw="11" slack="0"/>
<pin id="1049" dir="0" index="1" bw="11" slack="0"/>
<pin id="1050" dir="1" index="2" bw="11" slack="0"/>
</pin_list>
<bind>
<opcode="sub(10) " fcode="sub"/>
<opset="sub_ln1311_1/43 "/>
</bind>
</comp>

<comp id="1053" class="1004" name="sext_ln1311_1_fu_1053">
<pin_list>
<pin id="1054" dir="0" index="0" bw="11" slack="0"/>
<pin id="1055" dir="1" index="1" bw="12" slack="0"/>
</pin_list>
<bind>
<opcode="sext(35) " fcode="sext"/>
<opset="sext_ln1311_1/43 "/>
</bind>
</comp>

<comp id="1057" class="1004" name="ush_1_fu_1057">
<pin_list>
<pin id="1058" dir="0" index="0" bw="1" slack="0"/>
<pin id="1059" dir="0" index="1" bw="12" slack="0"/>
<pin id="1060" dir="0" index="2" bw="12" slack="0"/>
<pin id="1061" dir="1" index="3" bw="12" slack="0"/>
</pin_list>
<bind>
<opcode="select(49) " fcode="select"/>
<opset="ush_1/43 "/>
</bind>
</comp>

<comp id="1065" class="1004" name="sh_prom_i_i_i_i_i_i15_cast_cast_cast_fu_1065">
<pin_list>
<pin id="1066" dir="0" index="0" bw="12" slack="0"/>
<pin id="1067" dir="1" index="1" bw="32" slack="0"/>
</pin_list>
<bind>
<opcode="sext(35) " fcode="sext"/>
<opset="sh_prom_i_i_i_i_i_i15_cast_cast_cast/43 "/>
</bind>
</comp>

<comp id="1069" class="1004" name="sh_prom_i_i_i_i_i_i15_cast_cast_cast_cast_fu_1069">
<pin_list>
<pin id="1070" dir="0" index="0" bw="12" slack="0"/>
<pin id="1071" dir="1" index="1" bw="137" slack="0"/>
</pin_list>
<bind>
<opcode="zext(34) " fcode="zext"/>
<opset="sh_prom_i_i_i_i_i_i15_cast_cast_cast_cast/43 "/>
</bind>
</comp>

<comp id="1073" class="1004" name="r_V_2_fu_1073">
<pin_list>
<pin id="1074" dir="0" index="0" bw="54" slack="0"/>
<pin id="1075" dir="0" index="1" bw="32" slack="0"/>
<pin id="1076" dir="1" index="2" bw="137" slack="0"/>
</pin_list>
<bind>
<opcode="lshr(21) " fcode="lshr"/>
<opset="r_V_2/43 "/>
</bind>
</comp>

<comp id="1079" class="1004" name="r_V_3_fu_1079">
<pin_list>
<pin id="1080" dir="0" index="0" bw="54" slack="0"/>
<pin id="1081" dir="0" index="1" bw="32" slack="0"/>
<pin id="1082" dir="1" index="2" bw="137" slack="0"/>
</pin_list>
<bind>
<opcode="shl(20) " fcode="shl"/>
<opset="r_V_3/43 "/>
</bind>
</comp>

<comp id="1085" class="1004" name="tmp_6_fu_1085">
<pin_list>
<pin id="1086" dir="0" index="0" bw="1" slack="0"/>
<pin id="1087" dir="0" index="1" bw="137" slack="0"/>
<pin id="1088" dir="0" index="2" bw="7" slack="0"/>
<pin id="1089" dir="1" index="3" bw="1" slack="0"/>
</pin_list>
<bind>
<opcode="bitselect(1000) " fcode="bitselect"/>
<opset="tmp_6/43 "/>
</bind>
</comp>

<comp id="1093" class="1004" name="zext_ln662_1_fu_1093">
<pin_list>
<pin id="1094" dir="0" index="0" bw="1" slack="0"/>
<pin id="1095" dir="1" index="1" bw="32" slack="0"/>
</pin_list>
<bind>
<opcode="zext(34) " fcode="zext"/>
<opset="zext_ln662_1/43 "/>
</bind>
</comp>

<comp id="1097" class="1004" name="tmp_s_fu_1097">
<pin_list>
<pin id="1098" dir="0" index="0" bw="32" slack="0"/>
<pin id="1099" dir="0" index="1" bw="137" slack="0"/>
<pin id="1100" dir="0" index="2" bw="7" slack="0"/>
<pin id="1101" dir="0" index="3" bw="8" slack="0"/>
<pin id="1102" dir="1" index="4" bw="32" slack="0"/>
</pin_list>
<bind>
<opcode="partselect(1002) " fcode="partselect"/>
<opset="tmp_s/43 "/>
</bind>
</comp>

<comp id="1107" class="1004" name="val_1_fu_1107">
<pin_list>
<pin id="1108" dir="0" index="0" bw="1" slack="0"/>
<pin id="1109" dir="0" index="1" bw="32" slack="0"/>
<pin id="1110" dir="0" index="2" bw="32" slack="0"/>
<pin id="1111" dir="1" index="3" bw="32" slack="1"/>
</pin_list>
<bind>
<opcode="select(49) " fcode="select"/>
<opset="val_1/43 "/>
</bind>
</comp>

<comp id="1115" class="1004" name="result_V_2_fu_1115">
<pin_list>
<pin id="1116" dir="0" index="0" bw="1" slack="0"/>
<pin id="1117" dir="0" index="1" bw="32" slack="1"/>
<pin id="1118" dir="1" index="2" bw="32" slack="0"/>
</pin_list>
<bind>
<opcode="sub(10) " fcode="sub"/>
<opset="result_V_2/44 "/>
</bind>
</comp>

<comp id="1120" class="1004" name="result_V_12_fu_1120">
<pin_list>
<pin id="1121" dir="0" index="0" bw="1" slack="1"/>
<pin id="1122" dir="0" index="1" bw="32" slack="0"/>
<pin id="1123" dir="0" index="2" bw="32" slack="1"/>
<pin id="1124" dir="1" index="3" bw="32" slack="12"/>
</pin_list>
<bind>
<opcode="select(49) " fcode="select"/>
<opset="result_V_12/44 "/>
</bind>
</comp>

<comp id="1126" class="1004" name="result_V_5_fu_1126">
<pin_list>
<pin id="1127" dir="0" index="0" bw="1" slack="0"/>
<pin id="1128" dir="0" index="1" bw="32" slack="1"/>
<pin id="1129" dir="1" index="2" bw="32" slack="0"/>
</pin_list>
<bind>
<opcode="sub(10) " fcode="sub"/>
<opset="result_V_5/44 "/>
</bind>
</comp>

<comp id="1131" class="1004" name="result_V_13_fu_1131">
<pin_list>
<pin id="1132" dir="0" index="0" bw="1" slack="1"/>
<pin id="1133" dir="0" index="1" bw="32" slack="0"/>
<pin id="1134" dir="0" index="2" bw="32" slack="1"/>
<pin id="1135" dir="1" index="3" bw="32" slack="15"/>
</pin_list>
<bind>
<opcode="select(49) " fcode="select"/>
<opset="result_V_13/44 "/>
</bind>
</comp>

<comp id="1137" class="1004" name="add_ln67_fu_1137">
<pin_list>
<pin id="1138" dir="0" index="0" bw="31" slack="0"/>
<pin id="1139" dir="0" index="1" bw="1" slack="0"/>
<pin id="1140" dir="1" index="2" bw="31" slack="0"/>
</pin_list>
<bind>
<opcode="add(8) " fcode="add"/>
<opset="add_ln67/45 "/>
</bind>
</comp>

<comp id="1143" class="1004" name="zext_ln67_fu_1143">
<pin_list>
<pin id="1144" dir="0" index="0" bw="31" slack="0"/>
<pin id="1145" dir="1" index="1" bw="32" slack="0"/>
</pin_list>
<bind>
<opcode="zext(34) " fcode="zext"/>
<opset="zext_ln67/45 "/>
</bind>
</comp>

<comp id="1147" class="1004" name="icmp_ln67_fu_1147">
<pin_list>
<pin id="1148" dir="0" index="0" bw="32" slack="0"/>
<pin id="1149" dir="0" index="1" bw="32" slack="40"/>
<pin id="1150" dir="1" index="2" bw="1" slack="1"/>
</pin_list>
<bind>
<opcode="icmp(45) " fcode="icmp"/>
<opset="icmp_ln67/45 "/>
</bind>
</comp>

<comp id="1152" class="1004" name="trunc_ln67_fu_1152">
<pin_list>
<pin id="1153" dir="0" index="0" bw="31" slack="0"/>
<pin id="1154" dir="1" index="1" bw="16" slack="0"/>
</pin_list>
<bind>
<opcode="trunc(33) " fcode="trunc"/>
<opset="trunc_ln67/45 "/>
</bind>
</comp>

<comp id="1156" class="1004" name="trunc_ln70_fu_1156">
<pin_list>
<pin id="1157" dir="0" index="0" bw="31" slack="0"/>
<pin id="1158" dir="1" index="1" bw="9" slack="0"/>
</pin_list>
<bind>
<opcode="trunc(33) " fcode="trunc"/>
<opset="trunc_ln70/45 "/>
</bind>
</comp>

<comp id="1160" class="1004" name="shl_ln_fu_1160">
<pin_list>
<pin id="1161" dir="0" index="0" bw="10" slack="0"/>
<pin id="1162" dir="0" index="1" bw="9" slack="0"/>
<pin id="1163" dir="0" index="2" bw="1" slack="0"/>
<pin id="1164" dir="1" index="3" bw="10" slack="0"/>
</pin_list>
<bind>
<opcode="bitconcatenate(1004) " fcode="bitconcatenate"/>
<opset="shl_ln/45 "/>
</bind>
</comp>

<comp id="1168" class="1004" name="zext_ln70_fu_1168">
<pin_list>
<pin id="1169" dir="0" index="0" bw="10" slack="0"/>
<pin id="1170" dir="1" index="1" bw="64" slack="0"/>
</pin_list>
<bind>
<opcode="zext(34) " fcode="zext"/>
<opset="zext_ln70/45 "/>
</bind>
</comp>

<comp id="1173" class="1004" name="or_ln70_fu_1173">
<pin_list>
<pin id="1174" dir="0" index="0" bw="10" slack="0"/>
<pin id="1175" dir="0" index="1" bw="10" slack="0"/>
<pin id="1176" dir="1" index="2" bw="10" slack="0"/>
</pin_list>
<bind>
<opcode="or(24) " fcode="or"/>
<opset="or_ln70/45 "/>
</bind>
</comp>

<comp id="1179" class="1004" name="zext_ln70_1_fu_1179">
<pin_list>
<pin id="1180" dir="0" index="0" bw="10" slack="0"/>
<pin id="1181" dir="1" index="1" bw="64" slack="0"/>
</pin_list>
<bind>
<opcode="zext(34) " fcode="zext"/>
<opset="zext_ln70_1/45 "/>
</bind>
</comp>

<comp id="1184" class="1004" name="add_ln73_2_fu_1184">
<pin_list>
<pin id="1185" dir="0" index="0" bw="16" slack="0"/>
<pin id="1186" dir="0" index="1" bw="16" slack="12"/>
<pin id="1187" dir="1" index="2" bw="16" slack="19"/>
</pin_list>
<bind>
<opcode="add(8) " fcode="add"/>
<opset="add_ln73_2/45 "/>
</bind>
</comp>

<comp id="1189" class="1004" name="data_V_2_fu_1189">
<pin_list>
<pin id="1190" dir="0" index="0" bw="64" slack="1"/>
<pin id="1191" dir="1" index="1" bw="64" slack="0"/>
</pin_list>
<bind>
<opcode="bitcast(44) " fcode="bitcast"/>
<opset="data_V_2/55 "/>
</bind>
</comp>

<comp id="1193" class="1004" name="tmp_22_fu_1193">
<pin_list>
<pin id="1194" dir="0" index="0" bw="11" slack="0"/>
<pin id="1195" dir="0" index="1" bw="64" slack="0"/>
<pin id="1196" dir="0" index="2" bw="7" slack="0"/>
<pin id="1197" dir="0" index="3" bw="7" slack="0"/>
<pin id="1198" dir="1" index="4" bw="11" slack="0"/>
</pin_list>
<bind>
<opcode="partselect(1002) " fcode="partselect"/>
<opset="tmp_22/55 "/>
</bind>
</comp>

<comp id="1203" class="1004" name="tmp_23_fu_1203">
<pin_list>
<pin id="1204" dir="0" index="0" bw="64" slack="0"/>
<pin id="1205" dir="1" index="1" bw="52" slack="0"/>
</pin_list>
<bind>
<opcode="trunc(33) " fcode="trunc"/>
<opset="tmp_23/55 "/>
</bind>
</comp>

<comp id="1207" class="1004" name="mantissa_2_fu_1207">
<pin_list>
<pin id="1208" dir="0" index="0" bw="54" slack="0"/>
<pin id="1209" dir="0" index="1" bw="1" slack="0"/>
<pin id="1210" dir="0" index="2" bw="52" slack="0"/>
<pin id="1211" dir="0" index="3" bw="1" slack="0"/>
<pin id="1212" dir="1" index="4" bw="54" slack="0"/>
</pin_list>
<bind>
<opcode="bitconcatenate(1004) " fcode="bitconcatenate"/>
<opset="mantissa_2/55 "/>
</bind>
</comp>

<comp id="1217" class="1004" name="zext_ln15_2_fu_1217">
<pin_list>
<pin id="1218" dir="0" index="0" bw="54" slack="0"/>
<pin id="1219" dir="1" index="1" bw="137" slack="0"/>
</pin_list>
<bind>
<opcode="zext(34) " fcode="zext"/>
<opset="zext_ln15_2/55 "/>
</bind>
</comp>

<comp id="1221" class="1004" name="zext_ln510_2_fu_1221">
<pin_list>
<pin id="1222" dir="0" index="0" bw="11" slack="0"/>
<pin id="1223" dir="1" index="1" bw="12" slack="0"/>
</pin_list>
<bind>
<opcode="zext(34) " fcode="zext"/>
<opset="zext_ln510_2/55 "/>
</bind>
</comp>

<comp id="1225" class="1004" name="add_ln510_2_fu_1225">
<pin_list>
<pin id="1226" dir="0" index="0" bw="11" slack="0"/>
<pin id="1227" dir="0" index="1" bw="11" slack="0"/>
<pin id="1228" dir="1" index="2" bw="12" slack="0"/>
</pin_list>
<bind>
<opcode="add(8) " fcode="add"/>
<opset="add_ln510_2/55 "/>
</bind>
</comp>

<comp id="1231" class="1004" name="isNeg_2_fu_1231">
<pin_list>
<pin id="1232" dir="0" index="0" bw="1" slack="0"/>
<pin id="1233" dir="0" index="1" bw="12" slack="0"/>
<pin id="1234" dir="0" index="2" bw="5" slack="0"/>
<pin id="1235" dir="1" index="3" bw="1" slack="0"/>
</pin_list>
<bind>
<opcode="bitselect(1000) " fcode="bitselect"/>
<opset="isNeg_2/55 "/>
</bind>
</comp>

<comp id="1239" class="1004" name="sub_ln1311_2_fu_1239">
<pin_list>
<pin id="1240" dir="0" index="0" bw="11" slack="0"/>
<pin id="1241" dir="0" index="1" bw="11" slack="0"/>
<pin id="1242" dir="1" index="2" bw="11" slack="0"/>
</pin_list>
<bind>
<opcode="sub(10) " fcode="sub"/>
<opset="sub_ln1311_2/55 "/>
</bind>
</comp>

<comp id="1245" class="1004" name="sext_ln1311_2_fu_1245">
<pin_list>
<pin id="1246" dir="0" index="0" bw="11" slack="0"/>
<pin id="1247" dir="1" index="1" bw="12" slack="0"/>
</pin_list>
<bind>
<opcode="sext(35) " fcode="sext"/>
<opset="sext_ln1311_2/55 "/>
</bind>
</comp>

<comp id="1249" class="1004" name="ush_2_fu_1249">
<pin_list>
<pin id="1250" dir="0" index="0" bw="1" slack="0"/>
<pin id="1251" dir="0" index="1" bw="12" slack="0"/>
<pin id="1252" dir="0" index="2" bw="12" slack="0"/>
<pin id="1253" dir="1" index="3" bw="12" slack="0"/>
</pin_list>
<bind>
<opcode="select(49) " fcode="select"/>
<opset="ush_2/55 "/>
</bind>
</comp>

<comp id="1257" class="1004" name="sh_prom_i_i_i_i_i_i37_cast_cast_cast_fu_1257">
<pin_list>
<pin id="1258" dir="0" index="0" bw="12" slack="0"/>
<pin id="1259" dir="1" index="1" bw="32" slack="0"/>
</pin_list>
<bind>
<opcode="sext(35) " fcode="sext"/>
<opset="sh_prom_i_i_i_i_i_i37_cast_cast_cast/55 "/>
</bind>
</comp>

<comp id="1261" class="1004" name="sh_prom_i_i_i_i_i_i37_cast_cast_cast_cast_fu_1261">
<pin_list>
<pin id="1262" dir="0" index="0" bw="12" slack="0"/>
<pin id="1263" dir="1" index="1" bw="137" slack="0"/>
</pin_list>
<bind>
<opcode="zext(34) " fcode="zext"/>
<opset="sh_prom_i_i_i_i_i_i37_cast_cast_cast_cast/55 "/>
</bind>
</comp>

<comp id="1265" class="1004" name="r_V_4_fu_1265">
<pin_list>
<pin id="1266" dir="0" index="0" bw="54" slack="0"/>
<pin id="1267" dir="0" index="1" bw="32" slack="0"/>
<pin id="1268" dir="1" index="2" bw="137" slack="0"/>
</pin_list>
<bind>
<opcode="lshr(21) " fcode="lshr"/>
<opset="r_V_4/55 "/>
</bind>
</comp>

<comp id="1271" class="1004" name="r_V_5_fu_1271">
<pin_list>
<pin id="1272" dir="0" index="0" bw="54" slack="0"/>
<pin id="1273" dir="0" index="1" bw="32" slack="0"/>
<pin id="1274" dir="1" index="2" bw="137" slack="0"/>
</pin_list>
<bind>
<opcode="shl(20) " fcode="shl"/>
<opset="r_V_5/55 "/>
</bind>
</comp>

<comp id="1277" class="1004" name="tmp_12_fu_1277">
<pin_list>
<pin id="1278" dir="0" index="0" bw="1" slack="0"/>
<pin id="1279" dir="0" index="1" bw="137" slack="0"/>
<pin id="1280" dir="0" index="2" bw="7" slack="0"/>
<pin id="1281" dir="1" index="3" bw="1" slack="0"/>
</pin_list>
<bind>
<opcode="bitselect(1000) " fcode="bitselect"/>
<opset="tmp_12/55 "/>
</bind>
</comp>

<comp id="1285" class="1004" name="zext_ln662_2_fu_1285">
<pin_list>
<pin id="1286" dir="0" index="0" bw="1" slack="0"/>
<pin id="1287" dir="1" index="1" bw="32" slack="0"/>
</pin_list>
<bind>
<opcode="zext(34) " fcode="zext"/>
<opset="zext_ln662_2/55 "/>
</bind>
</comp>

<comp id="1289" class="1004" name="tmp_2_fu_1289">
<pin_list>
<pin id="1290" dir="0" index="0" bw="32" slack="0"/>
<pin id="1291" dir="0" index="1" bw="137" slack="0"/>
<pin id="1292" dir="0" index="2" bw="7" slack="0"/>
<pin id="1293" dir="0" index="3" bw="8" slack="0"/>
<pin id="1294" dir="1" index="4" bw="32" slack="0"/>
</pin_list>
<bind>
<opcode="partselect(1002) " fcode="partselect"/>
<opset="tmp_2/55 "/>
</bind>
</comp>

<comp id="1299" class="1004" name="val_2_fu_1299">
<pin_list>
<pin id="1300" dir="0" index="0" bw="1" slack="0"/>
<pin id="1301" dir="0" index="1" bw="32" slack="0"/>
<pin id="1302" dir="0" index="2" bw="32" slack="0"/>
<pin id="1303" dir="1" index="3" bw="32" slack="1"/>
</pin_list>
<bind>
<opcode="select(49) " fcode="select"/>
<opset="val_2/55 "/>
</bind>
</comp>

<comp id="1307" class="1004" name="data_V_3_fu_1307">
<pin_list>
<pin id="1308" dir="0" index="0" bw="64" slack="1"/>
<pin id="1309" dir="1" index="1" bw="64" slack="0"/>
</pin_list>
<bind>
<opcode="bitcast(44) " fcode="bitcast"/>
<opset="data_V_3/55 "/>
</bind>
</comp>

<comp id="1311" class="1004" name="p_Result_3_fu_1311">
<pin_list>
<pin id="1312" dir="0" index="0" bw="1" slack="0"/>
<pin id="1313" dir="0" index="1" bw="64" slack="0"/>
<pin id="1314" dir="0" index="2" bw="7" slack="0"/>
<pin id="1315" dir="1" index="3" bw="1" slack="1"/>
</pin_list>
<bind>
<opcode="bitselect(1000) " fcode="bitselect"/>
<opset="p_Result_3/55 "/>
</bind>
</comp>

<comp id="1319" class="1004" name="tmp_24_fu_1319">
<pin_list>
<pin id="1320" dir="0" index="0" bw="11" slack="0"/>
<pin id="1321" dir="0" index="1" bw="64" slack="0"/>
<pin id="1322" dir="0" index="2" bw="7" slack="0"/>
<pin id="1323" dir="0" index="3" bw="7" slack="0"/>
<pin id="1324" dir="1" index="4" bw="11" slack="0"/>
</pin_list>
<bind>
<opcode="partselect(1002) " fcode="partselect"/>
<opset="tmp_24/55 "/>
</bind>
</comp>

<comp id="1329" class="1004" name="tmp_25_fu_1329">
<pin_list>
<pin id="1330" dir="0" index="0" bw="64" slack="0"/>
<pin id="1331" dir="1" index="1" bw="52" slack="0"/>
</pin_list>
<bind>
<opcode="trunc(33) " fcode="trunc"/>
<opset="tmp_25/55 "/>
</bind>
</comp>

<comp id="1333" class="1004" name="mantissa_3_fu_1333">
<pin_list>
<pin id="1334" dir="0" index="0" bw="54" slack="0"/>
<pin id="1335" dir="0" index="1" bw="1" slack="0"/>
<pin id="1336" dir="0" index="2" bw="52" slack="0"/>
<pin id="1337" dir="0" index="3" bw="1" slack="0"/>
<pin id="1338" dir="1" index="4" bw="54" slack="0"/>
</pin_list>
<bind>
<opcode="bitconcatenate(1004) " fcode="bitconcatenate"/>
<opset="mantissa_3/55 "/>
</bind>
</comp>

<comp id="1343" class="1004" name="zext_ln15_3_fu_1343">
<pin_list>
<pin id="1344" dir="0" index="0" bw="54" slack="0"/>
<pin id="1345" dir="1" index="1" bw="137" slack="0"/>
</pin_list>
<bind>
<opcode="zext(34) " fcode="zext"/>
<opset="zext_ln15_3/55 "/>
</bind>
</comp>

<comp id="1347" class="1004" name="zext_ln510_3_fu_1347">
<pin_list>
<pin id="1348" dir="0" index="0" bw="11" slack="0"/>
<pin id="1349" dir="1" index="1" bw="12" slack="0"/>
</pin_list>
<bind>
<opcode="zext(34) " fcode="zext"/>
<opset="zext_ln510_3/55 "/>
</bind>
</comp>

<comp id="1351" class="1004" name="add_ln510_3_fu_1351">
<pin_list>
<pin id="1352" dir="0" index="0" bw="11" slack="0"/>
<pin id="1353" dir="0" index="1" bw="11" slack="0"/>
<pin id="1354" dir="1" index="2" bw="12" slack="0"/>
</pin_list>
<bind>
<opcode="add(8) " fcode="add"/>
<opset="add_ln510_3/55 "/>
</bind>
</comp>

<comp id="1357" class="1004" name="isNeg_3_fu_1357">
<pin_list>
<pin id="1358" dir="0" index="0" bw="1" slack="0"/>
<pin id="1359" dir="0" index="1" bw="12" slack="0"/>
<pin id="1360" dir="0" index="2" bw="5" slack="0"/>
<pin id="1361" dir="1" index="3" bw="1" slack="0"/>
</pin_list>
<bind>
<opcode="bitselect(1000) " fcode="bitselect"/>
<opset="isNeg_3/55 "/>
</bind>
</comp>

<comp id="1365" class="1004" name="sub_ln1311_3_fu_1365">
<pin_list>
<pin id="1366" dir="0" index="0" bw="11" slack="0"/>
<pin id="1367" dir="0" index="1" bw="11" slack="0"/>
<pin id="1368" dir="1" index="2" bw="11" slack="0"/>
</pin_list>
<bind>
<opcode="sub(10) " fcode="sub"/>
<opset="sub_ln1311_3/55 "/>
</bind>
</comp>

<comp id="1371" class="1004" name="sext_ln1311_3_fu_1371">
<pin_list>
<pin id="1372" dir="0" index="0" bw="11" slack="0"/>
<pin id="1373" dir="1" index="1" bw="12" slack="0"/>
</pin_list>
<bind>
<opcode="sext(35) " fcode="sext"/>
<opset="sext_ln1311_3/55 "/>
</bind>
</comp>

<comp id="1375" class="1004" name="ush_3_fu_1375">
<pin_list>
<pin id="1376" dir="0" index="0" bw="1" slack="0"/>
<pin id="1377" dir="0" index="1" bw="12" slack="0"/>
<pin id="1378" dir="0" index="2" bw="12" slack="0"/>
<pin id="1379" dir="1" index="3" bw="12" slack="0"/>
</pin_list>
<bind>
<opcode="select(49) " fcode="select"/>
<opset="ush_3/55 "/>
</bind>
</comp>

<comp id="1383" class="1004" name="sh_prom_i_i_i_i_i_i59_cast_cast_cast_fu_1383">
<pin_list>
<pin id="1384" dir="0" index="0" bw="12" slack="0"/>
<pin id="1385" dir="1" index="1" bw="32" slack="0"/>
</pin_list>
<bind>
<opcode="sext(35) " fcode="sext"/>
<opset="sh_prom_i_i_i_i_i_i59_cast_cast_cast/55 "/>
</bind>
</comp>

<comp id="1387" class="1004" name="sh_prom_i_i_i_i_i_i59_cast_cast_cast_cast_fu_1387">
<pin_list>
<pin id="1388" dir="0" index="0" bw="12" slack="0"/>
<pin id="1389" dir="1" index="1" bw="137" slack="0"/>
</pin_list>
<bind>
<opcode="zext(34) " fcode="zext"/>
<opset="sh_prom_i_i_i_i_i_i59_cast_cast_cast_cast/55 "/>
</bind>
</comp>

<comp id="1391" class="1004" name="r_V_6_fu_1391">
<pin_list>
<pin id="1392" dir="0" index="0" bw="54" slack="0"/>
<pin id="1393" dir="0" index="1" bw="32" slack="0"/>
<pin id="1394" dir="1" index="2" bw="137" slack="0"/>
</pin_list>
<bind>
<opcode="lshr(21) " fcode="lshr"/>
<opset="r_V_6/55 "/>
</bind>
</comp>

<comp id="1397" class="1004" name="r_V_7_fu_1397">
<pin_list>
<pin id="1398" dir="0" index="0" bw="54" slack="0"/>
<pin id="1399" dir="0" index="1" bw="32" slack="0"/>
<pin id="1400" dir="1" index="2" bw="137" slack="0"/>
</pin_list>
<bind>
<opcode="shl(20) " fcode="shl"/>
<opset="r_V_7/55 "/>
</bind>
</comp>

<comp id="1403" class="1004" name="tmp_17_fu_1403">
<pin_list>
<pin id="1404" dir="0" index="0" bw="1" slack="0"/>
<pin id="1405" dir="0" index="1" bw="137" slack="0"/>
<pin id="1406" dir="0" index="2" bw="7" slack="0"/>
<pin id="1407" dir="1" index="3" bw="1" slack="0"/>
</pin_list>
<bind>
<opcode="bitselect(1000) " fcode="bitselect"/>
<opset="tmp_17/55 "/>
</bind>
</comp>

<comp id="1411" class="1004" name="zext_ln662_3_fu_1411">
<pin_list>
<pin id="1412" dir="0" index="0" bw="1" slack="0"/>
<pin id="1413" dir="1" index="1" bw="32" slack="0"/>
</pin_list>
<bind>
<opcode="zext(34) " fcode="zext"/>
<opset="zext_ln662_3/55 "/>
</bind>
</comp>

<comp id="1415" class="1004" name="tmp_4_fu_1415">
<pin_list>
<pin id="1416" dir="0" index="0" bw="32" slack="0"/>
<pin id="1417" dir="0" index="1" bw="137" slack="0"/>
<pin id="1418" dir="0" index="2" bw="7" slack="0"/>
<pin id="1419" dir="0" index="3" bw="8" slack="0"/>
<pin id="1420" dir="1" index="4" bw="32" slack="0"/>
</pin_list>
<bind>
<opcode="partselect(1002) " fcode="partselect"/>
<opset="tmp_4/55 "/>
</bind>
</comp>

<comp id="1425" class="1004" name="val_3_fu_1425">
<pin_list>
<pin id="1426" dir="0" index="0" bw="1" slack="0"/>
<pin id="1427" dir="0" index="1" bw="32" slack="0"/>
<pin id="1428" dir="0" index="2" bw="32" slack="0"/>
<pin id="1429" dir="1" index="3" bw="32" slack="1"/>
</pin_list>
<bind>
<opcode="select(49) " fcode="select"/>
<opset="val_3/55 "/>
</bind>
</comp>

<comp id="1433" class="1004" name="p_Result_2_fu_1433">
<pin_list>
<pin id="1434" dir="0" index="0" bw="1" slack="0"/>
<pin id="1435" dir="0" index="1" bw="64" slack="1"/>
<pin id="1436" dir="0" index="2" bw="7" slack="0"/>
<pin id="1437" dir="1" index="3" bw="1" slack="0"/>
</pin_list>
<bind>
<opcode="bitselect(1000) " fcode="bitselect"/>
<opset="p_Result_2/56 "/>
</bind>
</comp>

<comp id="1440" class="1004" name="result_V_9_fu_1440">
<pin_list>
<pin id="1441" dir="0" index="0" bw="1" slack="0"/>
<pin id="1442" dir="0" index="1" bw="32" slack="1"/>
<pin id="1443" dir="1" index="2" bw="32" slack="0"/>
</pin_list>
<bind>
<opcode="sub(10) " fcode="sub"/>
<opset="result_V_9/56 "/>
</bind>
</comp>

<comp id="1445" class="1004" name="result_V_14_fu_1445">
<pin_list>
<pin id="1446" dir="0" index="0" bw="1" slack="0"/>
<pin id="1447" dir="0" index="1" bw="32" slack="0"/>
<pin id="1448" dir="0" index="2" bw="32" slack="1"/>
<pin id="1449" dir="1" index="3" bw="32" slack="0"/>
</pin_list>
<bind>
<opcode="select(49) " fcode="select"/>
<opset="result_V_14/56 "/>
</bind>
</comp>

<comp id="1452" class="1004" name="indX_fu_1452">
<pin_list>
<pin id="1453" dir="0" index="0" bw="32" slack="0"/>
<pin id="1454" dir="0" index="1" bw="32" slack="12"/>
<pin id="1455" dir="1" index="2" bw="32" slack="1"/>
</pin_list>
<bind>
<opcode="add(8) " fcode="add"/>
<opset="indX/56 "/>
</bind>
</comp>

<comp id="1457" class="1004" name="result_V_10_fu_1457">
<pin_list>
<pin id="1458" dir="0" index="0" bw="1" slack="0"/>
<pin id="1459" dir="0" index="1" bw="32" slack="1"/>
<pin id="1460" dir="1" index="2" bw="32" slack="0"/>
</pin_list>
<bind>
<opcode="sub(10) " fcode="sub"/>
<opset="result_V_10/56 "/>
</bind>
</comp>

<comp id="1462" class="1004" name="result_V_fu_1462">
<pin_list>
<pin id="1463" dir="0" index="0" bw="1" slack="1"/>
<pin id="1464" dir="0" index="1" bw="32" slack="0"/>
<pin id="1465" dir="0" index="2" bw="32" slack="1"/>
<pin id="1466" dir="1" index="3" bw="32" slack="3"/>
</pin_list>
<bind>
<opcode="select(49) " fcode="select"/>
<opset="result_V/56 "/>
</bind>
</comp>

<comp id="1468" class="1004" name="grp_fu_1468">
<pin_list>
<pin id="1469" dir="0" index="0" bw="32" slack="1"/>
<pin id="1470" dir="0" index="1" bw="32" slack="52"/>
<pin id="1471" dir="1" index="2" bw="32" slack="1"/>
</pin_list>
<bind>
<opcode="mul(12) " fcode="mul"/>
<opset="mul_ln73/57 "/>
</bind>
</comp>

<comp id="1472" class="1004" name="add_ln73_3_fu_1472">
<pin_list>
<pin id="1473" dir="0" index="0" bw="32" slack="15"/>
<pin id="1474" dir="0" index="1" bw="32" slack="3"/>
<pin id="1475" dir="1" index="2" bw="32" slack="0"/>
</pin_list>
<bind>
<opcode="add(8) " fcode="add"/>
<opset="add_ln73_3/59 "/>
</bind>
</comp>

<comp id="1476" class="1004" name="add_ln73_fu_1476">
<pin_list>
<pin id="1477" dir="0" index="0" bw="32" slack="0"/>
<pin id="1478" dir="0" index="1" bw="32" slack="1"/>
<pin id="1479" dir="1" index="2" bw="32" slack="1"/>
</pin_list>
<bind>
<opcode="add(8) " fcode="add"/>
<opset="add_ln73/59 "/>
</bind>
</comp>

<comp id="1481" class="1004" name="grp_fu_1481">
<pin_list>
<pin id="1482" dir="0" index="0" bw="32" slack="1"/>
<pin id="1483" dir="0" index="1" bw="32" slack="55"/>
<pin id="1484" dir="1" index="2" bw="32" slack="1"/>
</pin_list>
<bind>
<opcode="mul(12) " fcode="mul"/>
<opset="mul_ln73_1/60 "/>
</bind>
</comp>

<comp id="1485" class="1004" name="add_ln73_1_fu_1485">
<pin_list>
<pin id="1486" dir="0" index="0" bw="32" slack="1"/>
<pin id="1487" dir="0" index="1" bw="32" slack="57"/>
<pin id="1488" dir="1" index="2" bw="32" slack="1"/>
</pin_list>
<bind>
<opcode="add(8) " fcode="add"/>
<opset="add_ln73_1/62 "/>
</bind>
</comp>

<comp id="1489" class="1004" name="neg_fu_1489">
<pin_list>
<pin id="1490" dir="0" index="0" bw="1" slack="0"/>
<pin id="1491" dir="0" index="1" bw="32" slack="1"/>
<pin id="1492" dir="1" index="2" bw="32" slack="0"/>
</pin_list>
<bind>
<opcode="sub(10) " fcode="sub"/>
<opset="neg/63 "/>
</bind>
</comp>

<comp id="1494" class="1004" name="abscond_fu_1494">
<pin_list>
<pin id="1495" dir="0" index="0" bw="32" slack="1"/>
<pin id="1496" dir="0" index="1" bw="32" slack="0"/>
<pin id="1497" dir="1" index="2" bw="1" slack="0"/>
</pin_list>
<bind>
<opcode="icmp(45) " fcode="icmp"/>
<opset="abscond/63 "/>
</bind>
</comp>

<comp id="1499" class="1004" name="abs_fu_1499">
<pin_list>
<pin id="1500" dir="0" index="0" bw="1" slack="0"/>
<pin id="1501" dir="0" index="1" bw="32" slack="1"/>
<pin id="1502" dir="0" index="2" bw="32" slack="0"/>
<pin id="1503" dir="1" index="3" bw="32" slack="0"/>
</pin_list>
<bind>
<opcode="select(49) " fcode="select"/>
<opset="abs/63 "/>
</bind>
</comp>

<comp id="1506" class="1004" name="sext_ln75_fu_1506">
<pin_list>
<pin id="1507" dir="0" index="0" bw="32" slack="0"/>
<pin id="1508" dir="1" index="1" bw="64" slack="0"/>
</pin_list>
<bind>
<opcode="sext(35) " fcode="sext"/>
<opset="sext_ln75/63 "/>
</bind>
</comp>

<comp id="1510" class="1004" name="icmp_ln75_fu_1510">
<pin_list>
<pin id="1511" dir="0" index="0" bw="64" slack="0"/>
<pin id="1512" dir="0" index="1" bw="64" slack="58"/>
<pin id="1513" dir="1" index="2" bw="1" slack="0"/>
</pin_list>
<bind>
<opcode="icmp(45) " fcode="icmp"/>
<opset="icmp_ln75/63 "/>
</bind>
</comp>

<comp id="1515" class="1004" name="xor_ln75_fu_1515">
<pin_list>
<pin id="1516" dir="0" index="0" bw="1" slack="0"/>
<pin id="1517" dir="0" index="1" bw="1" slack="0"/>
<pin id="1518" dir="1" index="2" bw="1" slack="0"/>
</pin_list>
<bind>
<opcode="xor(25) " fcode="xor"/>
<opset="xor_ln75/63 "/>
</bind>
</comp>

<comp id="1521" class="1004" name="select_ln75_fu_1521">
<pin_list>
<pin id="1522" dir="0" index="0" bw="1" slack="0"/>
<pin id="1523" dir="0" index="1" bw="32" slack="0"/>
<pin id="1524" dir="0" index="2" bw="32" slack="0"/>
<pin id="1525" dir="1" index="3" bw="32" slack="1"/>
</pin_list>
<bind>
<opcode="select(49) " fcode="select"/>
<opset="select_ln75/63 "/>
</bind>
</comp>

<comp id="1529" class="1004" name="zext_ln73_fu_1529">
<pin_list>
<pin id="1530" dir="0" index="0" bw="16" slack="19"/>
<pin id="1531" dir="1" index="1" bw="64" slack="0"/>
</pin_list>
<bind>
<opcode="zext(34) " fcode="zext"/>
<opset="zext_ln73/64 "/>
</bind>
</comp>

<comp id="1533" class="1004" name="zext_ln82_fu_1533">
<pin_list>
<pin id="1534" dir="0" index="0" bw="31" slack="0"/>
<pin id="1535" dir="1" index="1" bw="32" slack="0"/>
</pin_list>
<bind>
<opcode="zext(34) " fcode="zext"/>
<opset="zext_ln82/66 "/>
</bind>
</comp>

<comp id="1537" class="1004" name="icmp_ln82_fu_1537">
<pin_list>
<pin id="1538" dir="0" index="0" bw="32" slack="0"/>
<pin id="1539" dir="0" index="1" bw="32" slack="42"/>
<pin id="1540" dir="1" index="2" bw="1" slack="1"/>
</pin_list>
<bind>
<opcode="icmp(45) " fcode="icmp"/>
<opset="icmp_ln82/66 "/>
</bind>
</comp>

<comp id="1542" class="1004" name="trunc_ln82_fu_1542">
<pin_list>
<pin id="1543" dir="0" index="0" bw="31" slack="0"/>
<pin id="1544" dir="1" index="1" bw="16" slack="0"/>
</pin_list>
<bind>
<opcode="trunc(33) " fcode="trunc"/>
<opset="trunc_ln82/66 "/>
</bind>
</comp>

<comp id="1546" class="1004" name="add_ln85_fu_1546">
<pin_list>
<pin id="1547" dir="0" index="0" bw="16" slack="0"/>
<pin id="1548" dir="0" index="1" bw="16" slack="14"/>
<pin id="1549" dir="1" index="2" bw="16" slack="0"/>
</pin_list>
<bind>
<opcode="add(8) " fcode="add"/>
<opset="add_ln85/66 "/>
</bind>
</comp>

<comp id="1551" class="1004" name="zext_ln85_fu_1551">
<pin_list>
<pin id="1552" dir="0" index="0" bw="16" slack="0"/>
<pin id="1553" dir="1" index="1" bw="64" slack="0"/>
</pin_list>
<bind>
<opcode="zext(34) " fcode="zext"/>
<opset="zext_ln85/66 "/>
</bind>
</comp>

<comp id="1556" class="1004" name="shl_ln1_fu_1556">
<pin_list>
<pin id="1557" dir="0" index="0" bw="34" slack="0"/>
<pin id="1558" dir="0" index="1" bw="32" slack="0"/>
<pin id="1559" dir="0" index="2" bw="1" slack="0"/>
<pin id="1560" dir="1" index="3" bw="34" slack="0"/>
</pin_list>
<bind>
<opcode="bitconcatenate(1004) " fcode="bitconcatenate"/>
<opset="shl_ln1/67 "/>
</bind>
</comp>

<comp id="1564" class="1004" name="sext_ln86_fu_1564">
<pin_list>
<pin id="1565" dir="0" index="0" bw="34" slack="0"/>
<pin id="1566" dir="1" index="1" bw="64" slack="0"/>
</pin_list>
<bind>
<opcode="sext(35) " fcode="sext"/>
<opset="sext_ln86/67 "/>
</bind>
</comp>

<comp id="1568" class="1004" name="add_ln86_fu_1568">
<pin_list>
<pin id="1569" dir="0" index="0" bw="34" slack="0"/>
<pin id="1570" dir="0" index="1" bw="64" slack="43"/>
<pin id="1571" dir="1" index="2" bw="64" slack="0"/>
</pin_list>
<bind>
<opcode="add(8) " fcode="add"/>
<opset="add_ln86/67 "/>
</bind>
</comp>

<comp id="1573" class="1004" name="trunc_ln6_fu_1573">
<pin_list>
<pin id="1574" dir="0" index="0" bw="62" slack="0"/>
<pin id="1575" dir="0" index="1" bw="64" slack="0"/>
<pin id="1576" dir="0" index="2" bw="3" slack="0"/>
<pin id="1577" dir="0" index="3" bw="7" slack="0"/>
<pin id="1578" dir="1" index="4" bw="62" slack="0"/>
</pin_list>
<bind>
<opcode="partselect(1002) " fcode="partselect"/>
<opset="trunc_ln6/67 "/>
</bind>
</comp>

<comp id="1583" class="1004" name="sext_ln86_1_fu_1583">
<pin_list>
<pin id="1584" dir="0" index="0" bw="62" slack="0"/>
<pin id="1585" dir="1" index="1" bw="64" slack="0"/>
</pin_list>
<bind>
<opcode="sext(35) " fcode="sext"/>
<opset="sext_ln86_1/67 "/>
</bind>
</comp>

<comp id="1587" class="1004" name="gmem3_addr_fu_1587">
<pin_list>
<pin id="1588" dir="0" index="0" bw="64" slack="0"/>
<pin id="1589" dir="0" index="1" bw="64" slack="0"/>
<pin id="1590" dir="1" index="2" bw="64" slack="1"/>
</pin_list>
<bind>
<opcode="getelementptr(29) " fcode="getelementptr"/>
<opset="gmem3_addr/67 "/>
</bind>
</comp>

<comp id="1593" class="1004" name="add_ln82_fu_1593">
<pin_list>
<pin id="1594" dir="0" index="0" bw="31" slack="4"/>
<pin id="1595" dir="0" index="1" bw="1" slack="0"/>
<pin id="1596" dir="1" index="2" bw="31" slack="1"/>
</pin_list>
<bind>
<opcode="add(8) " fcode="add"/>
<opset="add_ln82/70 "/>
</bind>
</comp>

<comp id="1599" class="1004" name="a_fu_1599">
<pin_list>
<pin id="1600" dir="0" index="0" bw="32" slack="1"/>
<pin id="1601" dir="0" index="1" bw="8" slack="0"/>
<pin id="1602" dir="1" index="2" bw="32" slack="1"/>
</pin_list>
<bind>
<opcode="add(8) " fcode="add"/>
<opset="a/76 "/>
</bind>
</comp>

<comp id="1604" class="1004" name="b_fu_1604">
<pin_list>
<pin id="1605" dir="0" index="0" bw="32" slack="2"/>
<pin id="1606" dir="0" index="1" bw="9" slack="0"/>
<pin id="1607" dir="1" index="2" bw="32" slack="1"/>
</pin_list>
<bind>
<opcode="add(8) " fcode="add"/>
<opset="b/77 "/>
</bind>
</comp>

<comp id="1609" class="1004" name="grp_fu_1609">
<pin_list>
<pin id="1610" dir="0" index="0" bw="32" slack="1"/>
<pin id="1611" dir="0" index="1" bw="32" slack="1"/>
<pin id="1612" dir="1" index="2" bw="32" slack="1"/>
</pin_list>
<bind>
<opcode="mul(12) " fcode="mul"/>
<opset="mul_ln88/77 "/>
</bind>
</comp>

<comp id="1613" class="1004" name="grp_fu_1613">
<pin_list>
<pin id="1614" dir="0" index="0" bw="32" slack="1"/>
<pin id="1615" dir="0" index="1" bw="32" slack="1"/>
<pin id="1616" dir="1" index="2" bw="32" slack="1"/>
</pin_list>
<bind>
<opcode="mul(12) " fcode="mul"/>
<opset="mul_ln88_1/78 "/>
</bind>
</comp>

<comp id="1617" class="1004" name="bitcast_ln91_fu_1617">
<pin_list>
<pin id="1618" dir="0" index="0" bw="64" slack="1"/>
<pin id="1619" dir="1" index="1" bw="64" slack="0"/>
</pin_list>
<bind>
<opcode="bitcast(44) " fcode="bitcast"/>
<opset="bitcast_ln91/162 "/>
</bind>
</comp>

<comp id="1622" class="1004" name="sext_ln102_fu_1622">
<pin_list>
<pin id="1623" dir="0" index="0" bw="61" slack="1"/>
<pin id="1624" dir="1" index="1" bw="64" slack="0"/>
</pin_list>
<bind>
<opcode="sext(35) " fcode="sext"/>
<opset="sext_ln102/163 "/>
</bind>
</comp>

<comp id="1625" class="1004" name="gmem4_addr_fu_1625">
<pin_list>
<pin id="1626" dir="0" index="0" bw="64" slack="0"/>
<pin id="1627" dir="0" index="1" bw="64" slack="0"/>
<pin id="1628" dir="1" index="2" bw="64" slack="0"/>
</pin_list>
<bind>
<opcode="getelementptr(29) " fcode="getelementptr"/>
<opset="gmem4_addr/163 "/>
</bind>
</comp>

<comp id="1632" class="1004" name="add_ln102_fu_1632">
<pin_list>
<pin id="1633" dir="0" index="0" bw="7" slack="0"/>
<pin id="1634" dir="0" index="1" bw="1" slack="0"/>
<pin id="1635" dir="1" index="2" bw="7" slack="0"/>
</pin_list>
<bind>
<opcode="add(8) " fcode="add"/>
<opset="add_ln102/164 "/>
</bind>
</comp>

<comp id="1638" class="1004" name="zext_ln102_fu_1638">
<pin_list>
<pin id="1639" dir="0" index="0" bw="7" slack="0"/>
<pin id="1640" dir="1" index="1" bw="31" slack="0"/>
</pin_list>
<bind>
<opcode="zext(34) " fcode="zext"/>
<opset="zext_ln102/164 "/>
</bind>
</comp>

<comp id="1642" class="1004" name="icmp_ln102_fu_1642">
<pin_list>
<pin id="1643" dir="0" index="0" bw="31" slack="0"/>
<pin id="1644" dir="0" index="1" bw="31" slack="5"/>
<pin id="1645" dir="1" index="2" bw="1" slack="1"/>
</pin_list>
<bind>
<opcode="icmp(45) " fcode="icmp"/>
<opset="icmp_ln102/164 "/>
</bind>
</comp>

<comp id="1647" class="1004" name="zext_ln102_1_fu_1647">
<pin_list>
<pin id="1648" dir="0" index="0" bw="7" slack="0"/>
<pin id="1649" dir="1" index="1" bw="64" slack="0"/>
</pin_list>
<bind>
<opcode="zext(34) " fcode="zext"/>
<opset="zext_ln102_1/164 "/>
</bind>
</comp>

<comp id="1652" class="1007" name="grp_fu_1652">
<pin_list>
<pin id="1653" dir="0" index="0" bw="7" slack="0"/>
<pin id="1654" dir="0" index="1" bw="16" slack="12"/>
<pin id="1655" dir="1" index="2" bw="16" slack="12"/>
</pin_list>
<bind>
<opcode="mul(12) " fcode="mul"/>
<opset="empty_42/30 "/>
</bind>
</comp>

<comp id="1657" class="1005" name="likelihood_read_reg_1657">
<pin_list>
<pin id="1658" dir="0" index="0" bw="64" slack="14"/>
<pin id="1659" dir="1" index="1" bw="64" slack="14"/>
</pin_list>
<bind>
<opset="likelihood_read "/>
</bind>
</comp>

<comp id="1662" class="1005" name="I_read_reg_1662">
<pin_list>
<pin id="1663" dir="0" index="0" bw="64" slack="43"/>
<pin id="1664" dir="1" index="1" bw="64" slack="43"/>
</pin_list>
<bind>
<opset="I_read "/>
</bind>
</comp>

<comp id="1667" class="1005" name="arrayY_read_reg_1667">
<pin_list>
<pin id="1668" dir="0" index="0" bw="64" slack="14"/>
<pin id="1669" dir="1" index="1" bw="64" slack="14"/>
</pin_list>
<bind>
<opset="arrayY_read "/>
</bind>
</comp>

<comp id="1672" class="1005" name="arrayX_read_reg_1672">
<pin_list>
<pin id="1673" dir="0" index="0" bw="64" slack="14"/>
<pin id="1674" dir="1" index="1" bw="64" slack="14"/>
</pin_list>
<bind>
<opset="arrayX_read "/>
</bind>
</comp>

<comp id="1677" class="1005" name="max_size_read_reg_1677">
<pin_list>
<pin id="1678" dir="0" index="0" bw="64" slack="58"/>
<pin id="1679" dir="1" index="1" bw="64" slack="58"/>
</pin_list>
<bind>
<opset="max_size_read "/>
</bind>
</comp>

<comp id="1682" class="1005" name="k_read_reg_1682">
<pin_list>
<pin id="1683" dir="0" index="0" bw="32" slack="57"/>
<pin id="1684" dir="1" index="1" bw="32" slack="57"/>
</pin_list>
<bind>
<opset="k_read "/>
</bind>
</comp>

<comp id="1687" class="1005" name="Nfr_read_reg_1687">
<pin_list>
<pin id="1688" dir="0" index="0" bw="32" slack="55"/>
<pin id="1689" dir="1" index="1" bw="32" slack="55"/>
</pin_list>
<bind>
<opset="Nfr_read "/>
</bind>
</comp>

<comp id="1692" class="1005" name="IszY_read_reg_1692">
<pin_list>
<pin id="1693" dir="0" index="0" bw="32" slack="52"/>
<pin id="1694" dir="1" index="1" bw="32" slack="52"/>
</pin_list>
<bind>
<opset="IszY_read "/>
</bind>
</comp>

<comp id="1697" class="1005" name="countOnes_read_reg_1697">
<pin_list>
<pin id="1698" dir="0" index="0" bw="32" slack="9"/>
<pin id="1699" dir="1" index="1" bw="32" slack="9"/>
</pin_list>
<bind>
<opset="countOnes_read "/>
</bind>
</comp>

<comp id="1706" class="1005" name="Nparticles_read_reg_1706">
<pin_list>
<pin id="1707" dir="0" index="0" bw="32" slack="13"/>
<pin id="1708" dir="1" index="1" bw="32" slack="13"/>
</pin_list>
<bind>
<opset="Nparticles_read "/>
</bind>
</comp>

<comp id="1712" class="1005" name="empty_reg_1712">
<pin_list>
<pin id="1713" dir="0" index="0" bw="30" slack="7"/>
<pin id="1714" dir="1" index="1" bw="30" slack="7"/>
</pin_list>
<bind>
<opset="empty "/>
</bind>
</comp>

<comp id="1717" class="1005" name="empty_37_reg_1717">
<pin_list>
<pin id="1718" dir="0" index="0" bw="32" slack="1"/>
<pin id="1719" dir="1" index="1" bw="32" slack="1"/>
</pin_list>
<bind>
<opset="empty_37 "/>
</bind>
</comp>

<comp id="1722" class="1005" name="icmp_ln20_reg_1722">
<pin_list>
<pin id="1723" dir="0" index="0" bw="1" slack="9"/>
<pin id="1724" dir="1" index="1" bw="1" slack="2147483647"/>
</pin_list>
<bind>
<opset="icmp_ln20 "/>
</bind>
</comp>

<comp id="1726" class="1005" name="trunc_ln_reg_1726">
<pin_list>
<pin id="1727" dir="0" index="0" bw="61" slack="1"/>
<pin id="1728" dir="1" index="1" bw="61" slack="1"/>
</pin_list>
<bind>
<opset="trunc_ln "/>
</bind>
</comp>

<comp id="1731" class="1005" name="gmem2_addr_reg_1731">
<pin_list>
<pin id="1732" dir="0" index="0" bw="64" slack="1"/>
<pin id="1733" dir="1" index="1" bw="64" slack="1"/>
</pin_list>
<bind>
<opset="gmem2_addr "/>
</bind>
</comp>

<comp id="1737" class="1005" name="trunc_ln20_1_reg_1737">
<pin_list>
<pin id="1738" dir="0" index="0" bw="31" slack="1"/>
<pin id="1739" dir="1" index="1" bw="31" slack="1"/>
</pin_list>
<bind>
<opset="trunc_ln20_1 "/>
</bind>
</comp>

<comp id="1742" class="1005" name="add_ln20_reg_1742">
<pin_list>
<pin id="1743" dir="0" index="0" bw="10" slack="0"/>
<pin id="1744" dir="1" index="1" bw="10" slack="0"/>
</pin_list>
<bind>
<opset="add_ln20 "/>
</bind>
</comp>

<comp id="1747" class="1005" name="icmp_ln20_1_reg_1747">
<pin_list>
<pin id="1748" dir="0" index="0" bw="1" slack="1"/>
<pin id="1749" dir="1" index="1" bw="1" slack="2147483647"/>
</pin_list>
<bind>
<opset="icmp_ln20_1 "/>
</bind>
</comp>

<comp id="1751" class="1005" name="gmem2_addr_read_reg_1751">
<pin_list>
<pin id="1752" dir="0" index="0" bw="64" slack="1"/>
<pin id="1753" dir="1" index="1" bw="64" slack="1"/>
</pin_list>
<bind>
<opset="gmem2_addr_read "/>
</bind>
</comp>

<comp id="1756" class="1005" name="conv57_i_reg_1756">
<pin_list>
<pin id="1757" dir="0" index="0" bw="64" slack="61"/>
<pin id="1758" dir="1" index="1" bw="64" slack="61"/>
</pin_list>
<bind>
<opset="conv57_i "/>
</bind>
</comp>

<comp id="1761" class="1005" name="cmp1_i42_reg_1761">
<pin_list>
<pin id="1762" dir="0" index="0" bw="1" slack="15"/>
<pin id="1763" dir="1" index="1" bw="1" slack="2147483647"/>
</pin_list>
<bind>
<opset="cmp1_i42 "/>
</bind>
</comp>

<comp id="1765" class="1005" name="empty_39_reg_1765">
<pin_list>
<pin id="1766" dir="0" index="0" bw="16" slack="12"/>
<pin id="1767" dir="1" index="1" bw="16" slack="12"/>
</pin_list>
<bind>
<opset="empty_39 "/>
</bind>
</comp>

<comp id="1770" class="1005" name="sext_ln163_reg_1770">
<pin_list>
<pin id="1771" dir="0" index="0" bw="64" slack="1"/>
<pin id="1772" dir="1" index="1" bw="64" slack="1"/>
</pin_list>
<bind>
<opset="sext_ln163 "/>
</bind>
</comp>

<comp id="1776" class="1005" name="add_ln163_reg_1776">
<pin_list>
<pin id="1777" dir="0" index="0" bw="64" slack="0"/>
<pin id="1778" dir="1" index="1" bw="64" slack="0"/>
</pin_list>
<bind>
<opset="add_ln163 "/>
</bind>
</comp>

<comp id="1784" class="1005" name="add_ln168_3_reg_1784">
<pin_list>
<pin id="1785" dir="0" index="0" bw="64" slack="0"/>
<pin id="1786" dir="1" index="1" bw="64" slack="0"/>
</pin_list>
<bind>
<opset="add_ln168_3 "/>
</bind>
</comp>

<comp id="1789" class="1005" name="add_ln168_reg_1789">
<pin_list>
<pin id="1790" dir="0" index="0" bw="64" slack="11"/>
<pin id="1791" dir="1" index="1" bw="64" slack="11"/>
</pin_list>
<bind>
<opset="add_ln168 "/>
</bind>
</comp>

<comp id="1794" class="1005" name="add_ln168_1_reg_1794">
<pin_list>
<pin id="1795" dir="0" index="0" bw="64" slack="1"/>
<pin id="1796" dir="1" index="1" bw="64" slack="1"/>
</pin_list>
<bind>
<opset="add_ln168_1 "/>
</bind>
</comp>

<comp id="1799" class="1005" name="add_ln168_2_reg_1799">
<pin_list>
<pin id="1800" dir="0" index="0" bw="64" slack="1"/>
<pin id="1801" dir="1" index="1" bw="64" slack="1"/>
</pin_list>
<bind>
<opset="add_ln168_2 "/>
</bind>
</comp>

<comp id="1804" class="1005" name="icmp_ln168_reg_1804">
<pin_list>
<pin id="1805" dir="0" index="0" bw="1" slack="1"/>
<pin id="1806" dir="1" index="1" bw="1" slack="1"/>
</pin_list>
<bind>
<opset="icmp_ln168 "/>
</bind>
</comp>

<comp id="1809" class="1005" name="sub_ln168_reg_1809">
<pin_list>
<pin id="1810" dir="0" index="0" bw="32" slack="1"/>
<pin id="1811" dir="1" index="1" bw="32" slack="1"/>
</pin_list>
<bind>
<opset="sub_ln168 "/>
</bind>
</comp>

<comp id="1814" class="1005" name="tileSize_reg_1814">
<pin_list>
<pin id="1815" dir="0" index="0" bw="32" slack="1"/>
<pin id="1816" dir="1" index="1" bw="32" slack="1"/>
</pin_list>
<bind>
<opset="tileSize "/>
</bind>
</comp>

<comp id="1822" class="1005" name="icmp_ln37_reg_1822">
<pin_list>
<pin id="1823" dir="0" index="0" bw="1" slack="17"/>
<pin id="1824" dir="1" index="1" bw="1" slack="2147483647"/>
</pin_list>
<bind>
<opset="icmp_ln37 "/>
</bind>
</comp>

<comp id="1826" class="1005" name="trunc_ln2_reg_1826">
<pin_list>
<pin id="1827" dir="0" index="0" bw="61" slack="1"/>
<pin id="1828" dir="1" index="1" bw="61" slack="1"/>
</pin_list>
<bind>
<opset="trunc_ln2 "/>
</bind>
</comp>

<comp id="1831" class="1005" name="trunc_ln37_1_reg_1831">
<pin_list>
<pin id="1832" dir="0" index="0" bw="61" slack="1"/>
<pin id="1833" dir="1" index="1" bw="61" slack="1"/>
</pin_list>
<bind>
<opset="trunc_ln37_1 "/>
</bind>
</comp>

<comp id="1836" class="1005" name="gmem0_addr_reg_1836">
<pin_list>
<pin id="1837" dir="0" index="0" bw="64" slack="1"/>
<pin id="1838" dir="1" index="1" bw="64" slack="1"/>
</pin_list>
<bind>
<opset="gmem0_addr "/>
</bind>
</comp>

<comp id="1842" class="1005" name="gmem1_addr_reg_1842">
<pin_list>
<pin id="1843" dir="0" index="0" bw="64" slack="1"/>
<pin id="1844" dir="1" index="1" bw="64" slack="1"/>
</pin_list>
<bind>
<opset="gmem1_addr "/>
</bind>
</comp>

<comp id="1848" class="1005" name="trunc_ln37_reg_1848">
<pin_list>
<pin id="1849" dir="0" index="0" bw="31" slack="1"/>
<pin id="1850" dir="1" index="1" bw="31" slack="1"/>
</pin_list>
<bind>
<opset="trunc_ln37 "/>
</bind>
</comp>

<comp id="1855" class="1005" name="add_ln37_reg_1855">
<pin_list>
<pin id="1856" dir="0" index="0" bw="7" slack="0"/>
<pin id="1857" dir="1" index="1" bw="7" slack="0"/>
</pin_list>
<bind>
<opset="add_ln37 "/>
</bind>
</comp>

<comp id="1860" class="1005" name="icmp_ln37_1_reg_1860">
<pin_list>
<pin id="1861" dir="0" index="0" bw="1" slack="1"/>
<pin id="1862" dir="1" index="1" bw="1" slack="2147483647"/>
</pin_list>
<bind>
<opset="icmp_ln37_1 "/>
</bind>
</comp>

<comp id="1864" class="1005" name="gmem0_addr_read_reg_1864">
<pin_list>
<pin id="1865" dir="0" index="0" bw="64" slack="1"/>
<pin id="1866" dir="1" index="1" bw="64" slack="1"/>
</pin_list>
<bind>
<opset="gmem0_addr_read "/>
</bind>
</comp>

<comp id="1869" class="1005" name="gmem1_addr_read_reg_1869">
<pin_list>
<pin id="1870" dir="0" index="0" bw="64" slack="1"/>
<pin id="1871" dir="1" index="1" bw="64" slack="1"/>
</pin_list>
<bind>
<opset="gmem1_addr_read "/>
</bind>
</comp>

<comp id="1874" class="1005" name="add_ln63_reg_1874">
<pin_list>
<pin id="1875" dir="0" index="0" bw="7" slack="0"/>
<pin id="1876" dir="1" index="1" bw="7" slack="0"/>
</pin_list>
<bind>
<opset="add_ln63 "/>
</bind>
</comp>

<comp id="1882" class="1005" name="x_1_cast2_reg_1882">
<pin_list>
<pin id="1883" dir="0" index="0" bw="16" slack="1"/>
<pin id="1884" dir="1" index="1" bw="16" slack="1"/>
</pin_list>
<bind>
<opset="x_1_cast2 "/>
</bind>
</comp>

<comp id="1887" class="1005" name="trunc_ln3_reg_1887">
<pin_list>
<pin id="1888" dir="0" index="0" bw="61" slack="1"/>
<pin id="1889" dir="1" index="1" bw="61" slack="1"/>
</pin_list>
<bind>
<opset="trunc_ln3 "/>
</bind>
</comp>

<comp id="1892" class="1005" name="zext_ln63_reg_1892">
<pin_list>
<pin id="1893" dir="0" index="0" bw="64" slack="77"/>
<pin id="1894" dir="1" index="1" bw="64" slack="77"/>
</pin_list>
<bind>
<opset="zext_ln63 "/>
</bind>
</comp>

<comp id="1897" class="1005" name="buffer_X_addr_1_reg_1897">
<pin_list>
<pin id="1898" dir="0" index="0" bw="7" slack="1"/>
<pin id="1899" dir="1" index="1" bw="7" slack="1"/>
</pin_list>
<bind>
<opset="buffer_X_addr_1 "/>
</bind>
</comp>

<comp id="1902" class="1005" name="buffer_Y_addr_1_reg_1902">
<pin_list>
<pin id="1903" dir="0" index="0" bw="7" slack="1"/>
<pin id="1904" dir="1" index="1" bw="7" slack="1"/>
</pin_list>
<bind>
<opset="buffer_Y_addr_1 "/>
</bind>
</comp>

<comp id="1907" class="1005" name="empty_42_reg_1907">
<pin_list>
<pin id="1908" dir="0" index="0" bw="16" slack="12"/>
<pin id="1909" dir="1" index="1" bw="16" slack="12"/>
</pin_list>
<bind>
<opset="empty_42 "/>
</bind>
</comp>

<comp id="1913" class="1005" name="buffer_X_load_reg_1913">
<pin_list>
<pin id="1914" dir="0" index="0" bw="64" slack="1"/>
<pin id="1915" dir="1" index="1" bw="64" slack="1"/>
</pin_list>
<bind>
<opset="buffer_X_load "/>
</bind>
</comp>

<comp id="1918" class="1005" name="buffer_Y_load_reg_1918">
<pin_list>
<pin id="1919" dir="0" index="0" bw="64" slack="1"/>
<pin id="1920" dir="1" index="1" bw="64" slack="1"/>
</pin_list>
<bind>
<opset="buffer_Y_load "/>
</bind>
</comp>

<comp id="1923" class="1005" name="p_Result_s_reg_1923">
<pin_list>
<pin id="1924" dir="0" index="0" bw="1" slack="1"/>
<pin id="1925" dir="1" index="1" bw="1" slack="1"/>
</pin_list>
<bind>
<opset="p_Result_s "/>
</bind>
</comp>

<comp id="1928" class="1005" name="val_reg_1928">
<pin_list>
<pin id="1929" dir="0" index="0" bw="32" slack="1"/>
<pin id="1930" dir="1" index="1" bw="32" slack="1"/>
</pin_list>
<bind>
<opset="val "/>
</bind>
</comp>

<comp id="1934" class="1005" name="p_Result_1_reg_1934">
<pin_list>
<pin id="1935" dir="0" index="0" bw="1" slack="1"/>
<pin id="1936" dir="1" index="1" bw="1" slack="1"/>
</pin_list>
<bind>
<opset="p_Result_1 "/>
</bind>
</comp>

<comp id="1939" class="1005" name="val_1_reg_1939">
<pin_list>
<pin id="1940" dir="0" index="0" bw="32" slack="1"/>
<pin id="1941" dir="1" index="1" bw="32" slack="1"/>
</pin_list>
<bind>
<opset="val_1 "/>
</bind>
</comp>

<comp id="1945" class="1005" name="result_V_12_reg_1945">
<pin_list>
<pin id="1946" dir="0" index="0" bw="32" slack="12"/>
<pin id="1947" dir="1" index="1" bw="32" slack="12"/>
</pin_list>
<bind>
<opset="result_V_12 "/>
</bind>
</comp>

<comp id="1950" class="1005" name="result_V_13_reg_1950">
<pin_list>
<pin id="1951" dir="0" index="0" bw="32" slack="15"/>
<pin id="1952" dir="1" index="1" bw="32" slack="15"/>
</pin_list>
<bind>
<opset="result_V_13 "/>
</bind>
</comp>

<comp id="1955" class="1005" name="add_ln67_reg_1955">
<pin_list>
<pin id="1956" dir="0" index="0" bw="31" slack="0"/>
<pin id="1957" dir="1" index="1" bw="31" slack="0"/>
</pin_list>
<bind>
<opset="add_ln67 "/>
</bind>
</comp>

<comp id="1960" class="1005" name="icmp_ln67_reg_1960">
<pin_list>
<pin id="1961" dir="0" index="0" bw="1" slack="1"/>
<pin id="1962" dir="1" index="1" bw="1" slack="2147483647"/>
</pin_list>
<bind>
<opset="icmp_ln67 "/>
</bind>
</comp>

<comp id="1964" class="1005" name="buffer_objxy_addr_1_reg_1964">
<pin_list>
<pin id="1965" dir="0" index="0" bw="10" slack="1"/>
<pin id="1966" dir="1" index="1" bw="10" slack="1"/>
</pin_list>
<bind>
<opset="buffer_objxy_addr_1 "/>
</bind>
</comp>

<comp id="1969" class="1005" name="buffer_objxy_addr_2_reg_1969">
<pin_list>
<pin id="1970" dir="0" index="0" bw="10" slack="1"/>
<pin id="1971" dir="1" index="1" bw="10" slack="1"/>
</pin_list>
<bind>
<opset="buffer_objxy_addr_2 "/>
</bind>
</comp>

<comp id="1974" class="1005" name="add_ln73_2_reg_1974">
<pin_list>
<pin id="1975" dir="0" index="0" bw="16" slack="19"/>
<pin id="1976" dir="1" index="1" bw="16" slack="19"/>
</pin_list>
<bind>
<opset="add_ln73_2 "/>
</bind>
</comp>

<comp id="1979" class="1005" name="buffer_objxy_load_reg_1979">
<pin_list>
<pin id="1980" dir="0" index="0" bw="64" slack="1"/>
<pin id="1981" dir="1" index="1" bw="64" slack="1"/>
</pin_list>
<bind>
<opset="buffer_objxy_load "/>
</bind>
</comp>

<comp id="1984" class="1005" name="buffer_objxy_load_1_reg_1984">
<pin_list>
<pin id="1985" dir="0" index="0" bw="64" slack="1"/>
<pin id="1986" dir="1" index="1" bw="64" slack="1"/>
</pin_list>
<bind>
<opset="buffer_objxy_load_1 "/>
</bind>
</comp>

<comp id="1989" class="1005" name="data_V_2_reg_1989">
<pin_list>
<pin id="1990" dir="0" index="0" bw="64" slack="1"/>
<pin id="1991" dir="1" index="1" bw="64" slack="1"/>
</pin_list>
<bind>
<opset="data_V_2 "/>
</bind>
</comp>

<comp id="1994" class="1005" name="val_2_reg_1994">
<pin_list>
<pin id="1995" dir="0" index="0" bw="32" slack="1"/>
<pin id="1996" dir="1" index="1" bw="32" slack="1"/>
</pin_list>
<bind>
<opset="val_2 "/>
</bind>
</comp>

<comp id="2000" class="1005" name="p_Result_3_reg_2000">
<pin_list>
<pin id="2001" dir="0" index="0" bw="1" slack="1"/>
<pin id="2002" dir="1" index="1" bw="1" slack="1"/>
</pin_list>
<bind>
<opset="p_Result_3 "/>
</bind>
</comp>

<comp id="2005" class="1005" name="val_3_reg_2005">
<pin_list>
<pin id="2006" dir="0" index="0" bw="32" slack="1"/>
<pin id="2007" dir="1" index="1" bw="32" slack="1"/>
</pin_list>
<bind>
<opset="val_3 "/>
</bind>
</comp>

<comp id="2011" class="1005" name="indX_reg_2011">
<pin_list>
<pin id="2012" dir="0" index="0" bw="32" slack="1"/>
<pin id="2013" dir="1" index="1" bw="32" slack="1"/>
</pin_list>
<bind>
<opset="indX "/>
</bind>
</comp>

<comp id="2016" class="1005" name="result_V_reg_2016">
<pin_list>
<pin id="2017" dir="0" index="0" bw="32" slack="3"/>
<pin id="2018" dir="1" index="1" bw="32" slack="3"/>
</pin_list>
<bind>
<opset="result_V "/>
</bind>
</comp>

<comp id="2021" class="1005" name="mul_ln73_reg_2021">
<pin_list>
<pin id="2022" dir="0" index="0" bw="32" slack="1"/>
<pin id="2023" dir="1" index="1" bw="32" slack="1"/>
</pin_list>
<bind>
<opset="mul_ln73 "/>
</bind>
</comp>

<comp id="2026" class="1005" name="add_ln73_reg_2026">
<pin_list>
<pin id="2027" dir="0" index="0" bw="32" slack="1"/>
<pin id="2028" dir="1" index="1" bw="32" slack="1"/>
</pin_list>
<bind>
<opset="add_ln73 "/>
</bind>
</comp>

<comp id="2031" class="1005" name="mul_ln73_1_reg_2031">
<pin_list>
<pin id="2032" dir="0" index="0" bw="32" slack="1"/>
<pin id="2033" dir="1" index="1" bw="32" slack="1"/>
</pin_list>
<bind>
<opset="mul_ln73_1 "/>
</bind>
</comp>

<comp id="2036" class="1005" name="add_ln73_1_reg_2036">
<pin_list>
<pin id="2037" dir="0" index="0" bw="32" slack="1"/>
<pin id="2038" dir="1" index="1" bw="32" slack="1"/>
</pin_list>
<bind>
<opset="add_ln73_1 "/>
</bind>
</comp>

<comp id="2043" class="1005" name="select_ln75_reg_2043">
<pin_list>
<pin id="2044" dir="0" index="0" bw="32" slack="1"/>
<pin id="2045" dir="1" index="1" bw="32" slack="1"/>
</pin_list>
<bind>
<opset="select_ln75 "/>
</bind>
</comp>

<comp id="2048" class="1005" name="icmp_ln82_reg_2048">
<pin_list>
<pin id="2049" dir="0" index="0" bw="1" slack="1"/>
<pin id="2050" dir="1" index="1" bw="1" slack="2147483647"/>
</pin_list>
<bind>
<opset="icmp_ln82 "/>
</bind>
</comp>

<comp id="2052" class="1005" name="ind_buffer_addr_1_reg_2052">
<pin_list>
<pin id="2053" dir="0" index="0" bw="16" slack="1"/>
<pin id="2054" dir="1" index="1" bw="16" slack="1"/>
</pin_list>
<bind>
<opset="ind_buffer_addr_1 "/>
</bind>
</comp>

<comp id="2057" class="1005" name="gmem3_addr_reg_2057">
<pin_list>
<pin id="2058" dir="0" index="0" bw="32" slack="1"/>
<pin id="2059" dir="1" index="1" bw="32" slack="1"/>
</pin_list>
<bind>
<opset="gmem3_addr "/>
</bind>
</comp>

<comp id="2063" class="1005" name="add_ln82_reg_2063">
<pin_list>
<pin id="2064" dir="0" index="0" bw="31" slack="1"/>
<pin id="2065" dir="1" index="1" bw="31" slack="1"/>
</pin_list>
<bind>
<opset="add_ln82 "/>
</bind>
</comp>

<comp id="2068" class="1005" name="gmem3_addr_read_reg_2068">
<pin_list>
<pin id="2069" dir="0" index="0" bw="32" slack="1"/>
<pin id="2070" dir="1" index="1" bw="32" slack="1"/>
</pin_list>
<bind>
<opset="gmem3_addr_read "/>
</bind>
</comp>

<comp id="2074" class="1005" name="a_reg_2074">
<pin_list>
<pin id="2075" dir="0" index="0" bw="32" slack="1"/>
<pin id="2076" dir="1" index="1" bw="32" slack="1"/>
</pin_list>
<bind>
<opset="a "/>
</bind>
</comp>

<comp id="2080" class="1005" name="b_reg_2080">
<pin_list>
<pin id="2081" dir="0" index="0" bw="32" slack="1"/>
<pin id="2082" dir="1" index="1" bw="32" slack="1"/>
</pin_list>
<bind>
<opset="b "/>
</bind>
</comp>

<comp id="2086" class="1005" name="mul_ln88_reg_2086">
<pin_list>
<pin id="2087" dir="0" index="0" bw="32" slack="1"/>
<pin id="2088" dir="1" index="1" bw="32" slack="1"/>
</pin_list>
<bind>
<opset="mul_ln88 "/>
</bind>
</comp>

<comp id="2091" class="1005" name="mul_ln88_1_reg_2091">
<pin_list>
<pin id="2092" dir="0" index="0" bw="32" slack="1"/>
<pin id="2093" dir="1" index="1" bw="32" slack="1"/>
</pin_list>
<bind>
<opset="mul_ln88_1 "/>
</bind>
</comp>

<comp id="2096" class="1005" name="conv47_i_reg_2096">
<pin_list>
<pin id="2097" dir="0" index="0" bw="64" slack="2"/>
<pin id="2098" dir="1" index="1" bw="64" slack="2"/>
</pin_list>
<bind>
<opset="conv47_i "/>
</bind>
</comp>

<comp id="2101" class="1005" name="conv49_i_reg_2101">
<pin_list>
<pin id="2102" dir="0" index="0" bw="64" slack="1"/>
<pin id="2103" dir="1" index="1" bw="64" slack="1"/>
</pin_list>
<bind>
<opset="conv49_i "/>
</bind>
</comp>

<comp id="2106" class="1005" name="add53_i_reg_2106">
<pin_list>
<pin id="2107" dir="0" index="0" bw="64" slack="1"/>
<pin id="2108" dir="1" index="1" bw="64" slack="1"/>
</pin_list>
<bind>
<opset="add53_i "/>
</bind>
</comp>

<comp id="2111" class="1005" name="gmem4_addr_reg_2111">
<pin_list>
<pin id="2112" dir="0" index="0" bw="64" slack="2"/>
<pin id="2113" dir="1" index="1" bw="64" slack="2"/>
</pin_list>
<bind>
<opset="gmem4_addr "/>
</bind>
</comp>

<comp id="2117" class="1005" name="add_ln102_reg_2117">
<pin_list>
<pin id="2118" dir="0" index="0" bw="7" slack="0"/>
<pin id="2119" dir="1" index="1" bw="7" slack="0"/>
</pin_list>
<bind>
<opset="add_ln102 "/>
</bind>
</comp>

<comp id="2122" class="1005" name="icmp_ln102_reg_2122">
<pin_list>
<pin id="2123" dir="0" index="0" bw="1" slack="1"/>
<pin id="2124" dir="1" index="1" bw="1" slack="2147483647"/>
</pin_list>
<bind>
<opset="icmp_ln102 "/>
</bind>
</comp>

<comp id="2126" class="1005" name="buffer_likelihood_addr_reg_2126">
<pin_list>
<pin id="2127" dir="0" index="0" bw="7" slack="1"/>
<pin id="2128" dir="1" index="1" bw="7" slack="1"/>
</pin_list>
<bind>
<opset="buffer_likelihood_addr "/>
</bind>
</comp>

<comp id="2131" class="1005" name="buffer_likelihood_load_reg_2131">
<pin_list>
<pin id="2132" dir="0" index="0" bw="64" slack="1"/>
<pin id="2133" dir="1" index="1" bw="64" slack="1"/>
</pin_list>
<bind>
<opset="buffer_likelihood_load "/>
</bind>
</comp>

</comp_list>

<net_list>
<net id="219"><net_src comp="94" pin="0"/><net_sink comp="216" pin=0"/></net>

<net id="223"><net_src comp="94" pin="0"/><net_sink comp="220" pin=0"/></net>

<net id="227"><net_src comp="94" pin="0"/><net_sink comp="224" pin=0"/></net>

<net id="231"><net_src comp="94" pin="0"/><net_sink comp="228" pin=0"/></net>

<net id="235"><net_src comp="94" pin="0"/><net_sink comp="232" pin=0"/></net>

<net id="240"><net_src comp="90" pin="0"/><net_sink comp="236" pin=0"/></net>

<net id="241"><net_src comp="30" pin="0"/><net_sink comp="236" pin=1"/></net>

<net id="246"><net_src comp="90" pin="0"/><net_sink comp="242" pin=0"/></net>

<net id="247"><net_src comp="28" pin="0"/><net_sink comp="242" pin=1"/></net>

<net id="252"><net_src comp="90" pin="0"/><net_sink comp="248" pin=0"/></net>

<net id="253"><net_src comp="26" pin="0"/><net_sink comp="248" pin=1"/></net>

<net id="258"><net_src comp="90" pin="0"/><net_sink comp="254" pin=0"/></net>

<net id="259"><net_src comp="24" pin="0"/><net_sink comp="254" pin=1"/></net>

<net id="264"><net_src comp="90" pin="0"/><net_sink comp="260" pin=0"/></net>

<net id="265"><net_src comp="22" pin="0"/><net_sink comp="260" pin=1"/></net>

<net id="270"><net_src comp="90" pin="0"/><net_sink comp="266" pin=0"/></net>

<net id="271"><net_src comp="20" pin="0"/><net_sink comp="266" pin=1"/></net>

<net id="276"><net_src comp="92" pin="0"/><net_sink comp="272" pin=0"/></net>

<net id="277"><net_src comp="18" pin="0"/><net_sink comp="272" pin=1"/></net>

<net id="282"><net_src comp="92" pin="0"/><net_sink comp="278" pin=0"/></net>

<net id="283"><net_src comp="16" pin="0"/><net_sink comp="278" pin=1"/></net>

<net id="288"><net_src comp="92" pin="0"/><net_sink comp="284" pin=0"/></net>

<net id="289"><net_src comp="14" pin="0"/><net_sink comp="284" pin=1"/></net>

<net id="294"><net_src comp="92" pin="0"/><net_sink comp="290" pin=0"/></net>

<net id="295"><net_src comp="12" pin="0"/><net_sink comp="290" pin=1"/></net>

<net id="300"><net_src comp="92" pin="0"/><net_sink comp="296" pin=0"/></net>

<net id="301"><net_src comp="10" pin="0"/><net_sink comp="296" pin=1"/></net>

<net id="307"><net_src comp="104" pin="0"/><net_sink comp="302" pin=0"/></net>

<net id="312"><net_src comp="114" pin="0"/><net_sink comp="308" pin=0"/></net>

<net id="318"><net_src comp="104" pin="0"/><net_sink comp="313" pin=0"/></net>

<net id="324"><net_src comp="104" pin="0"/><net_sink comp="319" pin=0"/></net>

<net id="329"><net_src comp="114" pin="0"/><net_sink comp="325" pin=0"/></net>

<net id="334"><net_src comp="114" pin="0"/><net_sink comp="330" pin=0"/></net>

<net id="340"><net_src comp="192" pin="0"/><net_sink comp="335" pin=0"/></net>

<net id="341"><net_src comp="96" pin="0"/><net_sink comp="335" pin=2"/></net>

<net id="346"><net_src comp="194" pin="0"/><net_sink comp="342" pin=0"/></net>

<net id="352"><net_src comp="206" pin="0"/><net_sink comp="347" pin=0"/></net>

<net id="359"><net_src comp="210" pin="0"/><net_sink comp="353" pin=0"/></net>

<net id="360"><net_src comp="212" pin="0"/><net_sink comp="353" pin=3"/></net>

<net id="361"><net_src comp="214" pin="0"/><net_sink comp="347" pin=0"/></net>

<net id="367"><net_src comp="126" pin="0"/><net_sink comp="362" pin=1"/></net>

<net id="373"><net_src comp="362" pin="3"/><net_sink comp="368" pin=0"/></net>

<net id="379"><net_src comp="126" pin="0"/><net_sink comp="374" pin=1"/></net>

<net id="385"><net_src comp="374" pin="3"/><net_sink comp="380" pin=0"/></net>

<net id="391"><net_src comp="126" pin="0"/><net_sink comp="386" pin=1"/></net>

<net id="397"><net_src comp="386" pin="3"/><net_sink comp="392" pin=0"/></net>

<net id="403"><net_src comp="126" pin="0"/><net_sink comp="398" pin=1"/></net>

<net id="409"><net_src comp="126" pin="0"/><net_sink comp="404" pin=1"/></net>

<net id="410"><net_src comp="398" pin="3"/><net_sink comp="380" pin=0"/></net>

<net id="411"><net_src comp="404" pin="3"/><net_sink comp="392" pin=0"/></net>

<net id="417"><net_src comp="126" pin="0"/><net_sink comp="412" pin=1"/></net>

<net id="422"><net_src comp="412" pin="3"/><net_sink comp="368" pin=2"/></net>

<net id="428"><net_src comp="126" pin="0"/><net_sink comp="423" pin=1"/></net>

<net id="429"><net_src comp="423" pin="3"/><net_sink comp="368" pin=0"/></net>

<net id="435"><net_src comp="126" pin="0"/><net_sink comp="430" pin=1"/></net>

<net id="441"><net_src comp="430" pin="3"/><net_sink comp="436" pin=0"/></net>

<net id="447"><net_src comp="126" pin="0"/><net_sink comp="442" pin=1"/></net>

<net id="448"><net_src comp="442" pin="3"/><net_sink comp="436" pin=0"/></net>

<net id="454"><net_src comp="126" pin="0"/><net_sink comp="449" pin=1"/></net>

<net id="460"><net_src comp="449" pin="3"/><net_sink comp="455" pin=0"/></net>

<net id="466"><net_src comp="126" pin="0"/><net_sink comp="461" pin=1"/></net>

<net id="467"><net_src comp="461" pin="3"/><net_sink comp="455" pin=0"/></net>

<net id="471"><net_src comp="110" pin="0"/><net_sink comp="468" pin=0"/></net>

<net id="478"><net_src comp="468" pin="1"/><net_sink comp="472" pin=0"/></net>

<net id="479"><net_src comp="472" pin="4"/><net_sink comp="468" pin=0"/></net>

<net id="483"><net_src comp="126" pin="0"/><net_sink comp="480" pin=0"/></net>

<net id="490"><net_src comp="480" pin="1"/><net_sink comp="484" pin=0"/></net>

<net id="494"><net_src comp="126" pin="0"/><net_sink comp="491" pin=0"/></net>

<net id="501"><net_src comp="491" pin="1"/><net_sink comp="495" pin=0"/></net>

<net id="505"><net_src comp="136" pin="0"/><net_sink comp="502" pin=0"/></net>

<net id="512"><net_src comp="502" pin="1"/><net_sink comp="506" pin=0"/></net>

<net id="513"><net_src comp="506" pin="4"/><net_sink comp="502" pin=0"/></net>

<net id="517"><net_src comp="136" pin="0"/><net_sink comp="514" pin=0"/></net>

<net id="524"><net_src comp="514" pin="1"/><net_sink comp="518" pin=2"/></net>

<net id="525"><net_src comp="518" pin="4"/><net_sink comp="514" pin=0"/></net>

<net id="529"><net_src comp="174" pin="0"/><net_sink comp="526" pin=0"/></net>

<net id="536"><net_src comp="526" pin="1"/><net_sink comp="530" pin=0"/></net>

<net id="540"><net_src comp="174" pin="0"/><net_sink comp="537" pin=0"/></net>

<net id="547"><net_src comp="537" pin="1"/><net_sink comp="541" pin=2"/></net>

<net id="548"><net_src comp="541" pin="4"/><net_sink comp="537" pin=0"/></net>

<net id="552"><net_src comp="202" pin="0"/><net_sink comp="549" pin=0"/></net>

<net id="559"><net_src comp="549" pin="1"/><net_sink comp="553" pin=2"/></net>

<net id="560"><net_src comp="553" pin="4"/><net_sink comp="549" pin=0"/></net>

<net id="564"><net_src comp="202" pin="0"/><net_sink comp="561" pin=0"/></net>

<net id="571"><net_src comp="561" pin="1"/><net_sink comp="565" pin=0"/></net>

<net id="572"><net_src comp="549" pin="1"/><net_sink comp="565" pin=2"/></net>

<net id="573"><net_src comp="565" pin="4"/><net_sink comp="561" pin=0"/></net>

<net id="577"><net_src comp="136" pin="0"/><net_sink comp="574" pin=0"/></net>

<net id="584"><net_src comp="574" pin="1"/><net_sink comp="578" pin=0"/></net>

<net id="589"><net_src comp="144" pin="0"/><net_sink comp="585" pin=1"/></net>

<net id="594"><net_src comp="144" pin="0"/><net_sink comp="590" pin=1"/></net>

<net id="599"><net_src comp="549" pin="1"/><net_sink comp="595" pin=0"/></net>

<net id="604"><net_src comp="200" pin="0"/><net_sink comp="600" pin=1"/></net>

<net id="605"><net_src comp="565" pin="4"/><net_sink comp="600" pin=0"/></net>

<net id="612"><net_src comp="585" pin="2"/><net_sink comp="609" pin=0"/></net>

<net id="613"><net_src comp="609" pin="1"/><net_sink comp="600" pin=0"/></net>

<net id="617"><net_src comp="590" pin="2"/><net_sink comp="614" pin=0"/></net>

<net id="621"><net_src comp="600" pin="2"/><net_sink comp="618" pin=0"/></net>

<net id="622"><net_src comp="618" pin="1"/><net_sink comp="595" pin=1"/></net>

<net id="626"><net_src comp="290" pin="2"/><net_sink comp="623" pin=0"/></net>

<net id="631"><net_src comp="290" pin="2"/><net_sink comp="627" pin=0"/></net>

<net id="632"><net_src comp="96" pin="0"/><net_sink comp="627" pin=1"/></net>

<net id="637"><net_src comp="627" pin="2"/><net_sink comp="633" pin=0"/></net>

<net id="638"><net_src comp="40" pin="0"/><net_sink comp="633" pin=1"/></net>

<net id="645"><net_src comp="98" pin="0"/><net_sink comp="639" pin=0"/></net>

<net id="646"><net_src comp="248" pin="2"/><net_sink comp="639" pin=1"/></net>

<net id="647"><net_src comp="100" pin="0"/><net_sink comp="639" pin=2"/></net>

<net id="648"><net_src comp="102" pin="0"/><net_sink comp="639" pin=3"/></net>

<net id="656"><net_src comp="4" pin="0"/><net_sink comp="652" pin=0"/></net>

<net id="657"><net_src comp="649" pin="1"/><net_sink comp="652" pin=1"/></net>

<net id="658"><net_src comp="652" pin="2"/><net_sink comp="302" pin=1"/></net>

<net id="664"><net_src comp="106" pin="0"/><net_sink comp="659" pin=0"/></net>

<net id="665"><net_src comp="108" pin="0"/><net_sink comp="659" pin=2"/></net>

<net id="670"><net_src comp="472" pin="4"/><net_sink comp="666" pin=0"/></net>

<net id="671"><net_src comp="112" pin="0"/><net_sink comp="666" pin=1"/></net>

<net id="675"><net_src comp="472" pin="4"/><net_sink comp="672" pin=0"/></net>

<net id="680"><net_src comp="672" pin="1"/><net_sink comp="676" pin=0"/></net>

<net id="684"><net_src comp="468" pin="1"/><net_sink comp="681" pin=0"/></net>

<net id="685"><net_src comp="681" pin="1"/><net_sink comp="362" pin=2"/></net>

<net id="689"><net_src comp="686" pin="1"/><net_sink comp="368" pin=1"/></net>

<net id="694"><net_src comp="40" pin="0"/><net_sink comp="690" pin=1"/></net>

<net id="705"><net_src comp="495" pin="4"/><net_sink comp="701" pin=0"/></net>

<net id="706"><net_src comp="120" pin="0"/><net_sink comp="701" pin=1"/></net>

<net id="711"><net_src comp="484" pin="4"/><net_sink comp="707" pin=0"/></net>

<net id="716"><net_src comp="484" pin="4"/><net_sink comp="712" pin=0"/></net>

<net id="717"><net_src comp="128" pin="0"/><net_sink comp="712" pin=1"/></net>

<net id="722"><net_src comp="495" pin="4"/><net_sink comp="718" pin=0"/></net>

<net id="727"><net_src comp="495" pin="4"/><net_sink comp="723" pin=0"/></net>

<net id="732"><net_src comp="495" pin="4"/><net_sink comp="728" pin=0"/></net>

<net id="737"><net_src comp="712" pin="2"/><net_sink comp="733" pin=0"/></net>

<net id="741"><net_src comp="484" pin="4"/><net_sink comp="738" pin=0"/></net>

<net id="746"><net_src comp="738" pin="1"/><net_sink comp="742" pin=1"/></net>

<net id="752"><net_src comp="134" pin="0"/><net_sink comp="747" pin=2"/></net>

<net id="757"><net_src comp="747" pin="3"/><net_sink comp="753" pin=0"/></net>

<net id="758"><net_src comp="40" pin="0"/><net_sink comp="753" pin=1"/></net>

<net id="765"><net_src comp="98" pin="0"/><net_sink comp="759" pin=0"/></net>

<net id="766"><net_src comp="100" pin="0"/><net_sink comp="759" pin=2"/></net>

<net id="767"><net_src comp="102" pin="0"/><net_sink comp="759" pin=3"/></net>

<net id="774"><net_src comp="98" pin="0"/><net_sink comp="768" pin=0"/></net>

<net id="775"><net_src comp="100" pin="0"/><net_sink comp="768" pin=2"/></net>

<net id="776"><net_src comp="102" pin="0"/><net_sink comp="768" pin=3"/></net>

<net id="784"><net_src comp="0" pin="0"/><net_sink comp="780" pin=0"/></net>

<net id="785"><net_src comp="777" pin="1"/><net_sink comp="780" pin=1"/></net>

<net id="786"><net_src comp="780" pin="2"/><net_sink comp="313" pin=1"/></net>

<net id="794"><net_src comp="2" pin="0"/><net_sink comp="790" pin=0"/></net>

<net id="795"><net_src comp="787" pin="1"/><net_sink comp="790" pin=1"/></net>

<net id="796"><net_src comp="790" pin="2"/><net_sink comp="319" pin=1"/></net>

<net id="804"><net_src comp="506" pin="4"/><net_sink comp="800" pin=0"/></net>

<net id="805"><net_src comp="138" pin="0"/><net_sink comp="800" pin=1"/></net>

<net id="809"><net_src comp="506" pin="4"/><net_sink comp="806" pin=0"/></net>

<net id="814"><net_src comp="806" pin="1"/><net_sink comp="810" pin=0"/></net>

<net id="818"><net_src comp="502" pin="1"/><net_sink comp="815" pin=0"/></net>

<net id="819"><net_src comp="815" pin="1"/><net_sink comp="374" pin=2"/></net>

<net id="820"><net_src comp="815" pin="1"/><net_sink comp="386" pin=2"/></net>

<net id="824"><net_src comp="821" pin="1"/><net_sink comp="380" pin=1"/></net>

<net id="828"><net_src comp="825" pin="1"/><net_sink comp="392" pin=1"/></net>

<net id="833"><net_src comp="518" pin="4"/><net_sink comp="829" pin=0"/></net>

<net id="834"><net_src comp="138" pin="0"/><net_sink comp="829" pin=1"/></net>

<net id="838"><net_src comp="518" pin="4"/><net_sink comp="835" pin=0"/></net>

<net id="843"><net_src comp="835" pin="1"/><net_sink comp="839" pin=0"/></net>

<net id="847"><net_src comp="518" pin="4"/><net_sink comp="844" pin=0"/></net>

<net id="854"><net_src comp="98" pin="0"/><net_sink comp="848" pin=0"/></net>

<net id="855"><net_src comp="100" pin="0"/><net_sink comp="848" pin=2"/></net>

<net id="856"><net_src comp="102" pin="0"/><net_sink comp="848" pin=3"/></net>

<net id="860"><net_src comp="514" pin="1"/><net_sink comp="857" pin=0"/></net>

<net id="861"><net_src comp="857" pin="1"/><net_sink comp="398" pin=2"/></net>

<net id="862"><net_src comp="857" pin="1"/><net_sink comp="404" pin=2"/></net>

<net id="866"><net_src comp="609" pin="1"/><net_sink comp="863" pin=0"/></net>

<net id="872"><net_src comp="146" pin="0"/><net_sink comp="867" pin=0"/></net>

<net id="873"><net_src comp="863" pin="1"/><net_sink comp="867" pin=1"/></net>

<net id="874"><net_src comp="102" pin="0"/><net_sink comp="867" pin=2"/></net>

<net id="881"><net_src comp="148" pin="0"/><net_sink comp="875" pin=0"/></net>

<net id="882"><net_src comp="863" pin="1"/><net_sink comp="875" pin=1"/></net>

<net id="883"><net_src comp="150" pin="0"/><net_sink comp="875" pin=2"/></net>

<net id="884"><net_src comp="152" pin="0"/><net_sink comp="875" pin=3"/></net>

<net id="888"><net_src comp="863" pin="1"/><net_sink comp="885" pin=0"/></net>

<net id="895"><net_src comp="154" pin="0"/><net_sink comp="889" pin=0"/></net>

<net id="896"><net_src comp="156" pin="0"/><net_sink comp="889" pin=1"/></net>

<net id="897"><net_src comp="885" pin="1"/><net_sink comp="889" pin=2"/></net>

<net id="898"><net_src comp="108" pin="0"/><net_sink comp="889" pin=3"/></net>

<net id="902"><net_src comp="889" pin="4"/><net_sink comp="899" pin=0"/></net>

<net id="906"><net_src comp="875" pin="4"/><net_sink comp="903" pin=0"/></net>

<net id="911"><net_src comp="903" pin="1"/><net_sink comp="907" pin=0"/></net>

<net id="912"><net_src comp="158" pin="0"/><net_sink comp="907" pin=1"/></net>

<net id="918"><net_src comp="160" pin="0"/><net_sink comp="913" pin=0"/></net>

<net id="919"><net_src comp="907" pin="2"/><net_sink comp="913" pin=1"/></net>

<net id="920"><net_src comp="162" pin="0"/><net_sink comp="913" pin=2"/></net>

<net id="925"><net_src comp="164" pin="0"/><net_sink comp="921" pin=0"/></net>

<net id="926"><net_src comp="875" pin="4"/><net_sink comp="921" pin=1"/></net>

<net id="930"><net_src comp="921" pin="2"/><net_sink comp="927" pin=0"/></net>

<net id="936"><net_src comp="913" pin="3"/><net_sink comp="931" pin=0"/></net>

<net id="937"><net_src comp="927" pin="1"/><net_sink comp="931" pin=1"/></net>

<net id="938"><net_src comp="907" pin="2"/><net_sink comp="931" pin=2"/></net>

<net id="942"><net_src comp="931" pin="3"/><net_sink comp="939" pin=0"/></net>

<net id="946"><net_src comp="939" pin="1"/><net_sink comp="943" pin=0"/></net>

<net id="951"><net_src comp="899" pin="1"/><net_sink comp="947" pin=0"/></net>

<net id="952"><net_src comp="943" pin="1"/><net_sink comp="947" pin=1"/></net>

<net id="957"><net_src comp="899" pin="1"/><net_sink comp="953" pin=0"/></net>

<net id="958"><net_src comp="943" pin="1"/><net_sink comp="953" pin=1"/></net>

<net id="964"><net_src comp="166" pin="0"/><net_sink comp="959" pin=0"/></net>

<net id="965"><net_src comp="947" pin="2"/><net_sink comp="959" pin=1"/></net>

<net id="966"><net_src comp="168" pin="0"/><net_sink comp="959" pin=2"/></net>

<net id="970"><net_src comp="959" pin="3"/><net_sink comp="967" pin=0"/></net>

<net id="977"><net_src comp="170" pin="0"/><net_sink comp="971" pin=0"/></net>

<net id="978"><net_src comp="953" pin="2"/><net_sink comp="971" pin=1"/></net>

<net id="979"><net_src comp="168" pin="0"/><net_sink comp="971" pin=2"/></net>

<net id="980"><net_src comp="172" pin="0"/><net_sink comp="971" pin=3"/></net>

<net id="986"><net_src comp="913" pin="3"/><net_sink comp="981" pin=0"/></net>

<net id="987"><net_src comp="967" pin="1"/><net_sink comp="981" pin=1"/></net>

<net id="988"><net_src comp="971" pin="4"/><net_sink comp="981" pin=2"/></net>

<net id="992"><net_src comp="614" pin="1"/><net_sink comp="989" pin=0"/></net>

<net id="998"><net_src comp="146" pin="0"/><net_sink comp="993" pin=0"/></net>

<net id="999"><net_src comp="989" pin="1"/><net_sink comp="993" pin=1"/></net>

<net id="1000"><net_src comp="102" pin="0"/><net_sink comp="993" pin=2"/></net>

<net id="1007"><net_src comp="148" pin="0"/><net_sink comp="1001" pin=0"/></net>

<net id="1008"><net_src comp="989" pin="1"/><net_sink comp="1001" pin=1"/></net>

<net id="1009"><net_src comp="150" pin="0"/><net_sink comp="1001" pin=2"/></net>

<net id="1010"><net_src comp="152" pin="0"/><net_sink comp="1001" pin=3"/></net>

<net id="1014"><net_src comp="989" pin="1"/><net_sink comp="1011" pin=0"/></net>

<net id="1021"><net_src comp="154" pin="0"/><net_sink comp="1015" pin=0"/></net>

<net id="1022"><net_src comp="156" pin="0"/><net_sink comp="1015" pin=1"/></net>

<net id="1023"><net_src comp="1011" pin="1"/><net_sink comp="1015" pin=2"/></net>

<net id="1024"><net_src comp="108" pin="0"/><net_sink comp="1015" pin=3"/></net>

<net id="1028"><net_src comp="1015" pin="4"/><net_sink comp="1025" pin=0"/></net>

<net id="1032"><net_src comp="1001" pin="4"/><net_sink comp="1029" pin=0"/></net>

<net id="1037"><net_src comp="1029" pin="1"/><net_sink comp="1033" pin=0"/></net>

<net id="1038"><net_src comp="158" pin="0"/><net_sink comp="1033" pin=1"/></net>

<net id="1044"><net_src comp="160" pin="0"/><net_sink comp="1039" pin=0"/></net>

<net id="1045"><net_src comp="1033" pin="2"/><net_sink comp="1039" pin=1"/></net>

<net id="1046"><net_src comp="162" pin="0"/><net_sink comp="1039" pin=2"/></net>

<net id="1051"><net_src comp="164" pin="0"/><net_sink comp="1047" pin=0"/></net>

<net id="1052"><net_src comp="1001" pin="4"/><net_sink comp="1047" pin=1"/></net>

<net id="1056"><net_src comp="1047" pin="2"/><net_sink comp="1053" pin=0"/></net>

<net id="1062"><net_src comp="1039" pin="3"/><net_sink comp="1057" pin=0"/></net>

<net id="1063"><net_src comp="1053" pin="1"/><net_sink comp="1057" pin=1"/></net>

<net id="1064"><net_src comp="1033" pin="2"/><net_sink comp="1057" pin=2"/></net>

<net id="1068"><net_src comp="1057" pin="3"/><net_sink comp="1065" pin=0"/></net>

<net id="1072"><net_src comp="1065" pin="1"/><net_sink comp="1069" pin=0"/></net>

<net id="1077"><net_src comp="1025" pin="1"/><net_sink comp="1073" pin=0"/></net>

<net id="1078"><net_src comp="1069" pin="1"/><net_sink comp="1073" pin=1"/></net>

<net id="1083"><net_src comp="1025" pin="1"/><net_sink comp="1079" pin=0"/></net>

<net id="1084"><net_src comp="1069" pin="1"/><net_sink comp="1079" pin=1"/></net>

<net id="1090"><net_src comp="166" pin="0"/><net_sink comp="1085" pin=0"/></net>

<net id="1091"><net_src comp="1073" pin="2"/><net_sink comp="1085" pin=1"/></net>

<net id="1092"><net_src comp="168" pin="0"/><net_sink comp="1085" pin=2"/></net>

<net id="1096"><net_src comp="1085" pin="3"/><net_sink comp="1093" pin=0"/></net>

<net id="1103"><net_src comp="170" pin="0"/><net_sink comp="1097" pin=0"/></net>

<net id="1104"><net_src comp="1079" pin="2"/><net_sink comp="1097" pin=1"/></net>

<net id="1105"><net_src comp="168" pin="0"/><net_sink comp="1097" pin=2"/></net>

<net id="1106"><net_src comp="172" pin="0"/><net_sink comp="1097" pin=3"/></net>

<net id="1112"><net_src comp="1039" pin="3"/><net_sink comp="1107" pin=0"/></net>

<net id="1113"><net_src comp="1093" pin="1"/><net_sink comp="1107" pin=1"/></net>

<net id="1114"><net_src comp="1097" pin="4"/><net_sink comp="1107" pin=2"/></net>

<net id="1119"><net_src comp="40" pin="0"/><net_sink comp="1115" pin=0"/></net>

<net id="1125"><net_src comp="1115" pin="2"/><net_sink comp="1120" pin=1"/></net>

<net id="1130"><net_src comp="40" pin="0"/><net_sink comp="1126" pin=0"/></net>

<net id="1136"><net_src comp="1126" pin="2"/><net_sink comp="1131" pin=1"/></net>

<net id="1141"><net_src comp="530" pin="4"/><net_sink comp="1137" pin=0"/></net>

<net id="1142"><net_src comp="176" pin="0"/><net_sink comp="1137" pin=1"/></net>

<net id="1146"><net_src comp="530" pin="4"/><net_sink comp="1143" pin=0"/></net>

<net id="1151"><net_src comp="1143" pin="1"/><net_sink comp="1147" pin=0"/></net>

<net id="1155"><net_src comp="530" pin="4"/><net_sink comp="1152" pin=0"/></net>

<net id="1159"><net_src comp="530" pin="4"/><net_sink comp="1156" pin=0"/></net>

<net id="1165"><net_src comp="178" pin="0"/><net_sink comp="1160" pin=0"/></net>

<net id="1166"><net_src comp="1156" pin="1"/><net_sink comp="1160" pin=1"/></net>

<net id="1167"><net_src comp="108" pin="0"/><net_sink comp="1160" pin=2"/></net>

<net id="1171"><net_src comp="1160" pin="3"/><net_sink comp="1168" pin=0"/></net>

<net id="1172"><net_src comp="1168" pin="1"/><net_sink comp="423" pin=2"/></net>

<net id="1177"><net_src comp="1160" pin="3"/><net_sink comp="1173" pin=0"/></net>

<net id="1178"><net_src comp="112" pin="0"/><net_sink comp="1173" pin=1"/></net>

<net id="1182"><net_src comp="1173" pin="2"/><net_sink comp="1179" pin=0"/></net>

<net id="1183"><net_src comp="1179" pin="1"/><net_sink comp="412" pin=2"/></net>

<net id="1188"><net_src comp="1152" pin="1"/><net_sink comp="1184" pin=0"/></net>

<net id="1192"><net_src comp="609" pin="1"/><net_sink comp="1189" pin=0"/></net>

<net id="1199"><net_src comp="148" pin="0"/><net_sink comp="1193" pin=0"/></net>

<net id="1200"><net_src comp="1189" pin="1"/><net_sink comp="1193" pin=1"/></net>

<net id="1201"><net_src comp="150" pin="0"/><net_sink comp="1193" pin=2"/></net>

<net id="1202"><net_src comp="152" pin="0"/><net_sink comp="1193" pin=3"/></net>

<net id="1206"><net_src comp="1189" pin="1"/><net_sink comp="1203" pin=0"/></net>

<net id="1213"><net_src comp="154" pin="0"/><net_sink comp="1207" pin=0"/></net>

<net id="1214"><net_src comp="156" pin="0"/><net_sink comp="1207" pin=1"/></net>

<net id="1215"><net_src comp="1203" pin="1"/><net_sink comp="1207" pin=2"/></net>

<net id="1216"><net_src comp="108" pin="0"/><net_sink comp="1207" pin=3"/></net>

<net id="1220"><net_src comp="1207" pin="4"/><net_sink comp="1217" pin=0"/></net>

<net id="1224"><net_src comp="1193" pin="4"/><net_sink comp="1221" pin=0"/></net>

<net id="1229"><net_src comp="1221" pin="1"/><net_sink comp="1225" pin=0"/></net>

<net id="1230"><net_src comp="158" pin="0"/><net_sink comp="1225" pin=1"/></net>

<net id="1236"><net_src comp="160" pin="0"/><net_sink comp="1231" pin=0"/></net>

<net id="1237"><net_src comp="1225" pin="2"/><net_sink comp="1231" pin=1"/></net>

<net id="1238"><net_src comp="162" pin="0"/><net_sink comp="1231" pin=2"/></net>

<net id="1243"><net_src comp="164" pin="0"/><net_sink comp="1239" pin=0"/></net>

<net id="1244"><net_src comp="1193" pin="4"/><net_sink comp="1239" pin=1"/></net>

<net id="1248"><net_src comp="1239" pin="2"/><net_sink comp="1245" pin=0"/></net>

<net id="1254"><net_src comp="1231" pin="3"/><net_sink comp="1249" pin=0"/></net>

<net id="1255"><net_src comp="1245" pin="1"/><net_sink comp="1249" pin=1"/></net>

<net id="1256"><net_src comp="1225" pin="2"/><net_sink comp="1249" pin=2"/></net>

<net id="1260"><net_src comp="1249" pin="3"/><net_sink comp="1257" pin=0"/></net>

<net id="1264"><net_src comp="1257" pin="1"/><net_sink comp="1261" pin=0"/></net>

<net id="1269"><net_src comp="1217" pin="1"/><net_sink comp="1265" pin=0"/></net>

<net id="1270"><net_src comp="1261" pin="1"/><net_sink comp="1265" pin=1"/></net>

<net id="1275"><net_src comp="1217" pin="1"/><net_sink comp="1271" pin=0"/></net>

<net id="1276"><net_src comp="1261" pin="1"/><net_sink comp="1271" pin=1"/></net>

<net id="1282"><net_src comp="166" pin="0"/><net_sink comp="1277" pin=0"/></net>

<net id="1283"><net_src comp="1265" pin="2"/><net_sink comp="1277" pin=1"/></net>

<net id="1284"><net_src comp="168" pin="0"/><net_sink comp="1277" pin=2"/></net>

<net id="1288"><net_src comp="1277" pin="3"/><net_sink comp="1285" pin=0"/></net>

<net id="1295"><net_src comp="170" pin="0"/><net_sink comp="1289" pin=0"/></net>

<net id="1296"><net_src comp="1271" pin="2"/><net_sink comp="1289" pin=1"/></net>

<net id="1297"><net_src comp="168" pin="0"/><net_sink comp="1289" pin=2"/></net>

<net id="1298"><net_src comp="172" pin="0"/><net_sink comp="1289" pin=3"/></net>

<net id="1304"><net_src comp="1231" pin="3"/><net_sink comp="1299" pin=0"/></net>

<net id="1305"><net_src comp="1285" pin="1"/><net_sink comp="1299" pin=1"/></net>

<net id="1306"><net_src comp="1289" pin="4"/><net_sink comp="1299" pin=2"/></net>

<net id="1310"><net_src comp="614" pin="1"/><net_sink comp="1307" pin=0"/></net>

<net id="1316"><net_src comp="146" pin="0"/><net_sink comp="1311" pin=0"/></net>

<net id="1317"><net_src comp="1307" pin="1"/><net_sink comp="1311" pin=1"/></net>

<net id="1318"><net_src comp="102" pin="0"/><net_sink comp="1311" pin=2"/></net>

<net id="1325"><net_src comp="148" pin="0"/><net_sink comp="1319" pin=0"/></net>

<net id="1326"><net_src comp="1307" pin="1"/><net_sink comp="1319" pin=1"/></net>

<net id="1327"><net_src comp="150" pin="0"/><net_sink comp="1319" pin=2"/></net>

<net id="1328"><net_src comp="152" pin="0"/><net_sink comp="1319" pin=3"/></net>

<net id="1332"><net_src comp="1307" pin="1"/><net_sink comp="1329" pin=0"/></net>

<net id="1339"><net_src comp="154" pin="0"/><net_sink comp="1333" pin=0"/></net>

<net id="1340"><net_src comp="156" pin="0"/><net_sink comp="1333" pin=1"/></net>

<net id="1341"><net_src comp="1329" pin="1"/><net_sink comp="1333" pin=2"/></net>

<net id="1342"><net_src comp="108" pin="0"/><net_sink comp="1333" pin=3"/></net>

<net id="1346"><net_src comp="1333" pin="4"/><net_sink comp="1343" pin=0"/></net>

<net id="1350"><net_src comp="1319" pin="4"/><net_sink comp="1347" pin=0"/></net>

<net id="1355"><net_src comp="1347" pin="1"/><net_sink comp="1351" pin=0"/></net>

<net id="1356"><net_src comp="158" pin="0"/><net_sink comp="1351" pin=1"/></net>

<net id="1362"><net_src comp="160" pin="0"/><net_sink comp="1357" pin=0"/></net>

<net id="1363"><net_src comp="1351" pin="2"/><net_sink comp="1357" pin=1"/></net>

<net id="1364"><net_src comp="162" pin="0"/><net_sink comp="1357" pin=2"/></net>

<net id="1369"><net_src comp="164" pin="0"/><net_sink comp="1365" pin=0"/></net>

<net id="1370"><net_src comp="1319" pin="4"/><net_sink comp="1365" pin=1"/></net>

<net id="1374"><net_src comp="1365" pin="2"/><net_sink comp="1371" pin=0"/></net>

<net id="1380"><net_src comp="1357" pin="3"/><net_sink comp="1375" pin=0"/></net>

<net id="1381"><net_src comp="1371" pin="1"/><net_sink comp="1375" pin=1"/></net>

<net id="1382"><net_src comp="1351" pin="2"/><net_sink comp="1375" pin=2"/></net>

<net id="1386"><net_src comp="1375" pin="3"/><net_sink comp="1383" pin=0"/></net>

<net id="1390"><net_src comp="1383" pin="1"/><net_sink comp="1387" pin=0"/></net>

<net id="1395"><net_src comp="1343" pin="1"/><net_sink comp="1391" pin=0"/></net>

<net id="1396"><net_src comp="1387" pin="1"/><net_sink comp="1391" pin=1"/></net>

<net id="1401"><net_src comp="1343" pin="1"/><net_sink comp="1397" pin=0"/></net>

<net id="1402"><net_src comp="1387" pin="1"/><net_sink comp="1397" pin=1"/></net>

<net id="1408"><net_src comp="166" pin="0"/><net_sink comp="1403" pin=0"/></net>

<net id="1409"><net_src comp="1391" pin="2"/><net_sink comp="1403" pin=1"/></net>

<net id="1410"><net_src comp="168" pin="0"/><net_sink comp="1403" pin=2"/></net>

<net id="1414"><net_src comp="1403" pin="3"/><net_sink comp="1411" pin=0"/></net>

<net id="1421"><net_src comp="170" pin="0"/><net_sink comp="1415" pin=0"/></net>

<net id="1422"><net_src comp="1397" pin="2"/><net_sink comp="1415" pin=1"/></net>

<net id="1423"><net_src comp="168" pin="0"/><net_sink comp="1415" pin=2"/></net>

<net id="1424"><net_src comp="172" pin="0"/><net_sink comp="1415" pin=3"/></net>

<net id="1430"><net_src comp="1357" pin="3"/><net_sink comp="1425" pin=0"/></net>

<net id="1431"><net_src comp="1411" pin="1"/><net_sink comp="1425" pin=1"/></net>

<net id="1432"><net_src comp="1415" pin="4"/><net_sink comp="1425" pin=2"/></net>

<net id="1438"><net_src comp="146" pin="0"/><net_sink comp="1433" pin=0"/></net>

<net id="1439"><net_src comp="102" pin="0"/><net_sink comp="1433" pin=2"/></net>

<net id="1444"><net_src comp="40" pin="0"/><net_sink comp="1440" pin=0"/></net>

<net id="1450"><net_src comp="1433" pin="3"/><net_sink comp="1445" pin=0"/></net>

<net id="1451"><net_src comp="1440" pin="2"/><net_sink comp="1445" pin=1"/></net>

<net id="1456"><net_src comp="1445" pin="3"/><net_sink comp="1452" pin=0"/></net>

<net id="1461"><net_src comp="40" pin="0"/><net_sink comp="1457" pin=0"/></net>

<net id="1467"><net_src comp="1457" pin="2"/><net_sink comp="1462" pin=1"/></net>

<net id="1480"><net_src comp="1472" pin="2"/><net_sink comp="1476" pin=0"/></net>

<net id="1493"><net_src comp="40" pin="0"/><net_sink comp="1489" pin=0"/></net>

<net id="1498"><net_src comp="40" pin="0"/><net_sink comp="1494" pin=1"/></net>

<net id="1504"><net_src comp="1494" pin="2"/><net_sink comp="1499" pin=0"/></net>

<net id="1505"><net_src comp="1489" pin="2"/><net_sink comp="1499" pin=2"/></net>

<net id="1509"><net_src comp="1499" pin="3"/><net_sink comp="1506" pin=0"/></net>

<net id="1514"><net_src comp="1506" pin="1"/><net_sink comp="1510" pin=0"/></net>

<net id="1519"><net_src comp="1510" pin="2"/><net_sink comp="1515" pin=0"/></net>

<net id="1520"><net_src comp="156" pin="0"/><net_sink comp="1515" pin=1"/></net>

<net id="1526"><net_src comp="1515" pin="2"/><net_sink comp="1521" pin=0"/></net>

<net id="1527"><net_src comp="40" pin="0"/><net_sink comp="1521" pin=1"/></net>

<net id="1528"><net_src comp="1499" pin="3"/><net_sink comp="1521" pin=2"/></net>

<net id="1532"><net_src comp="1529" pin="1"/><net_sink comp="430" pin=2"/></net>

<net id="1536"><net_src comp="541" pin="4"/><net_sink comp="1533" pin=0"/></net>

<net id="1541"><net_src comp="1533" pin="1"/><net_sink comp="1537" pin=0"/></net>

<net id="1545"><net_src comp="541" pin="4"/><net_sink comp="1542" pin=0"/></net>

<net id="1550"><net_src comp="1542" pin="1"/><net_sink comp="1546" pin=0"/></net>

<net id="1554"><net_src comp="1546" pin="2"/><net_sink comp="1551" pin=0"/></net>

<net id="1555"><net_src comp="1551" pin="1"/><net_sink comp="442" pin=2"/></net>

<net id="1561"><net_src comp="184" pin="0"/><net_sink comp="1556" pin=0"/></net>

<net id="1562"><net_src comp="436" pin="3"/><net_sink comp="1556" pin=1"/></net>

<net id="1563"><net_src comp="186" pin="0"/><net_sink comp="1556" pin=2"/></net>

<net id="1567"><net_src comp="1556" pin="3"/><net_sink comp="1564" pin=0"/></net>

<net id="1572"><net_src comp="1564" pin="1"/><net_sink comp="1568" pin=0"/></net>

<net id="1579"><net_src comp="188" pin="0"/><net_sink comp="1573" pin=0"/></net>

<net id="1580"><net_src comp="1568" pin="2"/><net_sink comp="1573" pin=1"/></net>

<net id="1581"><net_src comp="190" pin="0"/><net_sink comp="1573" pin=2"/></net>

<net id="1582"><net_src comp="102" pin="0"/><net_sink comp="1573" pin=3"/></net>

<net id="1586"><net_src comp="1573" pin="4"/><net_sink comp="1583" pin=0"/></net>

<net id="1591"><net_src comp="6" pin="0"/><net_sink comp="1587" pin=0"/></net>

<net id="1592"><net_src comp="1583" pin="1"/><net_sink comp="1587" pin=1"/></net>

<net id="1597"><net_src comp="537" pin="1"/><net_sink comp="1593" pin=0"/></net>

<net id="1598"><net_src comp="176" pin="0"/><net_sink comp="1593" pin=1"/></net>

<net id="1603"><net_src comp="196" pin="0"/><net_sink comp="1599" pin=1"/></net>

<net id="1608"><net_src comp="198" pin="0"/><net_sink comp="1604" pin=1"/></net>

<net id="1620"><net_src comp="618" pin="1"/><net_sink comp="1617" pin=0"/></net>

<net id="1621"><net_src comp="1617" pin="1"/><net_sink comp="455" pin=1"/></net>

<net id="1629"><net_src comp="8" pin="0"/><net_sink comp="1625" pin=0"/></net>

<net id="1630"><net_src comp="1622" pin="1"/><net_sink comp="1625" pin=1"/></net>

<net id="1631"><net_src comp="1625" pin="2"/><net_sink comp="347" pin=1"/></net>

<net id="1636"><net_src comp="578" pin="4"/><net_sink comp="1632" pin=0"/></net>

<net id="1637"><net_src comp="138" pin="0"/><net_sink comp="1632" pin=1"/></net>

<net id="1641"><net_src comp="578" pin="4"/><net_sink comp="1638" pin=0"/></net>

<net id="1646"><net_src comp="1638" pin="1"/><net_sink comp="1642" pin=0"/></net>

<net id="1650"><net_src comp="578" pin="4"/><net_sink comp="1647" pin=0"/></net>

<net id="1651"><net_src comp="1647" pin="1"/><net_sink comp="461" pin=2"/></net>

<net id="1656"><net_src comp="844" pin="1"/><net_sink comp="1652" pin=0"/></net>

<net id="1660"><net_src comp="236" pin="2"/><net_sink comp="1657" pin=0"/></net>

<net id="1661"><net_src comp="1657" pin="1"/><net_sink comp="718" pin=1"/></net>

<net id="1665"><net_src comp="242" pin="2"/><net_sink comp="1662" pin=0"/></net>

<net id="1666"><net_src comp="1662" pin="1"/><net_sink comp="1568" pin=1"/></net>

<net id="1670"><net_src comp="254" pin="2"/><net_sink comp="1667" pin=0"/></net>

<net id="1671"><net_src comp="1667" pin="1"/><net_sink comp="728" pin=1"/></net>

<net id="1675"><net_src comp="260" pin="2"/><net_sink comp="1672" pin=0"/></net>

<net id="1676"><net_src comp="1672" pin="1"/><net_sink comp="723" pin=1"/></net>

<net id="1680"><net_src comp="266" pin="2"/><net_sink comp="1677" pin=0"/></net>

<net id="1681"><net_src comp="1677" pin="1"/><net_sink comp="1510" pin=1"/></net>

<net id="1685"><net_src comp="272" pin="2"/><net_sink comp="1682" pin=0"/></net>

<net id="1686"><net_src comp="1682" pin="1"/><net_sink comp="1485" pin=1"/></net>

<net id="1690"><net_src comp="278" pin="2"/><net_sink comp="1687" pin=0"/></net>

<net id="1691"><net_src comp="1687" pin="1"/><net_sink comp="1481" pin=1"/></net>

<net id="1695"><net_src comp="284" pin="2"/><net_sink comp="1692" pin=0"/></net>

<net id="1696"><net_src comp="1692" pin="1"/><net_sink comp="1468" pin=1"/></net>

<net id="1700"><net_src comp="290" pin="2"/><net_sink comp="1697" pin=0"/></net>

<net id="1701"><net_src comp="1697" pin="1"/><net_sink comp="606" pin=0"/></net>

<net id="1702"><net_src comp="1697" pin="1"/><net_sink comp="690" pin=0"/></net>

<net id="1703"><net_src comp="1697" pin="1"/><net_sink comp="695" pin=0"/></net>

<net id="1704"><net_src comp="1697" pin="1"/><net_sink comp="1147" pin=1"/></net>

<net id="1705"><net_src comp="1697" pin="1"/><net_sink comp="1537" pin=1"/></net>

<net id="1709"><net_src comp="296" pin="2"/><net_sink comp="1706" pin=0"/></net>

<net id="1710"><net_src comp="1706" pin="1"/><net_sink comp="698" pin=0"/></net>

<net id="1711"><net_src comp="1706" pin="1"/><net_sink comp="742" pin=0"/></net>

<net id="1715"><net_src comp="623" pin="1"/><net_sink comp="1712" pin=0"/></net>

<net id="1716"><net_src comp="1712" pin="1"/><net_sink comp="659" pin=1"/></net>

<net id="1720"><net_src comp="627" pin="2"/><net_sink comp="1717" pin=0"/></net>

<net id="1721"><net_src comp="1717" pin="1"/><net_sink comp="302" pin=2"/></net>

<net id="1725"><net_src comp="633" pin="2"/><net_sink comp="1722" pin=0"/></net>

<net id="1729"><net_src comp="639" pin="4"/><net_sink comp="1726" pin=0"/></net>

<net id="1730"><net_src comp="1726" pin="1"/><net_sink comp="649" pin=0"/></net>

<net id="1734"><net_src comp="652" pin="2"/><net_sink comp="1731" pin=0"/></net>

<net id="1735"><net_src comp="1731" pin="1"/><net_sink comp="302" pin=1"/></net>

<net id="1736"><net_src comp="1731" pin="1"/><net_sink comp="308" pin=1"/></net>

<net id="1740"><net_src comp="659" pin="3"/><net_sink comp="1737" pin=0"/></net>

<net id="1741"><net_src comp="1737" pin="1"/><net_sink comp="676" pin=1"/></net>

<net id="1745"><net_src comp="666" pin="2"/><net_sink comp="1742" pin=0"/></net>

<net id="1746"><net_src comp="1742" pin="1"/><net_sink comp="472" pin=2"/></net>

<net id="1750"><net_src comp="676" pin="2"/><net_sink comp="1747" pin=0"/></net>

<net id="1754"><net_src comp="308" pin="2"/><net_sink comp="1751" pin=0"/></net>

<net id="1755"><net_src comp="1751" pin="1"/><net_sink comp="686" pin=0"/></net>

<net id="1759"><net_src comp="606" pin="1"/><net_sink comp="1756" pin=0"/></net>

<net id="1760"><net_src comp="1756" pin="1"/><net_sink comp="600" pin=1"/></net>

<net id="1764"><net_src comp="690" pin="2"/><net_sink comp="1761" pin=0"/></net>

<net id="1768"><net_src comp="695" pin="1"/><net_sink comp="1765" pin=0"/></net>

<net id="1769"><net_src comp="1765" pin="1"/><net_sink comp="1652" pin=1"/></net>

<net id="1773"><net_src comp="698" pin="1"/><net_sink comp="1770" pin=0"/></net>

<net id="1774"><net_src comp="1770" pin="1"/><net_sink comp="707" pin=1"/></net>

<net id="1775"><net_src comp="1770" pin="1"/><net_sink comp="733" pin=1"/></net>

<net id="1779"><net_src comp="701" pin="2"/><net_sink comp="1776" pin=0"/></net>

<net id="1780"><net_src comp="1776" pin="1"/><net_sink comp="495" pin=2"/></net>

<net id="1787"><net_src comp="712" pin="2"/><net_sink comp="1784" pin=0"/></net>

<net id="1788"><net_src comp="1784" pin="1"/><net_sink comp="484" pin=2"/></net>

<net id="1792"><net_src comp="718" pin="2"/><net_sink comp="1789" pin=0"/></net>

<net id="1793"><net_src comp="1789" pin="1"/><net_sink comp="848" pin=1"/></net>

<net id="1797"><net_src comp="723" pin="2"/><net_sink comp="1794" pin=0"/></net>

<net id="1798"><net_src comp="1794" pin="1"/><net_sink comp="759" pin=1"/></net>

<net id="1802"><net_src comp="728" pin="2"/><net_sink comp="1799" pin=0"/></net>

<net id="1803"><net_src comp="1799" pin="1"/><net_sink comp="768" pin=1"/></net>

<net id="1807"><net_src comp="733" pin="2"/><net_sink comp="1804" pin=0"/></net>

<net id="1808"><net_src comp="1804" pin="1"/><net_sink comp="747" pin=0"/></net>

<net id="1812"><net_src comp="742" pin="2"/><net_sink comp="1809" pin=0"/></net>

<net id="1813"><net_src comp="1809" pin="1"/><net_sink comp="747" pin=1"/></net>

<net id="1817"><net_src comp="747" pin="3"/><net_sink comp="1814" pin=0"/></net>

<net id="1818"><net_src comp="1814" pin="1"/><net_sink comp="313" pin=2"/></net>

<net id="1819"><net_src comp="1814" pin="1"/><net_sink comp="319" pin=2"/></net>

<net id="1820"><net_src comp="1814" pin="1"/><net_sink comp="797" pin=0"/></net>

<net id="1821"><net_src comp="1814" pin="1"/><net_sink comp="347" pin=2"/></net>

<net id="1825"><net_src comp="753" pin="2"/><net_sink comp="1822" pin=0"/></net>

<net id="1829"><net_src comp="759" pin="4"/><net_sink comp="1826" pin=0"/></net>

<net id="1830"><net_src comp="1826" pin="1"/><net_sink comp="777" pin=0"/></net>

<net id="1834"><net_src comp="768" pin="4"/><net_sink comp="1831" pin=0"/></net>

<net id="1835"><net_src comp="1831" pin="1"/><net_sink comp="787" pin=0"/></net>

<net id="1839"><net_src comp="780" pin="2"/><net_sink comp="1836" pin=0"/></net>

<net id="1840"><net_src comp="1836" pin="1"/><net_sink comp="313" pin=1"/></net>

<net id="1841"><net_src comp="1836" pin="1"/><net_sink comp="325" pin=1"/></net>

<net id="1845"><net_src comp="790" pin="2"/><net_sink comp="1842" pin=0"/></net>

<net id="1846"><net_src comp="1842" pin="1"/><net_sink comp="319" pin=1"/></net>

<net id="1847"><net_src comp="1842" pin="1"/><net_sink comp="330" pin=1"/></net>

<net id="1851"><net_src comp="797" pin="1"/><net_sink comp="1848" pin=0"/></net>

<net id="1852"><net_src comp="1848" pin="1"/><net_sink comp="810" pin=1"/></net>

<net id="1853"><net_src comp="1848" pin="1"/><net_sink comp="839" pin=1"/></net>

<net id="1854"><net_src comp="1848" pin="1"/><net_sink comp="1642" pin=1"/></net>

<net id="1858"><net_src comp="800" pin="2"/><net_sink comp="1855" pin=0"/></net>

<net id="1859"><net_src comp="1855" pin="1"/><net_sink comp="506" pin=2"/></net>

<net id="1863"><net_src comp="810" pin="2"/><net_sink comp="1860" pin=0"/></net>

<net id="1867"><net_src comp="325" pin="2"/><net_sink comp="1864" pin=0"/></net>

<net id="1868"><net_src comp="1864" pin="1"/><net_sink comp="821" pin=0"/></net>

<net id="1872"><net_src comp="330" pin="2"/><net_sink comp="1869" pin=0"/></net>

<net id="1873"><net_src comp="1869" pin="1"/><net_sink comp="825" pin=0"/></net>

<net id="1877"><net_src comp="829" pin="2"/><net_sink comp="1874" pin=0"/></net>

<net id="1878"><net_src comp="1874" pin="1"/><net_sink comp="518" pin=0"/></net>

<net id="1885"><net_src comp="844" pin="1"/><net_sink comp="1882" pin=0"/></net>

<net id="1886"><net_src comp="1882" pin="1"/><net_sink comp="1652" pin=0"/></net>

<net id="1890"><net_src comp="848" pin="4"/><net_sink comp="1887" pin=0"/></net>

<net id="1891"><net_src comp="1887" pin="1"/><net_sink comp="1622" pin=0"/></net>

<net id="1895"><net_src comp="857" pin="1"/><net_sink comp="1892" pin=0"/></net>

<net id="1896"><net_src comp="1892" pin="1"/><net_sink comp="449" pin=2"/></net>

<net id="1900"><net_src comp="398" pin="3"/><net_sink comp="1897" pin=0"/></net>

<net id="1901"><net_src comp="1897" pin="1"/><net_sink comp="380" pin=0"/></net>

<net id="1905"><net_src comp="404" pin="3"/><net_sink comp="1902" pin=0"/></net>

<net id="1906"><net_src comp="1902" pin="1"/><net_sink comp="392" pin=0"/></net>

<net id="1910"><net_src comp="1652" pin="2"/><net_sink comp="1907" pin=0"/></net>

<net id="1911"><net_src comp="1907" pin="1"/><net_sink comp="1184" pin=1"/></net>

<net id="1912"><net_src comp="1907" pin="1"/><net_sink comp="1546" pin=1"/></net>

<net id="1916"><net_src comp="380" pin="3"/><net_sink comp="1913" pin=0"/></net>

<net id="1917"><net_src comp="1913" pin="1"/><net_sink comp="585" pin=0"/></net>

<net id="1921"><net_src comp="392" pin="3"/><net_sink comp="1918" pin=0"/></net>

<net id="1922"><net_src comp="1918" pin="1"/><net_sink comp="590" pin=0"/></net>

<net id="1926"><net_src comp="867" pin="3"/><net_sink comp="1923" pin=0"/></net>

<net id="1927"><net_src comp="1923" pin="1"/><net_sink comp="1120" pin=0"/></net>

<net id="1931"><net_src comp="981" pin="3"/><net_sink comp="1928" pin=0"/></net>

<net id="1932"><net_src comp="1928" pin="1"/><net_sink comp="1115" pin=1"/></net>

<net id="1933"><net_src comp="1928" pin="1"/><net_sink comp="1120" pin=2"/></net>

<net id="1937"><net_src comp="993" pin="3"/><net_sink comp="1934" pin=0"/></net>

<net id="1938"><net_src comp="1934" pin="1"/><net_sink comp="1131" pin=0"/></net>

<net id="1942"><net_src comp="1107" pin="3"/><net_sink comp="1939" pin=0"/></net>

<net id="1943"><net_src comp="1939" pin="1"/><net_sink comp="1126" pin=1"/></net>

<net id="1944"><net_src comp="1939" pin="1"/><net_sink comp="1131" pin=2"/></net>

<net id="1948"><net_src comp="1120" pin="3"/><net_sink comp="1945" pin=0"/></net>

<net id="1949"><net_src comp="1945" pin="1"/><net_sink comp="1452" pin=1"/></net>

<net id="1953"><net_src comp="1131" pin="3"/><net_sink comp="1950" pin=0"/></net>

<net id="1954"><net_src comp="1950" pin="1"/><net_sink comp="1472" pin=0"/></net>

<net id="1958"><net_src comp="1137" pin="2"/><net_sink comp="1955" pin=0"/></net>

<net id="1959"><net_src comp="1955" pin="1"/><net_sink comp="530" pin=2"/></net>

<net id="1963"><net_src comp="1147" pin="2"/><net_sink comp="1960" pin=0"/></net>

<net id="1967"><net_src comp="412" pin="3"/><net_sink comp="1964" pin=0"/></net>

<net id="1968"><net_src comp="1964" pin="1"/><net_sink comp="368" pin=2"/></net>

<net id="1972"><net_src comp="423" pin="3"/><net_sink comp="1969" pin=0"/></net>

<net id="1973"><net_src comp="1969" pin="1"/><net_sink comp="368" pin=0"/></net>

<net id="1977"><net_src comp="1184" pin="2"/><net_sink comp="1974" pin=0"/></net>

<net id="1978"><net_src comp="1974" pin="1"/><net_sink comp="1529" pin=0"/></net>

<net id="1982"><net_src comp="368" pin="7"/><net_sink comp="1979" pin=0"/></net>

<net id="1983"><net_src comp="1979" pin="1"/><net_sink comp="585" pin=0"/></net>

<net id="1987"><net_src comp="368" pin="3"/><net_sink comp="1984" pin=0"/></net>

<net id="1988"><net_src comp="1984" pin="1"/><net_sink comp="590" pin=0"/></net>

<net id="1992"><net_src comp="1189" pin="1"/><net_sink comp="1989" pin=0"/></net>

<net id="1993"><net_src comp="1989" pin="1"/><net_sink comp="1433" pin=1"/></net>

<net id="1997"><net_src comp="1299" pin="3"/><net_sink comp="1994" pin=0"/></net>

<net id="1998"><net_src comp="1994" pin="1"/><net_sink comp="1440" pin=1"/></net>

<net id="1999"><net_src comp="1994" pin="1"/><net_sink comp="1445" pin=2"/></net>

<net id="2003"><net_src comp="1311" pin="3"/><net_sink comp="2000" pin=0"/></net>

<net id="2004"><net_src comp="2000" pin="1"/><net_sink comp="1462" pin=0"/></net>

<net id="2008"><net_src comp="1425" pin="3"/><net_sink comp="2005" pin=0"/></net>

<net id="2009"><net_src comp="2005" pin="1"/><net_sink comp="1457" pin=1"/></net>

<net id="2010"><net_src comp="2005" pin="1"/><net_sink comp="1462" pin=2"/></net>

<net id="2014"><net_src comp="1452" pin="2"/><net_sink comp="2011" pin=0"/></net>

<net id="2015"><net_src comp="2011" pin="1"/><net_sink comp="1468" pin=0"/></net>

<net id="2019"><net_src comp="1462" pin="3"/><net_sink comp="2016" pin=0"/></net>

<net id="2020"><net_src comp="2016" pin="1"/><net_sink comp="1472" pin=1"/></net>

<net id="2024"><net_src comp="1468" pin="2"/><net_sink comp="2021" pin=0"/></net>

<net id="2025"><net_src comp="2021" pin="1"/><net_sink comp="1476" pin=1"/></net>

<net id="2029"><net_src comp="1476" pin="2"/><net_sink comp="2026" pin=0"/></net>

<net id="2030"><net_src comp="2026" pin="1"/><net_sink comp="1481" pin=0"/></net>

<net id="2034"><net_src comp="1481" pin="2"/><net_sink comp="2031" pin=0"/></net>

<net id="2035"><net_src comp="2031" pin="1"/><net_sink comp="1485" pin=0"/></net>

<net id="2039"><net_src comp="1485" pin="2"/><net_sink comp="2036" pin=0"/></net>

<net id="2040"><net_src comp="2036" pin="1"/><net_sink comp="1489" pin=1"/></net>

<net id="2041"><net_src comp="2036" pin="1"/><net_sink comp="1494" pin=0"/></net>

<net id="2042"><net_src comp="2036" pin="1"/><net_sink comp="1499" pin=1"/></net>

<net id="2046"><net_src comp="1521" pin="3"/><net_sink comp="2043" pin=0"/></net>

<net id="2047"><net_src comp="2043" pin="1"/><net_sink comp="436" pin=1"/></net>

<net id="2051"><net_src comp="1537" pin="2"/><net_sink comp="2048" pin=0"/></net>

<net id="2055"><net_src comp="442" pin="3"/><net_sink comp="2052" pin=0"/></net>

<net id="2056"><net_src comp="2052" pin="1"/><net_sink comp="436" pin=0"/></net>

<net id="2060"><net_src comp="1587" pin="2"/><net_sink comp="2057" pin=0"/></net>

<net id="2061"><net_src comp="2057" pin="1"/><net_sink comp="335" pin=1"/></net>

<net id="2062"><net_src comp="2057" pin="1"/><net_sink comp="342" pin=1"/></net>

<net id="2066"><net_src comp="1593" pin="2"/><net_sink comp="2063" pin=0"/></net>

<net id="2067"><net_src comp="2063" pin="1"/><net_sink comp="541" pin=0"/></net>

<net id="2071"><net_src comp="342" pin="2"/><net_sink comp="2068" pin=0"/></net>

<net id="2072"><net_src comp="2068" pin="1"/><net_sink comp="1599" pin=0"/></net>

<net id="2073"><net_src comp="2068" pin="1"/><net_sink comp="1604" pin=0"/></net>

<net id="2077"><net_src comp="1599" pin="2"/><net_sink comp="2074" pin=0"/></net>

<net id="2078"><net_src comp="2074" pin="1"/><net_sink comp="1609" pin=0"/></net>

<net id="2079"><net_src comp="2074" pin="1"/><net_sink comp="1609" pin=1"/></net>

<net id="2083"><net_src comp="1604" pin="2"/><net_sink comp="2080" pin=0"/></net>

<net id="2084"><net_src comp="2080" pin="1"/><net_sink comp="1613" pin=0"/></net>

<net id="2085"><net_src comp="2080" pin="1"/><net_sink comp="1613" pin=1"/></net>

<net id="2089"><net_src comp="1609" pin="2"/><net_sink comp="2086" pin=0"/></net>

<net id="2090"><net_src comp="2086" pin="1"/><net_sink comp="606" pin=0"/></net>

<net id="2094"><net_src comp="1613" pin="2"/><net_sink comp="2091" pin=0"/></net>

<net id="2095"><net_src comp="2091" pin="1"/><net_sink comp="606" pin=0"/></net>

<net id="2099"><net_src comp="606" pin="1"/><net_sink comp="2096" pin=0"/></net>

<net id="2100"><net_src comp="2096" pin="1"/><net_sink comp="585" pin=0"/></net>

<net id="2104"><net_src comp="606" pin="1"/><net_sink comp="2101" pin=0"/></net>

<net id="2105"><net_src comp="2101" pin="1"/><net_sink comp="585" pin=1"/></net>

<net id="2109"><net_src comp="595" pin="2"/><net_sink comp="2106" pin=0"/></net>

<net id="2110"><net_src comp="2106" pin="1"/><net_sink comp="553" pin=0"/></net>

<net id="2114"><net_src comp="1625" pin="2"/><net_sink comp="2111" pin=0"/></net>

<net id="2115"><net_src comp="2111" pin="1"/><net_sink comp="353" pin=1"/></net>

<net id="2116"><net_src comp="2111" pin="1"/><net_sink comp="347" pin=1"/></net>

<net id="2120"><net_src comp="1632" pin="2"/><net_sink comp="2117" pin=0"/></net>

<net id="2121"><net_src comp="2117" pin="1"/><net_sink comp="578" pin=2"/></net>

<net id="2125"><net_src comp="1642" pin="2"/><net_sink comp="2122" pin=0"/></net>

<net id="2129"><net_src comp="461" pin="3"/><net_sink comp="2126" pin=0"/></net>

<net id="2130"><net_src comp="2126" pin="1"/><net_sink comp="455" pin=0"/></net>

<net id="2134"><net_src comp="455" pin="3"/><net_sink comp="2131" pin=0"/></net>

<net id="2135"><net_src comp="2131" pin="1"/><net_sink comp="353" pin=2"/></net>

</net_list>

</model> 
---------------- Datapath Model END ------------------

* FSMD analyzer results:
  - Output states:
	Port: gmem4 | {163 166 167 168 169 170 171 }
 - Input state : 
	Port: likelihood_kernel : gmem0 | {19 20 21 22 23 24 25 27 }
	Port: likelihood_kernel : gmem1 | {19 20 21 22 23 24 25 27 }
	Port: likelihood_kernel : gmem2 | {2 3 4 5 6 7 8 10 }
	Port: likelihood_kernel : gmem3 | {68 69 70 71 72 73 74 75 }
	Port: likelihood_kernel : Nparticles | {1 }
	Port: likelihood_kernel : countOnes | {1 }
	Port: likelihood_kernel : IszY | {1 }
	Port: likelihood_kernel : Nfr | {1 }
	Port: likelihood_kernel : k | {1 }
	Port: likelihood_kernel : max_size | {1 }
	Port: likelihood_kernel : arrayX | {1 }
	Port: likelihood_kernel : arrayY | {1 }
	Port: likelihood_kernel : objxy | {1 }
	Port: likelihood_kernel : I | {1 }
	Port: likelihood_kernel : likelihood | {1 }
  - Chain level:
	State 1
		br_ln20 : 1
	State 2
		gmem2_addr : 1
		empty_38 : 2
	State 3
	State 4
	State 5
	State 6
	State 7
	State 8
	State 9
		add_ln20 : 1
		zext_ln20_1 : 1
		icmp_ln20_1 : 2
		br_ln20 : 3
	State 10
	State 11
		buffer_objxy_addr : 1
		store_ln23 : 2
	State 12
	State 13
	State 14
	State 15
	State 16
	State 17
		add_ln163 : 1
		icmp_ln163 : 1
		br_ln163 : 2
		add_ln168_3 : 1
		add_ln168 : 1
		add_ln168_1 : 1
		add_ln168_2 : 1
		icmp_ln168 : 2
		trunc_ln169 : 1
		sub_ln168 : 2
	State 18
		icmp_ln37 : 1
		br_ln37 : 2
	State 19
		gmem0_addr : 1
		empty_40 : 2
		gmem1_addr : 1
		empty_41 : 2
	State 20
	State 21
	State 22
	State 23
	State 24
	State 25
	State 26
		add_ln37 : 1
		zext_ln37_1 : 1
		icmp_ln37_1 : 2
		br_ln37 : 3
	State 27
	State 28
		buffer_X_addr : 1
		store_ln40 : 2
		buffer_Y_addr : 1
		store_ln41 : 2
	State 29
	State 30
		add_ln63 : 1
		zext_ln63_1 : 1
		icmp_ln63 : 2
		br_ln63 : 3
		x_1_cast2 : 1
		empty_42 : 2
	State 31
	State 32
	State 33
		buffer_X_addr_1 : 1
		buffer_Y_addr_1 : 1
		buffer_X_load : 2
		buffer_Y_load : 2
	State 34
	State 35
	State 36
	State 37
	State 38
	State 39
	State 40
	State 41
	State 42
	State 43
		p_Result_s : 1
		tmp_18 : 1
		tmp_19 : 1
		mantissa : 2
		zext_ln15 : 3
		zext_ln510 : 2
		add_ln510 : 3
		isNeg : 4
		sub_ln1311 : 2
		sext_ln1311 : 3
		ush : 5
		sh_prom_i_i_i_i_i_i_cast_cast_cast : 6
		sh_prom_i_i_i_i_i_i_cast_cast_cast_cast : 7
		r_V : 8
		r_V_1 : 8
		tmp : 9
		zext_ln662 : 10
		tmp_9 : 9
		val : 11
		p_Result_1 : 1
		tmp_20 : 1
		tmp_21 : 1
		mantissa_1 : 2
		zext_ln15_1 : 3
		zext_ln510_1 : 2
		add_ln510_1 : 3
		isNeg_1 : 4
		sub_ln1311_1 : 2
		sext_ln1311_1 : 3
		ush_1 : 5
		sh_prom_i_i_i_i_i_i15_cast_cast_cast : 6
		sh_prom_i_i_i_i_i_i15_cast_cast_cast_cast : 7
		r_V_2 : 8
		r_V_3 : 8
		tmp_6 : 9
		zext_ln662_1 : 10
		tmp_s : 9
		val_1 : 11
	State 44
		result_V_12 : 1
		result_V_13 : 1
	State 45
		add_ln67 : 1
		zext_ln67 : 1
		icmp_ln67 : 2
		br_ln67 : 3
		trunc_ln67 : 1
		trunc_ln70 : 1
		shl_ln : 2
		zext_ln70 : 3
		or_ln70 : 3
		zext_ln70_1 : 3
		buffer_objxy_addr_1 : 4
		buffer_objxy_load : 5
		buffer_objxy_addr_2 : 4
		buffer_objxy_load_1 : 5
		add_ln73_2 : 2
	State 46
	State 47
	State 48
	State 49
	State 50
	State 51
	State 52
	State 53
	State 54
	State 55
		tmp_22 : 1
		tmp_23 : 1
		mantissa_2 : 2
		zext_ln15_2 : 3
		zext_ln510_2 : 2
		add_ln510_2 : 3
		isNeg_2 : 4
		sub_ln1311_2 : 2
		sext_ln1311_2 : 3
		ush_2 : 5
		sh_prom_i_i_i_i_i_i37_cast_cast_cast : 6
		sh_prom_i_i_i_i_i_i37_cast_cast_cast_cast : 7
		r_V_4 : 8
		r_V_5 : 8
		tmp_12 : 9
		zext_ln662_2 : 10
		tmp_2 : 9
		val_2 : 11
		p_Result_3 : 1
		tmp_24 : 1
		tmp_25 : 1
		mantissa_3 : 2
		zext_ln15_3 : 3
		zext_ln510_3 : 2
		add_ln510_3 : 3
		isNeg_3 : 4
		sub_ln1311_3 : 2
		sext_ln1311_3 : 3
		ush_3 : 5
		sh_prom_i_i_i_i_i_i59_cast_cast_cast : 6
		sh_prom_i_i_i_i_i_i59_cast_cast_cast_cast : 7
		r_V_6 : 8
		r_V_7 : 8
		tmp_17 : 9
		zext_ln662_3 : 10
		tmp_4 : 9
		val_3 : 11
	State 56
		result_V_14 : 1
		indX : 2
		result_V : 1
	State 57
	State 58
	State 59
		add_ln73 : 1
	State 60
	State 61
	State 62
	State 63
		abs : 1
		sext_ln75 : 2
		icmp_ln75 : 3
		xor_ln75 : 4
		select_ln75 : 4
	State 64
		ind_buffer_addr : 1
		store_ln75 : 2
	State 65
	State 66
		zext_ln82 : 1
		icmp_ln82 : 2
		br_ln82 : 3
		trunc_ln82 : 1
		add_ln85 : 2
		zext_ln85 : 3
		ind_buffer_addr_1 : 4
		idx : 5
	State 67
		shl_ln1 : 1
		sext_ln86 : 2
		add_ln86 : 3
		trunc_ln6 : 4
		sext_ln86_1 : 5
		gmem3_addr : 6
	State 68
	State 69
	State 70
	State 71
	State 72
	State 73
	State 74
	State 75
	State 76
	State 77
	State 78
	State 79
	State 80
	State 81
	State 82
	State 83
	State 84
	State 85
	State 86
	State 87
	State 88
	State 89
	State 90
	State 91
	State 92
	State 93
	State 94
	State 95
	State 96
	State 97
	State 98
	State 99
	State 100
	State 101
	State 102
	State 103
	State 104
	State 105
	State 106
	State 107
	State 108
	State 109
	State 110
	State 111
	State 112
	State 113
	State 114
	State 115
	State 116
	State 117
	State 118
	State 119
	State 120
	State 121
	State 122
	State 123
	State 124
	State 125
	State 126
	State 127
	State 128
	State 129
	State 130
	State 131
		div58_i : 1
	State 132
	State 133
	State 134
	State 135
	State 136
	State 137
	State 138
	State 139
	State 140
	State 141
	State 142
	State 143
	State 144
	State 145
	State 146
	State 147
	State 148
	State 149
	State 150
	State 151
	State 152
	State 153
	State 154
	State 155
	State 156
	State 157
	State 158
	State 159
	State 160
	State 161
	State 162
		store_ln91 : 1
	State 163
		gmem4_addr : 1
		empty_45 : 2
	State 164
		add_ln102 : 1
		zext_ln102 : 1
		icmp_ln102 : 2
		br_ln102 : 3
		zext_ln102_1 : 1
		buffer_likelihood_addr : 2
		buffer_likelihood_load : 3
	State 165
	State 166
	State 167
	State 168
	State 169
	State 170
	State 171


============================================================
+ Verbose Summary: Datapath Resource usage 
============================================================

* Functional unit list:
|----------|---------------------------------------------------|---------|---------|---------|
| Operation|                  Functional Unit                  |   DSP   |    FF   |   LUT   |
|----------|---------------------------------------------------|---------|---------|---------|
|          |                     grp_fu_585                    |    3    |   685   |   635   |
|   dadd   |                     grp_fu_590                    |    3    |   685   |   635   |
|          |                     grp_fu_595                    |    0    |   542   |   638   |
|----------|---------------------------------------------------|---------|---------|---------|
|          |                  add_ln20_fu_666                  |    0    |    0    |    17   |
|          |                  add_ln163_fu_701                 |    0    |    0    |    71   |
|          |                 add_ln168_3_fu_712                |    0    |    0    |    71   |
|          |                  add_ln168_fu_718                 |    0    |    0    |    71   |
|          |                 add_ln168_1_fu_723                |    0    |    0    |    71   |
|          |                 add_ln168_2_fu_728                |    0    |    0    |    71   |
|          |                  add_ln37_fu_800                  |    0    |    0    |    14   |
|          |                  add_ln63_fu_829                  |    0    |    0    |    14   |
|          |                  add_ln510_fu_907                 |    0    |    0    |    18   |
|          |                add_ln510_1_fu_1033                |    0    |    0    |    18   |
|          |                  add_ln67_fu_1137                 |    0    |    0    |    38   |
|    add   |                 add_ln73_2_fu_1184                |    0    |    0    |    23   |
|          |                add_ln510_2_fu_1225                |    0    |    0    |    18   |
|          |                add_ln510_3_fu_1351                |    0    |    0    |    18   |
|          |                    indX_fu_1452                   |    0    |    0    |    39   |
|          |                 add_ln73_3_fu_1472                |    0    |    0    |    32   |
|          |                  add_ln73_fu_1476                 |    0    |    0    |    32   |
|          |                 add_ln73_1_fu_1485                |    0    |    0    |    39   |
|          |                  add_ln85_fu_1546                 |    0    |    0    |    23   |
|          |                  add_ln86_fu_1568                 |    0    |    0    |    71   |
|          |                  add_ln82_fu_1593                 |    0    |    0    |    38   |
|          |                     a_fu_1599                     |    0    |    0    |    39   |
|          |                     b_fu_1604                     |    0    |    0    |    39   |
|          |                 add_ln102_fu_1632                 |    0    |    0    |    14   |
|----------|---------------------------------------------------|---------|---------|---------|
|          |                    grp_fu_1468                    |    0    |   165   |    49   |
|          |                    grp_fu_1481                    |    0    |   165   |    49   |
|    mul   |                    grp_fu_1609                    |    0    |   165   |    49   |
|          |                    grp_fu_1613                    |    0    |   165   |    49   |
|          |                    grp_fu_1652                    |    1    |    0    |    0    |
|----------|---------------------------------------------------|---------|---------|---------|
|          |                  empty_37_fu_627                  |    0    |    0    |    0    |
|          |                    r_V_1_fu_953                   |    0    |    0    |   161   |
|    shl   |                   r_V_3_fu_1079                   |    0    |    0    |   161   |
|          |                   r_V_5_fu_1271                   |    0    |    0    |   161   |
|          |                   r_V_7_fu_1397                   |    0    |    0    |   161   |
|----------|---------------------------------------------------|---------|---------|---------|
|          |                     r_V_fu_947                    |    0    |    0    |   161   |
|   lshr   |                   r_V_2_fu_1073                   |    0    |    0    |   161   |
|          |                   r_V_4_fu_1265                   |    0    |    0    |   161   |
|          |                   r_V_6_fu_1391                   |    0    |    0    |   161   |
|----------|---------------------------------------------------|---------|---------|---------|
|          |                  tileSize_fu_747                  |    0    |    0    |    32   |
|          |                     ush_fu_931                    |    0    |    0    |    12   |
|          |                     val_fu_981                    |    0    |    0    |    32   |
|          |                   ush_1_fu_1057                   |    0    |    0    |    12   |
|          |                   val_1_fu_1107                   |    0    |    0    |    32   |
|          |                result_V_12_fu_1120                |    0    |    0    |    32   |
|          |                result_V_13_fu_1131                |    0    |    0    |    32   |
|  select  |                   ush_2_fu_1249                   |    0    |    0    |    12   |
|          |                   val_2_fu_1299                   |    0    |    0    |    32   |
|          |                   ush_3_fu_1375                   |    0    |    0    |    12   |
|          |                   val_3_fu_1425                   |    0    |    0    |    32   |
|          |                result_V_14_fu_1445                |    0    |    0    |    32   |
|          |                  result_V_fu_1462                 |    0    |    0    |    32   |
|          |                    abs_fu_1499                    |    0    |    0    |    32   |
|          |                select_ln75_fu_1521                |    0    |    0    |    32   |
|----------|---------------------------------------------------|---------|---------|---------|
|          |                  sub_ln168_fu_742                 |    0    |    0    |    39   |
|          |                 sub_ln1311_fu_921                 |    0    |    0    |    18   |
|          |                sub_ln1311_1_fu_1047               |    0    |    0    |    18   |
|          |                 result_V_2_fu_1115                |    0    |    0    |    39   |
|    sub   |                 result_V_5_fu_1126                |    0    |    0    |    39   |
|          |                sub_ln1311_2_fu_1239               |    0    |    0    |    18   |
|          |                sub_ln1311_3_fu_1365               |    0    |    0    |    18   |
|          |                 result_V_9_fu_1440                |    0    |    0    |    39   |
|          |                result_V_10_fu_1457                |    0    |    0    |    39   |
|          |                    neg_fu_1489                    |    0    |    0    |    39   |
|----------|---------------------------------------------------|---------|---------|---------|
|          |                  icmp_ln20_fu_633                 |    0    |    0    |    20   |
|          |                 icmp_ln20_1_fu_676                |    0    |    0    |    19   |
|          |                  cmp1_i42_fu_690                  |    0    |    0    |    20   |
|          |                 icmp_ln163_fu_707                 |    0    |    0    |    29   |
|          |                 icmp_ln168_fu_733                 |    0    |    0    |    29   |
|          |                  icmp_ln37_fu_753                 |    0    |    0    |    20   |
|   icmp   |                 icmp_ln37_1_fu_810                |    0    |    0    |    19   |
|          |                  icmp_ln63_fu_839                 |    0    |    0    |    19   |
|          |                 icmp_ln67_fu_1147                 |    0    |    0    |    20   |
|          |                  abscond_fu_1494                  |    0    |    0    |    20   |
|          |                 icmp_ln75_fu_1510                 |    0    |    0    |    29   |
|          |                 icmp_ln82_fu_1537                 |    0    |    0    |    20   |
|          |                 icmp_ln102_fu_1642                |    0    |    0    |    19   |
|----------|---------------------------------------------------|---------|---------|---------|
|    xor   |                  xor_ln75_fu_1515                 |    0    |    0    |    2    |
|----------|---------------------------------------------------|---------|---------|---------|
|          |            likelihood_read_read_fu_236            |    0    |    0    |    0    |
|          |                 I_read_read_fu_242                |    0    |    0    |    0    |
|          |               objxy_read_read_fu_248              |    0    |    0    |    0    |
|          |              arrayY_read_read_fu_254              |    0    |    0    |    0    |
|          |              arrayX_read_read_fu_260              |    0    |    0    |    0    |
|          |             max_size_read_read_fu_266             |    0    |    0    |    0    |
|          |                 k_read_read_fu_272                |    0    |    0    |    0    |
|   read   |                Nfr_read_read_fu_278               |    0    |    0    |    0    |
|          |               IszY_read_read_fu_284               |    0    |    0    |    0    |
|          |             countOnes_read_read_fu_290            |    0    |    0    |    0    |
|          |            Nparticles_read_read_fu_296            |    0    |    0    |    0    |
|          |            gmem2_addr_read_read_fu_308            |    0    |    0    |    0    |
|          |            gmem0_addr_read_read_fu_325            |    0    |    0    |    0    |
|          |            gmem1_addr_read_read_fu_330            |    0    |    0    |    0    |
|          |            gmem3_addr_read_read_fu_342            |    0    |    0    |    0    |
|----------|---------------------------------------------------|---------|---------|---------|
|          |                 grp_readreq_fu_302                |    0    |    0    |    0    |
|  readreq |                 grp_readreq_fu_313                |    0    |    0    |    0    |
|          |                 grp_readreq_fu_319                |    0    |    0    |    0    |
|          |                 grp_readreq_fu_335                |    0    |    0    |    0    |
|----------|---------------------------------------------------|---------|---------|---------|
| writeresp|                grp_writeresp_fu_347               |    0    |    0    |    0    |
|----------|---------------------------------------------------|---------|---------|---------|
|   write  |              write_ln105_write_fu_353             |    0    |    0    |    0    |
|----------|---------------------------------------------------|---------|---------|---------|
|   ddiv   |                     grp_fu_600                    |    0    |    0    |    0    |
|----------|---------------------------------------------------|---------|---------|---------|
|  sitodp  |                     grp_fu_606                    |    0    |    0    |    0    |
|----------|---------------------------------------------------|---------|---------|---------|
|          |                    empty_fu_623                   |    0    |    0    |    0    |
|          |                  empty_39_fu_695                  |    0    |    0    |    0    |
|          |                 trunc_ln169_fu_738                |    0    |    0    |    0    |
|          |                 trunc_ln37_fu_797                 |    0    |    0    |    0    |
|          |                   tmp_19_fu_885                   |    0    |    0    |    0    |
|   trunc  |                   tmp_21_fu_1011                  |    0    |    0    |    0    |
|          |                 trunc_ln67_fu_1152                |    0    |    0    |    0    |
|          |                 trunc_ln70_fu_1156                |    0    |    0    |    0    |
|          |                   tmp_23_fu_1203                  |    0    |    0    |    0    |
|          |                   tmp_25_fu_1329                  |    0    |    0    |    0    |
|          |                 trunc_ln82_fu_1542                |    0    |    0    |    0    |
|----------|---------------------------------------------------|---------|---------|---------|
|          |                  trunc_ln_fu_639                  |    0    |    0    |    0    |
|          |                  trunc_ln2_fu_759                 |    0    |    0    |    0    |
|          |                trunc_ln37_1_fu_768                |    0    |    0    |    0    |
|          |                  trunc_ln3_fu_848                 |    0    |    0    |    0    |
|          |                   tmp_18_fu_875                   |    0    |    0    |    0    |
|          |                    tmp_9_fu_971                   |    0    |    0    |    0    |
|partselect|                   tmp_20_fu_1001                  |    0    |    0    |    0    |
|          |                   tmp_s_fu_1097                   |    0    |    0    |    0    |
|          |                   tmp_22_fu_1193                  |    0    |    0    |    0    |
|          |                   tmp_2_fu_1289                   |    0    |    0    |    0    |
|          |                   tmp_24_fu_1319                  |    0    |    0    |    0    |
|          |                   tmp_4_fu_1415                   |    0    |    0    |    0    |
|          |                 trunc_ln6_fu_1573                 |    0    |    0    |    0    |
|----------|---------------------------------------------------|---------|---------|---------|
|          |                  sext_ln20_fu_649                 |    0    |    0    |    0    |
|          |                 sext_ln163_fu_698                 |    0    |    0    |    0    |
|          |                  sext_ln37_fu_777                 |    0    |    0    |    0    |
|          |                 sext_ln37_1_fu_787                |    0    |    0    |    0    |
|          |                 sext_ln1311_fu_927                |    0    |    0    |    0    |
|          |     sh_prom_i_i_i_i_i_i_cast_cast_cast_fu_939     |    0    |    0    |    0    |
|          |               sext_ln1311_1_fu_1053               |    0    |    0    |    0    |
|   sext   |    sh_prom_i_i_i_i_i_i15_cast_cast_cast_fu_1065   |    0    |    0    |    0    |
|          |               sext_ln1311_2_fu_1245               |    0    |    0    |    0    |
|          |    sh_prom_i_i_i_i_i_i37_cast_cast_cast_fu_1257   |    0    |    0    |    0    |
|          |               sext_ln1311_3_fu_1371               |    0    |    0    |    0    |
|          |    sh_prom_i_i_i_i_i_i59_cast_cast_cast_fu_1383   |    0    |    0    |    0    |
|          |                 sext_ln75_fu_1506                 |    0    |    0    |    0    |
|          |                 sext_ln86_fu_1564                 |    0    |    0    |    0    |
|          |                sext_ln86_1_fu_1583                |    0    |    0    |    0    |
|          |                 sext_ln102_fu_1622                |    0    |    0    |    0    |
|----------|---------------------------------------------------|---------|---------|---------|
|          |                trunc_ln20_1_fu_659                |    0    |    0    |    0    |
|          |                  mantissa_fu_889                  |    0    |    0    |    0    |
|          |                 mantissa_1_fu_1015                |    0    |    0    |    0    |
|bitconcatenate|                   shl_ln_fu_1160                  |    0    |    0    |    0    |
|          |                 mantissa_2_fu_1207                |    0    |    0    |    0    |
|          |                 mantissa_3_fu_1333                |    0    |    0    |    0    |
|          |                  shl_ln1_fu_1556                  |    0    |    0    |    0    |
|----------|---------------------------------------------------|---------|---------|---------|
|          |                 zext_ln20_1_fu_672                |    0    |    0    |    0    |
|          |                  zext_ln20_fu_681                 |    0    |    0    |    0    |
|          |                 zext_ln37_1_fu_806                |    0    |    0    |    0    |
|          |                  zext_ln37_fu_815                 |    0    |    0    |    0    |
|          |                 zext_ln63_1_fu_835                |    0    |    0    |    0    |
|          |                  x_1_cast2_fu_844                 |    0    |    0    |    0    |
|          |                  zext_ln63_fu_857                 |    0    |    0    |    0    |
|          |                  zext_ln15_fu_899                 |    0    |    0    |    0    |
|          |                 zext_ln510_fu_903                 |    0    |    0    |    0    |
|          |   sh_prom_i_i_i_i_i_i_cast_cast_cast_cast_fu_943  |    0    |    0    |    0    |
|          |                 zext_ln662_fu_967                 |    0    |    0    |    0    |
|          |                zext_ln15_1_fu_1025                |    0    |    0    |    0    |
|          |                zext_ln510_1_fu_1029               |    0    |    0    |    0    |
|          | sh_prom_i_i_i_i_i_i15_cast_cast_cast_cast_fu_1069 |    0    |    0    |    0    |
|          |                zext_ln662_1_fu_1093               |    0    |    0    |    0    |
|   zext   |                 zext_ln67_fu_1143                 |    0    |    0    |    0    |
|          |                 zext_ln70_fu_1168                 |    0    |    0    |    0    |
|          |                zext_ln70_1_fu_1179                |    0    |    0    |    0    |
|          |                zext_ln15_2_fu_1217                |    0    |    0    |    0    |
|          |                zext_ln510_2_fu_1221               |    0    |    0    |    0    |
|          | sh_prom_i_i_i_i_i_i37_cast_cast_cast_cast_fu_1261 |    0    |    0    |    0    |
|          |                zext_ln662_2_fu_1285               |    0    |    0    |    0    |
|          |                zext_ln15_3_fu_1343                |    0    |    0    |    0    |
|          |                zext_ln510_3_fu_1347               |    0    |    0    |    0    |
|          | sh_prom_i_i_i_i_i_i59_cast_cast_cast_cast_fu_1387 |    0    |    0    |    0    |
|          |                zext_ln662_3_fu_1411               |    0    |    0    |    0    |
|          |                 zext_ln73_fu_1529                 |    0    |    0    |    0    |
|          |                 zext_ln82_fu_1533                 |    0    |    0    |    0    |
|          |                 zext_ln85_fu_1551                 |    0    |    0    |    0    |
|          |                 zext_ln102_fu_1638                |    0    |    0    |    0    |
|          |                zext_ln102_1_fu_1647               |    0    |    0    |    0    |
|----------|---------------------------------------------------|---------|---------|---------|
|          |                 p_Result_s_fu_867                 |    0    |    0    |    0    |
|          |                    isNeg_fu_913                   |    0    |    0    |    0    |
|          |                     tmp_fu_959                    |    0    |    0    |    0    |
|          |                 p_Result_1_fu_993                 |    0    |    0    |    0    |
|          |                  isNeg_1_fu_1039                  |    0    |    0    |    0    |
| bitselect|                   tmp_6_fu_1085                   |    0    |    0    |    0    |
|          |                  isNeg_2_fu_1231                  |    0    |    0    |    0    |
|          |                   tmp_12_fu_1277                  |    0    |    0    |    0    |
|          |                 p_Result_3_fu_1311                |    0    |    0    |    0    |
|          |                  isNeg_3_fu_1357                  |    0    |    0    |    0    |
|          |                   tmp_17_fu_1403                  |    0    |    0    |    0    |
|          |                 p_Result_2_fu_1433                |    0    |    0    |    0    |
|----------|---------------------------------------------------|---------|---------|---------|
|    or    |                  or_ln70_fu_1173                  |    0    |    0    |    0    |
|----------|---------------------------------------------------|---------|---------|---------|
|   Total  |                                                   |    7    |   2572  |   5282  |
|----------|---------------------------------------------------|---------|---------|---------|

Memories:
+-----------------+--------+--------+--------+
|                 |  BRAM  |   FF   |   LUT  |
+-----------------+--------+--------+--------+
|     buffer_X    |    2   |    0   |    0   |
|     buffer_Y    |    2   |    0   |    0   |
|buffer_likelihood|    2   |    0   |    0   |
|   buffer_objxy  |    4   |    0   |    0   |
|    ind_buffer   |   16   |    0   |    0   |
+-----------------+--------+--------+--------+
|      Total      |   26   |    0   |    0   |
+-----------------+--------+--------+--------+

* Register list:
+-------------------------------+--------+
|                               |   FF   |
+-------------------------------+--------+
|        I_read_reg_1662        |   64   |
|       IszY_read_reg_1692      |   32   |
|       Nfr_read_reg_1687       |   32   |
|    Nparticles_read_reg_1706   |   32   |
|           a_reg_2074          |   32   |
|        add53_i_reg_2106       |   64   |
|       add_ln102_reg_2117      |    7   |
|       add_ln163_reg_1776      |   64   |
|      add_ln168_1_reg_1794     |   64   |
|      add_ln168_2_reg_1799     |   64   |
|      add_ln168_3_reg_1784     |   64   |
|       add_ln168_reg_1789      |   64   |
|       add_ln20_reg_1742       |   10   |
|       add_ln37_reg_1855       |    7   |
|       add_ln63_reg_1874       |    7   |
|       add_ln67_reg_1955       |   31   |
|      add_ln73_1_reg_2036      |   32   |
|      add_ln73_2_reg_1974      |   16   |
|       add_ln73_reg_2026       |   32   |
|       add_ln82_reg_2063       |   31   |
|      arrayX_read_reg_1672     |   64   |
|      arrayY_read_reg_1667     |   64   |
|           b_reg_2080          |   32   |
|          base_reg_480         |   64   |
|    buffer_X_addr_1_reg_1897   |    7   |
|     buffer_X_load_reg_1913    |   64   |
|    buffer_Y_addr_1_reg_1902   |    7   |
|     buffer_Y_load_reg_1918    |   64   |
|buffer_likelihood_addr_reg_2126|    7   |
|buffer_likelihood_load_reg_2131|   64   |
|  buffer_objxy_addr_1_reg_1964 |   10   |
|  buffer_objxy_addr_2_reg_1969 |   10   |
|  buffer_objxy_load_1_reg_1984 |   64   |
|   buffer_objxy_load_reg_1979  |   64   |
|       cmp1_i42_reg_1761       |    1   |
|       conv47_i_reg_2096       |   64   |
|       conv49_i_reg_2101       |   64   |
|       conv57_i_reg_1756       |   64   |
|    countOnes_read_reg_1697    |   32   |
|       data_V_2_reg_1989       |   64   |
|       empty_37_reg_1717       |   32   |
|       empty_39_reg_1765       |   16   |
|       empty_42_reg_1907       |   16   |
|        empty_43_reg_549       |   64   |
|        empty_44_reg_561       |   64   |
|         empty_reg_1712        |   30   |
|    gmem0_addr_read_reg_1864   |   64   |
|      gmem0_addr_reg_1836      |   64   |
|    gmem1_addr_read_reg_1869   |   64   |
|      gmem1_addr_reg_1842      |   64   |
|    gmem2_addr_read_reg_1751   |   64   |
|      gmem2_addr_reg_1731      |   64   |
|    gmem3_addr_read_reg_2068   |   32   |
|      gmem3_addr_reg_2057      |   32   |
|      gmem4_addr_reg_2111      |   64   |
|           i_reg_468           |   10   |
|      icmp_ln102_reg_2122      |    1   |
|      icmp_ln168_reg_1804      |    1   |
|      icmp_ln20_1_reg_1747     |    1   |
|       icmp_ln20_reg_1722      |    1   |
|      icmp_ln37_1_reg_1860     |    1   |
|       icmp_ln37_reg_1822      |    1   |
|       icmp_ln67_reg_1960      |    1   |
|       icmp_ln82_reg_2048      |    1   |
|         indX_reg_2011         |   32   |
|   ind_buffer_addr_1_reg_2052  |   16   |
|        k_read_reg_1682        |   32   |
|    likelihood_read_reg_1657   |   64   |
|     max_size_read_reg_1677    |   64   |
|      mul_ln73_1_reg_2031      |   32   |
|       mul_ln73_reg_2021       |   32   |
|      mul_ln88_1_reg_2091      |   32   |
|       mul_ln88_reg_2086       |   32   |
|      p_Result_1_reg_1934      |    1   |
|      p_Result_3_reg_2000      |    1   |
|      p_Result_s_reg_1923      |    1   |
|        phi_mul_reg_491        |   64   |
|            reg_609            |   64   |
|            reg_614            |   64   |
|            reg_618            |   64   |
|      result_V_12_reg_1945     |   32   |
|      result_V_13_reg_1950     |   32   |
|       result_V_reg_2016       |   32   |
|      select_ln75_reg_2043     |   32   |
|      sext_ln163_reg_1770      |   64   |
|       sub_ln168_reg_1809      |   32   |
|       tileSize_reg_1814       |   32   |
|     trunc_ln20_1_reg_1737     |   31   |
|       trunc_ln2_reg_1826      |   61   |
|     trunc_ln37_1_reg_1831     |   61   |
|      trunc_ln37_reg_1848      |   31   |
|       trunc_ln3_reg_1887      |   61   |
|       trunc_ln_reg_1726       |   61   |
|         val_1_reg_1939        |   32   |
|         val_2_reg_1994        |   32   |
|         val_3_reg_2005        |   32   |
|          val_reg_1928         |   32   |
|       x_1_cast2_reg_1882      |   16   |
|          x_1_reg_514          |    7   |
|          x_2_reg_574          |    7   |
|           x_reg_502           |    7   |
|          y_1_reg_537          |   31   |
|           y_reg_526           |   31   |
|       zext_ln63_reg_1892      |   64   |
+-------------------------------+--------+
|             Total             |  3823  |
+-------------------------------+--------+

* Multiplexer (MUX) list: 
|----------------------|------|------|------|--------||---------||---------|
|         Comp         |  Pin | Size |  BW  | S x BW ||  Delay  ||   LUT   |
|----------------------|------|------|------|--------||---------||---------|
|  grp_readreq_fu_302  |  p1  |   2  |  64  |   128  ||    9    |
|  grp_readreq_fu_313  |  p1  |   2  |  64  |   128  ||    9    |
|  grp_readreq_fu_319  |  p1  |   2  |  64  |   128  ||    9    |
| grp_writeresp_fu_347 |  p0  |   2  |   1  |    2   |
| grp_writeresp_fu_347 |  p1  |   2  |  64  |   128  ||    9    |
|   grp_access_fu_368  |  p0  |   3  |  10  |   30   ||    14   |
|   grp_access_fu_368  |  p2  |   2  |   0  |    0   ||    9    |
|   grp_access_fu_380  |  p0  |   3  |   7  |   21   ||    14   |
|   grp_access_fu_392  |  p0  |   3  |   7  |   21   ||    14   |
|   grp_access_fu_436  |  p0  |   3  |  16  |   48   ||    14   |
|   grp_access_fu_455  |  p0  |   3  |   7  |   21   ||    14   |
|       i_reg_468      |  p0  |   2  |  10  |   20   ||    9    |
|       x_reg_502      |  p0  |   2  |   7  |   14   ||    9    |
|      x_1_reg_514     |  p0  |   2  |   7  |   14   ||    9    |
|      y_1_reg_537     |  p0  |   2  |  31  |   62   ||    9    |
|   empty_43_reg_549   |  p0  |   2  |  64  |   128  ||    9    |
|   empty_44_reg_561   |  p0  |   2  |  64  |   128  ||    9    |
|      grp_fu_585      |  p0  |   3  |  64  |   192  ||    14   |
|      grp_fu_585      |  p1  |   2  |  64  |   128  ||    9    |
|      grp_fu_590      |  p0  |   2  |  64  |   128  ||    9    |
|      grp_fu_600      |  p0  |   2  |  64  |   128  ||    9    |
|      grp_fu_600      |  p1  |   2  |  64  |   128  ||    9    |
|      grp_fu_606      |  p0  |   3  |  32  |   96   ||    14   |
|      grp_fu_1652     |  p0  |   2  |   7  |   14   ||    9    |
|----------------------|------|------|------|--------||---------||---------|
|         Total        |      |      |      |  1835  ||  9.518  ||   242   |
|----------------------|------|------|------|--------||---------||---------|



* Summary:
+-----------+--------+--------+--------+--------+--------+
|           |  BRAM  |   DSP  |  Delay |   FF   |   LUT  |
+-----------+--------+--------+--------+--------+--------+
|  Function |    -   |    7   |    -   |  2572  |  5282  |
|   Memory  |   26   |    -   |    -   |    0   |    0   |
|Multiplexer|    -   |    -   |    9   |    -   |   242  |
|  Register |    -   |    -   |    -   |  3823  |    -   |
+-----------+--------+--------+--------+--------+--------+
|   Total   |   26   |    7   |    9   |  6395  |  5524  |
+-----------+--------+--------+--------+--------+--------+
