

================================================================
== Vitis HLS Report for 'likelihood_kernel'
================================================================
* Date:           Fri Mar 20 11:47:53 2026

* Version:        2020.2 (Build 3064766 on Wed Nov 18 09:12:47 MST 2020)
* Project:        likelihood_buffer.prj
* Solution:       solution1 (Vivado IP Flow Target)
* Product family: virtexuplus
* Target device:  xcu50-fsvh2104-2-e


================================================================
== Performance Estimates
================================================================
+ Timing: 
    * Summary: 
    +--------+---------+----------+------------+
    |  Clock |  Target | Estimated| Uncertainty|
    +--------+---------+----------+------------+
    |ap_clk  |  3.33 ns|  2.431 ns|     0.90 ns|
    +--------+---------+----------+------------+

+ Latency: 
    * Summary: 
    +---------+---------+-----------+----------+-----+--------+---------+
    |  Latency (cycles) |  Latency (absolute)  |   Interval   | Pipeline|
    |   min   |   max   |    min    |    max   | min |   max  |   Type  |
    +---------+---------+-----------+----------+-----+--------+---------+
    |        6|   418639|  19.980 ns|  1.394 ms|    7|  418640|     none|
    +---------+---------+-----------+----------+-----+--------+---------+

    + Detail: 
        * Instance: 
        N/A

        * Loop: 
        +-----------------------+---------+---------+-----------+-----------+-----------+-----------+----------+
        |                       |  Latency (cycles) | Iteration |  Initiation Interval  |    Trip   |          |
        |       Loop Name       |   min   |   max   |  Latency  |  achieved |   target  |   Count   | Pipelined|
        +-----------------------+---------+---------+-----------+-----------+-----------+-----------+----------+
        |- loadObjxy            |      141|      161|          3|          1|          1|  140 ~ 160|       yes|
        |- Particle_loop        |       96|   418464|  3 ~ 13077|          -|          -|         32|        no|
        | + loadParticles       |       65|       65|          3|          1|          1|         64|       yes|
        | + computeParticles    |    12288|    12928|  192 ~ 202|          -|          -|         64|        no|
        |  ++ accumulatePoints  |      147|      157|         79|          1|          1|    70 ~ 80|       yes|
        | + storeLikelihood     |       65|       65|          3|          1|          1|         64|       yes|
        +-----------------------+---------+---------+-----------+-----------+-----------+-----------+----------+

============================================================
+ Verbose Summary: Synthesis Manager
============================================================
InlineROM: 1
ExposeGlobal: 0
============================================================
+ Verbose Summary: CDFG Model
============================================================
IsTopModel: 1
ResetActiveHigh: 1
IsCombinational: 0
IsDatapathOnly: 0
HasWiredReturn: 1
HasMFsm: 0
HasVarLatency: 1
IsPipeline: 0
IsRtlPipelined: 0
IsInstanceOverlapped: 0
IsDontTouch: 0
HasImplIP: 0
IsGatedGlobalClock: 0

+ Individual pipeline summary: 
  * Pipeline-0: initiation interval (II) = 1, depth = 3
  * Pipeline-1: initiation interval (II) = 1, depth = 3
  * Pipeline-2: initiation interval (II) = 1, depth = 79
  * Pipeline-3: initiation interval (II) = 1, depth = 3


============================================================
+ Verbose Summary: Schedule
============================================================
* Number of FSM states : 161
* Pipeline : 4
  Pipeline-0 : II = 1, D = 3, States = { 9 10 11 }
  Pipeline-1 : II = 1, D = 3, States = { 26 27 28 }
  Pipeline-2 : II = 1, D = 79, States = { 42 43 44 45 46 47 48 49 50 51 52 53 54 55 56 57 58 59 60 61 62 63 64 65 66 67 68 69 70 71 72 73 74 75 76 77 78 79 80 81 82 83 84 85 86 87 88 89 90 91 92 93 94 95 96 97 98 99 100 101 102 103 104 105 106 107 108 109 110 111 112 113 114 115 116 117 118 119 120 }
  Pipeline-3 : II = 1, D = 3, States = { 154 155 156 }
* Dataflow Pipeline: 0

* FSM state transitions: 
1 --> 2 12 
2 --> 3 
3 --> 4 
4 --> 5 
5 --> 6 
6 --> 7 
7 --> 8 
8 --> 9 
9 --> 12 10 
10 --> 11 
11 --> 9 
12 --> 13 
13 --> 14 
14 --> 15 
15 --> 16 
16 --> 17 
17 --> 18 
18 --> 19 161 
19 --> 20 
20 --> 21 
21 --> 22 
22 --> 23 
23 --> 24 
24 --> 25 
25 --> 26 
26 --> 29 27 
27 --> 28 
28 --> 26 
29 --> 30 
30 --> 31 153 
31 --> 32 
32 --> 33 
33 --> 34 
34 --> 35 
35 --> 36 
36 --> 37 
37 --> 38 
38 --> 39 
39 --> 40 
40 --> 41 
41 --> 42 
42 --> 121 43 
43 --> 44 
44 --> 45 
45 --> 46 
46 --> 47 
47 --> 48 
48 --> 49 
49 --> 50 
50 --> 51 
51 --> 52 
52 --> 53 
53 --> 54 
54 --> 55 
55 --> 56 
56 --> 57 
57 --> 58 
58 --> 59 
59 --> 60 
60 --> 61 
61 --> 62 
62 --> 63 
63 --> 64 
64 --> 65 
65 --> 66 
66 --> 67 
67 --> 68 
68 --> 69 
69 --> 70 
70 --> 71 
71 --> 72 
72 --> 73 
73 --> 74 
74 --> 75 
75 --> 76 
76 --> 77 
77 --> 78 
78 --> 79 
79 --> 80 
80 --> 81 
81 --> 82 
82 --> 83 
83 --> 84 
84 --> 85 
85 --> 86 
86 --> 87 
87 --> 88 
88 --> 89 
89 --> 90 
90 --> 91 
91 --> 92 
92 --> 93 
93 --> 94 
94 --> 95 
95 --> 96 
96 --> 97 
97 --> 98 
98 --> 99 
99 --> 100 
100 --> 101 
101 --> 102 
102 --> 103 
103 --> 104 
104 --> 105 
105 --> 106 
106 --> 107 
107 --> 108 
108 --> 109 
109 --> 110 
110 --> 111 
111 --> 112 
112 --> 113 
113 --> 114 
114 --> 115 
115 --> 116 
116 --> 117 
117 --> 118 
118 --> 119 
119 --> 120 
120 --> 42 
121 --> 122 
122 --> 123 
123 --> 124 
124 --> 125 
125 --> 126 
126 --> 127 
127 --> 128 
128 --> 129 
129 --> 130 
130 --> 131 
131 --> 132 
132 --> 133 
133 --> 134 
134 --> 135 
135 --> 136 
136 --> 137 
137 --> 138 
138 --> 139 
139 --> 140 
140 --> 141 
141 --> 142 
142 --> 143 
143 --> 144 
144 --> 145 
145 --> 146 
146 --> 147 
147 --> 148 
148 --> 149 
149 --> 150 
150 --> 151 
151 --> 152 
152 --> 30 
153 --> 154 
154 --> 157 155 
155 --> 156 
156 --> 154 
157 --> 158 
158 --> 159 
159 --> 160 
160 --> 161 
161 --> 17 

* FSM state operations: 

State 1 <SV = 0> <Delay = 1.85>
ST_1 : Operation 162 [1/1] (0.00ns)   --->   "%spectopmodule_ln0 = spectopmodule void @_ssdm_op_SpecTopModule, void @empty_24"   --->   Operation 162 'spectopmodule' 'spectopmodule_ln0' <Predicate = true> <Delay = 0.00>
ST_1 : Operation 163 [1/1] (0.00ns)   --->   "%specinterface_ln0 = specinterface void @_ssdm_op_SpecInterface, i64 %gmem0, void @empty_13, i32 0, i32 0, void @empty_18, i32 0, i32 0, void @empty_8, void @empty_10, void @empty_18, i32 16, i32 16, i32 16, i32 16, void @empty_18, void @empty_18"   --->   Operation 163 'specinterface' 'specinterface_ln0' <Predicate = true> <Delay = 0.00>
ST_1 : Operation 164 [1/1] (0.00ns)   --->   "%specbitsmap_ln0 = specbitsmap void @_ssdm_op_SpecBitsMap, i64 %gmem0"   --->   Operation 164 'specbitsmap' 'specbitsmap_ln0' <Predicate = true> <Delay = 0.00>
ST_1 : Operation 165 [1/1] (0.00ns)   --->   "%specinterface_ln0 = specinterface void @_ssdm_op_SpecInterface, i64 %gmem1, void @empty_13, i32 0, i32 0, void @empty_18, i32 0, i32 0, void @empty_9, void @empty_10, void @empty_18, i32 16, i32 16, i32 16, i32 16, void @empty_18, void @empty_18"   --->   Operation 165 'specinterface' 'specinterface_ln0' <Predicate = true> <Delay = 0.00>
ST_1 : Operation 166 [1/1] (0.00ns)   --->   "%specbitsmap_ln0 = specbitsmap void @_ssdm_op_SpecBitsMap, i64 %gmem1"   --->   Operation 166 'specbitsmap' 'specbitsmap_ln0' <Predicate = true> <Delay = 0.00>
ST_1 : Operation 167 [1/1] (0.00ns)   --->   "%specinterface_ln0 = specinterface void @_ssdm_op_SpecInterface, i64 %gmem2, void @empty_13, i32 0, i32 0, void @empty_18, i32 0, i32 0, void @empty_25, void @empty_10, void @empty_18, i32 16, i32 16, i32 16, i32 16, void @empty_18, void @empty_18"   --->   Operation 167 'specinterface' 'specinterface_ln0' <Predicate = true> <Delay = 0.00>
ST_1 : Operation 168 [1/1] (0.00ns)   --->   "%specbitsmap_ln0 = specbitsmap void @_ssdm_op_SpecBitsMap, i64 %gmem2"   --->   Operation 168 'specbitsmap' 'specbitsmap_ln0' <Predicate = true> <Delay = 0.00>
ST_1 : Operation 169 [1/1] (0.00ns)   --->   "%specinterface_ln0 = specinterface void @_ssdm_op_SpecInterface, i32 %gmem3, void @empty_13, i32 0, i32 0, void @empty_18, i32 0, i32 0, void @empty_28, void @empty_10, void @empty_18, i32 16, i32 16, i32 16, i32 16, void @empty_18, void @empty_18"   --->   Operation 169 'specinterface' 'specinterface_ln0' <Predicate = true> <Delay = 0.00>
ST_1 : Operation 170 [1/1] (0.00ns)   --->   "%specbitsmap_ln0 = specbitsmap void @_ssdm_op_SpecBitsMap, i32 %gmem3"   --->   Operation 170 'specbitsmap' 'specbitsmap_ln0' <Predicate = true> <Delay = 0.00>
ST_1 : Operation 171 [1/1] (0.00ns)   --->   "%specinterface_ln0 = specinterface void @_ssdm_op_SpecInterface, i64 %gmem4, void @empty_13, i32 0, i32 0, void @empty_18, i32 0, i32 0, void @empty_5, void @empty_10, void @empty_18, i32 16, i32 16, i32 16, i32 16, void @empty_18, void @empty_18"   --->   Operation 171 'specinterface' 'specinterface_ln0' <Predicate = true> <Delay = 0.00>
ST_1 : Operation 172 [1/1] (0.00ns)   --->   "%specbitsmap_ln0 = specbitsmap void @_ssdm_op_SpecBitsMap, i64 %gmem4"   --->   Operation 172 'specbitsmap' 'specbitsmap_ln0' <Predicate = true> <Delay = 0.00>
ST_1 : Operation 173 [1/1] (0.00ns)   --->   "%specbitsmap_ln0 = specbitsmap void @_ssdm_op_SpecBitsMap, i32 %Nparticles"   --->   Operation 173 'specbitsmap' 'specbitsmap_ln0' <Predicate = true> <Delay = 0.00>
ST_1 : Operation 174 [1/1] (0.00ns)   --->   "%specinterface_ln0 = specinterface void @_ssdm_op_SpecInterface, i32 %Nparticles, void @empty_14, i32 0, i32 0, void @empty_18, i32 0, i32 0, void @empty_4, void @empty_3, void @empty_18, i32 0, i32 0, i32 0, i32 0, void @empty_18, void @empty_18"   --->   Operation 174 'specinterface' 'specinterface_ln0' <Predicate = true> <Delay = 0.00>
ST_1 : Operation 175 [1/1] (0.00ns)   --->   "%specinterface_ln0 = specinterface void @_ssdm_op_SpecInterface, i32 %Nparticles, void @empty_2, i32 0, i32 0, void @empty_18, i32 0, i32 0, void @empty_18, void @empty_18, void @empty_18, i32 0, i32 0, i32 0, i32 0, void @empty_18, void @empty_18"   --->   Operation 175 'specinterface' 'specinterface_ln0' <Predicate = true> <Delay = 0.00>
ST_1 : Operation 176 [1/1] (0.00ns)   --->   "%specbitsmap_ln0 = specbitsmap void @_ssdm_op_SpecBitsMap, i32 %countOnes"   --->   Operation 176 'specbitsmap' 'specbitsmap_ln0' <Predicate = true> <Delay = 0.00>
ST_1 : Operation 177 [1/1] (0.00ns)   --->   "%specinterface_ln0 = specinterface void @_ssdm_op_SpecInterface, i32 %countOnes, void @empty_14, i32 0, i32 0, void @empty_18, i32 0, i32 0, void @empty_4, void @empty_1, void @empty_18, i32 0, i32 0, i32 0, i32 0, void @empty_18, void @empty_18"   --->   Operation 177 'specinterface' 'specinterface_ln0' <Predicate = true> <Delay = 0.00>
ST_1 : Operation 178 [1/1] (0.00ns)   --->   "%specinterface_ln0 = specinterface void @_ssdm_op_SpecInterface, i32 %countOnes, void @empty_2, i32 0, i32 0, void @empty_18, i32 0, i32 0, void @empty_18, void @empty_18, void @empty_18, i32 0, i32 0, i32 0, i32 0, void @empty_18, void @empty_18"   --->   Operation 178 'specinterface' 'specinterface_ln0' <Predicate = true> <Delay = 0.00>
ST_1 : Operation 179 [1/1] (0.00ns)   --->   "%specbitsmap_ln0 = specbitsmap void @_ssdm_op_SpecBitsMap, i32 %IszY"   --->   Operation 179 'specbitsmap' 'specbitsmap_ln0' <Predicate = true> <Delay = 0.00>
ST_1 : Operation 180 [1/1] (0.00ns)   --->   "%specinterface_ln0 = specinterface void @_ssdm_op_SpecInterface, i32 %IszY, void @empty_14, i32 0, i32 0, void @empty_18, i32 0, i32 0, void @empty_4, void @empty_0, void @empty_18, i32 0, i32 0, i32 0, i32 0, void @empty_18, void @empty_18"   --->   Operation 180 'specinterface' 'specinterface_ln0' <Predicate = true> <Delay = 0.00>
ST_1 : Operation 181 [1/1] (0.00ns)   --->   "%specinterface_ln0 = specinterface void @_ssdm_op_SpecInterface, i32 %IszY, void @empty_2, i32 0, i32 0, void @empty_18, i32 0, i32 0, void @empty_18, void @empty_18, void @empty_18, i32 0, i32 0, i32 0, i32 0, void @empty_18, void @empty_18"   --->   Operation 181 'specinterface' 'specinterface_ln0' <Predicate = true> <Delay = 0.00>
ST_1 : Operation 182 [1/1] (0.00ns)   --->   "%specbitsmap_ln0 = specbitsmap void @_ssdm_op_SpecBitsMap, i32 %Nfr"   --->   Operation 182 'specbitsmap' 'specbitsmap_ln0' <Predicate = true> <Delay = 0.00>
ST_1 : Operation 183 [1/1] (0.00ns)   --->   "%specinterface_ln0 = specinterface void @_ssdm_op_SpecInterface, i32 %Nfr, void @empty_14, i32 0, i32 0, void @empty_18, i32 0, i32 0, void @empty_4, void @empty, void @empty_18, i32 0, i32 0, i32 0, i32 0, void @empty_18, void @empty_18"   --->   Operation 183 'specinterface' 'specinterface_ln0' <Predicate = true> <Delay = 0.00>
ST_1 : Operation 184 [1/1] (0.00ns)   --->   "%specinterface_ln0 = specinterface void @_ssdm_op_SpecInterface, i32 %Nfr, void @empty_2, i32 0, i32 0, void @empty_18, i32 0, i32 0, void @empty_18, void @empty_18, void @empty_18, i32 0, i32 0, i32 0, i32 0, void @empty_18, void @empty_18"   --->   Operation 184 'specinterface' 'specinterface_ln0' <Predicate = true> <Delay = 0.00>
ST_1 : Operation 185 [1/1] (0.00ns)   --->   "%specbitsmap_ln0 = specbitsmap void @_ssdm_op_SpecBitsMap, i32 %k"   --->   Operation 185 'specbitsmap' 'specbitsmap_ln0' <Predicate = true> <Delay = 0.00>
ST_1 : Operation 186 [1/1] (0.00ns)   --->   "%specinterface_ln0 = specinterface void @_ssdm_op_SpecInterface, i32 %k, void @empty_14, i32 0, i32 0, void @empty_18, i32 0, i32 0, void @empty_4, void @empty_16, void @empty_18, i32 0, i32 0, i32 0, i32 0, void @empty_18, void @empty_18"   --->   Operation 186 'specinterface' 'specinterface_ln0' <Predicate = true> <Delay = 0.00>
ST_1 : Operation 187 [1/1] (0.00ns)   --->   "%specinterface_ln0 = specinterface void @_ssdm_op_SpecInterface, i32 %k, void @empty_2, i32 0, i32 0, void @empty_18, i32 0, i32 0, void @empty_18, void @empty_18, void @empty_18, i32 0, i32 0, i32 0, i32 0, void @empty_18, void @empty_18"   --->   Operation 187 'specinterface' 'specinterface_ln0' <Predicate = true> <Delay = 0.00>
ST_1 : Operation 188 [1/1] (0.00ns)   --->   "%specbitsmap_ln0 = specbitsmap void @_ssdm_op_SpecBitsMap, i64 %max_size"   --->   Operation 188 'specbitsmap' 'specbitsmap_ln0' <Predicate = true> <Delay = 0.00>
ST_1 : Operation 189 [1/1] (0.00ns)   --->   "%specinterface_ln0 = specinterface void @_ssdm_op_SpecInterface, i64 %max_size, void @empty_14, i32 0, i32 0, void @empty_18, i32 0, i32 0, void @empty_4, void @empty_17, void @empty_18, i32 0, i32 0, i32 0, i32 0, void @empty_18, void @empty_18"   --->   Operation 189 'specinterface' 'specinterface_ln0' <Predicate = true> <Delay = 0.00>
ST_1 : Operation 190 [1/1] (0.00ns)   --->   "%specinterface_ln0 = specinterface void @_ssdm_op_SpecInterface, i64 %max_size, void @empty_2, i32 0, i32 0, void @empty_18, i32 0, i32 0, void @empty_18, void @empty_18, void @empty_18, i32 0, i32 0, i32 0, i32 0, void @empty_18, void @empty_18"   --->   Operation 190 'specinterface' 'specinterface_ln0' <Predicate = true> <Delay = 0.00>
ST_1 : Operation 191 [1/1] (0.00ns)   --->   "%specinterface_ln0 = specinterface void @_ssdm_op_SpecInterface, i64 %arrayX, void @empty_14, i32 0, i32 0, void @empty_18, i32 0, i32 0, void @empty_4, void @empty_12, void @empty_18, i32 0, i32 0, i32 0, i32 0, void @empty_18, void @empty_19"   --->   Operation 191 'specinterface' 'specinterface_ln0' <Predicate = true> <Delay = 0.00>
ST_1 : Operation 192 [1/1] (0.00ns)   --->   "%specinterface_ln0 = specinterface void @_ssdm_op_SpecInterface, i64 %arrayX, void @empty_2, i32 0, i32 0, void @empty_18, i32 0, i32 0, void @empty_18, void @empty_18, void @empty_18, i32 0, i32 0, i32 0, i32 0, void @empty_18, void @empty_19"   --->   Operation 192 'specinterface' 'specinterface_ln0' <Predicate = true> <Delay = 0.00>
ST_1 : Operation 193 [1/1] (0.00ns)   --->   "%specinterface_ln0 = specinterface void @_ssdm_op_SpecInterface, i64 %arrayY, void @empty_14, i32 0, i32 0, void @empty_18, i32 0, i32 0, void @empty_4, void @empty_20, void @empty_18, i32 0, i32 0, i32 0, i32 0, void @empty_18, void @empty_19"   --->   Operation 193 'specinterface' 'specinterface_ln0' <Predicate = true> <Delay = 0.00>
ST_1 : Operation 194 [1/1] (0.00ns)   --->   "%specinterface_ln0 = specinterface void @_ssdm_op_SpecInterface, i64 %arrayY, void @empty_2, i32 0, i32 0, void @empty_18, i32 0, i32 0, void @empty_18, void @empty_18, void @empty_18, i32 0, i32 0, i32 0, i32 0, void @empty_18, void @empty_19"   --->   Operation 194 'specinterface' 'specinterface_ln0' <Predicate = true> <Delay = 0.00>
ST_1 : Operation 195 [1/1] (0.00ns)   --->   "%specinterface_ln0 = specinterface void @_ssdm_op_SpecInterface, i64 %objxy, void @empty_14, i32 0, i32 0, void @empty_18, i32 0, i32 0, void @empty_4, void @empty_21, void @empty_18, i32 0, i32 0, i32 0, i32 0, void @empty_18, void @empty_19"   --->   Operation 195 'specinterface' 'specinterface_ln0' <Predicate = true> <Delay = 0.00>
ST_1 : Operation 196 [1/1] (0.00ns)   --->   "%specinterface_ln0 = specinterface void @_ssdm_op_SpecInterface, i64 %objxy, void @empty_2, i32 0, i32 0, void @empty_18, i32 0, i32 0, void @empty_18, void @empty_18, void @empty_18, i32 0, i32 0, i32 0, i32 0, void @empty_18, void @empty_19"   --->   Operation 196 'specinterface' 'specinterface_ln0' <Predicate = true> <Delay = 0.00>
ST_1 : Operation 197 [1/1] (0.00ns)   --->   "%specinterface_ln0 = specinterface void @_ssdm_op_SpecInterface, i64 %I, void @empty_14, i32 0, i32 0, void @empty_18, i32 0, i32 0, void @empty_4, void @empty_22, void @empty_18, i32 0, i32 0, i32 0, i32 0, void @empty_18, void @empty_19"   --->   Operation 197 'specinterface' 'specinterface_ln0' <Predicate = true> <Delay = 0.00>
ST_1 : Operation 198 [1/1] (0.00ns)   --->   "%specinterface_ln0 = specinterface void @_ssdm_op_SpecInterface, i64 %I, void @empty_2, i32 0, i32 0, void @empty_18, i32 0, i32 0, void @empty_18, void @empty_18, void @empty_18, i32 0, i32 0, i32 0, i32 0, void @empty_18, void @empty_19"   --->   Operation 198 'specinterface' 'specinterface_ln0' <Predicate = true> <Delay = 0.00>
ST_1 : Operation 199 [1/1] (0.00ns)   --->   "%specinterface_ln0 = specinterface void @_ssdm_op_SpecInterface, i64 %likelihood, void @empty_14, i32 0, i32 0, void @empty_18, i32 0, i32 0, void @empty_4, void @empty_23, void @empty_18, i32 0, i32 0, i32 0, i32 0, void @empty_18, void @empty_19"   --->   Operation 199 'specinterface' 'specinterface_ln0' <Predicate = true> <Delay = 0.00>
ST_1 : Operation 200 [1/1] (0.00ns)   --->   "%specinterface_ln0 = specinterface void @_ssdm_op_SpecInterface, i64 %likelihood, void @empty_2, i32 0, i32 0, void @empty_18, i32 0, i32 0, void @empty_18, void @empty_18, void @empty_18, i32 0, i32 0, i32 0, i32 0, void @empty_18, void @empty_19"   --->   Operation 200 'specinterface' 'specinterface_ln0' <Predicate = true> <Delay = 0.00>
ST_1 : Operation 201 [1/1] (0.00ns)   --->   "%specinterface_ln0 = specinterface void @_ssdm_op_SpecInterface, i32 0, void @empty_14, i32 0, i32 0, void @empty_18, i32 0, i32 0, void @empty_4, void @empty_18, void @empty_18, i32 0, i32 0, i32 0, i32 0, void @empty_18, void @empty_18"   --->   Operation 201 'specinterface' 'specinterface_ln0' <Predicate = true> <Delay = 0.00>
ST_1 : Operation 202 [1/1] (1.00ns)   --->   "%likelihood_read = read i64 @_ssdm_op_Read.s_axilite.i64, i64 %likelihood"   --->   Operation 202 'read' 'likelihood_read' <Predicate = true> <Delay = 1.00> <CoreInst = "s_axilite">   --->   Core 122 's_axilite' <Latency = 0> <II = 1> <Delay = 1.00> <Adapter> <Opcode : 'read' 'write'>
ST_1 : Operation 203 [1/1] (1.00ns)   --->   "%I_read = read i64 @_ssdm_op_Read.s_axilite.i64, i64 %I"   --->   Operation 203 'read' 'I_read' <Predicate = true> <Delay = 1.00> <CoreInst = "s_axilite">   --->   Core 122 's_axilite' <Latency = 0> <II = 1> <Delay = 1.00> <Adapter> <Opcode : 'read' 'write'>
ST_1 : Operation 204 [1/1] (1.00ns)   --->   "%objxy_read = read i64 @_ssdm_op_Read.s_axilite.i64, i64 %objxy"   --->   Operation 204 'read' 'objxy_read' <Predicate = true> <Delay = 1.00> <CoreInst = "s_axilite">   --->   Core 122 's_axilite' <Latency = 0> <II = 1> <Delay = 1.00> <Adapter> <Opcode : 'read' 'write'>
ST_1 : Operation 205 [1/1] (1.00ns)   --->   "%arrayY_read = read i64 @_ssdm_op_Read.s_axilite.i64, i64 %arrayY"   --->   Operation 205 'read' 'arrayY_read' <Predicate = true> <Delay = 1.00> <CoreInst = "s_axilite">   --->   Core 122 's_axilite' <Latency = 0> <II = 1> <Delay = 1.00> <Adapter> <Opcode : 'read' 'write'>
ST_1 : Operation 206 [1/1] (1.00ns)   --->   "%arrayX_read = read i64 @_ssdm_op_Read.s_axilite.i64, i64 %arrayX"   --->   Operation 206 'read' 'arrayX_read' <Predicate = true> <Delay = 1.00> <CoreInst = "s_axilite">   --->   Core 122 's_axilite' <Latency = 0> <II = 1> <Delay = 1.00> <Adapter> <Opcode : 'read' 'write'>
ST_1 : Operation 207 [1/1] (1.00ns)   --->   "%max_size_read = read i64 @_ssdm_op_Read.s_axilite.i64, i64 %max_size"   --->   Operation 207 'read' 'max_size_read' <Predicate = true> <Delay = 1.00> <CoreInst = "s_axilite">   --->   Core 122 's_axilite' <Latency = 0> <II = 1> <Delay = 1.00> <Adapter> <Opcode : 'read' 'write'>
ST_1 : Operation 208 [1/1] (1.00ns)   --->   "%k_read = read i32 @_ssdm_op_Read.s_axilite.i32, i32 %k"   --->   Operation 208 'read' 'k_read' <Predicate = true> <Delay = 1.00> <CoreInst = "s_axilite">   --->   Core 122 's_axilite' <Latency = 0> <II = 1> <Delay = 1.00> <Adapter> <Opcode : 'read' 'write'>
ST_1 : Operation 209 [1/1] (1.00ns)   --->   "%Nfr_read = read i32 @_ssdm_op_Read.s_axilite.i32, i32 %Nfr"   --->   Operation 209 'read' 'Nfr_read' <Predicate = true> <Delay = 1.00> <CoreInst = "s_axilite">   --->   Core 122 's_axilite' <Latency = 0> <II = 1> <Delay = 1.00> <Adapter> <Opcode : 'read' 'write'>
ST_1 : Operation 210 [1/1] (1.00ns)   --->   "%IszY_read = read i32 @_ssdm_op_Read.s_axilite.i32, i32 %IszY"   --->   Operation 210 'read' 'IszY_read' <Predicate = true> <Delay = 1.00> <CoreInst = "s_axilite">   --->   Core 122 's_axilite' <Latency = 0> <II = 1> <Delay = 1.00> <Adapter> <Opcode : 'read' 'write'>
ST_1 : Operation 211 [1/1] (1.00ns)   --->   "%countOnes_read = read i32 @_ssdm_op_Read.s_axilite.i32, i32 %countOnes"   --->   Operation 211 'read' 'countOnes_read' <Predicate = true> <Delay = 1.00> <CoreInst = "s_axilite">   --->   Core 122 's_axilite' <Latency = 0> <II = 1> <Delay = 1.00> <Adapter> <Opcode : 'read' 'write'>
ST_1 : Operation 212 [1/1] (1.00ns)   --->   "%Nparticles_read = read i32 @_ssdm_op_Read.s_axilite.i32, i32 %Nparticles"   --->   Operation 212 'read' 'Nparticles_read' <Predicate = true> <Delay = 1.00> <CoreInst = "s_axilite">   --->   Core 122 's_axilite' <Latency = 0> <II = 1> <Delay = 1.00> <Adapter> <Opcode : 'read' 'write'>
ST_1 : Operation 213 [1/1] (0.00ns)   --->   "%buffer_objxy_0 = alloca i64 1" [likelihood_kernel.cpp:143]   --->   Operation 213 'alloca' 'buffer_objxy_0' <Predicate = true> <Delay = 0.00> <CoreInst = "RAM_2P_BRAM">   --->   Core 94 'RAM_2P_BRAM' <Latency = 1> <II = 1> <Delay = 1.20> <Storage> <Opcode : 'load' 'store'> <Ports = 2> <Width = 64> <Depth = 40> <RAM>
ST_1 : Operation 214 [1/1] (0.00ns)   --->   "%buffer_objxy_1 = alloca i64 1" [likelihood_kernel.cpp:143]   --->   Operation 214 'alloca' 'buffer_objxy_1' <Predicate = true> <Delay = 0.00> <CoreInst = "RAM_2P_BRAM">   --->   Core 94 'RAM_2P_BRAM' <Latency = 1> <II = 1> <Delay = 1.20> <Storage> <Opcode : 'load' 'store'> <Ports = 2> <Width = 64> <Depth = 40> <RAM>
ST_1 : Operation 215 [1/1] (0.00ns)   --->   "%buffer_objxy_2 = alloca i64 1" [likelihood_kernel.cpp:143]   --->   Operation 215 'alloca' 'buffer_objxy_2' <Predicate = true> <Delay = 0.00> <CoreInst = "RAM_2P_BRAM">   --->   Core 94 'RAM_2P_BRAM' <Latency = 1> <II = 1> <Delay = 1.20> <Storage> <Opcode : 'load' 'store'> <Ports = 2> <Width = 64> <Depth = 40> <RAM>
ST_1 : Operation 216 [1/1] (0.00ns)   --->   "%buffer_objxy_3 = alloca i64 1" [likelihood_kernel.cpp:143]   --->   Operation 216 'alloca' 'buffer_objxy_3' <Predicate = true> <Delay = 0.00> <CoreInst = "RAM_2P_BRAM">   --->   Core 94 'RAM_2P_BRAM' <Latency = 1> <II = 1> <Delay = 1.20> <Storage> <Opcode : 'load' 'store'> <Ports = 2> <Width = 64> <Depth = 40> <RAM>
ST_1 : Operation 217 [1/1] (0.00ns)   --->   "%buffer_X_0 = alloca i64 1" [likelihood_kernel.cpp:144]   --->   Operation 217 'alloca' 'buffer_X_0' <Predicate = true> <Delay = 0.00> <CoreInst = "RAM_2P_BRAM">   --->   Core 94 'RAM_2P_BRAM' <Latency = 1> <II = 1> <Delay = 1.20> <Storage> <Opcode : 'load' 'store'> <Ports = 2> <Width = 64> <Depth = 16> <RAM>
ST_1 : Operation 218 [1/1] (0.00ns)   --->   "%buffer_X_1 = alloca i64 1" [likelihood_kernel.cpp:144]   --->   Operation 218 'alloca' 'buffer_X_1' <Predicate = true> <Delay = 0.00> <CoreInst = "RAM_2P_BRAM">   --->   Core 94 'RAM_2P_BRAM' <Latency = 1> <II = 1> <Delay = 1.20> <Storage> <Opcode : 'load' 'store'> <Ports = 2> <Width = 64> <Depth = 16> <RAM>
ST_1 : Operation 219 [1/1] (0.00ns)   --->   "%buffer_X_2 = alloca i64 1" [likelihood_kernel.cpp:144]   --->   Operation 219 'alloca' 'buffer_X_2' <Predicate = true> <Delay = 0.00> <CoreInst = "RAM_2P_BRAM">   --->   Core 94 'RAM_2P_BRAM' <Latency = 1> <II = 1> <Delay = 1.20> <Storage> <Opcode : 'load' 'store'> <Ports = 2> <Width = 64> <Depth = 16> <RAM>
ST_1 : Operation 220 [1/1] (0.00ns)   --->   "%buffer_X_3 = alloca i64 1" [likelihood_kernel.cpp:144]   --->   Operation 220 'alloca' 'buffer_X_3' <Predicate = true> <Delay = 0.00> <CoreInst = "RAM_2P_BRAM">   --->   Core 94 'RAM_2P_BRAM' <Latency = 1> <II = 1> <Delay = 1.20> <Storage> <Opcode : 'load' 'store'> <Ports = 2> <Width = 64> <Depth = 16> <RAM>
ST_1 : Operation 221 [1/1] (0.00ns)   --->   "%buffer_Y_0 = alloca i64 1" [likelihood_kernel.cpp:145]   --->   Operation 221 'alloca' 'buffer_Y_0' <Predicate = true> <Delay = 0.00> <CoreInst = "RAM_2P_BRAM">   --->   Core 94 'RAM_2P_BRAM' <Latency = 1> <II = 1> <Delay = 1.20> <Storage> <Opcode : 'load' 'store'> <Ports = 2> <Width = 64> <Depth = 16> <RAM>
ST_1 : Operation 222 [1/1] (0.00ns)   --->   "%buffer_Y_1 = alloca i64 1" [likelihood_kernel.cpp:145]   --->   Operation 222 'alloca' 'buffer_Y_1' <Predicate = true> <Delay = 0.00> <CoreInst = "RAM_2P_BRAM">   --->   Core 94 'RAM_2P_BRAM' <Latency = 1> <II = 1> <Delay = 1.20> <Storage> <Opcode : 'load' 'store'> <Ports = 2> <Width = 64> <Depth = 16> <RAM>
ST_1 : Operation 223 [1/1] (0.00ns)   --->   "%buffer_Y_2 = alloca i64 1" [likelihood_kernel.cpp:145]   --->   Operation 223 'alloca' 'buffer_Y_2' <Predicate = true> <Delay = 0.00> <CoreInst = "RAM_2P_BRAM">   --->   Core 94 'RAM_2P_BRAM' <Latency = 1> <II = 1> <Delay = 1.20> <Storage> <Opcode : 'load' 'store'> <Ports = 2> <Width = 64> <Depth = 16> <RAM>
ST_1 : Operation 224 [1/1] (0.00ns)   --->   "%buffer_Y_3 = alloca i64 1" [likelihood_kernel.cpp:145]   --->   Operation 224 'alloca' 'buffer_Y_3' <Predicate = true> <Delay = 0.00> <CoreInst = "RAM_2P_BRAM">   --->   Core 94 'RAM_2P_BRAM' <Latency = 1> <II = 1> <Delay = 1.20> <Storage> <Opcode : 'load' 'store'> <Ports = 2> <Width = 64> <Depth = 16> <RAM>
ST_1 : Operation 225 [1/1] (0.00ns)   --->   "%buffer_likelihood_0 = alloca i64 1" [likelihood_kernel.cpp:146]   --->   Operation 225 'alloca' 'buffer_likelihood_0' <Predicate = true> <Delay = 0.00> <CoreInst = "RAM_2P_BRAM">   --->   Core 94 'RAM_2P_BRAM' <Latency = 1> <II = 1> <Delay = 1.20> <Storage> <Opcode : 'load' 'store'> <Ports = 2> <Width = 64> <Depth = 16> <RAM>
ST_1 : Operation 226 [1/1] (0.00ns)   --->   "%buffer_likelihood_1 = alloca i64 1" [likelihood_kernel.cpp:146]   --->   Operation 226 'alloca' 'buffer_likelihood_1' <Predicate = true> <Delay = 0.00> <CoreInst = "RAM_2P_BRAM">   --->   Core 94 'RAM_2P_BRAM' <Latency = 1> <II = 1> <Delay = 1.20> <Storage> <Opcode : 'load' 'store'> <Ports = 2> <Width = 64> <Depth = 16> <RAM>
ST_1 : Operation 227 [1/1] (0.00ns)   --->   "%buffer_likelihood_2 = alloca i64 1" [likelihood_kernel.cpp:146]   --->   Operation 227 'alloca' 'buffer_likelihood_2' <Predicate = true> <Delay = 0.00> <CoreInst = "RAM_2P_BRAM">   --->   Core 94 'RAM_2P_BRAM' <Latency = 1> <II = 1> <Delay = 1.20> <Storage> <Opcode : 'load' 'store'> <Ports = 2> <Width = 64> <Depth = 16> <RAM>
ST_1 : Operation 228 [1/1] (0.00ns)   --->   "%buffer_likelihood_3 = alloca i64 1" [likelihood_kernel.cpp:146]   --->   Operation 228 'alloca' 'buffer_likelihood_3' <Predicate = true> <Delay = 0.00> <CoreInst = "RAM_2P_BRAM">   --->   Core 94 'RAM_2P_BRAM' <Latency = 1> <II = 1> <Delay = 1.20> <Storage> <Opcode : 'load' 'store'> <Ports = 2> <Width = 64> <Depth = 16> <RAM>
ST_1 : Operation 229 [1/1] (0.00ns)   --->   "%specmemcore_ln146 = specmemcore void @_ssdm_op_SpecMemCore, i64 %buffer_objxy_0, i64 %buffer_objxy_1, i64 %buffer_objxy_2, i64 %buffer_objxy_3, i64 666, i64 22, i64 18446744073709551615" [likelihood_kernel.cpp:146]   --->   Operation 229 'specmemcore' 'specmemcore_ln146' <Predicate = true> <Delay = 0.00>
ST_1 : Operation 230 [1/1] (0.00ns)   --->   "%specmemcore_ln148 = specmemcore void @_ssdm_op_SpecMemCore, i64 %buffer_X_0, i64 %buffer_X_1, i64 %buffer_X_2, i64 %buffer_X_3, i64 666, i64 22, i64 18446744073709551615" [likelihood_kernel.cpp:148]   --->   Operation 230 'specmemcore' 'specmemcore_ln148' <Predicate = true> <Delay = 0.00>
ST_1 : Operation 231 [1/1] (0.00ns)   --->   "%specmemcore_ln149 = specmemcore void @_ssdm_op_SpecMemCore, i64 %buffer_Y_0, i64 %buffer_Y_1, i64 %buffer_Y_2, i64 %buffer_Y_3, i64 666, i64 22, i64 18446744073709551615" [likelihood_kernel.cpp:149]   --->   Operation 231 'specmemcore' 'specmemcore_ln149' <Predicate = true> <Delay = 0.00>
ST_1 : Operation 232 [1/1] (0.00ns)   --->   "%specmemcore_ln150 = specmemcore void @_ssdm_op_SpecMemCore, i64 %buffer_likelihood_0, i64 %buffer_likelihood_1, i64 %buffer_likelihood_2, i64 %buffer_likelihood_3, i64 666, i64 22, i64 18446744073709551615" [likelihood_kernel.cpp:150]   --->   Operation 232 'specmemcore' 'specmemcore_ln150' <Predicate = true> <Delay = 0.00>
ST_1 : Operation 233 [1/1] (0.00ns)   --->   "%empty = trunc i32 %countOnes_read"   --->   Operation 233 'trunc' 'empty' <Predicate = true> <Delay = 0.00>
ST_1 : Operation 234 [1/1] (0.00ns)   --->   "%empty_40 = shl i32 %countOnes_read, i32 1"   --->   Operation 234 'shl' 'empty_40' <Predicate = true> <Delay = 0.00>
ST_1 : Operation 235 [1/1] (0.85ns)   --->   "%icmp_ln20 = icmp_sgt  i32 %empty_40, i32 0" [likelihood_kernel.cpp:20]   --->   Operation 235 'icmp' 'icmp_ln20' <Predicate = true> <Delay = 0.85> <CoreInst = "Cmp">   --->   Core 9 'Cmp' <Latency = 0> <II = 1> <Delay = 0.84> <FuncUnit> <Opcode : 'icmp'> <InPorts = 2> <OutPorts = 1>
ST_1 : Operation 236 [1/1] (0.00ns)   --->   "%br_ln20 = br i1 %icmp_ln20, void %_Z10load_objxyPKdPdi.exit, void %.lr.ph55" [likelihood_kernel.cpp:20]   --->   Operation 236 'br' 'br_ln20' <Predicate = true> <Delay = 0.00>
ST_1 : Operation 237 [1/1] (0.00ns)   --->   "%trunc_ln = partselect i61 @_ssdm_op_PartSelect.i61.i64.i32.i32, i64 %objxy_read, i32 3, i32 63" [likelihood_kernel.cpp:20]   --->   Operation 237 'partselect' 'trunc_ln' <Predicate = (icmp_ln20)> <Delay = 0.00>

State 2 <SV = 1> <Delay = 2.43>
ST_2 : Operation 238 [1/1] (0.00ns)   --->   "%sext_ln20 = sext i61 %trunc_ln" [likelihood_kernel.cpp:20]   --->   Operation 238 'sext' 'sext_ln20' <Predicate = true> <Delay = 0.00>
ST_2 : Operation 239 [1/1] (0.00ns)   --->   "%gmem2_addr = getelementptr i64 %gmem2, i64 %sext_ln20" [likelihood_kernel.cpp:20]   --->   Operation 239 'getelementptr' 'gmem2_addr' <Predicate = true> <Delay = 0.00>
ST_2 : Operation 240 [7/7] (2.43ns)   --->   "%empty_41 = readreq i1 @_ssdm_op_ReadReq.m_axi.p1i64, i64 %gmem2_addr, i32 %empty_40" [likelihood_kernel.cpp:20]   --->   Operation 240 'readreq' 'empty_41' <Predicate = true> <Delay = 2.43> <CoreInst = "m_axi">   --->   Core 121 'm_axi' <Latency = 6> <II = 1> <Delay = 1.00> <Adapter> <Opcode : 'read' 'write' 'readreq' 'writereq' 'writeresp'>

State 3 <SV = 2> <Delay = 2.43>
ST_3 : Operation 241 [6/7] (2.43ns)   --->   "%empty_41 = readreq i1 @_ssdm_op_ReadReq.m_axi.p1i64, i64 %gmem2_addr, i32 %empty_40" [likelihood_kernel.cpp:20]   --->   Operation 241 'readreq' 'empty_41' <Predicate = true> <Delay = 2.43> <CoreInst = "m_axi">   --->   Core 121 'm_axi' <Latency = 6> <II = 1> <Delay = 1.00> <Adapter> <Opcode : 'read' 'write' 'readreq' 'writereq' 'writeresp'>

State 4 <SV = 3> <Delay = 2.43>
ST_4 : Operation 242 [5/7] (2.43ns)   --->   "%empty_41 = readreq i1 @_ssdm_op_ReadReq.m_axi.p1i64, i64 %gmem2_addr, i32 %empty_40" [likelihood_kernel.cpp:20]   --->   Operation 242 'readreq' 'empty_41' <Predicate = true> <Delay = 2.43> <CoreInst = "m_axi">   --->   Core 121 'm_axi' <Latency = 6> <II = 1> <Delay = 1.00> <Adapter> <Opcode : 'read' 'write' 'readreq' 'writereq' 'writeresp'>

State 5 <SV = 4> <Delay = 2.43>
ST_5 : Operation 243 [4/7] (2.43ns)   --->   "%empty_41 = readreq i1 @_ssdm_op_ReadReq.m_axi.p1i64, i64 %gmem2_addr, i32 %empty_40" [likelihood_kernel.cpp:20]   --->   Operation 243 'readreq' 'empty_41' <Predicate = true> <Delay = 2.43> <CoreInst = "m_axi">   --->   Core 121 'm_axi' <Latency = 6> <II = 1> <Delay = 1.00> <Adapter> <Opcode : 'read' 'write' 'readreq' 'writereq' 'writeresp'>

State 6 <SV = 5> <Delay = 2.43>
ST_6 : Operation 244 [3/7] (2.43ns)   --->   "%empty_41 = readreq i1 @_ssdm_op_ReadReq.m_axi.p1i64, i64 %gmem2_addr, i32 %empty_40" [likelihood_kernel.cpp:20]   --->   Operation 244 'readreq' 'empty_41' <Predicate = true> <Delay = 2.43> <CoreInst = "m_axi">   --->   Core 121 'm_axi' <Latency = 6> <II = 1> <Delay = 1.00> <Adapter> <Opcode : 'read' 'write' 'readreq' 'writereq' 'writeresp'>

State 7 <SV = 6> <Delay = 2.43>
ST_7 : Operation 245 [2/7] (2.43ns)   --->   "%empty_41 = readreq i1 @_ssdm_op_ReadReq.m_axi.p1i64, i64 %gmem2_addr, i32 %empty_40" [likelihood_kernel.cpp:20]   --->   Operation 245 'readreq' 'empty_41' <Predicate = true> <Delay = 2.43> <CoreInst = "m_axi">   --->   Core 121 'm_axi' <Latency = 6> <II = 1> <Delay = 1.00> <Adapter> <Opcode : 'read' 'write' 'readreq' 'writereq' 'writeresp'>

State 8 <SV = 7> <Delay = 2.43>
ST_8 : Operation 246 [1/1] (0.00ns)   --->   "%trunc_ln20_1 = bitconcatenate i31 @_ssdm_op_BitConcatenate.i31.i30.i1, i30 %empty, i1 0" [likelihood_kernel.cpp:20]   --->   Operation 246 'bitconcatenate' 'trunc_ln20_1' <Predicate = true> <Delay = 0.00>
ST_8 : Operation 247 [1/7] (2.43ns)   --->   "%empty_41 = readreq i1 @_ssdm_op_ReadReq.m_axi.p1i64, i64 %gmem2_addr, i32 %empty_40" [likelihood_kernel.cpp:20]   --->   Operation 247 'readreq' 'empty_41' <Predicate = true> <Delay = 2.43> <CoreInst = "m_axi">   --->   Core 121 'm_axi' <Latency = 6> <II = 1> <Delay = 1.00> <Adapter> <Opcode : 'read' 'write' 'readreq' 'writereq' 'writeresp'>
ST_8 : Operation 248 [1/1] (0.38ns)   --->   "%br_ln20 = br void" [likelihood_kernel.cpp:20]   --->   Operation 248 'br' 'br_ln20' <Predicate = true> <Delay = 0.38>

State 9 <SV = 8> <Delay = 0.87>
ST_9 : Operation 249 [1/1] (0.00ns)   --->   "%i = phi i31 0, void %.lr.ph55, i31 %add_ln20, void %.split1318" [likelihood_kernel.cpp:20]   --->   Operation 249 'phi' 'i' <Predicate = true> <Delay = 0.00>
ST_9 : Operation 250 [1/1] (0.87ns)   --->   "%add_ln20 = add i31 %i, i31 1" [likelihood_kernel.cpp:20]   --->   Operation 250 'add' 'add_ln20' <Predicate = true> <Delay = 0.87> <CoreInst = "Adder">   --->   Core 1 'Adder' <Latency = 0> <II = 1> <Delay = 0.88> <FuncUnit> <Opcode : 'add' 'sub'> <InPorts = 2> <OutPorts = 1>
ST_9 : Operation 251 [1/1] (0.84ns)   --->   "%icmp_ln20_1 = icmp_eq  i31 %i, i31 %trunc_ln20_1" [likelihood_kernel.cpp:20]   --->   Operation 251 'icmp' 'icmp_ln20_1' <Predicate = true> <Delay = 0.84> <CoreInst = "Cmp">   --->   Core 9 'Cmp' <Latency = 0> <II = 1> <Delay = 0.84> <FuncUnit> <Opcode : 'icmp'> <InPorts = 2> <OutPorts = 1>
ST_9 : Operation 252 [1/1] (0.00ns)   --->   "%br_ln20 = br i1 %icmp_ln20_1, void %.split13, void %_Z10load_objxyPKdPdi.exit.loopexit" [likelihood_kernel.cpp:20]   --->   Operation 252 'br' 'br_ln20' <Predicate = true> <Delay = 0.00>
ST_9 : Operation 253 [1/1] (0.00ns)   --->   "%trunc_ln23 = trunc i31 %i" [likelihood_kernel.cpp:23]   --->   Operation 253 'trunc' 'trunc_ln23' <Predicate = (!icmp_ln20_1)> <Delay = 0.00>
ST_9 : Operation 254 [1/1] (0.00ns)   --->   "%lshr_ln = partselect i6 @_ssdm_op_PartSelect.i6.i31.i32.i32, i31 %i, i32 2, i32 7" [likelihood_kernel.cpp:23]   --->   Operation 254 'partselect' 'lshr_ln' <Predicate = (!icmp_ln20_1)> <Delay = 0.00>
ST_9 : Operation 255 [1/1] (0.65ns)   --->   "%switch_ln23 = switch i2 %trunc_ln23, void %branch3, i2 0, void %branch0, i2 1, void %branch1, i2 2, void %branch2" [likelihood_kernel.cpp:23]   --->   Operation 255 'switch' 'switch_ln23' <Predicate = (!icmp_ln20_1)> <Delay = 0.65>
ST_9 : Operation 256 [1/1] (0.00ns)   --->   "%br_ln0 = br void"   --->   Operation 256 'br' 'br_ln0' <Predicate = (!icmp_ln20_1)> <Delay = 0.00>

State 10 <SV = 9> <Delay = 2.43>
ST_10 : Operation 257 [1/1] (2.43ns)   --->   "%gmem2_addr_read = read i64 @_ssdm_op_Read.m_axi.p1i64, i64 %gmem2_addr" [likelihood_kernel.cpp:23]   --->   Operation 257 'read' 'gmem2_addr_read' <Predicate = true> <Delay = 2.43> <CoreInst = "m_axi">   --->   Core 121 'm_axi' <Latency = 6> <II = 1> <Delay = 1.00> <Adapter> <Opcode : 'read' 'write' 'readreq' 'writereq' 'writeresp'>

State 11 <SV = 10> <Delay = 1.20>
ST_11 : Operation 258 [1/1] (0.00ns)   --->   "%specpipeline_ln20 = specpipeline void @_ssdm_op_SpecPipeline, i32 1, i32 0, i32 0, i32 0, void @empty_18" [likelihood_kernel.cpp:20]   --->   Operation 258 'specpipeline' 'specpipeline_ln20' <Predicate = true> <Delay = 0.00>
ST_11 : Operation 259 [1/1] (0.00ns)   --->   "%speclooptripcount_ln20 = speclooptripcount void @_ssdm_op_SpecLoopTripCount, i64 140, i64 160, i64 150" [likelihood_kernel.cpp:20]   --->   Operation 259 'speclooptripcount' 'speclooptripcount_ln20' <Predicate = true> <Delay = 0.00>
ST_11 : Operation 260 [1/1] (0.00ns)   --->   "%specloopname_ln20 = specloopname void @_ssdm_op_SpecLoopName, void @empty_15" [likelihood_kernel.cpp:20]   --->   Operation 260 'specloopname' 'specloopname_ln20' <Predicate = true> <Delay = 0.00>
ST_11 : Operation 261 [1/1] (0.00ns)   --->   "%bitcast_ln23 = bitcast i64 %gmem2_addr_read" [likelihood_kernel.cpp:23]   --->   Operation 261 'bitcast' 'bitcast_ln23' <Predicate = true> <Delay = 0.00>
ST_11 : Operation 262 [1/1] (0.00ns)   --->   "%zext_ln23 = zext i6 %lshr_ln" [likelihood_kernel.cpp:23]   --->   Operation 262 'zext' 'zext_ln23' <Predicate = true> <Delay = 0.00>
ST_11 : Operation 263 [1/1] (0.00ns)   --->   "%buffer_objxy_0_addr = getelementptr i64 %buffer_objxy_0, i64 0, i64 %zext_ln23" [likelihood_kernel.cpp:23]   --->   Operation 263 'getelementptr' 'buffer_objxy_0_addr' <Predicate = true> <Delay = 0.00>
ST_11 : Operation 264 [1/1] (0.00ns)   --->   "%buffer_objxy_1_addr = getelementptr i64 %buffer_objxy_1, i64 0, i64 %zext_ln23" [likelihood_kernel.cpp:23]   --->   Operation 264 'getelementptr' 'buffer_objxy_1_addr' <Predicate = true> <Delay = 0.00>
ST_11 : Operation 265 [1/1] (0.00ns)   --->   "%buffer_objxy_2_addr = getelementptr i64 %buffer_objxy_2, i64 0, i64 %zext_ln23" [likelihood_kernel.cpp:23]   --->   Operation 265 'getelementptr' 'buffer_objxy_2_addr' <Predicate = true> <Delay = 0.00>
ST_11 : Operation 266 [1/1] (0.00ns)   --->   "%buffer_objxy_3_addr = getelementptr i64 %buffer_objxy_3, i64 0, i64 %zext_ln23" [likelihood_kernel.cpp:23]   --->   Operation 266 'getelementptr' 'buffer_objxy_3_addr' <Predicate = true> <Delay = 0.00>
ST_11 : Operation 267 [1/1] (1.20ns)   --->   "%store_ln23 = store i64 %bitcast_ln23, i6 %buffer_objxy_2_addr" [likelihood_kernel.cpp:23]   --->   Operation 267 'store' 'store_ln23' <Predicate = (trunc_ln23 == 2)> <Delay = 1.20> <CoreInst = "RAM_2P_BRAM">   --->   Core 94 'RAM_2P_BRAM' <Latency = 1> <II = 1> <Delay = 1.20> <Storage> <Opcode : 'load' 'store'> <Ports = 2> <Width = 64> <Depth = 40> <RAM>
ST_11 : Operation 268 [1/1] (0.00ns)   --->   "%br_ln23 = br void %.split1318" [likelihood_kernel.cpp:23]   --->   Operation 268 'br' 'br_ln23' <Predicate = (trunc_ln23 == 2)> <Delay = 0.00>
ST_11 : Operation 269 [1/1] (1.20ns)   --->   "%store_ln23 = store i64 %bitcast_ln23, i6 %buffer_objxy_1_addr" [likelihood_kernel.cpp:23]   --->   Operation 269 'store' 'store_ln23' <Predicate = (trunc_ln23 == 1)> <Delay = 1.20> <CoreInst = "RAM_2P_BRAM">   --->   Core 94 'RAM_2P_BRAM' <Latency = 1> <II = 1> <Delay = 1.20> <Storage> <Opcode : 'load' 'store'> <Ports = 2> <Width = 64> <Depth = 40> <RAM>
ST_11 : Operation 270 [1/1] (0.00ns)   --->   "%br_ln23 = br void %.split1318" [likelihood_kernel.cpp:23]   --->   Operation 270 'br' 'br_ln23' <Predicate = (trunc_ln23 == 1)> <Delay = 0.00>
ST_11 : Operation 271 [1/1] (1.20ns)   --->   "%store_ln23 = store i64 %bitcast_ln23, i6 %buffer_objxy_0_addr" [likelihood_kernel.cpp:23]   --->   Operation 271 'store' 'store_ln23' <Predicate = (trunc_ln23 == 0)> <Delay = 1.20> <CoreInst = "RAM_2P_BRAM">   --->   Core 94 'RAM_2P_BRAM' <Latency = 1> <II = 1> <Delay = 1.20> <Storage> <Opcode : 'load' 'store'> <Ports = 2> <Width = 64> <Depth = 40> <RAM>
ST_11 : Operation 272 [1/1] (0.00ns)   --->   "%br_ln23 = br void %.split1318" [likelihood_kernel.cpp:23]   --->   Operation 272 'br' 'br_ln23' <Predicate = (trunc_ln23 == 0)> <Delay = 0.00>
ST_11 : Operation 273 [1/1] (1.20ns)   --->   "%store_ln23 = store i64 %bitcast_ln23, i6 %buffer_objxy_3_addr" [likelihood_kernel.cpp:23]   --->   Operation 273 'store' 'store_ln23' <Predicate = (trunc_ln23 == 3)> <Delay = 1.20> <CoreInst = "RAM_2P_BRAM">   --->   Core 94 'RAM_2P_BRAM' <Latency = 1> <II = 1> <Delay = 1.20> <Storage> <Opcode : 'load' 'store'> <Ports = 2> <Width = 64> <Depth = 40> <RAM>
ST_11 : Operation 274 [1/1] (0.00ns)   --->   "%br_ln23 = br void %.split1318" [likelihood_kernel.cpp:23]   --->   Operation 274 'br' 'br_ln23' <Predicate = (trunc_ln23 == 3)> <Delay = 0.00>

State 12 <SV = 9> <Delay = 2.21>
ST_12 : Operation 275 [1/1] (0.00ns)   --->   "%br_ln0 = br void %_Z10load_objxyPKdPdi.exit"   --->   Operation 275 'br' 'br_ln0' <Predicate = (icmp_ln20)> <Delay = 0.00>
ST_12 : Operation 276 [5/5] (2.21ns)   --->   "%conv30_i = sitodp i32 %countOnes_read"   --->   Operation 276 'sitodp' 'conv30_i' <Predicate = true> <Delay = 2.21> <CoreInst = "Int2Double">   --->   Core 66 'Int2Double' <Latency = 4> <II = 1> <Delay = 2.21> <FuncUnit> <Opcode : 'sitodp' 'uitodp'> <InPorts = 1> <OutPorts = 1>

State 13 <SV = 10> <Delay = 2.21>
ST_13 : Operation 277 [4/5] (2.21ns)   --->   "%conv30_i = sitodp i32 %countOnes_read"   --->   Operation 277 'sitodp' 'conv30_i' <Predicate = true> <Delay = 2.21> <CoreInst = "Int2Double">   --->   Core 66 'Int2Double' <Latency = 4> <II = 1> <Delay = 2.21> <FuncUnit> <Opcode : 'sitodp' 'uitodp'> <InPorts = 1> <OutPorts = 1>

State 14 <SV = 11> <Delay = 2.21>
ST_14 : Operation 278 [3/5] (2.21ns)   --->   "%conv30_i = sitodp i32 %countOnes_read"   --->   Operation 278 'sitodp' 'conv30_i' <Predicate = true> <Delay = 2.21> <CoreInst = "Int2Double">   --->   Core 66 'Int2Double' <Latency = 4> <II = 1> <Delay = 2.21> <FuncUnit> <Opcode : 'sitodp' 'uitodp'> <InPorts = 1> <OutPorts = 1>

State 15 <SV = 12> <Delay = 2.21>
ST_15 : Operation 279 [2/5] (2.21ns)   --->   "%conv30_i = sitodp i32 %countOnes_read"   --->   Operation 279 'sitodp' 'conv30_i' <Predicate = true> <Delay = 2.21> <CoreInst = "Int2Double">   --->   Core 66 'Int2Double' <Latency = 4> <II = 1> <Delay = 2.21> <FuncUnit> <Opcode : 'sitodp' 'uitodp'> <InPorts = 1> <OutPorts = 1>

State 16 <SV = 13> <Delay = 2.21>
ST_16 : Operation 280 [1/5] (2.21ns)   --->   "%conv30_i = sitodp i32 %countOnes_read"   --->   Operation 280 'sitodp' 'conv30_i' <Predicate = true> <Delay = 2.21> <CoreInst = "Int2Double">   --->   Core 66 'Int2Double' <Latency = 4> <II = 1> <Delay = 2.21> <FuncUnit> <Opcode : 'sitodp' 'uitodp'> <InPorts = 1> <OutPorts = 1>
ST_16 : Operation 281 [1/1] (0.85ns)   --->   "%icmp_ln162 = icmp_sgt  i32 %Nparticles_read, i32 0" [likelihood_kernel.cpp:162]   --->   Operation 281 'icmp' 'icmp_ln162' <Predicate = true> <Delay = 0.85> <CoreInst = "Cmp">   --->   Core 9 'Cmp' <Latency = 0> <II = 1> <Delay = 0.84> <FuncUnit> <Opcode : 'icmp'> <InPorts = 2> <OutPorts = 1>
ST_16 : Operation 282 [1/1] (0.00ns)   --->   "%br_ln162 = br i1 %icmp_ln162, void %._crit_edge51, void %.lr.ph50" [likelihood_kernel.cpp:162]   --->   Operation 282 'br' 'br_ln162' <Predicate = true> <Delay = 0.00>
ST_16 : Operation 283 [1/1] (0.00ns)   --->   "%trunc_ln162 = trunc i32 %Nparticles_read" [likelihood_kernel.cpp:162]   --->   Operation 283 'trunc' 'trunc_ln162' <Predicate = (icmp_ln162)> <Delay = 0.00>
ST_16 : Operation 284 [1/1] (0.87ns)   --->   "%add_ln162 = add i31 %trunc_ln162, i31 2147483647" [likelihood_kernel.cpp:162]   --->   Operation 284 'add' 'add_ln162' <Predicate = (icmp_ln162)> <Delay = 0.87> <CoreInst = "Adder">   --->   Core 1 'Adder' <Latency = 0> <II = 1> <Delay = 0.88> <FuncUnit> <Opcode : 'add' 'sub'> <InPorts = 2> <OutPorts = 1>
ST_16 : Operation 285 [1/1] (0.00ns)   --->   "%trunc_ln162_1 = partselect i25 @_ssdm_op_PartSelect.i25.i31.i32.i32, i31 %add_ln162, i32 6, i32 30" [likelihood_kernel.cpp:162]   --->   Operation 285 'partselect' 'trunc_ln162_1' <Predicate = (icmp_ln162)> <Delay = 0.00>
ST_16 : Operation 286 [1/1] (0.00ns)   --->   "%zext_ln162 = zext i25 %trunc_ln162_1" [likelihood_kernel.cpp:162]   --->   Operation 286 'zext' 'zext_ln162' <Predicate = (icmp_ln162)> <Delay = 0.00>
ST_16 : Operation 287 [1/1] (0.83ns)   --->   "%add_ln162_1 = add i26 %zext_ln162, i26 1" [likelihood_kernel.cpp:162]   --->   Operation 287 'add' 'add_ln162_1' <Predicate = (icmp_ln162)> <Delay = 0.83> <CoreInst = "Adder">   --->   Core 1 'Adder' <Latency = 0> <II = 1> <Delay = 0.88> <FuncUnit> <Opcode : 'add' 'sub'> <InPorts = 2> <OutPorts = 1>
ST_16 : Operation 288 [1/1] (0.38ns)   --->   "%br_ln162 = br void" [likelihood_kernel.cpp:162]   --->   Operation 288 'br' 'br_ln162' <Predicate = (icmp_ln162)> <Delay = 0.38>

State 17 <SV = 14> <Delay = 1.96>
ST_17 : Operation 289 [1/1] (0.00ns)   --->   "%indvar = phi i26 0, void %.lr.ph50, i26 %add_ln162_2, void %._Z16store_likelihoodPdPKdii.exit_crit_edge" [likelihood_kernel.cpp:162]   --->   Operation 289 'phi' 'indvar' <Predicate = (icmp_ln162)> <Delay = 0.00>
ST_17 : Operation 290 [1/1] (0.00ns)   --->   "%base = phi i32 0, void %.lr.ph50, i32 %add_ln167_3, void %._Z16store_likelihoodPdPKdii.exit_crit_edge" [likelihood_kernel.cpp:167]   --->   Operation 290 'phi' 'base' <Predicate = (icmp_ln162)> <Delay = 0.00>
ST_17 : Operation 291 [1/1] (0.84ns)   --->   "%add_ln162_2 = add i26 %indvar, i26 1" [likelihood_kernel.cpp:162]   --->   Operation 291 'add' 'add_ln162_2' <Predicate = (icmp_ln162)> <Delay = 0.84> <CoreInst = "Adder">   --->   Core 1 'Adder' <Latency = 0> <II = 1> <Delay = 0.88> <FuncUnit> <Opcode : 'add' 'sub'> <InPorts = 2> <OutPorts = 1>
ST_17 : Operation 292 [1/1] (0.79ns)   --->   "%icmp_ln162_1 = icmp_eq  i26 %indvar, i26 %add_ln162_1" [likelihood_kernel.cpp:162]   --->   Operation 292 'icmp' 'icmp_ln162_1' <Predicate = (icmp_ln162)> <Delay = 0.79> <CoreInst = "Cmp">   --->   Core 9 'Cmp' <Latency = 0> <II = 1> <Delay = 0.84> <FuncUnit> <Opcode : 'icmp'> <InPorts = 2> <OutPorts = 1>
ST_17 : Operation 293 [1/1] (0.00ns)   --->   "%br_ln162 = br i1 %icmp_ln162_1, void %.split11, void %._crit_edge51.loopexit" [likelihood_kernel.cpp:162]   --->   Operation 293 'br' 'br_ln162' <Predicate = (icmp_ln162)> <Delay = 0.00>
ST_17 : Operation 294 [1/1] (0.00ns)   --->   "%trunc_ln167 = trunc i26 %indvar" [likelihood_kernel.cpp:167]   --->   Operation 294 'trunc' 'trunc_ln167' <Predicate = (icmp_ln162 & !icmp_ln162_1)> <Delay = 0.00>
ST_17 : Operation 295 [1/1] (0.00ns)   --->   "%shl_ln = bitconcatenate i34 @_ssdm_op_BitConcatenate.i34.i25.i9, i25 %trunc_ln167, i9 0" [likelihood_kernel.cpp:167]   --->   Operation 295 'bitconcatenate' 'shl_ln' <Predicate = (icmp_ln162 & !icmp_ln162_1)> <Delay = 0.00>
ST_17 : Operation 296 [1/1] (0.00ns)   --->   "%zext_ln167 = zext i34 %shl_ln" [likelihood_kernel.cpp:167]   --->   Operation 296 'zext' 'zext_ln167' <Predicate = (icmp_ln162 & !icmp_ln162_1)> <Delay = 0.00>
ST_17 : Operation 297 [1/1] (1.14ns)   --->   "%add_ln167 = add i64 %zext_ln167, i64 %likelihood_read" [likelihood_kernel.cpp:167]   --->   Operation 297 'add' 'add_ln167' <Predicate = (icmp_ln162 & !icmp_ln162_1)> <Delay = 1.14> <CoreInst = "Adder">   --->   Core 1 'Adder' <Latency = 0> <II = 1> <Delay = 0.88> <FuncUnit> <Opcode : 'add' 'sub'> <InPorts = 2> <OutPorts = 1>
ST_17 : Operation 298 [1/1] (1.14ns)   --->   "%add_ln167_1 = add i64 %zext_ln167, i64 %arrayX_read" [likelihood_kernel.cpp:167]   --->   Operation 298 'add' 'add_ln167_1' <Predicate = (icmp_ln162 & !icmp_ln162_1)> <Delay = 1.14> <CoreInst = "Adder">   --->   Core 1 'Adder' <Latency = 0> <II = 1> <Delay = 0.88> <FuncUnit> <Opcode : 'add' 'sub'> <InPorts = 2> <OutPorts = 1>
ST_17 : Operation 299 [1/1] (1.14ns)   --->   "%add_ln167_2 = add i64 %zext_ln167, i64 %arrayY_read" [likelihood_kernel.cpp:167]   --->   Operation 299 'add' 'add_ln167_2' <Predicate = (icmp_ln162 & !icmp_ln162_1)> <Delay = 1.14> <CoreInst = "Adder">   --->   Core 1 'Adder' <Latency = 0> <II = 1> <Delay = 0.88> <FuncUnit> <Opcode : 'add' 'sub'> <InPorts = 2> <OutPorts = 1>
ST_17 : Operation 300 [1/1] (0.88ns)   --->   "%add_ln167_3 = add i32 %base, i32 64" [likelihood_kernel.cpp:167]   --->   Operation 300 'add' 'add_ln167_3' <Predicate = (icmp_ln162 & !icmp_ln162_1)> <Delay = 0.88> <CoreInst = "Adder">   --->   Core 1 'Adder' <Latency = 0> <II = 1> <Delay = 0.88> <FuncUnit> <Opcode : 'add' 'sub'> <InPorts = 2> <OutPorts = 1>
ST_17 : Operation 301 [1/1] (0.85ns)   --->   "%icmp_ln167 = icmp_ugt  i32 %add_ln167_3, i32 %Nparticles_read" [likelihood_kernel.cpp:167]   --->   Operation 301 'icmp' 'icmp_ln167' <Predicate = (icmp_ln162 & !icmp_ln162_1)> <Delay = 0.85> <CoreInst = "Cmp">   --->   Core 9 'Cmp' <Latency = 0> <II = 1> <Delay = 0.84> <FuncUnit> <Opcode : 'icmp'> <InPorts = 2> <OutPorts = 1>
ST_17 : Operation 302 [1/1] (0.00ns)   --->   "%trunc_ln168 = trunc i32 %base" [likelihood_kernel.cpp:168]   --->   Operation 302 'trunc' 'trunc_ln168' <Predicate = (icmp_ln162 & !icmp_ln162_1)> <Delay = 0.00>
ST_17 : Operation 303 [1/1] (0.00ns)   --->   "%zext_ln168 = zext i31 %trunc_ln168" [likelihood_kernel.cpp:168]   --->   Operation 303 'zext' 'zext_ln168' <Predicate = (icmp_ln162 & !icmp_ln162_1)> <Delay = 0.00>
ST_17 : Operation 304 [1/1] (0.88ns)   --->   "%sub_ln167 = sub i32 %Nparticles_read, i32 %zext_ln168" [likelihood_kernel.cpp:167]   --->   Operation 304 'sub' 'sub_ln167' <Predicate = (icmp_ln162 & !icmp_ln162_1)> <Delay = 0.88> <CoreInst = "Adder">   --->   Core 1 'Adder' <Latency = 0> <II = 1> <Delay = 0.88> <FuncUnit> <Opcode : 'add' 'sub'> <InPorts = 2> <OutPorts = 1>
ST_17 : Operation 305 [1/1] (0.22ns)   --->   "%tileSize = select i1 %icmp_ln167, i32 %sub_ln167, i32 64" [likelihood_kernel.cpp:167]   --->   Operation 305 'select' 'tileSize' <Predicate = (icmp_ln162 & !icmp_ln162_1)> <Delay = 0.22> <CoreInst = "Sel">   --->   Core 73 'Sel' <Latency = 0> <II = 1> <Delay = 0.22> <FuncUnit> <Opcode : 'select'> <InPorts = 3> <OutPorts = 1>
ST_17 : Operation 306 [1/1] (0.00ns)   --->   "%br_ln0 = br void %._crit_edge51"   --->   Operation 306 'br' 'br_ln0' <Predicate = (icmp_ln162 & icmp_ln162_1)> <Delay = 0.00>
ST_17 : Operation 307 [1/1] (0.00ns)   --->   "%ret_ln177 = ret" [likelihood_kernel.cpp:177]   --->   Operation 307 'ret' 'ret_ln177' <Predicate = (icmp_ln162_1) | (!icmp_ln162)> <Delay = 0.00>

State 18 <SV = 15> <Delay = 0.85>
ST_18 : Operation 308 [1/1] (0.00ns)   --->   "%specpipeline_ln162 = specpipeline void @_ssdm_op_SpecPipeline, i32 1, i32 0, i32 0, i32 0, void @empty_18" [likelihood_kernel.cpp:162]   --->   Operation 308 'specpipeline' 'specpipeline_ln162' <Predicate = true> <Delay = 0.00>
ST_18 : Operation 309 [1/1] (0.00ns)   --->   "%speclooptripcount_ln162 = speclooptripcount void @_ssdm_op_SpecLoopTripCount, i64 32, i64 32, i64 32" [likelihood_kernel.cpp:162]   --->   Operation 309 'speclooptripcount' 'speclooptripcount_ln162' <Predicate = true> <Delay = 0.00>
ST_18 : Operation 310 [1/1] (0.00ns)   --->   "%specloopname_ln162 = specloopname void @_ssdm_op_SpecLoopName, void @empty_7" [likelihood_kernel.cpp:162]   --->   Operation 310 'specloopname' 'specloopname_ln162' <Predicate = true> <Delay = 0.00>
ST_18 : Operation 311 [1/1] (0.85ns)   --->   "%icmp_ln37 = icmp_sgt  i32 %tileSize, i32 0" [likelihood_kernel.cpp:37]   --->   Operation 311 'icmp' 'icmp_ln37' <Predicate = true> <Delay = 0.85> <CoreInst = "Cmp">   --->   Core 9 'Cmp' <Latency = 0> <II = 1> <Delay = 0.84> <FuncUnit> <Opcode : 'icmp'> <InPorts = 2> <OutPorts = 1>
ST_18 : Operation 312 [1/1] (0.00ns)   --->   "%br_ln37 = br i1 %icmp_ln37, void %._Z16store_likelihoodPdPKdii.exit_crit_edge, void %.lr.ph" [likelihood_kernel.cpp:37]   --->   Operation 312 'br' 'br_ln37' <Predicate = true> <Delay = 0.00>
ST_18 : Operation 313 [1/1] (0.00ns)   --->   "%trunc_ln4 = partselect i61 @_ssdm_op_PartSelect.i61.i64.i32.i32, i64 %add_ln167_1, i32 3, i32 63" [likelihood_kernel.cpp:37]   --->   Operation 313 'partselect' 'trunc_ln4' <Predicate = (icmp_ln37)> <Delay = 0.00>
ST_18 : Operation 314 [1/1] (0.00ns)   --->   "%trunc_ln37_1 = partselect i61 @_ssdm_op_PartSelect.i61.i64.i32.i32, i64 %add_ln167_2, i32 3, i32 63" [likelihood_kernel.cpp:37]   --->   Operation 314 'partselect' 'trunc_ln37_1' <Predicate = (icmp_ln37)> <Delay = 0.00>

State 19 <SV = 16> <Delay = 2.43>
ST_19 : Operation 315 [1/1] (0.00ns)   --->   "%sext_ln37 = sext i61 %trunc_ln4" [likelihood_kernel.cpp:37]   --->   Operation 315 'sext' 'sext_ln37' <Predicate = true> <Delay = 0.00>
ST_19 : Operation 316 [1/1] (0.00ns)   --->   "%gmem0_addr = getelementptr i64 %gmem0, i64 %sext_ln37" [likelihood_kernel.cpp:37]   --->   Operation 316 'getelementptr' 'gmem0_addr' <Predicate = true> <Delay = 0.00>
ST_19 : Operation 317 [7/7] (2.43ns)   --->   "%empty_42 = readreq i1 @_ssdm_op_ReadReq.m_axi.p1i64, i64 %gmem0_addr, i32 %tileSize" [likelihood_kernel.cpp:37]   --->   Operation 317 'readreq' 'empty_42' <Predicate = true> <Delay = 2.43> <CoreInst = "m_axi">   --->   Core 121 'm_axi' <Latency = 6> <II = 1> <Delay = 1.00> <Adapter> <Opcode : 'read' 'write' 'readreq' 'writereq' 'writeresp'>
ST_19 : Operation 318 [1/1] (0.00ns)   --->   "%sext_ln37_1 = sext i61 %trunc_ln37_1" [likelihood_kernel.cpp:37]   --->   Operation 318 'sext' 'sext_ln37_1' <Predicate = true> <Delay = 0.00>
ST_19 : Operation 319 [1/1] (0.00ns)   --->   "%gmem1_addr = getelementptr i64 %gmem1, i64 %sext_ln37_1" [likelihood_kernel.cpp:37]   --->   Operation 319 'getelementptr' 'gmem1_addr' <Predicate = true> <Delay = 0.00>
ST_19 : Operation 320 [7/7] (2.43ns)   --->   "%empty_43 = readreq i1 @_ssdm_op_ReadReq.m_axi.p1i64, i64 %gmem1_addr, i32 %tileSize" [likelihood_kernel.cpp:37]   --->   Operation 320 'readreq' 'empty_43' <Predicate = true> <Delay = 2.43> <CoreInst = "m_axi">   --->   Core 121 'm_axi' <Latency = 6> <II = 1> <Delay = 1.00> <Adapter> <Opcode : 'read' 'write' 'readreq' 'writereq' 'writeresp'>

State 20 <SV = 17> <Delay = 2.43>
ST_20 : Operation 321 [6/7] (2.43ns)   --->   "%empty_42 = readreq i1 @_ssdm_op_ReadReq.m_axi.p1i64, i64 %gmem0_addr, i32 %tileSize" [likelihood_kernel.cpp:37]   --->   Operation 321 'readreq' 'empty_42' <Predicate = true> <Delay = 2.43> <CoreInst = "m_axi">   --->   Core 121 'm_axi' <Latency = 6> <II = 1> <Delay = 1.00> <Adapter> <Opcode : 'read' 'write' 'readreq' 'writereq' 'writeresp'>
ST_20 : Operation 322 [6/7] (2.43ns)   --->   "%empty_43 = readreq i1 @_ssdm_op_ReadReq.m_axi.p1i64, i64 %gmem1_addr, i32 %tileSize" [likelihood_kernel.cpp:37]   --->   Operation 322 'readreq' 'empty_43' <Predicate = true> <Delay = 2.43> <CoreInst = "m_axi">   --->   Core 121 'm_axi' <Latency = 6> <II = 1> <Delay = 1.00> <Adapter> <Opcode : 'read' 'write' 'readreq' 'writereq' 'writeresp'>

State 21 <SV = 18> <Delay = 2.43>
ST_21 : Operation 323 [5/7] (2.43ns)   --->   "%empty_42 = readreq i1 @_ssdm_op_ReadReq.m_axi.p1i64, i64 %gmem0_addr, i32 %tileSize" [likelihood_kernel.cpp:37]   --->   Operation 323 'readreq' 'empty_42' <Predicate = true> <Delay = 2.43> <CoreInst = "m_axi">   --->   Core 121 'm_axi' <Latency = 6> <II = 1> <Delay = 1.00> <Adapter> <Opcode : 'read' 'write' 'readreq' 'writereq' 'writeresp'>
ST_21 : Operation 324 [5/7] (2.43ns)   --->   "%empty_43 = readreq i1 @_ssdm_op_ReadReq.m_axi.p1i64, i64 %gmem1_addr, i32 %tileSize" [likelihood_kernel.cpp:37]   --->   Operation 324 'readreq' 'empty_43' <Predicate = true> <Delay = 2.43> <CoreInst = "m_axi">   --->   Core 121 'm_axi' <Latency = 6> <II = 1> <Delay = 1.00> <Adapter> <Opcode : 'read' 'write' 'readreq' 'writereq' 'writeresp'>

State 22 <SV = 19> <Delay = 2.43>
ST_22 : Operation 325 [4/7] (2.43ns)   --->   "%empty_42 = readreq i1 @_ssdm_op_ReadReq.m_axi.p1i64, i64 %gmem0_addr, i32 %tileSize" [likelihood_kernel.cpp:37]   --->   Operation 325 'readreq' 'empty_42' <Predicate = true> <Delay = 2.43> <CoreInst = "m_axi">   --->   Core 121 'm_axi' <Latency = 6> <II = 1> <Delay = 1.00> <Adapter> <Opcode : 'read' 'write' 'readreq' 'writereq' 'writeresp'>
ST_22 : Operation 326 [4/7] (2.43ns)   --->   "%empty_43 = readreq i1 @_ssdm_op_ReadReq.m_axi.p1i64, i64 %gmem1_addr, i32 %tileSize" [likelihood_kernel.cpp:37]   --->   Operation 326 'readreq' 'empty_43' <Predicate = true> <Delay = 2.43> <CoreInst = "m_axi">   --->   Core 121 'm_axi' <Latency = 6> <II = 1> <Delay = 1.00> <Adapter> <Opcode : 'read' 'write' 'readreq' 'writereq' 'writeresp'>

State 23 <SV = 20> <Delay = 2.43>
ST_23 : Operation 327 [3/7] (2.43ns)   --->   "%empty_42 = readreq i1 @_ssdm_op_ReadReq.m_axi.p1i64, i64 %gmem0_addr, i32 %tileSize" [likelihood_kernel.cpp:37]   --->   Operation 327 'readreq' 'empty_42' <Predicate = true> <Delay = 2.43> <CoreInst = "m_axi">   --->   Core 121 'm_axi' <Latency = 6> <II = 1> <Delay = 1.00> <Adapter> <Opcode : 'read' 'write' 'readreq' 'writereq' 'writeresp'>
ST_23 : Operation 328 [3/7] (2.43ns)   --->   "%empty_43 = readreq i1 @_ssdm_op_ReadReq.m_axi.p1i64, i64 %gmem1_addr, i32 %tileSize" [likelihood_kernel.cpp:37]   --->   Operation 328 'readreq' 'empty_43' <Predicate = true> <Delay = 2.43> <CoreInst = "m_axi">   --->   Core 121 'm_axi' <Latency = 6> <II = 1> <Delay = 1.00> <Adapter> <Opcode : 'read' 'write' 'readreq' 'writereq' 'writeresp'>

State 24 <SV = 21> <Delay = 2.43>
ST_24 : Operation 329 [2/7] (2.43ns)   --->   "%empty_42 = readreq i1 @_ssdm_op_ReadReq.m_axi.p1i64, i64 %gmem0_addr, i32 %tileSize" [likelihood_kernel.cpp:37]   --->   Operation 329 'readreq' 'empty_42' <Predicate = true> <Delay = 2.43> <CoreInst = "m_axi">   --->   Core 121 'm_axi' <Latency = 6> <II = 1> <Delay = 1.00> <Adapter> <Opcode : 'read' 'write' 'readreq' 'writereq' 'writeresp'>
ST_24 : Operation 330 [2/7] (2.43ns)   --->   "%empty_43 = readreq i1 @_ssdm_op_ReadReq.m_axi.p1i64, i64 %gmem1_addr, i32 %tileSize" [likelihood_kernel.cpp:37]   --->   Operation 330 'readreq' 'empty_43' <Predicate = true> <Delay = 2.43> <CoreInst = "m_axi">   --->   Core 121 'm_axi' <Latency = 6> <II = 1> <Delay = 1.00> <Adapter> <Opcode : 'read' 'write' 'readreq' 'writereq' 'writeresp'>

State 25 <SV = 22> <Delay = 2.43>
ST_25 : Operation 331 [1/1] (0.00ns)   --->   "%trunc_ln37 = trunc i32 %tileSize" [likelihood_kernel.cpp:37]   --->   Operation 331 'trunc' 'trunc_ln37' <Predicate = true> <Delay = 0.00>
ST_25 : Operation 332 [1/7] (2.43ns)   --->   "%empty_42 = readreq i1 @_ssdm_op_ReadReq.m_axi.p1i64, i64 %gmem0_addr, i32 %tileSize" [likelihood_kernel.cpp:37]   --->   Operation 332 'readreq' 'empty_42' <Predicate = true> <Delay = 2.43> <CoreInst = "m_axi">   --->   Core 121 'm_axi' <Latency = 6> <II = 1> <Delay = 1.00> <Adapter> <Opcode : 'read' 'write' 'readreq' 'writereq' 'writeresp'>
ST_25 : Operation 333 [1/7] (2.43ns)   --->   "%empty_43 = readreq i1 @_ssdm_op_ReadReq.m_axi.p1i64, i64 %gmem1_addr, i32 %tileSize" [likelihood_kernel.cpp:37]   --->   Operation 333 'readreq' 'empty_43' <Predicate = true> <Delay = 2.43> <CoreInst = "m_axi">   --->   Core 121 'm_axi' <Latency = 6> <II = 1> <Delay = 1.00> <Adapter> <Opcode : 'read' 'write' 'readreq' 'writereq' 'writeresp'>
ST_25 : Operation 334 [1/1] (0.38ns)   --->   "%br_ln37 = br void" [likelihood_kernel.cpp:37]   --->   Operation 334 'br' 'br_ln37' <Predicate = true> <Delay = 0.38>

State 26 <SV = 23> <Delay = 0.87>
ST_26 : Operation 335 [1/1] (0.00ns)   --->   "%x = phi i31 0, void %.lr.ph, i31 %add_ln37, void %.split3348" [likelihood_kernel.cpp:37]   --->   Operation 335 'phi' 'x' <Predicate = true> <Delay = 0.00>
ST_26 : Operation 336 [1/1] (0.87ns)   --->   "%add_ln37 = add i31 %x, i31 1" [likelihood_kernel.cpp:37]   --->   Operation 336 'add' 'add_ln37' <Predicate = true> <Delay = 0.87> <CoreInst = "Adder">   --->   Core 1 'Adder' <Latency = 0> <II = 1> <Delay = 0.88> <FuncUnit> <Opcode : 'add' 'sub'> <InPorts = 2> <OutPorts = 1>
ST_26 : Operation 337 [1/1] (0.84ns)   --->   "%icmp_ln37_1 = icmp_eq  i31 %x, i31 %trunc_ln37" [likelihood_kernel.cpp:37]   --->   Operation 337 'icmp' 'icmp_ln37_1' <Predicate = true> <Delay = 0.84> <CoreInst = "Cmp">   --->   Core 9 'Cmp' <Latency = 0> <II = 1> <Delay = 0.84> <FuncUnit> <Opcode : 'icmp'> <InPorts = 2> <OutPorts = 1>
ST_26 : Operation 338 [1/1] (0.00ns)   --->   "%br_ln37 = br i1 %icmp_ln37_1, void %.split, void %.lr.ph41.preheader" [likelihood_kernel.cpp:37]   --->   Operation 338 'br' 'br_ln37' <Predicate = true> <Delay = 0.00>
ST_26 : Operation 339 [1/1] (0.00ns)   --->   "%trunc_ln40 = trunc i31 %x" [likelihood_kernel.cpp:40]   --->   Operation 339 'trunc' 'trunc_ln40' <Predicate = (!icmp_ln37_1)> <Delay = 0.00>
ST_26 : Operation 340 [1/1] (0.00ns)   --->   "%lshr_ln1 = partselect i4 @_ssdm_op_PartSelect.i4.i31.i32.i32, i31 %x, i32 2, i32 5" [likelihood_kernel.cpp:40]   --->   Operation 340 'partselect' 'lshr_ln1' <Predicate = (!icmp_ln37_1)> <Delay = 0.00>
ST_26 : Operation 341 [1/1] (0.65ns)   --->   "%switch_ln40 = switch i2 %trunc_ln40, void %branch7, i2 0, void %branch4, i2 1, void %branch5, i2 2, void %branch6" [likelihood_kernel.cpp:40]   --->   Operation 341 'switch' 'switch_ln40' <Predicate = (!icmp_ln37_1)> <Delay = 0.65>
ST_26 : Operation 342 [1/1] (0.00ns)   --->   "%br_ln0 = br void"   --->   Operation 342 'br' 'br_ln0' <Predicate = (!icmp_ln37_1)> <Delay = 0.00>

State 27 <SV = 24> <Delay = 2.43>
ST_27 : Operation 343 [1/1] (2.43ns)   --->   "%gmem0_addr_read = read i64 @_ssdm_op_Read.m_axi.p1i64, i64 %gmem0_addr" [likelihood_kernel.cpp:40]   --->   Operation 343 'read' 'gmem0_addr_read' <Predicate = true> <Delay = 2.43> <CoreInst = "m_axi">   --->   Core 121 'm_axi' <Latency = 6> <II = 1> <Delay = 1.00> <Adapter> <Opcode : 'read' 'write' 'readreq' 'writereq' 'writeresp'>
ST_27 : Operation 344 [1/1] (0.00ns)   --->   "%bitcast_ln40 = bitcast i64 %gmem0_addr_read" [likelihood_kernel.cpp:40]   --->   Operation 344 'bitcast' 'bitcast_ln40' <Predicate = true> <Delay = 0.00>
ST_27 : Operation 345 [1/1] (2.43ns)   --->   "%gmem1_addr_read = read i64 @_ssdm_op_Read.m_axi.p1i64, i64 %gmem1_addr" [likelihood_kernel.cpp:41]   --->   Operation 345 'read' 'gmem1_addr_read' <Predicate = true> <Delay = 2.43> <CoreInst = "m_axi">   --->   Core 121 'm_axi' <Latency = 6> <II = 1> <Delay = 1.00> <Adapter> <Opcode : 'read' 'write' 'readreq' 'writereq' 'writeresp'>

State 28 <SV = 25> <Delay = 1.20>
ST_28 : Operation 346 [1/1] (0.00ns)   --->   "%specpipeline_ln37 = specpipeline void @_ssdm_op_SpecPipeline, i32 1, i32 0, i32 0, i32 0, void @empty_18" [likelihood_kernel.cpp:37]   --->   Operation 346 'specpipeline' 'specpipeline_ln37' <Predicate = true> <Delay = 0.00>
ST_28 : Operation 347 [1/1] (0.00ns)   --->   "%speclooptripcount_ln37 = speclooptripcount void @_ssdm_op_SpecLoopTripCount, i64 64, i64 64, i64 64" [likelihood_kernel.cpp:37]   --->   Operation 347 'speclooptripcount' 'speclooptripcount_ln37' <Predicate = true> <Delay = 0.00>
ST_28 : Operation 348 [1/1] (0.00ns)   --->   "%specloopname_ln37 = specloopname void @_ssdm_op_SpecLoopName, void @empty_26" [likelihood_kernel.cpp:37]   --->   Operation 348 'specloopname' 'specloopname_ln37' <Predicate = true> <Delay = 0.00>
ST_28 : Operation 349 [1/1] (0.00ns)   --->   "%zext_ln40 = zext i4 %lshr_ln1" [likelihood_kernel.cpp:40]   --->   Operation 349 'zext' 'zext_ln40' <Predicate = true> <Delay = 0.00>
ST_28 : Operation 350 [1/1] (0.00ns)   --->   "%buffer_X_0_addr = getelementptr i64 %buffer_X_0, i64 0, i64 %zext_ln40" [likelihood_kernel.cpp:40]   --->   Operation 350 'getelementptr' 'buffer_X_0_addr' <Predicate = true> <Delay = 0.00>
ST_28 : Operation 351 [1/1] (0.00ns)   --->   "%buffer_X_1_addr = getelementptr i64 %buffer_X_1, i64 0, i64 %zext_ln40" [likelihood_kernel.cpp:40]   --->   Operation 351 'getelementptr' 'buffer_X_1_addr' <Predicate = true> <Delay = 0.00>
ST_28 : Operation 352 [1/1] (0.00ns)   --->   "%buffer_X_2_addr = getelementptr i64 %buffer_X_2, i64 0, i64 %zext_ln40" [likelihood_kernel.cpp:40]   --->   Operation 352 'getelementptr' 'buffer_X_2_addr' <Predicate = true> <Delay = 0.00>
ST_28 : Operation 353 [1/1] (0.00ns)   --->   "%buffer_X_3_addr = getelementptr i64 %buffer_X_3, i64 0, i64 %zext_ln40" [likelihood_kernel.cpp:40]   --->   Operation 353 'getelementptr' 'buffer_X_3_addr' <Predicate = true> <Delay = 0.00>
ST_28 : Operation 354 [1/1] (0.00ns)   --->   "%bitcast_ln41 = bitcast i64 %gmem1_addr_read" [likelihood_kernel.cpp:41]   --->   Operation 354 'bitcast' 'bitcast_ln41' <Predicate = true> <Delay = 0.00>
ST_28 : Operation 355 [1/1] (0.00ns)   --->   "%buffer_Y_0_addr = getelementptr i64 %buffer_Y_0, i64 0, i64 %zext_ln40" [likelihood_kernel.cpp:41]   --->   Operation 355 'getelementptr' 'buffer_Y_0_addr' <Predicate = true> <Delay = 0.00>
ST_28 : Operation 356 [1/1] (0.00ns)   --->   "%buffer_Y_1_addr = getelementptr i64 %buffer_Y_1, i64 0, i64 %zext_ln40" [likelihood_kernel.cpp:41]   --->   Operation 356 'getelementptr' 'buffer_Y_1_addr' <Predicate = true> <Delay = 0.00>
ST_28 : Operation 357 [1/1] (0.00ns)   --->   "%buffer_Y_2_addr = getelementptr i64 %buffer_Y_2, i64 0, i64 %zext_ln40" [likelihood_kernel.cpp:41]   --->   Operation 357 'getelementptr' 'buffer_Y_2_addr' <Predicate = true> <Delay = 0.00>
ST_28 : Operation 358 [1/1] (0.00ns)   --->   "%buffer_Y_3_addr = getelementptr i64 %buffer_Y_3, i64 0, i64 %zext_ln40" [likelihood_kernel.cpp:41]   --->   Operation 358 'getelementptr' 'buffer_Y_3_addr' <Predicate = true> <Delay = 0.00>
ST_28 : Operation 359 [1/1] (1.20ns)   --->   "%store_ln40 = store i64 %bitcast_ln40, i4 %buffer_X_2_addr" [likelihood_kernel.cpp:40]   --->   Operation 359 'store' 'store_ln40' <Predicate = (trunc_ln40 == 2)> <Delay = 1.20> <CoreInst = "RAM_2P_BRAM">   --->   Core 94 'RAM_2P_BRAM' <Latency = 1> <II = 1> <Delay = 1.20> <Storage> <Opcode : 'load' 'store'> <Ports = 2> <Width = 64> <Depth = 16> <RAM>
ST_28 : Operation 360 [1/1] (1.20ns)   --->   "%store_ln41 = store i64 %bitcast_ln41, i4 %buffer_Y_2_addr" [likelihood_kernel.cpp:41]   --->   Operation 360 'store' 'store_ln41' <Predicate = (trunc_ln40 == 2)> <Delay = 1.20> <CoreInst = "RAM_2P_BRAM">   --->   Core 94 'RAM_2P_BRAM' <Latency = 1> <II = 1> <Delay = 1.20> <Storage> <Opcode : 'load' 'store'> <Ports = 2> <Width = 64> <Depth = 16> <RAM>
ST_28 : Operation 361 [1/1] (0.00ns)   --->   "%br_ln0 = br void %.split3348"   --->   Operation 361 'br' 'br_ln0' <Predicate = (trunc_ln40 == 2)> <Delay = 0.00>
ST_28 : Operation 362 [1/1] (1.20ns)   --->   "%store_ln40 = store i64 %bitcast_ln40, i4 %buffer_X_1_addr" [likelihood_kernel.cpp:40]   --->   Operation 362 'store' 'store_ln40' <Predicate = (trunc_ln40 == 1)> <Delay = 1.20> <CoreInst = "RAM_2P_BRAM">   --->   Core 94 'RAM_2P_BRAM' <Latency = 1> <II = 1> <Delay = 1.20> <Storage> <Opcode : 'load' 'store'> <Ports = 2> <Width = 64> <Depth = 16> <RAM>
ST_28 : Operation 363 [1/1] (1.20ns)   --->   "%store_ln41 = store i64 %bitcast_ln41, i4 %buffer_Y_1_addr" [likelihood_kernel.cpp:41]   --->   Operation 363 'store' 'store_ln41' <Predicate = (trunc_ln40 == 1)> <Delay = 1.20> <CoreInst = "RAM_2P_BRAM">   --->   Core 94 'RAM_2P_BRAM' <Latency = 1> <II = 1> <Delay = 1.20> <Storage> <Opcode : 'load' 'store'> <Ports = 2> <Width = 64> <Depth = 16> <RAM>
ST_28 : Operation 364 [1/1] (0.00ns)   --->   "%br_ln0 = br void %.split3348"   --->   Operation 364 'br' 'br_ln0' <Predicate = (trunc_ln40 == 1)> <Delay = 0.00>
ST_28 : Operation 365 [1/1] (1.20ns)   --->   "%store_ln40 = store i64 %bitcast_ln40, i4 %buffer_X_0_addr" [likelihood_kernel.cpp:40]   --->   Operation 365 'store' 'store_ln40' <Predicate = (trunc_ln40 == 0)> <Delay = 1.20> <CoreInst = "RAM_2P_BRAM">   --->   Core 94 'RAM_2P_BRAM' <Latency = 1> <II = 1> <Delay = 1.20> <Storage> <Opcode : 'load' 'store'> <Ports = 2> <Width = 64> <Depth = 16> <RAM>
ST_28 : Operation 366 [1/1] (1.20ns)   --->   "%store_ln41 = store i64 %bitcast_ln41, i4 %buffer_Y_0_addr" [likelihood_kernel.cpp:41]   --->   Operation 366 'store' 'store_ln41' <Predicate = (trunc_ln40 == 0)> <Delay = 1.20> <CoreInst = "RAM_2P_BRAM">   --->   Core 94 'RAM_2P_BRAM' <Latency = 1> <II = 1> <Delay = 1.20> <Storage> <Opcode : 'load' 'store'> <Ports = 2> <Width = 64> <Depth = 16> <RAM>
ST_28 : Operation 367 [1/1] (0.00ns)   --->   "%br_ln0 = br void %.split3348"   --->   Operation 367 'br' 'br_ln0' <Predicate = (trunc_ln40 == 0)> <Delay = 0.00>
ST_28 : Operation 368 [1/1] (1.20ns)   --->   "%store_ln40 = store i64 %bitcast_ln40, i4 %buffer_X_3_addr" [likelihood_kernel.cpp:40]   --->   Operation 368 'store' 'store_ln40' <Predicate = (trunc_ln40 == 3)> <Delay = 1.20> <CoreInst = "RAM_2P_BRAM">   --->   Core 94 'RAM_2P_BRAM' <Latency = 1> <II = 1> <Delay = 1.20> <Storage> <Opcode : 'load' 'store'> <Ports = 2> <Width = 64> <Depth = 16> <RAM>
ST_28 : Operation 369 [1/1] (1.20ns)   --->   "%store_ln41 = store i64 %bitcast_ln41, i4 %buffer_Y_3_addr" [likelihood_kernel.cpp:41]   --->   Operation 369 'store' 'store_ln41' <Predicate = (trunc_ln40 == 3)> <Delay = 1.20> <CoreInst = "RAM_2P_BRAM">   --->   Core 94 'RAM_2P_BRAM' <Latency = 1> <II = 1> <Delay = 1.20> <Storage> <Opcode : 'load' 'store'> <Ports = 2> <Width = 64> <Depth = 16> <RAM>
ST_28 : Operation 370 [1/1] (0.00ns)   --->   "%br_ln0 = br void %.split3348"   --->   Operation 370 'br' 'br_ln0' <Predicate = (trunc_ln40 == 3)> <Delay = 0.00>

State 29 <SV = 24> <Delay = 0.38>
ST_29 : Operation 371 [1/1] (0.38ns)   --->   "%br_ln62 = br void %.lr.ph41" [likelihood_kernel.cpp:62]   --->   Operation 371 'br' 'br_ln62' <Predicate = true> <Delay = 0.38>

State 30 <SV = 25> <Delay = 1.20>
ST_30 : Operation 372 [1/1] (0.00ns)   --->   "%x_1 = phi i31 %add_ln62, void %._crit_edge.loopexit63, i31 0, void %.lr.ph41.preheader" [likelihood_kernel.cpp:62]   --->   Operation 372 'phi' 'x_1' <Predicate = true> <Delay = 0.00>
ST_30 : Operation 373 [1/1] (0.87ns)   --->   "%add_ln62 = add i31 %x_1, i31 1" [likelihood_kernel.cpp:62]   --->   Operation 373 'add' 'add_ln62' <Predicate = true> <Delay = 0.87> <CoreInst = "Adder">   --->   Core 1 'Adder' <Latency = 0> <II = 1> <Delay = 0.88> <FuncUnit> <Opcode : 'add' 'sub'> <InPorts = 2> <OutPorts = 1>
ST_30 : Operation 374 [1/1] (0.84ns)   --->   "%icmp_ln62 = icmp_eq  i31 %x_1, i31 %trunc_ln37" [likelihood_kernel.cpp:62]   --->   Operation 374 'icmp' 'icmp_ln62' <Predicate = true> <Delay = 0.84> <CoreInst = "Cmp">   --->   Core 9 'Cmp' <Latency = 0> <II = 1> <Delay = 0.84> <FuncUnit> <Opcode : 'icmp'> <InPorts = 2> <OutPorts = 1>
ST_30 : Operation 375 [1/1] (0.00ns)   --->   "%br_ln62 = br i1 %icmp_ln62, void %.split7, void %.lr.ph44" [likelihood_kernel.cpp:62]   --->   Operation 375 'br' 'br_ln62' <Predicate = true> <Delay = 0.00>
ST_30 : Operation 376 [1/1] (0.00ns)   --->   "%trunc_ln65 = trunc i31 %x_1" [likelihood_kernel.cpp:65]   --->   Operation 376 'trunc' 'trunc_ln65' <Predicate = (!icmp_ln62)> <Delay = 0.00>
ST_30 : Operation 377 [1/1] (0.00ns)   --->   "%lshr_ln2 = partselect i4 @_ssdm_op_PartSelect.i4.i31.i32.i32, i31 %x_1, i32 2, i32 5" [likelihood_kernel.cpp:65]   --->   Operation 377 'partselect' 'lshr_ln2' <Predicate = (!icmp_ln62)> <Delay = 0.00>
ST_30 : Operation 378 [1/1] (0.00ns)   --->   "%zext_ln65_1 = zext i4 %lshr_ln2" [likelihood_kernel.cpp:65]   --->   Operation 378 'zext' 'zext_ln65_1' <Predicate = (!icmp_ln62)> <Delay = 0.00>
ST_30 : Operation 379 [1/1] (0.00ns)   --->   "%buffer_X_0_addr_1 = getelementptr i64 %buffer_X_0, i64 0, i64 %zext_ln65_1" [likelihood_kernel.cpp:65]   --->   Operation 379 'getelementptr' 'buffer_X_0_addr_1' <Predicate = (!icmp_ln62)> <Delay = 0.00>
ST_30 : Operation 380 [2/2] (1.20ns)   --->   "%buffer_X_0_load = load i4 %buffer_X_0_addr_1" [likelihood_kernel.cpp:65]   --->   Operation 380 'load' 'buffer_X_0_load' <Predicate = (!icmp_ln62)> <Delay = 1.20> <CoreInst = "RAM_2P_BRAM">   --->   Core 94 'RAM_2P_BRAM' <Latency = 1> <II = 1> <Delay = 1.20> <Storage> <Opcode : 'load' 'store'> <Ports = 2> <Width = 64> <Depth = 16> <RAM>
ST_30 : Operation 381 [1/1] (0.00ns)   --->   "%buffer_X_1_addr_1 = getelementptr i64 %buffer_X_1, i64 0, i64 %zext_ln65_1" [likelihood_kernel.cpp:65]   --->   Operation 381 'getelementptr' 'buffer_X_1_addr_1' <Predicate = (!icmp_ln62)> <Delay = 0.00>
ST_30 : Operation 382 [2/2] (1.20ns)   --->   "%buffer_X_1_load = load i4 %buffer_X_1_addr_1" [likelihood_kernel.cpp:65]   --->   Operation 382 'load' 'buffer_X_1_load' <Predicate = (!icmp_ln62)> <Delay = 1.20> <CoreInst = "RAM_2P_BRAM">   --->   Core 94 'RAM_2P_BRAM' <Latency = 1> <II = 1> <Delay = 1.20> <Storage> <Opcode : 'load' 'store'> <Ports = 2> <Width = 64> <Depth = 16> <RAM>
ST_30 : Operation 383 [1/1] (0.00ns)   --->   "%buffer_X_2_addr_1 = getelementptr i64 %buffer_X_2, i64 0, i64 %zext_ln65_1" [likelihood_kernel.cpp:65]   --->   Operation 383 'getelementptr' 'buffer_X_2_addr_1' <Predicate = (!icmp_ln62)> <Delay = 0.00>
ST_30 : Operation 384 [2/2] (1.20ns)   --->   "%buffer_X_2_load = load i4 %buffer_X_2_addr_1" [likelihood_kernel.cpp:65]   --->   Operation 384 'load' 'buffer_X_2_load' <Predicate = (!icmp_ln62)> <Delay = 1.20> <CoreInst = "RAM_2P_BRAM">   --->   Core 94 'RAM_2P_BRAM' <Latency = 1> <II = 1> <Delay = 1.20> <Storage> <Opcode : 'load' 'store'> <Ports = 2> <Width = 64> <Depth = 16> <RAM>
ST_30 : Operation 385 [1/1] (0.00ns)   --->   "%buffer_X_3_addr_1 = getelementptr i64 %buffer_X_3, i64 0, i64 %zext_ln65_1" [likelihood_kernel.cpp:65]   --->   Operation 385 'getelementptr' 'buffer_X_3_addr_1' <Predicate = (!icmp_ln62)> <Delay = 0.00>
ST_30 : Operation 386 [2/2] (1.20ns)   --->   "%buffer_X_3_load = load i4 %buffer_X_3_addr_1" [likelihood_kernel.cpp:65]   --->   Operation 386 'load' 'buffer_X_3_load' <Predicate = (!icmp_ln62)> <Delay = 1.20> <CoreInst = "RAM_2P_BRAM">   --->   Core 94 'RAM_2P_BRAM' <Latency = 1> <II = 1> <Delay = 1.20> <Storage> <Opcode : 'load' 'store'> <Ports = 2> <Width = 64> <Depth = 16> <RAM>
ST_30 : Operation 387 [1/1] (0.00ns)   --->   "%buffer_Y_0_addr_1 = getelementptr i64 %buffer_Y_0, i64 0, i64 %zext_ln65_1" [likelihood_kernel.cpp:66]   --->   Operation 387 'getelementptr' 'buffer_Y_0_addr_1' <Predicate = (!icmp_ln62)> <Delay = 0.00>
ST_30 : Operation 388 [2/2] (1.20ns)   --->   "%buffer_Y_0_load = load i4 %buffer_Y_0_addr_1" [likelihood_kernel.cpp:66]   --->   Operation 388 'load' 'buffer_Y_0_load' <Predicate = (!icmp_ln62)> <Delay = 1.20> <CoreInst = "RAM_2P_BRAM">   --->   Core 94 'RAM_2P_BRAM' <Latency = 1> <II = 1> <Delay = 1.20> <Storage> <Opcode : 'load' 'store'> <Ports = 2> <Width = 64> <Depth = 16> <RAM>
ST_30 : Operation 389 [1/1] (0.00ns)   --->   "%buffer_Y_1_addr_1 = getelementptr i64 %buffer_Y_1, i64 0, i64 %zext_ln65_1" [likelihood_kernel.cpp:66]   --->   Operation 389 'getelementptr' 'buffer_Y_1_addr_1' <Predicate = (!icmp_ln62)> <Delay = 0.00>
ST_30 : Operation 390 [2/2] (1.20ns)   --->   "%buffer_Y_1_load = load i4 %buffer_Y_1_addr_1" [likelihood_kernel.cpp:66]   --->   Operation 390 'load' 'buffer_Y_1_load' <Predicate = (!icmp_ln62)> <Delay = 1.20> <CoreInst = "RAM_2P_BRAM">   --->   Core 94 'RAM_2P_BRAM' <Latency = 1> <II = 1> <Delay = 1.20> <Storage> <Opcode : 'load' 'store'> <Ports = 2> <Width = 64> <Depth = 16> <RAM>
ST_30 : Operation 391 [1/1] (0.00ns)   --->   "%buffer_Y_2_addr_1 = getelementptr i64 %buffer_Y_2, i64 0, i64 %zext_ln65_1" [likelihood_kernel.cpp:66]   --->   Operation 391 'getelementptr' 'buffer_Y_2_addr_1' <Predicate = (!icmp_ln62)> <Delay = 0.00>
ST_30 : Operation 392 [2/2] (1.20ns)   --->   "%buffer_Y_2_load = load i4 %buffer_Y_2_addr_1" [likelihood_kernel.cpp:66]   --->   Operation 392 'load' 'buffer_Y_2_load' <Predicate = (!icmp_ln62)> <Delay = 1.20> <CoreInst = "RAM_2P_BRAM">   --->   Core 94 'RAM_2P_BRAM' <Latency = 1> <II = 1> <Delay = 1.20> <Storage> <Opcode : 'load' 'store'> <Ports = 2> <Width = 64> <Depth = 16> <RAM>
ST_30 : Operation 393 [1/1] (0.00ns)   --->   "%buffer_Y_3_addr_1 = getelementptr i64 %buffer_Y_3, i64 0, i64 %zext_ln65_1" [likelihood_kernel.cpp:66]   --->   Operation 393 'getelementptr' 'buffer_Y_3_addr_1' <Predicate = (!icmp_ln62)> <Delay = 0.00>
ST_30 : Operation 394 [2/2] (1.20ns)   --->   "%buffer_Y_3_load = load i4 %buffer_Y_3_addr_1" [likelihood_kernel.cpp:66]   --->   Operation 394 'load' 'buffer_Y_3_load' <Predicate = (!icmp_ln62)> <Delay = 1.20> <CoreInst = "RAM_2P_BRAM">   --->   Core 94 'RAM_2P_BRAM' <Latency = 1> <II = 1> <Delay = 1.20> <Storage> <Opcode : 'load' 'store'> <Ports = 2> <Width = 64> <Depth = 16> <RAM>
ST_30 : Operation 395 [1/1] (0.00ns)   --->   "%trunc_ln6 = partselect i61 @_ssdm_op_PartSelect.i61.i64.i32.i32, i64 %add_ln167, i32 3, i32 63" [likelihood_kernel.cpp:104]   --->   Operation 395 'partselect' 'trunc_ln6' <Predicate = (icmp_ln62)> <Delay = 0.00>

State 31 <SV = 26> <Delay = 1.65>
ST_31 : Operation 396 [1/1] (0.00ns)   --->   "%zext_ln65 = zext i2 %trunc_ln65" [likelihood_kernel.cpp:65]   --->   Operation 396 'zext' 'zext_ln65' <Predicate = true> <Delay = 0.00>
ST_31 : Operation 397 [1/2] (1.20ns)   --->   "%buffer_X_0_load = load i4 %buffer_X_0_addr_1" [likelihood_kernel.cpp:65]   --->   Operation 397 'load' 'buffer_X_0_load' <Predicate = true> <Delay = 1.20> <CoreInst = "RAM_2P_BRAM">   --->   Core 94 'RAM_2P_BRAM' <Latency = 1> <II = 1> <Delay = 1.20> <Storage> <Opcode : 'load' 'store'> <Ports = 2> <Width = 64> <Depth = 16> <RAM>
ST_31 : Operation 398 [1/2] (1.20ns)   --->   "%buffer_X_1_load = load i4 %buffer_X_1_addr_1" [likelihood_kernel.cpp:65]   --->   Operation 398 'load' 'buffer_X_1_load' <Predicate = true> <Delay = 1.20> <CoreInst = "RAM_2P_BRAM">   --->   Core 94 'RAM_2P_BRAM' <Latency = 1> <II = 1> <Delay = 1.20> <Storage> <Opcode : 'load' 'store'> <Ports = 2> <Width = 64> <Depth = 16> <RAM>
ST_31 : Operation 399 [1/2] (1.20ns)   --->   "%buffer_X_2_load = load i4 %buffer_X_2_addr_1" [likelihood_kernel.cpp:65]   --->   Operation 399 'load' 'buffer_X_2_load' <Predicate = true> <Delay = 1.20> <CoreInst = "RAM_2P_BRAM">   --->   Core 94 'RAM_2P_BRAM' <Latency = 1> <II = 1> <Delay = 1.20> <Storage> <Opcode : 'load' 'store'> <Ports = 2> <Width = 64> <Depth = 16> <RAM>
ST_31 : Operation 400 [1/2] (1.20ns)   --->   "%buffer_X_3_load = load i4 %buffer_X_3_addr_1" [likelihood_kernel.cpp:65]   --->   Operation 400 'load' 'buffer_X_3_load' <Predicate = true> <Delay = 1.20> <CoreInst = "RAM_2P_BRAM">   --->   Core 94 'RAM_2P_BRAM' <Latency = 1> <II = 1> <Delay = 1.20> <Storage> <Opcode : 'load' 'store'> <Ports = 2> <Width = 64> <Depth = 16> <RAM>
ST_31 : Operation 401 [1/1] (0.45ns)   --->   "%value_assign = mux i64 @_ssdm_op_Mux.ap_auto.4double.i64, i64 %buffer_X_0_load, i64 %buffer_X_1_load, i64 %buffer_X_2_load, i64 %buffer_X_3_load, i64 %zext_ln65" [likelihood_kernel.cpp:65]   --->   Operation 401 'mux' 'value_assign' <Predicate = true> <Delay = 0.45> <CoreInst = "Multiplexer">   --->   Core 76 'Multiplexer' <Latency = 0> <II = 1> <Delay = 0.45> <FuncUnit> <Opcode : 'mux'> <InPorts = 2> <OutPorts = 1>
ST_31 : Operation 402 [1/2] (1.20ns)   --->   "%buffer_Y_0_load = load i4 %buffer_Y_0_addr_1" [likelihood_kernel.cpp:66]   --->   Operation 402 'load' 'buffer_Y_0_load' <Predicate = true> <Delay = 1.20> <CoreInst = "RAM_2P_BRAM">   --->   Core 94 'RAM_2P_BRAM' <Latency = 1> <II = 1> <Delay = 1.20> <Storage> <Opcode : 'load' 'store'> <Ports = 2> <Width = 64> <Depth = 16> <RAM>
ST_31 : Operation 403 [1/2] (1.20ns)   --->   "%buffer_Y_1_load = load i4 %buffer_Y_1_addr_1" [likelihood_kernel.cpp:66]   --->   Operation 403 'load' 'buffer_Y_1_load' <Predicate = true> <Delay = 1.20> <CoreInst = "RAM_2P_BRAM">   --->   Core 94 'RAM_2P_BRAM' <Latency = 1> <II = 1> <Delay = 1.20> <Storage> <Opcode : 'load' 'store'> <Ports = 2> <Width = 64> <Depth = 16> <RAM>
ST_31 : Operation 404 [1/2] (1.20ns)   --->   "%buffer_Y_2_load = load i4 %buffer_Y_2_addr_1" [likelihood_kernel.cpp:66]   --->   Operation 404 'load' 'buffer_Y_2_load' <Predicate = true> <Delay = 1.20> <CoreInst = "RAM_2P_BRAM">   --->   Core 94 'RAM_2P_BRAM' <Latency = 1> <II = 1> <Delay = 1.20> <Storage> <Opcode : 'load' 'store'> <Ports = 2> <Width = 64> <Depth = 16> <RAM>
ST_31 : Operation 405 [1/2] (1.20ns)   --->   "%buffer_Y_3_load = load i4 %buffer_Y_3_addr_1" [likelihood_kernel.cpp:66]   --->   Operation 405 'load' 'buffer_Y_3_load' <Predicate = true> <Delay = 1.20> <CoreInst = "RAM_2P_BRAM">   --->   Core 94 'RAM_2P_BRAM' <Latency = 1> <II = 1> <Delay = 1.20> <Storage> <Opcode : 'load' 'store'> <Ports = 2> <Width = 64> <Depth = 16> <RAM>
ST_31 : Operation 406 [1/1] (0.45ns)   --->   "%value_assign_1 = mux i64 @_ssdm_op_Mux.ap_auto.4double.i64, i64 %buffer_Y_0_load, i64 %buffer_Y_1_load, i64 %buffer_Y_2_load, i64 %buffer_Y_3_load, i64 %zext_ln65" [likelihood_kernel.cpp:66]   --->   Operation 406 'mux' 'value_assign_1' <Predicate = true> <Delay = 0.45> <CoreInst = "Multiplexer">   --->   Core 76 'Multiplexer' <Latency = 0> <II = 1> <Delay = 0.45> <FuncUnit> <Opcode : 'mux'> <InPorts = 2> <OutPorts = 1>

State 32 <SV = 27> <Delay = 1.90>
ST_32 : Operation 407 [8/8] (1.90ns)   --->   "%dc = dadd i64 %value_assign, i64 0.5" [likelihood_kernel.cpp:11->likelihood_kernel.cpp:65]   --->   Operation 407 'dadd' 'dc' <Predicate = true> <Delay = 1.90> <CoreInst = "DAddSub_fulldsp">   --->   Core 37 'DAddSub_fulldsp' <Latency = 7> <II = 1> <Delay = 1.90> <FuncUnit> <Opcode : 'dadd' 'dsub'> <InPorts = 2> <OutPorts = 1>
ST_32 : Operation 408 [8/8] (1.90ns)   --->   "%dc_1 = dadd i64 %value_assign_1, i64 0.5" [likelihood_kernel.cpp:11->likelihood_kernel.cpp:66]   --->   Operation 408 'dadd' 'dc_1' <Predicate = true> <Delay = 1.90> <CoreInst = "DAddSub_fulldsp">   --->   Core 37 'DAddSub_fulldsp' <Latency = 7> <II = 1> <Delay = 1.90> <FuncUnit> <Opcode : 'dadd' 'dsub'> <InPorts = 2> <OutPorts = 1>

State 33 <SV = 28> <Delay = 1.90>
ST_33 : Operation 409 [7/8] (1.90ns)   --->   "%dc = dadd i64 %value_assign, i64 0.5" [likelihood_kernel.cpp:11->likelihood_kernel.cpp:65]   --->   Operation 409 'dadd' 'dc' <Predicate = true> <Delay = 1.90> <CoreInst = "DAddSub_fulldsp">   --->   Core 37 'DAddSub_fulldsp' <Latency = 7> <II = 1> <Delay = 1.90> <FuncUnit> <Opcode : 'dadd' 'dsub'> <InPorts = 2> <OutPorts = 1>
ST_33 : Operation 410 [7/8] (1.90ns)   --->   "%dc_1 = dadd i64 %value_assign_1, i64 0.5" [likelihood_kernel.cpp:11->likelihood_kernel.cpp:66]   --->   Operation 410 'dadd' 'dc_1' <Predicate = true> <Delay = 1.90> <CoreInst = "DAddSub_fulldsp">   --->   Core 37 'DAddSub_fulldsp' <Latency = 7> <II = 1> <Delay = 1.90> <FuncUnit> <Opcode : 'dadd' 'dsub'> <InPorts = 2> <OutPorts = 1>

State 34 <SV = 29> <Delay = 1.90>
ST_34 : Operation 411 [6/8] (1.90ns)   --->   "%dc = dadd i64 %value_assign, i64 0.5" [likelihood_kernel.cpp:11->likelihood_kernel.cpp:65]   --->   Operation 411 'dadd' 'dc' <Predicate = true> <Delay = 1.90> <CoreInst = "DAddSub_fulldsp">   --->   Core 37 'DAddSub_fulldsp' <Latency = 7> <II = 1> <Delay = 1.90> <FuncUnit> <Opcode : 'dadd' 'dsub'> <InPorts = 2> <OutPorts = 1>
ST_34 : Operation 412 [6/8] (1.90ns)   --->   "%dc_1 = dadd i64 %value_assign_1, i64 0.5" [likelihood_kernel.cpp:11->likelihood_kernel.cpp:66]   --->   Operation 412 'dadd' 'dc_1' <Predicate = true> <Delay = 1.90> <CoreInst = "DAddSub_fulldsp">   --->   Core 37 'DAddSub_fulldsp' <Latency = 7> <II = 1> <Delay = 1.90> <FuncUnit> <Opcode : 'dadd' 'dsub'> <InPorts = 2> <OutPorts = 1>

State 35 <SV = 30> <Delay = 1.90>
ST_35 : Operation 413 [5/8] (1.90ns)   --->   "%dc = dadd i64 %value_assign, i64 0.5" [likelihood_kernel.cpp:11->likelihood_kernel.cpp:65]   --->   Operation 413 'dadd' 'dc' <Predicate = true> <Delay = 1.90> <CoreInst = "DAddSub_fulldsp">   --->   Core 37 'DAddSub_fulldsp' <Latency = 7> <II = 1> <Delay = 1.90> <FuncUnit> <Opcode : 'dadd' 'dsub'> <InPorts = 2> <OutPorts = 1>
ST_35 : Operation 414 [5/8] (1.90ns)   --->   "%dc_1 = dadd i64 %value_assign_1, i64 0.5" [likelihood_kernel.cpp:11->likelihood_kernel.cpp:66]   --->   Operation 414 'dadd' 'dc_1' <Predicate = true> <Delay = 1.90> <CoreInst = "DAddSub_fulldsp">   --->   Core 37 'DAddSub_fulldsp' <Latency = 7> <II = 1> <Delay = 1.90> <FuncUnit> <Opcode : 'dadd' 'dsub'> <InPorts = 2> <OutPorts = 1>

State 36 <SV = 31> <Delay = 1.90>
ST_36 : Operation 415 [4/8] (1.90ns)   --->   "%dc = dadd i64 %value_assign, i64 0.5" [likelihood_kernel.cpp:11->likelihood_kernel.cpp:65]   --->   Operation 415 'dadd' 'dc' <Predicate = true> <Delay = 1.90> <CoreInst = "DAddSub_fulldsp">   --->   Core 37 'DAddSub_fulldsp' <Latency = 7> <II = 1> <Delay = 1.90> <FuncUnit> <Opcode : 'dadd' 'dsub'> <InPorts = 2> <OutPorts = 1>
ST_36 : Operation 416 [4/8] (1.90ns)   --->   "%dc_1 = dadd i64 %value_assign_1, i64 0.5" [likelihood_kernel.cpp:11->likelihood_kernel.cpp:66]   --->   Operation 416 'dadd' 'dc_1' <Predicate = true> <Delay = 1.90> <CoreInst = "DAddSub_fulldsp">   --->   Core 37 'DAddSub_fulldsp' <Latency = 7> <II = 1> <Delay = 1.90> <FuncUnit> <Opcode : 'dadd' 'dsub'> <InPorts = 2> <OutPorts = 1>

State 37 <SV = 32> <Delay = 1.90>
ST_37 : Operation 417 [3/8] (1.90ns)   --->   "%dc = dadd i64 %value_assign, i64 0.5" [likelihood_kernel.cpp:11->likelihood_kernel.cpp:65]   --->   Operation 417 'dadd' 'dc' <Predicate = true> <Delay = 1.90> <CoreInst = "DAddSub_fulldsp">   --->   Core 37 'DAddSub_fulldsp' <Latency = 7> <II = 1> <Delay = 1.90> <FuncUnit> <Opcode : 'dadd' 'dsub'> <InPorts = 2> <OutPorts = 1>
ST_37 : Operation 418 [3/8] (1.90ns)   --->   "%dc_1 = dadd i64 %value_assign_1, i64 0.5" [likelihood_kernel.cpp:11->likelihood_kernel.cpp:66]   --->   Operation 418 'dadd' 'dc_1' <Predicate = true> <Delay = 1.90> <CoreInst = "DAddSub_fulldsp">   --->   Core 37 'DAddSub_fulldsp' <Latency = 7> <II = 1> <Delay = 1.90> <FuncUnit> <Opcode : 'dadd' 'dsub'> <InPorts = 2> <OutPorts = 1>

State 38 <SV = 33> <Delay = 1.90>
ST_38 : Operation 419 [2/8] (1.90ns)   --->   "%dc = dadd i64 %value_assign, i64 0.5" [likelihood_kernel.cpp:11->likelihood_kernel.cpp:65]   --->   Operation 419 'dadd' 'dc' <Predicate = true> <Delay = 1.90> <CoreInst = "DAddSub_fulldsp">   --->   Core 37 'DAddSub_fulldsp' <Latency = 7> <II = 1> <Delay = 1.90> <FuncUnit> <Opcode : 'dadd' 'dsub'> <InPorts = 2> <OutPorts = 1>
ST_38 : Operation 420 [2/8] (1.90ns)   --->   "%dc_1 = dadd i64 %value_assign_1, i64 0.5" [likelihood_kernel.cpp:11->likelihood_kernel.cpp:66]   --->   Operation 420 'dadd' 'dc_1' <Predicate = true> <Delay = 1.90> <CoreInst = "DAddSub_fulldsp">   --->   Core 37 'DAddSub_fulldsp' <Latency = 7> <II = 1> <Delay = 1.90> <FuncUnit> <Opcode : 'dadd' 'dsub'> <InPorts = 2> <OutPorts = 1>

State 39 <SV = 34> <Delay = 1.90>
ST_39 : Operation 421 [1/8] (1.90ns)   --->   "%dc = dadd i64 %value_assign, i64 0.5" [likelihood_kernel.cpp:11->likelihood_kernel.cpp:65]   --->   Operation 421 'dadd' 'dc' <Predicate = true> <Delay = 1.90> <CoreInst = "DAddSub_fulldsp">   --->   Core 37 'DAddSub_fulldsp' <Latency = 7> <II = 1> <Delay = 1.90> <FuncUnit> <Opcode : 'dadd' 'dsub'> <InPorts = 2> <OutPorts = 1>
ST_39 : Operation 422 [1/8] (1.90ns)   --->   "%dc_1 = dadd i64 %value_assign_1, i64 0.5" [likelihood_kernel.cpp:11->likelihood_kernel.cpp:66]   --->   Operation 422 'dadd' 'dc_1' <Predicate = true> <Delay = 1.90> <CoreInst = "DAddSub_fulldsp">   --->   Core 37 'DAddSub_fulldsp' <Latency = 7> <II = 1> <Delay = 1.90> <FuncUnit> <Opcode : 'dadd' 'dsub'> <InPorts = 2> <OutPorts = 1>

State 40 <SV = 35> <Delay = 2.16>
ST_40 : Operation 423 [1/1] (0.00ns)   --->   "%data_V = bitcast i64 %dc" [/wrk/ci/prod/2020.2/rdi_builds/continuous/2020_11_18_3064766/src/shared/hls/clib/src/hls/utils/x_hls_utils.h:483]   --->   Operation 423 'bitcast' 'data_V' <Predicate = true> <Delay = 0.00>
ST_40 : Operation 424 [1/1] (0.00ns)   --->   "%p_Result_s = bitselect i1 @_ssdm_op_BitSelect.i1.i64.i32, i64 %data_V, i32 63"   --->   Operation 424 'bitselect' 'p_Result_s' <Predicate = true> <Delay = 0.00>
ST_40 : Operation 425 [1/1] (0.00ns)   --->   "%tmp_26 = partselect i11 @_ssdm_op_PartSelect.i11.i64.i32.i32, i64 %data_V, i32 52, i32 62"   --->   Operation 425 'partselect' 'tmp_26' <Predicate = true> <Delay = 0.00>
ST_40 : Operation 426 [1/1] (0.00ns)   --->   "%tmp_27 = trunc i64 %data_V"   --->   Operation 426 'trunc' 'tmp_27' <Predicate = true> <Delay = 0.00>
ST_40 : Operation 427 [1/1] (0.00ns)   --->   "%mantissa = bitconcatenate i54 @_ssdm_op_BitConcatenate.i54.i1.i52.i1, i1 1, i52 %tmp_27, i1 0"   --->   Operation 427 'bitconcatenate' 'mantissa' <Predicate = true> <Delay = 0.00>
ST_40 : Operation 428 [1/1] (0.00ns)   --->   "%zext_ln15 = zext i54 %mantissa" [/wrk/ci/prod/2020.2/rdi_builds/continuous/2020_11_18_3064766/src/shared/hls/clib/hlsmath/include/FloatingPoint/hls_case_IEEE754.h:15]   --->   Operation 428 'zext' 'zext_ln15' <Predicate = true> <Delay = 0.00>
ST_40 : Operation 429 [1/1] (0.00ns)   --->   "%zext_ln510 = zext i11 %tmp_26" [/wrk/ci/prod/2020.2/rdi_builds/continuous/2020_11_18_3064766/src/shared/hls/clib/src/hls/utils/x_hls_utils.h:510]   --->   Operation 429 'zext' 'zext_ln510' <Predicate = true> <Delay = 0.00>
ST_40 : Operation 430 [1/1] (0.73ns)   --->   "%add_ln510 = add i12 %zext_ln510, i12 3073" [/wrk/ci/prod/2020.2/rdi_builds/continuous/2020_11_18_3064766/src/shared/hls/clib/src/hls/utils/x_hls_utils.h:510]   --->   Operation 430 'add' 'add_ln510' <Predicate = true> <Delay = 0.73> <CoreInst = "Adder">   --->   Core 1 'Adder' <Latency = 0> <II = 1> <Delay = 0.88> <FuncUnit> <Opcode : 'add' 'sub'> <InPorts = 2> <OutPorts = 1>
ST_40 : Operation 431 [1/1] (0.00ns)   --->   "%isNeg = bitselect i1 @_ssdm_op_BitSelect.i1.i12.i32, i12 %add_ln510, i32 11"   --->   Operation 431 'bitselect' 'isNeg' <Predicate = true> <Delay = 0.00>
ST_40 : Operation 432 [1/1] (0.73ns)   --->   "%sub_ln1311 = sub i11 1023, i11 %tmp_26"   --->   Operation 432 'sub' 'sub_ln1311' <Predicate = true> <Delay = 0.73> <CoreInst = "Adder">   --->   Core 1 'Adder' <Latency = 0> <II = 1> <Delay = 0.88> <FuncUnit> <Opcode : 'add' 'sub'> <InPorts = 2> <OutPorts = 1>
ST_40 : Operation 433 [1/1] (0.00ns)   --->   "%sext_ln1311 = sext i11 %sub_ln1311"   --->   Operation 433 'sext' 'sext_ln1311' <Predicate = true> <Delay = 0.00>
ST_40 : Operation 434 [1/1] (0.29ns)   --->   "%ush = select i1 %isNeg, i12 %sext_ln1311, i12 %add_ln510"   --->   Operation 434 'select' 'ush' <Predicate = true> <Delay = 0.29> <CoreInst = "Sel">   --->   Core 73 'Sel' <Latency = 0> <II = 1> <Delay = 0.22> <FuncUnit> <Opcode : 'select'> <InPorts = 3> <OutPorts = 1>
ST_40 : Operation 435 [1/1] (0.00ns)   --->   "%sh_prom_i_i_i_i_i_i_cast_cast_cast = sext i12 %ush"   --->   Operation 435 'sext' 'sh_prom_i_i_i_i_i_i_cast_cast_cast' <Predicate = true> <Delay = 0.00>
ST_40 : Operation 436 [1/1] (0.00ns)   --->   "%sh_prom_i_i_i_i_i_i_cast_cast_cast_cast = zext i32 %sh_prom_i_i_i_i_i_i_cast_cast_cast"   --->   Operation 436 'zext' 'sh_prom_i_i_i_i_i_i_cast_cast_cast_cast' <Predicate = true> <Delay = 0.00>
ST_40 : Operation 437 [1/1] (0.00ns) (grouped into LUT with out node val)   --->   "%r_V = lshr i137 %zext_ln15, i137 %sh_prom_i_i_i_i_i_i_cast_cast_cast_cast"   --->   Operation 437 'lshr' 'r_V' <Predicate = true> <Delay = 0.00> <CoreInst = "Shifter">   --->   Core 75 'Shifter' <Latency = 0> <II = 1> <Delay = 1.12> <FuncUnit> <Opcode : 'shl' 'lshr' 'ashr'> <InPorts = 2> <OutPorts = 1>
ST_40 : Operation 438 [1/1] (0.00ns) (grouped into LUT with out node val)   --->   "%r_V_1 = shl i137 %zext_ln15, i137 %sh_prom_i_i_i_i_i_i_cast_cast_cast_cast"   --->   Operation 438 'shl' 'r_V_1' <Predicate = true> <Delay = 0.00> <CoreInst = "Shifter">   --->   Core 75 'Shifter' <Latency = 0> <II = 1> <Delay = 1.12> <FuncUnit> <Opcode : 'shl' 'lshr' 'ashr'> <InPorts = 2> <OutPorts = 1>
ST_40 : Operation 439 [1/1] (0.00ns) (grouped into LUT with out node val)   --->   "%tmp_6 = bitselect i1 @_ssdm_op_BitSelect.i1.i137.i32, i137 %r_V, i32 53"   --->   Operation 439 'bitselect' 'tmp_6' <Predicate = true> <Delay = 0.00>
ST_40 : Operation 440 [1/1] (0.00ns) (grouped into LUT with out node val)   --->   "%zext_ln662 = zext i1 %tmp_6"   --->   Operation 440 'zext' 'zext_ln662' <Predicate = true> <Delay = 0.00>
ST_40 : Operation 441 [1/1] (0.00ns) (grouped into LUT with out node val)   --->   "%tmp_7 = partselect i32 @_ssdm_op_PartSelect.i32.i137.i32.i32, i137 %r_V_1, i32 53, i32 84"   --->   Operation 441 'partselect' 'tmp_7' <Predicate = true> <Delay = 0.00>
ST_40 : Operation 442 [1/1] (1.12ns) (out node of the LUT)   --->   "%val = select i1 %isNeg, i32 %zext_ln662, i32 %tmp_7"   --->   Operation 442 'select' 'val' <Predicate = true> <Delay = 1.12> <CoreInst = "Sel">   --->   Core 73 'Sel' <Latency = 0> <II = 1> <Delay = 0.22> <FuncUnit> <Opcode : 'select'> <InPorts = 3> <OutPorts = 1>
ST_40 : Operation 443 [1/1] (0.00ns)   --->   "%data_V_1 = bitcast i64 %dc_1" [/wrk/ci/prod/2020.2/rdi_builds/continuous/2020_11_18_3064766/src/shared/hls/clib/src/hls/utils/x_hls_utils.h:483]   --->   Operation 443 'bitcast' 'data_V_1' <Predicate = true> <Delay = 0.00>
ST_40 : Operation 444 [1/1] (0.00ns)   --->   "%p_Result_1 = bitselect i1 @_ssdm_op_BitSelect.i1.i64.i32, i64 %data_V_1, i32 63"   --->   Operation 444 'bitselect' 'p_Result_1' <Predicate = true> <Delay = 0.00>
ST_40 : Operation 445 [1/1] (0.00ns)   --->   "%tmp_28 = partselect i11 @_ssdm_op_PartSelect.i11.i64.i32.i32, i64 %data_V_1, i32 52, i32 62"   --->   Operation 445 'partselect' 'tmp_28' <Predicate = true> <Delay = 0.00>
ST_40 : Operation 446 [1/1] (0.00ns)   --->   "%tmp_29 = trunc i64 %data_V_1"   --->   Operation 446 'trunc' 'tmp_29' <Predicate = true> <Delay = 0.00>
ST_40 : Operation 447 [1/1] (0.00ns)   --->   "%mantissa_1 = bitconcatenate i54 @_ssdm_op_BitConcatenate.i54.i1.i52.i1, i1 1, i52 %tmp_29, i1 0"   --->   Operation 447 'bitconcatenate' 'mantissa_1' <Predicate = true> <Delay = 0.00>
ST_40 : Operation 448 [1/1] (0.00ns)   --->   "%zext_ln15_1 = zext i54 %mantissa_1" [/wrk/ci/prod/2020.2/rdi_builds/continuous/2020_11_18_3064766/src/shared/hls/clib/hlsmath/include/FloatingPoint/hls_case_IEEE754.h:15]   --->   Operation 448 'zext' 'zext_ln15_1' <Predicate = true> <Delay = 0.00>
ST_40 : Operation 449 [1/1] (0.00ns)   --->   "%zext_ln510_1 = zext i11 %tmp_28" [/wrk/ci/prod/2020.2/rdi_builds/continuous/2020_11_18_3064766/src/shared/hls/clib/src/hls/utils/x_hls_utils.h:510]   --->   Operation 449 'zext' 'zext_ln510_1' <Predicate = true> <Delay = 0.00>
ST_40 : Operation 450 [1/1] (0.73ns)   --->   "%add_ln510_1 = add i12 %zext_ln510_1, i12 3073" [/wrk/ci/prod/2020.2/rdi_builds/continuous/2020_11_18_3064766/src/shared/hls/clib/src/hls/utils/x_hls_utils.h:510]   --->   Operation 450 'add' 'add_ln510_1' <Predicate = true> <Delay = 0.73> <CoreInst = "Adder">   --->   Core 1 'Adder' <Latency = 0> <II = 1> <Delay = 0.88> <FuncUnit> <Opcode : 'add' 'sub'> <InPorts = 2> <OutPorts = 1>
ST_40 : Operation 451 [1/1] (0.00ns)   --->   "%isNeg_1 = bitselect i1 @_ssdm_op_BitSelect.i1.i12.i32, i12 %add_ln510_1, i32 11"   --->   Operation 451 'bitselect' 'isNeg_1' <Predicate = true> <Delay = 0.00>
ST_40 : Operation 452 [1/1] (0.73ns)   --->   "%sub_ln1311_1 = sub i11 1023, i11 %tmp_28"   --->   Operation 452 'sub' 'sub_ln1311_1' <Predicate = true> <Delay = 0.73> <CoreInst = "Adder">   --->   Core 1 'Adder' <Latency = 0> <II = 1> <Delay = 0.88> <FuncUnit> <Opcode : 'add' 'sub'> <InPorts = 2> <OutPorts = 1>
ST_40 : Operation 453 [1/1] (0.00ns)   --->   "%sext_ln1311_1 = sext i11 %sub_ln1311_1"   --->   Operation 453 'sext' 'sext_ln1311_1' <Predicate = true> <Delay = 0.00>
ST_40 : Operation 454 [1/1] (0.29ns)   --->   "%ush_1 = select i1 %isNeg_1, i12 %sext_ln1311_1, i12 %add_ln510_1"   --->   Operation 454 'select' 'ush_1' <Predicate = true> <Delay = 0.29> <CoreInst = "Sel">   --->   Core 73 'Sel' <Latency = 0> <II = 1> <Delay = 0.22> <FuncUnit> <Opcode : 'select'> <InPorts = 3> <OutPorts = 1>
ST_40 : Operation 455 [1/1] (0.00ns)   --->   "%sh_prom_i_i_i_i_i_i78_cast_cast_cast = sext i12 %ush_1"   --->   Operation 455 'sext' 'sh_prom_i_i_i_i_i_i78_cast_cast_cast' <Predicate = true> <Delay = 0.00>
ST_40 : Operation 456 [1/1] (0.00ns)   --->   "%sh_prom_i_i_i_i_i_i78_cast_cast_cast_cast = zext i32 %sh_prom_i_i_i_i_i_i78_cast_cast_cast"   --->   Operation 456 'zext' 'sh_prom_i_i_i_i_i_i78_cast_cast_cast_cast' <Predicate = true> <Delay = 0.00>
ST_40 : Operation 457 [1/1] (0.00ns) (grouped into LUT with out node val_1)   --->   "%r_V_2 = lshr i137 %zext_ln15_1, i137 %sh_prom_i_i_i_i_i_i78_cast_cast_cast_cast"   --->   Operation 457 'lshr' 'r_V_2' <Predicate = true> <Delay = 0.00> <CoreInst = "Shifter">   --->   Core 75 'Shifter' <Latency = 0> <II = 1> <Delay = 1.12> <FuncUnit> <Opcode : 'shl' 'lshr' 'ashr'> <InPorts = 2> <OutPorts = 1>
ST_40 : Operation 458 [1/1] (0.00ns) (grouped into LUT with out node val_1)   --->   "%r_V_3 = shl i137 %zext_ln15_1, i137 %sh_prom_i_i_i_i_i_i78_cast_cast_cast_cast"   --->   Operation 458 'shl' 'r_V_3' <Predicate = true> <Delay = 0.00> <CoreInst = "Shifter">   --->   Core 75 'Shifter' <Latency = 0> <II = 1> <Delay = 1.12> <FuncUnit> <Opcode : 'shl' 'lshr' 'ashr'> <InPorts = 2> <OutPorts = 1>
ST_40 : Operation 459 [1/1] (0.00ns) (grouped into LUT with out node val_1)   --->   "%tmp_14 = bitselect i1 @_ssdm_op_BitSelect.i1.i137.i32, i137 %r_V_2, i32 53"   --->   Operation 459 'bitselect' 'tmp_14' <Predicate = true> <Delay = 0.00>
ST_40 : Operation 460 [1/1] (0.00ns) (grouped into LUT with out node val_1)   --->   "%zext_ln662_1 = zext i1 %tmp_14"   --->   Operation 460 'zext' 'zext_ln662_1' <Predicate = true> <Delay = 0.00>
ST_40 : Operation 461 [1/1] (0.00ns) (grouped into LUT with out node val_1)   --->   "%tmp_s = partselect i32 @_ssdm_op_PartSelect.i32.i137.i32.i32, i137 %r_V_3, i32 53, i32 84"   --->   Operation 461 'partselect' 'tmp_s' <Predicate = true> <Delay = 0.00>
ST_40 : Operation 462 [1/1] (1.12ns) (out node of the LUT)   --->   "%val_1 = select i1 %isNeg_1, i32 %zext_ln662_1, i32 %tmp_s"   --->   Operation 462 'select' 'val_1' <Predicate = true> <Delay = 1.12> <CoreInst = "Sel">   --->   Core 73 'Sel' <Latency = 0> <II = 1> <Delay = 0.22> <FuncUnit> <Opcode : 'select'> <InPorts = 3> <OutPorts = 1>

State 41 <SV = 36> <Delay = 1.10>
ST_41 : Operation 463 [1/1] (0.00ns)   --->   "%speclooptripcount_ln62 = speclooptripcount void @_ssdm_op_SpecLoopTripCount, i64 64, i64 64, i64 64" [likelihood_kernel.cpp:62]   --->   Operation 463 'speclooptripcount' 'speclooptripcount_ln62' <Predicate = true> <Delay = 0.00>
ST_41 : Operation 464 [1/1] (0.00ns)   --->   "%specloopname_ln62 = specloopname void @_ssdm_op_SpecLoopName, void @empty_27" [likelihood_kernel.cpp:62]   --->   Operation 464 'specloopname' 'specloopname_ln62' <Predicate = true> <Delay = 0.00>
ST_41 : Operation 465 [1/1] (0.88ns)   --->   "%result_V_2 = sub i32 0, i32 %val"   --->   Operation 465 'sub' 'result_V_2' <Predicate = (p_Result_s)> <Delay = 0.88> <CoreInst = "Adder">   --->   Core 1 'Adder' <Latency = 0> <II = 1> <Delay = 0.88> <FuncUnit> <Opcode : 'add' 'sub'> <InPorts = 2> <OutPorts = 1>
ST_41 : Operation 466 [1/1] (0.22ns)   --->   "%result_V_12 = select i1 %p_Result_s, i32 %result_V_2, i32 %val" [/wrk/ci/prod/2020.2/rdi_builds/continuous/2020_11_18_3064766/src/shared/hls/clib/hlsmath/include/FloatingPoint/hls_case_IEEE754.h:59]   --->   Operation 466 'select' 'result_V_12' <Predicate = true> <Delay = 0.22> <CoreInst = "Sel">   --->   Core 73 'Sel' <Latency = 0> <II = 1> <Delay = 0.22> <FuncUnit> <Opcode : 'select'> <InPorts = 3> <OutPorts = 1>
ST_41 : Operation 467 [1/1] (0.88ns)   --->   "%result_V_5 = sub i32 0, i32 %val_1"   --->   Operation 467 'sub' 'result_V_5' <Predicate = (p_Result_1)> <Delay = 0.88> <CoreInst = "Adder">   --->   Core 1 'Adder' <Latency = 0> <II = 1> <Delay = 0.88> <FuncUnit> <Opcode : 'add' 'sub'> <InPorts = 2> <OutPorts = 1>
ST_41 : Operation 468 [1/1] (0.22ns)   --->   "%result_V_13 = select i1 %p_Result_1, i32 %result_V_5, i32 %val_1" [/wrk/ci/prod/2020.2/rdi_builds/continuous/2020_11_18_3064766/src/shared/hls/clib/hlsmath/include/FloatingPoint/hls_case_IEEE754.h:59]   --->   Operation 468 'select' 'result_V_13' <Predicate = true> <Delay = 0.22> <CoreInst = "Sel">   --->   Core 73 'Sel' <Latency = 0> <II = 1> <Delay = 0.22> <FuncUnit> <Opcode : 'select'> <InPorts = 3> <OutPorts = 1>
ST_41 : Operation 469 [1/1] (0.38ns)   --->   "%br_ln70 = br void" [likelihood_kernel.cpp:70]   --->   Operation 469 'br' 'br_ln70' <Predicate = true> <Delay = 0.38>

State 42 <SV = 37> <Delay = 1.20>
ST_42 : Operation 470 [1/1] (0.00ns)   --->   "%y = phi i32 0, void %.split7, i32 %add_ln70, void %.split5" [likelihood_kernel.cpp:70]   --->   Operation 470 'phi' 'y' <Predicate = true> <Delay = 0.00>
ST_42 : Operation 471 [1/1] (0.00ns)   --->   "%sum = phi i64 0, void %.split7, i64 %sum_1, void %.split5"   --->   Operation 471 'phi' 'sum' <Predicate = true> <Delay = 0.00>
ST_42 : Operation 472 [1/1] (0.88ns)   --->   "%add_ln70 = add i32 %y, i32 1" [likelihood_kernel.cpp:70]   --->   Operation 472 'add' 'add_ln70' <Predicate = true> <Delay = 0.88> <CoreInst = "Adder">   --->   Core 1 'Adder' <Latency = 0> <II = 1> <Delay = 0.88> <FuncUnit> <Opcode : 'add' 'sub'> <InPorts = 2> <OutPorts = 1>
ST_42 : Operation 473 [1/1] (0.85ns)   --->   "%icmp_ln70 = icmp_eq  i32 %y, i32 %countOnes_read" [likelihood_kernel.cpp:70]   --->   Operation 473 'icmp' 'icmp_ln70' <Predicate = true> <Delay = 0.85> <CoreInst = "Cmp">   --->   Core 9 'Cmp' <Latency = 0> <II = 1> <Delay = 0.84> <FuncUnit> <Opcode : 'icmp'> <InPorts = 2> <OutPorts = 1>
ST_42 : Operation 474 [1/1] (0.00ns)   --->   "%br_ln70 = br i1 %icmp_ln70, void %.split5, void %._crit_edge.loopexit" [likelihood_kernel.cpp:70]   --->   Operation 474 'br' 'br_ln70' <Predicate = true> <Delay = 0.00>
ST_42 : Operation 475 [1/1] (0.00ns)   --->   "%trunc_ln75 = trunc i32 %y" [likelihood_kernel.cpp:75]   --->   Operation 475 'trunc' 'trunc_ln75' <Predicate = (!icmp_ln70)> <Delay = 0.00>
ST_42 : Operation 476 [1/1] (0.00ns)   --->   "%lshr_ln4 = partselect i6 @_ssdm_op_PartSelect.i6.i32.i32.i32, i32 %y, i32 1, i32 6" [likelihood_kernel.cpp:75]   --->   Operation 476 'partselect' 'lshr_ln4' <Predicate = (!icmp_ln70)> <Delay = 0.00>
ST_42 : Operation 477 [1/1] (0.00ns)   --->   "%zext_ln75_1 = zext i6 %lshr_ln4" [likelihood_kernel.cpp:75]   --->   Operation 477 'zext' 'zext_ln75_1' <Predicate = (!icmp_ln70)> <Delay = 0.00>
ST_42 : Operation 478 [1/1] (0.00ns)   --->   "%buffer_objxy_0_addr_1 = getelementptr i64 %buffer_objxy_0, i64 0, i64 %zext_ln75_1" [likelihood_kernel.cpp:75]   --->   Operation 478 'getelementptr' 'buffer_objxy_0_addr_1' <Predicate = (!icmp_ln70)> <Delay = 0.00>
ST_42 : Operation 479 [2/2] (1.20ns)   --->   "%buffer_objxy_0_load = load i6 %buffer_objxy_0_addr_1" [likelihood_kernel.cpp:75]   --->   Operation 479 'load' 'buffer_objxy_0_load' <Predicate = (!icmp_ln70)> <Delay = 1.20> <CoreInst = "RAM_2P_BRAM">   --->   Core 94 'RAM_2P_BRAM' <Latency = 1> <II = 1> <Delay = 1.20> <Storage> <Opcode : 'load' 'store'> <Ports = 2> <Width = 64> <Depth = 40> <RAM>
ST_42 : Operation 480 [1/1] (0.00ns)   --->   "%buffer_objxy_1_addr_1 = getelementptr i64 %buffer_objxy_1, i64 0, i64 %zext_ln75_1" [likelihood_kernel.cpp:75]   --->   Operation 480 'getelementptr' 'buffer_objxy_1_addr_1' <Predicate = (!icmp_ln70)> <Delay = 0.00>
ST_42 : Operation 481 [2/2] (1.20ns)   --->   "%buffer_objxy_1_load = load i6 %buffer_objxy_1_addr_1" [likelihood_kernel.cpp:75]   --->   Operation 481 'load' 'buffer_objxy_1_load' <Predicate = (!icmp_ln70)> <Delay = 1.20> <CoreInst = "RAM_2P_BRAM">   --->   Core 94 'RAM_2P_BRAM' <Latency = 1> <II = 1> <Delay = 1.20> <Storage> <Opcode : 'load' 'store'> <Ports = 2> <Width = 64> <Depth = 40> <RAM>
ST_42 : Operation 482 [1/1] (0.00ns)   --->   "%buffer_objxy_2_addr_1 = getelementptr i64 %buffer_objxy_2, i64 0, i64 %zext_ln75_1" [likelihood_kernel.cpp:75]   --->   Operation 482 'getelementptr' 'buffer_objxy_2_addr_1' <Predicate = (!icmp_ln70)> <Delay = 0.00>
ST_42 : Operation 483 [2/2] (1.20ns)   --->   "%buffer_objxy_2_load = load i6 %buffer_objxy_2_addr_1" [likelihood_kernel.cpp:75]   --->   Operation 483 'load' 'buffer_objxy_2_load' <Predicate = (!icmp_ln70)> <Delay = 1.20> <CoreInst = "RAM_2P_BRAM">   --->   Core 94 'RAM_2P_BRAM' <Latency = 1> <II = 1> <Delay = 1.20> <Storage> <Opcode : 'load' 'store'> <Ports = 2> <Width = 64> <Depth = 40> <RAM>
ST_42 : Operation 484 [1/1] (0.00ns)   --->   "%buffer_objxy_3_addr_1 = getelementptr i64 %buffer_objxy_3, i64 0, i64 %zext_ln75_1" [likelihood_kernel.cpp:75]   --->   Operation 484 'getelementptr' 'buffer_objxy_3_addr_1' <Predicate = (!icmp_ln70)> <Delay = 0.00>
ST_42 : Operation 485 [2/2] (1.20ns)   --->   "%buffer_objxy_3_load = load i6 %buffer_objxy_3_addr_1" [likelihood_kernel.cpp:75]   --->   Operation 485 'load' 'buffer_objxy_3_load' <Predicate = (!icmp_ln70)> <Delay = 1.20> <CoreInst = "RAM_2P_BRAM">   --->   Core 94 'RAM_2P_BRAM' <Latency = 1> <II = 1> <Delay = 1.20> <Storage> <Opcode : 'load' 'store'> <Ports = 2> <Width = 64> <Depth = 40> <RAM>

State 43 <SV = 38> <Delay = 1.65>
ST_43 : Operation 486 [1/1] (0.00ns)   --->   "%shl_ln1 = bitconcatenate i2 @_ssdm_op_BitConcatenate.i2.i1.i1, i1 %trunc_ln75, i1 0" [likelihood_kernel.cpp:75]   --->   Operation 486 'bitconcatenate' 'shl_ln1' <Predicate = (!icmp_ln70)> <Delay = 0.00>
ST_43 : Operation 487 [1/1] (0.00ns)   --->   "%zext_ln75 = zext i2 %shl_ln1" [likelihood_kernel.cpp:75]   --->   Operation 487 'zext' 'zext_ln75' <Predicate = (!icmp_ln70)> <Delay = 0.00>
ST_43 : Operation 488 [1/2] (1.20ns)   --->   "%buffer_objxy_0_load = load i6 %buffer_objxy_0_addr_1" [likelihood_kernel.cpp:75]   --->   Operation 488 'load' 'buffer_objxy_0_load' <Predicate = (!icmp_ln70)> <Delay = 1.20> <CoreInst = "RAM_2P_BRAM">   --->   Core 94 'RAM_2P_BRAM' <Latency = 1> <II = 1> <Delay = 1.20> <Storage> <Opcode : 'load' 'store'> <Ports = 2> <Width = 64> <Depth = 40> <RAM>
ST_43 : Operation 489 [1/2] (1.20ns)   --->   "%buffer_objxy_1_load = load i6 %buffer_objxy_1_addr_1" [likelihood_kernel.cpp:75]   --->   Operation 489 'load' 'buffer_objxy_1_load' <Predicate = (!icmp_ln70)> <Delay = 1.20> <CoreInst = "RAM_2P_BRAM">   --->   Core 94 'RAM_2P_BRAM' <Latency = 1> <II = 1> <Delay = 1.20> <Storage> <Opcode : 'load' 'store'> <Ports = 2> <Width = 64> <Depth = 40> <RAM>
ST_43 : Operation 490 [1/2] (1.20ns)   --->   "%buffer_objxy_2_load = load i6 %buffer_objxy_2_addr_1" [likelihood_kernel.cpp:75]   --->   Operation 490 'load' 'buffer_objxy_2_load' <Predicate = (!icmp_ln70)> <Delay = 1.20> <CoreInst = "RAM_2P_BRAM">   --->   Core 94 'RAM_2P_BRAM' <Latency = 1> <II = 1> <Delay = 1.20> <Storage> <Opcode : 'load' 'store'> <Ports = 2> <Width = 64> <Depth = 40> <RAM>
ST_43 : Operation 491 [1/2] (1.20ns)   --->   "%buffer_objxy_3_load = load i6 %buffer_objxy_3_addr_1" [likelihood_kernel.cpp:75]   --->   Operation 491 'load' 'buffer_objxy_3_load' <Predicate = (!icmp_ln70)> <Delay = 1.20> <CoreInst = "RAM_2P_BRAM">   --->   Core 94 'RAM_2P_BRAM' <Latency = 1> <II = 1> <Delay = 1.20> <Storage> <Opcode : 'load' 'store'> <Ports = 2> <Width = 64> <Depth = 40> <RAM>
ST_43 : Operation 492 [1/1] (0.45ns)   --->   "%value_assign_2 = mux i64 @_ssdm_op_Mux.ap_auto.4double.i64, i64 %buffer_objxy_0_load, i64 %buffer_objxy_1_load, i64 %buffer_objxy_2_load, i64 %buffer_objxy_3_load, i64 %zext_ln75" [likelihood_kernel.cpp:75]   --->   Operation 492 'mux' 'value_assign_2' <Predicate = (!icmp_ln70)> <Delay = 0.45> <CoreInst = "Multiplexer">   --->   Core 76 'Multiplexer' <Latency = 0> <II = 1> <Delay = 0.45> <FuncUnit> <Opcode : 'mux'> <InPorts = 2> <OutPorts = 1>
ST_43 : Operation 493 [1/1] (0.45ns)   --->   "%value_assign_3 = mux i64 @_ssdm_op_Mux.ap_auto.4double.i64, i64 %buffer_objxy_1_load, i64 %buffer_objxy_2_load, i64 %buffer_objxy_3_load, i64 %buffer_objxy_0_load, i64 %zext_ln75" [likelihood_kernel.cpp:76]   --->   Operation 493 'mux' 'value_assign_3' <Predicate = (!icmp_ln70)> <Delay = 0.45> <CoreInst = "Multiplexer">   --->   Core 76 'Multiplexer' <Latency = 0> <II = 1> <Delay = 0.45> <FuncUnit> <Opcode : 'mux'> <InPorts = 2> <OutPorts = 1>
ST_43 : Operation 494 [1/1] (0.85ns)   --->   "%icmp_ln91 = icmp_eq  i32 %add_ln70, i32 %countOnes_read" [likelihood_kernel.cpp:91]   --->   Operation 494 'icmp' 'icmp_ln91' <Predicate = (!icmp_ln70)> <Delay = 0.85> <CoreInst = "Cmp">   --->   Core 9 'Cmp' <Latency = 0> <II = 1> <Delay = 0.84> <FuncUnit> <Opcode : 'icmp'> <InPorts = 2> <OutPorts = 1>

State 44 <SV = 39> <Delay = 1.90>
ST_44 : Operation 495 [8/8] (1.90ns)   --->   "%dc_2 = dadd i64 %value_assign_2, i64 0.5" [likelihood_kernel.cpp:11->likelihood_kernel.cpp:75]   --->   Operation 495 'dadd' 'dc_2' <Predicate = (!icmp_ln70)> <Delay = 1.90> <CoreInst = "DAddSub_fulldsp">   --->   Core 37 'DAddSub_fulldsp' <Latency = 7> <II = 1> <Delay = 1.90> <FuncUnit> <Opcode : 'dadd' 'dsub'> <InPorts = 2> <OutPorts = 1>
ST_44 : Operation 496 [8/8] (1.90ns)   --->   "%dc_3 = dadd i64 %value_assign_3, i64 0.5" [likelihood_kernel.cpp:11->likelihood_kernel.cpp:76]   --->   Operation 496 'dadd' 'dc_3' <Predicate = (!icmp_ln70)> <Delay = 1.90> <CoreInst = "DAddSub_fulldsp">   --->   Core 37 'DAddSub_fulldsp' <Latency = 7> <II = 1> <Delay = 1.90> <FuncUnit> <Opcode : 'dadd' 'dsub'> <InPorts = 2> <OutPorts = 1>

State 45 <SV = 40> <Delay = 1.90>
ST_45 : Operation 497 [7/8] (1.90ns)   --->   "%dc_2 = dadd i64 %value_assign_2, i64 0.5" [likelihood_kernel.cpp:11->likelihood_kernel.cpp:75]   --->   Operation 497 'dadd' 'dc_2' <Predicate = (!icmp_ln70)> <Delay = 1.90> <CoreInst = "DAddSub_fulldsp">   --->   Core 37 'DAddSub_fulldsp' <Latency = 7> <II = 1> <Delay = 1.90> <FuncUnit> <Opcode : 'dadd' 'dsub'> <InPorts = 2> <OutPorts = 1>
ST_45 : Operation 498 [7/8] (1.90ns)   --->   "%dc_3 = dadd i64 %value_assign_3, i64 0.5" [likelihood_kernel.cpp:11->likelihood_kernel.cpp:76]   --->   Operation 498 'dadd' 'dc_3' <Predicate = (!icmp_ln70)> <Delay = 1.90> <CoreInst = "DAddSub_fulldsp">   --->   Core 37 'DAddSub_fulldsp' <Latency = 7> <II = 1> <Delay = 1.90> <FuncUnit> <Opcode : 'dadd' 'dsub'> <InPorts = 2> <OutPorts = 1>

State 46 <SV = 41> <Delay = 1.90>
ST_46 : Operation 499 [6/8] (1.90ns)   --->   "%dc_2 = dadd i64 %value_assign_2, i64 0.5" [likelihood_kernel.cpp:11->likelihood_kernel.cpp:75]   --->   Operation 499 'dadd' 'dc_2' <Predicate = (!icmp_ln70)> <Delay = 1.90> <CoreInst = "DAddSub_fulldsp">   --->   Core 37 'DAddSub_fulldsp' <Latency = 7> <II = 1> <Delay = 1.90> <FuncUnit> <Opcode : 'dadd' 'dsub'> <InPorts = 2> <OutPorts = 1>
ST_46 : Operation 500 [6/8] (1.90ns)   --->   "%dc_3 = dadd i64 %value_assign_3, i64 0.5" [likelihood_kernel.cpp:11->likelihood_kernel.cpp:76]   --->   Operation 500 'dadd' 'dc_3' <Predicate = (!icmp_ln70)> <Delay = 1.90> <CoreInst = "DAddSub_fulldsp">   --->   Core 37 'DAddSub_fulldsp' <Latency = 7> <II = 1> <Delay = 1.90> <FuncUnit> <Opcode : 'dadd' 'dsub'> <InPorts = 2> <OutPorts = 1>

State 47 <SV = 42> <Delay = 1.90>
ST_47 : Operation 501 [5/8] (1.90ns)   --->   "%dc_2 = dadd i64 %value_assign_2, i64 0.5" [likelihood_kernel.cpp:11->likelihood_kernel.cpp:75]   --->   Operation 501 'dadd' 'dc_2' <Predicate = (!icmp_ln70)> <Delay = 1.90> <CoreInst = "DAddSub_fulldsp">   --->   Core 37 'DAddSub_fulldsp' <Latency = 7> <II = 1> <Delay = 1.90> <FuncUnit> <Opcode : 'dadd' 'dsub'> <InPorts = 2> <OutPorts = 1>
ST_47 : Operation 502 [5/8] (1.90ns)   --->   "%dc_3 = dadd i64 %value_assign_3, i64 0.5" [likelihood_kernel.cpp:11->likelihood_kernel.cpp:76]   --->   Operation 502 'dadd' 'dc_3' <Predicate = (!icmp_ln70)> <Delay = 1.90> <CoreInst = "DAddSub_fulldsp">   --->   Core 37 'DAddSub_fulldsp' <Latency = 7> <II = 1> <Delay = 1.90> <FuncUnit> <Opcode : 'dadd' 'dsub'> <InPorts = 2> <OutPorts = 1>

State 48 <SV = 43> <Delay = 1.90>
ST_48 : Operation 503 [4/8] (1.90ns)   --->   "%dc_2 = dadd i64 %value_assign_2, i64 0.5" [likelihood_kernel.cpp:11->likelihood_kernel.cpp:75]   --->   Operation 503 'dadd' 'dc_2' <Predicate = (!icmp_ln70)> <Delay = 1.90> <CoreInst = "DAddSub_fulldsp">   --->   Core 37 'DAddSub_fulldsp' <Latency = 7> <II = 1> <Delay = 1.90> <FuncUnit> <Opcode : 'dadd' 'dsub'> <InPorts = 2> <OutPorts = 1>
ST_48 : Operation 504 [4/8] (1.90ns)   --->   "%dc_3 = dadd i64 %value_assign_3, i64 0.5" [likelihood_kernel.cpp:11->likelihood_kernel.cpp:76]   --->   Operation 504 'dadd' 'dc_3' <Predicate = (!icmp_ln70)> <Delay = 1.90> <CoreInst = "DAddSub_fulldsp">   --->   Core 37 'DAddSub_fulldsp' <Latency = 7> <II = 1> <Delay = 1.90> <FuncUnit> <Opcode : 'dadd' 'dsub'> <InPorts = 2> <OutPorts = 1>

State 49 <SV = 44> <Delay = 1.90>
ST_49 : Operation 505 [3/8] (1.90ns)   --->   "%dc_2 = dadd i64 %value_assign_2, i64 0.5" [likelihood_kernel.cpp:11->likelihood_kernel.cpp:75]   --->   Operation 505 'dadd' 'dc_2' <Predicate = (!icmp_ln70)> <Delay = 1.90> <CoreInst = "DAddSub_fulldsp">   --->   Core 37 'DAddSub_fulldsp' <Latency = 7> <II = 1> <Delay = 1.90> <FuncUnit> <Opcode : 'dadd' 'dsub'> <InPorts = 2> <OutPorts = 1>
ST_49 : Operation 506 [3/8] (1.90ns)   --->   "%dc_3 = dadd i64 %value_assign_3, i64 0.5" [likelihood_kernel.cpp:11->likelihood_kernel.cpp:76]   --->   Operation 506 'dadd' 'dc_3' <Predicate = (!icmp_ln70)> <Delay = 1.90> <CoreInst = "DAddSub_fulldsp">   --->   Core 37 'DAddSub_fulldsp' <Latency = 7> <II = 1> <Delay = 1.90> <FuncUnit> <Opcode : 'dadd' 'dsub'> <InPorts = 2> <OutPorts = 1>

State 50 <SV = 45> <Delay = 1.90>
ST_50 : Operation 507 [2/8] (1.90ns)   --->   "%dc_2 = dadd i64 %value_assign_2, i64 0.5" [likelihood_kernel.cpp:11->likelihood_kernel.cpp:75]   --->   Operation 507 'dadd' 'dc_2' <Predicate = (!icmp_ln70)> <Delay = 1.90> <CoreInst = "DAddSub_fulldsp">   --->   Core 37 'DAddSub_fulldsp' <Latency = 7> <II = 1> <Delay = 1.90> <FuncUnit> <Opcode : 'dadd' 'dsub'> <InPorts = 2> <OutPorts = 1>
ST_50 : Operation 508 [2/8] (1.90ns)   --->   "%dc_3 = dadd i64 %value_assign_3, i64 0.5" [likelihood_kernel.cpp:11->likelihood_kernel.cpp:76]   --->   Operation 508 'dadd' 'dc_3' <Predicate = (!icmp_ln70)> <Delay = 1.90> <CoreInst = "DAddSub_fulldsp">   --->   Core 37 'DAddSub_fulldsp' <Latency = 7> <II = 1> <Delay = 1.90> <FuncUnit> <Opcode : 'dadd' 'dsub'> <InPorts = 2> <OutPorts = 1>

State 51 <SV = 46> <Delay = 1.90>
ST_51 : Operation 509 [1/8] (1.90ns)   --->   "%dc_2 = dadd i64 %value_assign_2, i64 0.5" [likelihood_kernel.cpp:11->likelihood_kernel.cpp:75]   --->   Operation 509 'dadd' 'dc_2' <Predicate = (!icmp_ln70)> <Delay = 1.90> <CoreInst = "DAddSub_fulldsp">   --->   Core 37 'DAddSub_fulldsp' <Latency = 7> <II = 1> <Delay = 1.90> <FuncUnit> <Opcode : 'dadd' 'dsub'> <InPorts = 2> <OutPorts = 1>
ST_51 : Operation 510 [1/8] (1.90ns)   --->   "%dc_3 = dadd i64 %value_assign_3, i64 0.5" [likelihood_kernel.cpp:11->likelihood_kernel.cpp:76]   --->   Operation 510 'dadd' 'dc_3' <Predicate = (!icmp_ln70)> <Delay = 1.90> <CoreInst = "DAddSub_fulldsp">   --->   Core 37 'DAddSub_fulldsp' <Latency = 7> <II = 1> <Delay = 1.90> <FuncUnit> <Opcode : 'dadd' 'dsub'> <InPorts = 2> <OutPorts = 1>

State 52 <SV = 47> <Delay = 2.16>
ST_52 : Operation 511 [1/1] (0.00ns)   --->   "%data_V_2 = bitcast i64 %dc_2" [/wrk/ci/prod/2020.2/rdi_builds/continuous/2020_11_18_3064766/src/shared/hls/clib/src/hls/utils/x_hls_utils.h:483]   --->   Operation 511 'bitcast' 'data_V_2' <Predicate = (!icmp_ln70)> <Delay = 0.00>
ST_52 : Operation 512 [1/1] (0.00ns)   --->   "%p_Result_2 = bitselect i1 @_ssdm_op_BitSelect.i1.i64.i32, i64 %data_V_2, i32 63"   --->   Operation 512 'bitselect' 'p_Result_2' <Predicate = (!icmp_ln70)> <Delay = 0.00>
ST_52 : Operation 513 [1/1] (0.00ns)   --->   "%tmp_30 = partselect i11 @_ssdm_op_PartSelect.i11.i64.i32.i32, i64 %data_V_2, i32 52, i32 62"   --->   Operation 513 'partselect' 'tmp_30' <Predicate = (!icmp_ln70)> <Delay = 0.00>
ST_52 : Operation 514 [1/1] (0.00ns)   --->   "%tmp_31 = trunc i64 %data_V_2"   --->   Operation 514 'trunc' 'tmp_31' <Predicate = (!icmp_ln70)> <Delay = 0.00>
ST_52 : Operation 515 [1/1] (0.00ns)   --->   "%mantissa_2 = bitconcatenate i54 @_ssdm_op_BitConcatenate.i54.i1.i52.i1, i1 1, i52 %tmp_31, i1 0"   --->   Operation 515 'bitconcatenate' 'mantissa_2' <Predicate = (!icmp_ln70)> <Delay = 0.00>
ST_52 : Operation 516 [1/1] (0.00ns)   --->   "%zext_ln15_2 = zext i54 %mantissa_2" [/wrk/ci/prod/2020.2/rdi_builds/continuous/2020_11_18_3064766/src/shared/hls/clib/hlsmath/include/FloatingPoint/hls_case_IEEE754.h:15]   --->   Operation 516 'zext' 'zext_ln15_2' <Predicate = (!icmp_ln70)> <Delay = 0.00>
ST_52 : Operation 517 [1/1] (0.00ns)   --->   "%zext_ln510_2 = zext i11 %tmp_30" [/wrk/ci/prod/2020.2/rdi_builds/continuous/2020_11_18_3064766/src/shared/hls/clib/src/hls/utils/x_hls_utils.h:510]   --->   Operation 517 'zext' 'zext_ln510_2' <Predicate = (!icmp_ln70)> <Delay = 0.00>
ST_52 : Operation 518 [1/1] (0.73ns)   --->   "%add_ln510_2 = add i12 %zext_ln510_2, i12 3073" [/wrk/ci/prod/2020.2/rdi_builds/continuous/2020_11_18_3064766/src/shared/hls/clib/src/hls/utils/x_hls_utils.h:510]   --->   Operation 518 'add' 'add_ln510_2' <Predicate = (!icmp_ln70)> <Delay = 0.73> <CoreInst = "Adder">   --->   Core 1 'Adder' <Latency = 0> <II = 1> <Delay = 0.88> <FuncUnit> <Opcode : 'add' 'sub'> <InPorts = 2> <OutPorts = 1>
ST_52 : Operation 519 [1/1] (0.00ns)   --->   "%isNeg_2 = bitselect i1 @_ssdm_op_BitSelect.i1.i12.i32, i12 %add_ln510_2, i32 11"   --->   Operation 519 'bitselect' 'isNeg_2' <Predicate = (!icmp_ln70)> <Delay = 0.00>
ST_52 : Operation 520 [1/1] (0.73ns)   --->   "%sub_ln1311_2 = sub i11 1023, i11 %tmp_30"   --->   Operation 520 'sub' 'sub_ln1311_2' <Predicate = (!icmp_ln70)> <Delay = 0.73> <CoreInst = "Adder">   --->   Core 1 'Adder' <Latency = 0> <II = 1> <Delay = 0.88> <FuncUnit> <Opcode : 'add' 'sub'> <InPorts = 2> <OutPorts = 1>
ST_52 : Operation 521 [1/1] (0.00ns)   --->   "%sext_ln1311_2 = sext i11 %sub_ln1311_2"   --->   Operation 521 'sext' 'sext_ln1311_2' <Predicate = (!icmp_ln70)> <Delay = 0.00>
ST_52 : Operation 522 [1/1] (0.29ns)   --->   "%ush_2 = select i1 %isNeg_2, i12 %sext_ln1311_2, i12 %add_ln510_2"   --->   Operation 522 'select' 'ush_2' <Predicate = (!icmp_ln70)> <Delay = 0.29> <CoreInst = "Sel">   --->   Core 73 'Sel' <Latency = 0> <II = 1> <Delay = 0.22> <FuncUnit> <Opcode : 'select'> <InPorts = 3> <OutPorts = 1>
ST_52 : Operation 523 [1/1] (0.00ns)   --->   "%sh_prom_i_i_i_i_i_i100_cast_cast_cast = sext i12 %ush_2"   --->   Operation 523 'sext' 'sh_prom_i_i_i_i_i_i100_cast_cast_cast' <Predicate = (!icmp_ln70)> <Delay = 0.00>
ST_52 : Operation 524 [1/1] (0.00ns)   --->   "%sh_prom_i_i_i_i_i_i100_cast_cast_cast_cast = zext i32 %sh_prom_i_i_i_i_i_i100_cast_cast_cast"   --->   Operation 524 'zext' 'sh_prom_i_i_i_i_i_i100_cast_cast_cast_cast' <Predicate = (!icmp_ln70)> <Delay = 0.00>
ST_52 : Operation 525 [1/1] (0.00ns) (grouped into LUT with out node val_2)   --->   "%r_V_4 = lshr i137 %zext_ln15_2, i137 %sh_prom_i_i_i_i_i_i100_cast_cast_cast_cast"   --->   Operation 525 'lshr' 'r_V_4' <Predicate = (!icmp_ln70)> <Delay = 0.00> <CoreInst = "Shifter">   --->   Core 75 'Shifter' <Latency = 0> <II = 1> <Delay = 1.12> <FuncUnit> <Opcode : 'shl' 'lshr' 'ashr'> <InPorts = 2> <OutPorts = 1>
ST_52 : Operation 526 [1/1] (0.00ns) (grouped into LUT with out node val_2)   --->   "%r_V_5 = shl i137 %zext_ln15_2, i137 %sh_prom_i_i_i_i_i_i100_cast_cast_cast_cast"   --->   Operation 526 'shl' 'r_V_5' <Predicate = (!icmp_ln70)> <Delay = 0.00> <CoreInst = "Shifter">   --->   Core 75 'Shifter' <Latency = 0> <II = 1> <Delay = 1.12> <FuncUnit> <Opcode : 'shl' 'lshr' 'ashr'> <InPorts = 2> <OutPorts = 1>
ST_52 : Operation 527 [1/1] (0.00ns) (grouped into LUT with out node val_2)   --->   "%tmp_19 = bitselect i1 @_ssdm_op_BitSelect.i1.i137.i32, i137 %r_V_4, i32 53"   --->   Operation 527 'bitselect' 'tmp_19' <Predicate = (!icmp_ln70)> <Delay = 0.00>
ST_52 : Operation 528 [1/1] (0.00ns) (grouped into LUT with out node val_2)   --->   "%zext_ln662_2 = zext i1 %tmp_19"   --->   Operation 528 'zext' 'zext_ln662_2' <Predicate = (!icmp_ln70)> <Delay = 0.00>
ST_52 : Operation 529 [1/1] (0.00ns) (grouped into LUT with out node val_2)   --->   "%tmp_2 = partselect i32 @_ssdm_op_PartSelect.i32.i137.i32.i32, i137 %r_V_5, i32 53, i32 84"   --->   Operation 529 'partselect' 'tmp_2' <Predicate = (!icmp_ln70)> <Delay = 0.00>
ST_52 : Operation 530 [1/1] (1.12ns) (out node of the LUT)   --->   "%val_2 = select i1 %isNeg_2, i32 %zext_ln662_2, i32 %tmp_2"   --->   Operation 530 'select' 'val_2' <Predicate = (!icmp_ln70)> <Delay = 1.12> <CoreInst = "Sel">   --->   Core 73 'Sel' <Latency = 0> <II = 1> <Delay = 0.22> <FuncUnit> <Opcode : 'select'> <InPorts = 3> <OutPorts = 1>
ST_52 : Operation 531 [1/1] (0.00ns)   --->   "%data_V_3 = bitcast i64 %dc_3" [/wrk/ci/prod/2020.2/rdi_builds/continuous/2020_11_18_3064766/src/shared/hls/clib/src/hls/utils/x_hls_utils.h:483]   --->   Operation 531 'bitcast' 'data_V_3' <Predicate = (!icmp_ln70)> <Delay = 0.00>
ST_52 : Operation 532 [1/1] (0.00ns)   --->   "%tmp_32 = partselect i11 @_ssdm_op_PartSelect.i11.i64.i32.i32, i64 %data_V_3, i32 52, i32 62"   --->   Operation 532 'partselect' 'tmp_32' <Predicate = (!icmp_ln70)> <Delay = 0.00>
ST_52 : Operation 533 [1/1] (0.00ns)   --->   "%tmp_33 = trunc i64 %data_V_3"   --->   Operation 533 'trunc' 'tmp_33' <Predicate = (!icmp_ln70)> <Delay = 0.00>
ST_52 : Operation 534 [1/1] (0.00ns)   --->   "%mantissa_3 = bitconcatenate i54 @_ssdm_op_BitConcatenate.i54.i1.i52.i1, i1 1, i52 %tmp_33, i1 0"   --->   Operation 534 'bitconcatenate' 'mantissa_3' <Predicate = (!icmp_ln70)> <Delay = 0.00>
ST_52 : Operation 535 [1/1] (0.00ns)   --->   "%zext_ln15_3 = zext i54 %mantissa_3" [/wrk/ci/prod/2020.2/rdi_builds/continuous/2020_11_18_3064766/src/shared/hls/clib/hlsmath/include/FloatingPoint/hls_case_IEEE754.h:15]   --->   Operation 535 'zext' 'zext_ln15_3' <Predicate = (!icmp_ln70)> <Delay = 0.00>
ST_52 : Operation 536 [1/1] (0.00ns)   --->   "%zext_ln510_3 = zext i11 %tmp_32" [/wrk/ci/prod/2020.2/rdi_builds/continuous/2020_11_18_3064766/src/shared/hls/clib/src/hls/utils/x_hls_utils.h:510]   --->   Operation 536 'zext' 'zext_ln510_3' <Predicate = (!icmp_ln70)> <Delay = 0.00>
ST_52 : Operation 537 [1/1] (0.73ns)   --->   "%add_ln510_3 = add i12 %zext_ln510_3, i12 3073" [/wrk/ci/prod/2020.2/rdi_builds/continuous/2020_11_18_3064766/src/shared/hls/clib/src/hls/utils/x_hls_utils.h:510]   --->   Operation 537 'add' 'add_ln510_3' <Predicate = (!icmp_ln70)> <Delay = 0.73> <CoreInst = "Adder">   --->   Core 1 'Adder' <Latency = 0> <II = 1> <Delay = 0.88> <FuncUnit> <Opcode : 'add' 'sub'> <InPorts = 2> <OutPorts = 1>
ST_52 : Operation 538 [1/1] (0.00ns)   --->   "%isNeg_3 = bitselect i1 @_ssdm_op_BitSelect.i1.i12.i32, i12 %add_ln510_3, i32 11"   --->   Operation 538 'bitselect' 'isNeg_3' <Predicate = (!icmp_ln70)> <Delay = 0.00>
ST_52 : Operation 539 [1/1] (0.73ns)   --->   "%sub_ln1311_3 = sub i11 1023, i11 %tmp_32"   --->   Operation 539 'sub' 'sub_ln1311_3' <Predicate = (!icmp_ln70)> <Delay = 0.73> <CoreInst = "Adder">   --->   Core 1 'Adder' <Latency = 0> <II = 1> <Delay = 0.88> <FuncUnit> <Opcode : 'add' 'sub'> <InPorts = 2> <OutPorts = 1>
ST_52 : Operation 540 [1/1] (0.00ns)   --->   "%sext_ln1311_3 = sext i11 %sub_ln1311_3"   --->   Operation 540 'sext' 'sext_ln1311_3' <Predicate = (!icmp_ln70)> <Delay = 0.00>
ST_52 : Operation 541 [1/1] (0.29ns)   --->   "%ush_3 = select i1 %isNeg_3, i12 %sext_ln1311_3, i12 %add_ln510_3"   --->   Operation 541 'select' 'ush_3' <Predicate = (!icmp_ln70)> <Delay = 0.29> <CoreInst = "Sel">   --->   Core 73 'Sel' <Latency = 0> <II = 1> <Delay = 0.22> <FuncUnit> <Opcode : 'select'> <InPorts = 3> <OutPorts = 1>
ST_52 : Operation 542 [1/1] (0.00ns)   --->   "%sh_prom_i_i_i_i_i_i122_cast_cast_cast = sext i12 %ush_3"   --->   Operation 542 'sext' 'sh_prom_i_i_i_i_i_i122_cast_cast_cast' <Predicate = (!icmp_ln70)> <Delay = 0.00>
ST_52 : Operation 543 [1/1] (0.00ns)   --->   "%sh_prom_i_i_i_i_i_i122_cast_cast_cast_cast = zext i32 %sh_prom_i_i_i_i_i_i122_cast_cast_cast"   --->   Operation 543 'zext' 'sh_prom_i_i_i_i_i_i122_cast_cast_cast_cast' <Predicate = (!icmp_ln70)> <Delay = 0.00>
ST_52 : Operation 544 [1/1] (0.00ns) (grouped into LUT with out node val_3)   --->   "%r_V_6 = lshr i137 %zext_ln15_3, i137 %sh_prom_i_i_i_i_i_i122_cast_cast_cast_cast"   --->   Operation 544 'lshr' 'r_V_6' <Predicate = (!icmp_ln70)> <Delay = 0.00> <CoreInst = "Shifter">   --->   Core 75 'Shifter' <Latency = 0> <II = 1> <Delay = 1.12> <FuncUnit> <Opcode : 'shl' 'lshr' 'ashr'> <InPorts = 2> <OutPorts = 1>
ST_52 : Operation 545 [1/1] (0.00ns) (grouped into LUT with out node val_3)   --->   "%r_V_7 = shl i137 %zext_ln15_3, i137 %sh_prom_i_i_i_i_i_i122_cast_cast_cast_cast"   --->   Operation 545 'shl' 'r_V_7' <Predicate = (!icmp_ln70)> <Delay = 0.00> <CoreInst = "Shifter">   --->   Core 75 'Shifter' <Latency = 0> <II = 1> <Delay = 1.12> <FuncUnit> <Opcode : 'shl' 'lshr' 'ashr'> <InPorts = 2> <OutPorts = 1>
ST_52 : Operation 546 [1/1] (0.00ns) (grouped into LUT with out node val_3)   --->   "%tmp_24 = bitselect i1 @_ssdm_op_BitSelect.i1.i137.i32, i137 %r_V_6, i32 53"   --->   Operation 546 'bitselect' 'tmp_24' <Predicate = (!icmp_ln70)> <Delay = 0.00>
ST_52 : Operation 547 [1/1] (0.00ns) (grouped into LUT with out node val_3)   --->   "%zext_ln662_3 = zext i1 %tmp_24"   --->   Operation 547 'zext' 'zext_ln662_3' <Predicate = (!icmp_ln70)> <Delay = 0.00>
ST_52 : Operation 548 [1/1] (0.00ns) (grouped into LUT with out node val_3)   --->   "%tmp_4 = partselect i32 @_ssdm_op_PartSelect.i32.i137.i32.i32, i137 %r_V_7, i32 53, i32 84"   --->   Operation 548 'partselect' 'tmp_4' <Predicate = (!icmp_ln70)> <Delay = 0.00>
ST_52 : Operation 549 [1/1] (1.12ns) (out node of the LUT)   --->   "%val_3 = select i1 %isNeg_3, i32 %zext_ln662_3, i32 %tmp_4"   --->   Operation 549 'select' 'val_3' <Predicate = (!icmp_ln70)> <Delay = 1.12> <CoreInst = "Sel">   --->   Core 73 'Sel' <Latency = 0> <II = 1> <Delay = 0.22> <FuncUnit> <Opcode : 'select'> <InPorts = 3> <OutPorts = 1>

State 53 <SV = 48> <Delay = 1.76>
ST_53 : Operation 550 [1/1] (0.88ns)   --->   "%result_V_9 = sub i32 0, i32 %val_2"   --->   Operation 550 'sub' 'result_V_9' <Predicate = (!icmp_ln70 & p_Result_2)> <Delay = 0.88> <CoreInst = "Adder">   --->   Core 1 'Adder' <Latency = 0> <II = 1> <Delay = 0.88> <FuncUnit> <Opcode : 'add' 'sub'> <InPorts = 2> <OutPorts = 1>
ST_53 : Operation 551 [1/1] (0.22ns)   --->   "%result_V_14 = select i1 %p_Result_2, i32 %result_V_9, i32 %val_2" [/wrk/ci/prod/2020.2/rdi_builds/continuous/2020_11_18_3064766/src/shared/hls/clib/hlsmath/include/FloatingPoint/hls_case_IEEE754.h:59]   --->   Operation 551 'select' 'result_V_14' <Predicate = (!icmp_ln70)> <Delay = 0.22> <CoreInst = "Sel">   --->   Core 73 'Sel' <Latency = 0> <II = 1> <Delay = 0.22> <FuncUnit> <Opcode : 'select'> <InPorts = 3> <OutPorts = 1>
ST_53 : Operation 552 [1/1] (0.00ns) (grouped into LUT with out node indX)   --->   "%p_Result_3 = bitselect i1 @_ssdm_op_BitSelect.i1.i64.i32, i64 %data_V_3, i32 63"   --->   Operation 552 'bitselect' 'p_Result_3' <Predicate = (!icmp_ln70)> <Delay = 0.00>
ST_53 : Operation 553 [1/1] (0.88ns)   --->   "%result_V_10 = sub i32 0, i32 %val_3"   --->   Operation 553 'sub' 'result_V_10' <Predicate = (!icmp_ln70)> <Delay = 0.88> <CoreInst = "Adder">   --->   Core 1 'Adder' <Latency = 0> <II = 1> <Delay = 0.88> <FuncUnit> <Opcode : 'add' 'sub'> <InPorts = 2> <OutPorts = 1>
ST_53 : Operation 554 [1/1] (0.00ns) (grouped into LUT with out node indX)   --->   "%result_V = select i1 %p_Result_3, i32 %result_V_10, i32 %val_3" [/wrk/ci/prod/2020.2/rdi_builds/continuous/2020_11_18_3064766/src/shared/hls/clib/hlsmath/include/FloatingPoint/hls_case_IEEE754.h:59]   --->   Operation 554 'select' 'result_V' <Predicate = (!icmp_ln70)> <Delay = 0.00> <CoreInst = "Sel">   --->   Core 73 'Sel' <Latency = 0> <II = 1> <Delay = 0.22> <FuncUnit> <Opcode : 'select'> <InPorts = 3> <OutPorts = 1>
ST_53 : Operation 555 [1/1] (0.88ns) (out node of the LUT)   --->   "%indX = add i32 %result_V, i32 %result_V_12" [likelihood_kernel.cpp:78]   --->   Operation 555 'add' 'indX' <Predicate = (!icmp_ln70)> <Delay = 0.88> <CoreInst = "Adder">   --->   Core 1 'Adder' <Latency = 0> <II = 1> <Delay = 0.88> <FuncUnit> <Opcode : 'add' 'sub'> <InPorts = 2> <OutPorts = 1>

State 54 <SV = 49> <Delay = 2.29>
ST_54 : Operation 556 [2/2] (2.29ns)   --->   "%mul_ln81 = mul i32 %indX, i32 %IszY_read" [likelihood_kernel.cpp:81]   --->   Operation 556 'mul' 'mul_ln81' <Predicate = (!icmp_ln70)> <Delay = 2.29> <CoreInst = "Multiplier">   --->   Core 3 'Multiplier' <Latency = 1> <II = 1> <Delay = 2.29> <FuncUnit> <Opcode : 'mul'> <InPorts = 2> <OutPorts = 1>

State 55 <SV = 50> <Delay = 2.29>
ST_55 : Operation 557 [1/2] (2.29ns)   --->   "%mul_ln81 = mul i32 %indX, i32 %IszY_read" [likelihood_kernel.cpp:81]   --->   Operation 557 'mul' 'mul_ln81' <Predicate = (!icmp_ln70)> <Delay = 2.29> <CoreInst = "Multiplier">   --->   Core 3 'Multiplier' <Latency = 1> <II = 1> <Delay = 2.29> <FuncUnit> <Opcode : 'mul'> <InPorts = 2> <OutPorts = 1>

State 56 <SV = 51> <Delay = 0.73>
ST_56 : Operation 558 [1/1] (0.00ns) (grouped into TernaryAdder)   --->   "%add_ln81_2 = add i32 %result_V_13, i32 %mul_ln81" [likelihood_kernel.cpp:81]   --->   Operation 558 'add' 'add_ln81_2' <Predicate = (!icmp_ln70)> <Delay = 0.00> <CoreInst = "TAddSub">   --->   Core 10 'TAddSub' <Latency = 0> <II = 1> <Delay = 0.36> <IPBlock> <Opcode : 'add' 'sub'> <InPorts = 3> <OutPorts = 1> <Sync>
ST_56 : Operation 559 [1/1] (0.73ns) (root node of TernaryAdder)   --->   "%add_ln81 = add i32 %add_ln81_2, i32 %result_V_14" [likelihood_kernel.cpp:81]   --->   Operation 559 'add' 'add_ln81' <Predicate = (!icmp_ln70)> <Delay = 0.73> <CoreInst = "TAddSub">   --->   Core 10 'TAddSub' <Latency = 0> <II = 1> <Delay = 0.36> <IPBlock> <Opcode : 'add' 'sub'> <InPorts = 3> <OutPorts = 1> <Sync>

State 57 <SV = 52> <Delay = 2.29>
ST_57 : Operation 560 [2/2] (2.29ns)   --->   "%mul_ln81_1 = mul i32 %add_ln81, i32 %Nfr_read" [likelihood_kernel.cpp:81]   --->   Operation 560 'mul' 'mul_ln81_1' <Predicate = (!icmp_ln70)> <Delay = 2.29> <CoreInst = "Multiplier">   --->   Core 3 'Multiplier' <Latency = 1> <II = 1> <Delay = 2.29> <FuncUnit> <Opcode : 'mul'> <InPorts = 2> <OutPorts = 1>

State 58 <SV = 53> <Delay = 2.29>
ST_58 : Operation 561 [1/2] (2.29ns)   --->   "%mul_ln81_1 = mul i32 %add_ln81, i32 %Nfr_read" [likelihood_kernel.cpp:81]   --->   Operation 561 'mul' 'mul_ln81_1' <Predicate = (!icmp_ln70)> <Delay = 2.29> <CoreInst = "Multiplier">   --->   Core 3 'Multiplier' <Latency = 1> <II = 1> <Delay = 2.29> <FuncUnit> <Opcode : 'mul'> <InPorts = 2> <OutPorts = 1>

State 59 <SV = 54> <Delay = 1.98>
ST_59 : Operation 562 [1/1] (0.88ns)   --->   "%add_ln81_1 = add i32 %mul_ln81_1, i32 %k_read" [likelihood_kernel.cpp:81]   --->   Operation 562 'add' 'add_ln81_1' <Predicate = (!icmp_ln70)> <Delay = 0.88> <CoreInst = "Adder">   --->   Core 1 'Adder' <Latency = 0> <II = 1> <Delay = 0.88> <FuncUnit> <Opcode : 'add' 'sub'> <InPorts = 2> <OutPorts = 1>
ST_59 : Operation 563 [1/1] (0.88ns)   --->   "%neg = sub i32 0, i32 %add_ln81_1" [likelihood_kernel.cpp:81]   --->   Operation 563 'sub' 'neg' <Predicate = (!icmp_ln70)> <Delay = 0.88> <CoreInst = "Adder">   --->   Core 1 'Adder' <Latency = 0> <II = 1> <Delay = 0.88> <FuncUnit> <Opcode : 'add' 'sub'> <InPorts = 2> <OutPorts = 1>
ST_59 : Operation 564 [1/1] (0.85ns)   --->   "%abscond = icmp_sgt  i32 %add_ln81_1, i32 0" [likelihood_kernel.cpp:81]   --->   Operation 564 'icmp' 'abscond' <Predicate = (!icmp_ln70)> <Delay = 0.85> <CoreInst = "Cmp">   --->   Core 9 'Cmp' <Latency = 0> <II = 1> <Delay = 0.84> <FuncUnit> <Opcode : 'icmp'> <InPorts = 2> <OutPorts = 1>
ST_59 : Operation 565 [1/1] (0.22ns)   --->   "%idx = select i1 %abscond, i32 %add_ln81_1, i32 %neg" [likelihood_kernel.cpp:81]   --->   Operation 565 'select' 'idx' <Predicate = (!icmp_ln70)> <Delay = 0.22> <CoreInst = "Sel">   --->   Core 73 'Sel' <Latency = 0> <II = 1> <Delay = 0.22> <FuncUnit> <Opcode : 'select'> <InPorts = 3> <OutPorts = 1>

State 60 <SV = 55> <Delay = 2.21>
ST_60 : Operation 566 [1/1] (0.00ns)   --->   "%sext_ln83 = sext i32 %idx" [likelihood_kernel.cpp:83]   --->   Operation 566 'sext' 'sext_ln83' <Predicate = (!icmp_ln70)> <Delay = 0.00>
ST_60 : Operation 567 [1/1] (1.06ns)   --->   "%icmp_ln83 = icmp_slt  i64 %sext_ln83, i64 %max_size_read" [likelihood_kernel.cpp:83]   --->   Operation 567 'icmp' 'icmp_ln83' <Predicate = (!icmp_ln70)> <Delay = 1.06> <CoreInst = "Cmp">   --->   Core 9 'Cmp' <Latency = 0> <II = 1> <Delay = 0.84> <FuncUnit> <Opcode : 'icmp'> <InPorts = 2> <OutPorts = 1>
ST_60 : Operation 568 [1/1] (0.00ns) (grouped into LUT with out node add_ln87)   --->   "%xor_ln83 = xor i1 %icmp_ln83, i1 1" [likelihood_kernel.cpp:83]   --->   Operation 568 'xor' 'xor_ln83' <Predicate = (!icmp_ln70)> <Delay = 0.00> <CoreInst = "LogicGate">   --->   Core 74 'LogicGate' <Latency = 0> <II = 1> <Delay = 0.12> <FuncUnit> <Opcode : 'and' 'or' 'xor'> <InPorts = 2> <OutPorts = 1>
ST_60 : Operation 569 [1/1] (0.00ns) (grouped into LUT with out node add_ln87)   --->   "%select_ln83 = select i1 %xor_ln83, i32 0, i32 %idx" [likelihood_kernel.cpp:83]   --->   Operation 569 'select' 'select_ln83' <Predicate = (!icmp_ln70)> <Delay = 0.00> <CoreInst = "Sel">   --->   Core 73 'Sel' <Latency = 0> <II = 1> <Delay = 0.22> <FuncUnit> <Opcode : 'select'> <InPorts = 3> <OutPorts = 1>
ST_60 : Operation 570 [1/1] (0.00ns) (grouped into LUT with out node add_ln87)   --->   "%shl_ln2 = bitconcatenate i34 @_ssdm_op_BitConcatenate.i34.i32.i2, i32 %select_ln83, i2 0" [likelihood_kernel.cpp:87]   --->   Operation 570 'bitconcatenate' 'shl_ln2' <Predicate = (!icmp_ln70)> <Delay = 0.00>
ST_60 : Operation 571 [1/1] (0.00ns) (grouped into LUT with out node add_ln87)   --->   "%sext_ln87 = sext i34 %shl_ln2" [likelihood_kernel.cpp:87]   --->   Operation 571 'sext' 'sext_ln87' <Predicate = (!icmp_ln70)> <Delay = 0.00>
ST_60 : Operation 572 [1/1] (1.14ns) (out node of the LUT)   --->   "%add_ln87 = add i64 %sext_ln87, i64 %I_read" [likelihood_kernel.cpp:87]   --->   Operation 572 'add' 'add_ln87' <Predicate = (!icmp_ln70)> <Delay = 1.14> <CoreInst = "Adder">   --->   Core 1 'Adder' <Latency = 0> <II = 1> <Delay = 0.88> <FuncUnit> <Opcode : 'add' 'sub'> <InPorts = 2> <OutPorts = 1>
ST_60 : Operation 573 [1/1] (0.00ns)   --->   "%trunc_ln9 = partselect i62 @_ssdm_op_PartSelect.i62.i64.i32.i32, i64 %add_ln87, i32 2, i32 63" [likelihood_kernel.cpp:87]   --->   Operation 573 'partselect' 'trunc_ln9' <Predicate = (!icmp_ln70)> <Delay = 0.00>
ST_60 : Operation 574 [1/1] (0.00ns)   --->   "%sext_ln87_1 = sext i62 %trunc_ln9" [likelihood_kernel.cpp:87]   --->   Operation 574 'sext' 'sext_ln87_1' <Predicate = (!icmp_ln70)> <Delay = 0.00>
ST_60 : Operation 575 [1/1] (0.00ns)   --->   "%gmem3_addr = getelementptr i32 %gmem3, i64 %sext_ln87_1" [likelihood_kernel.cpp:87]   --->   Operation 575 'getelementptr' 'gmem3_addr' <Predicate = (!icmp_ln70)> <Delay = 0.00>

State 61 <SV = 56> <Delay = 2.43>
ST_61 : Operation 576 [7/7] (2.43ns)   --->   "%pix_req = readreq i1 @_ssdm_op_ReadReq.m_axi.i32P1A, i32 %gmem3_addr, i32 1" [likelihood_kernel.cpp:87]   --->   Operation 576 'readreq' 'pix_req' <Predicate = (!icmp_ln70)> <Delay = 2.43> <CoreInst = "m_axi">   --->   Core 121 'm_axi' <Latency = 6> <II = 1> <Delay = 1.00> <Adapter> <Opcode : 'read' 'write' 'readreq' 'writereq' 'writeresp'>

State 62 <SV = 57> <Delay = 2.43>
ST_62 : Operation 577 [6/7] (2.43ns)   --->   "%pix_req = readreq i1 @_ssdm_op_ReadReq.m_axi.i32P1A, i32 %gmem3_addr, i32 1" [likelihood_kernel.cpp:87]   --->   Operation 577 'readreq' 'pix_req' <Predicate = (!icmp_ln70)> <Delay = 2.43> <CoreInst = "m_axi">   --->   Core 121 'm_axi' <Latency = 6> <II = 1> <Delay = 1.00> <Adapter> <Opcode : 'read' 'write' 'readreq' 'writereq' 'writeresp'>

State 63 <SV = 58> <Delay = 2.43>
ST_63 : Operation 578 [5/7] (2.43ns)   --->   "%pix_req = readreq i1 @_ssdm_op_ReadReq.m_axi.i32P1A, i32 %gmem3_addr, i32 1" [likelihood_kernel.cpp:87]   --->   Operation 578 'readreq' 'pix_req' <Predicate = (!icmp_ln70)> <Delay = 2.43> <CoreInst = "m_axi">   --->   Core 121 'm_axi' <Latency = 6> <II = 1> <Delay = 1.00> <Adapter> <Opcode : 'read' 'write' 'readreq' 'writereq' 'writeresp'>

State 64 <SV = 59> <Delay = 2.43>
ST_64 : Operation 579 [4/7] (2.43ns)   --->   "%pix_req = readreq i1 @_ssdm_op_ReadReq.m_axi.i32P1A, i32 %gmem3_addr, i32 1" [likelihood_kernel.cpp:87]   --->   Operation 579 'readreq' 'pix_req' <Predicate = (!icmp_ln70)> <Delay = 2.43> <CoreInst = "m_axi">   --->   Core 121 'm_axi' <Latency = 6> <II = 1> <Delay = 1.00> <Adapter> <Opcode : 'read' 'write' 'readreq' 'writereq' 'writeresp'>

State 65 <SV = 60> <Delay = 2.43>
ST_65 : Operation 580 [3/7] (2.43ns)   --->   "%pix_req = readreq i1 @_ssdm_op_ReadReq.m_axi.i32P1A, i32 %gmem3_addr, i32 1" [likelihood_kernel.cpp:87]   --->   Operation 580 'readreq' 'pix_req' <Predicate = (!icmp_ln70)> <Delay = 2.43> <CoreInst = "m_axi">   --->   Core 121 'm_axi' <Latency = 6> <II = 1> <Delay = 1.00> <Adapter> <Opcode : 'read' 'write' 'readreq' 'writereq' 'writeresp'>

State 66 <SV = 61> <Delay = 2.43>
ST_66 : Operation 581 [2/7] (2.43ns)   --->   "%pix_req = readreq i1 @_ssdm_op_ReadReq.m_axi.i32P1A, i32 %gmem3_addr, i32 1" [likelihood_kernel.cpp:87]   --->   Operation 581 'readreq' 'pix_req' <Predicate = (!icmp_ln70)> <Delay = 2.43> <CoreInst = "m_axi">   --->   Core 121 'm_axi' <Latency = 6> <II = 1> <Delay = 1.00> <Adapter> <Opcode : 'read' 'write' 'readreq' 'writereq' 'writeresp'>

State 67 <SV = 62> <Delay = 2.43>
ST_67 : Operation 582 [1/7] (2.43ns)   --->   "%pix_req = readreq i1 @_ssdm_op_ReadReq.m_axi.i32P1A, i32 %gmem3_addr, i32 1" [likelihood_kernel.cpp:87]   --->   Operation 582 'readreq' 'pix_req' <Predicate = (!icmp_ln70)> <Delay = 2.43> <CoreInst = "m_axi">   --->   Core 121 'm_axi' <Latency = 6> <II = 1> <Delay = 1.00> <Adapter> <Opcode : 'read' 'write' 'readreq' 'writereq' 'writeresp'>

State 68 <SV = 63> <Delay = 2.43>
ST_68 : Operation 583 [1/1] (2.43ns)   --->   "%pix = read i32 @_ssdm_op_Read.m_axi.i32P1A, i32 %gmem3_addr" [likelihood_kernel.cpp:87]   --->   Operation 583 'read' 'pix' <Predicate = (!icmp_ln70)> <Delay = 2.43> <CoreInst = "m_axi">   --->   Core 121 'm_axi' <Latency = 6> <II = 1> <Delay = 1.00> <Adapter> <Opcode : 'read' 'write' 'readreq' 'writereq' 'writeresp'>

State 69 <SV = 64> <Delay = 0.88>
ST_69 : Operation 584 [1/1] (0.88ns)   --->   "%a = add i32 %pix, i32 4294967196" [likelihood_kernel.cpp:88]   --->   Operation 584 'add' 'a' <Predicate = (!icmp_ln70)> <Delay = 0.88> <CoreInst = "Adder">   --->   Core 1 'Adder' <Latency = 0> <II = 1> <Delay = 0.88> <FuncUnit> <Opcode : 'add' 'sub'> <InPorts = 2> <OutPorts = 1>
ST_69 : Operation 585 [1/1] (0.88ns)   --->   "%b = add i32 %pix, i32 4294967068" [likelihood_kernel.cpp:89]   --->   Operation 585 'add' 'b' <Predicate = (!icmp_ln70)> <Delay = 0.88> <CoreInst = "Adder">   --->   Core 1 'Adder' <Latency = 0> <II = 1> <Delay = 0.88> <FuncUnit> <Opcode : 'add' 'sub'> <InPorts = 2> <OutPorts = 1>

State 70 <SV = 65> <Delay = 2.29>
ST_70 : Operation 586 [2/2] (2.29ns)   --->   "%mul_ln91 = mul i32 %a, i32 %a" [likelihood_kernel.cpp:91]   --->   Operation 586 'mul' 'mul_ln91' <Predicate = (!icmp_ln70)> <Delay = 2.29> <CoreInst = "Multiplier">   --->   Core 3 'Multiplier' <Latency = 1> <II = 1> <Delay = 2.29> <FuncUnit> <Opcode : 'mul'> <InPorts = 2> <OutPorts = 1>
ST_70 : Operation 587 [2/2] (2.29ns)   --->   "%mul_ln91_1 = mul i32 %b, i32 %b" [likelihood_kernel.cpp:91]   --->   Operation 587 'mul' 'mul_ln91_1' <Predicate = (!icmp_ln70)> <Delay = 2.29> <CoreInst = "Multiplier">   --->   Core 3 'Multiplier' <Latency = 1> <II = 1> <Delay = 2.29> <FuncUnit> <Opcode : 'mul'> <InPorts = 2> <OutPorts = 1>

State 71 <SV = 66> <Delay = 2.29>
ST_71 : Operation 588 [1/2] (2.29ns)   --->   "%mul_ln91 = mul i32 %a, i32 %a" [likelihood_kernel.cpp:91]   --->   Operation 588 'mul' 'mul_ln91' <Predicate = (!icmp_ln70)> <Delay = 2.29> <CoreInst = "Multiplier">   --->   Core 3 'Multiplier' <Latency = 1> <II = 1> <Delay = 2.29> <FuncUnit> <Opcode : 'mul'> <InPorts = 2> <OutPorts = 1>
ST_71 : Operation 589 [1/2] (2.29ns)   --->   "%mul_ln91_1 = mul i32 %b, i32 %b" [likelihood_kernel.cpp:91]   --->   Operation 589 'mul' 'mul_ln91_1' <Predicate = (!icmp_ln70)> <Delay = 2.29> <CoreInst = "Multiplier">   --->   Core 3 'Multiplier' <Latency = 1> <II = 1> <Delay = 2.29> <FuncUnit> <Opcode : 'mul'> <InPorts = 2> <OutPorts = 1>

State 72 <SV = 67> <Delay = 2.21>
ST_72 : Operation 590 [5/5] (2.21ns)   --->   "%conv25_i = sitodp i32 %mul_ln91" [likelihood_kernel.cpp:91]   --->   Operation 590 'sitodp' 'conv25_i' <Predicate = (!icmp_ln70)> <Delay = 2.21> <CoreInst = "Int2Double">   --->   Core 66 'Int2Double' <Latency = 4> <II = 1> <Delay = 2.21> <FuncUnit> <Opcode : 'sitodp' 'uitodp'> <InPorts = 1> <OutPorts = 1>
ST_72 : Operation 591 [5/5] (2.21ns)   --->   "%conv27_i = sitodp i32 %mul_ln91_1" [likelihood_kernel.cpp:91]   --->   Operation 591 'sitodp' 'conv27_i' <Predicate = (!icmp_ln70)> <Delay = 2.21> <CoreInst = "Int2Double">   --->   Core 66 'Int2Double' <Latency = 4> <II = 1> <Delay = 2.21> <FuncUnit> <Opcode : 'sitodp' 'uitodp'> <InPorts = 1> <OutPorts = 1>

State 73 <SV = 68> <Delay = 2.21>
ST_73 : Operation 592 [4/5] (2.21ns)   --->   "%conv25_i = sitodp i32 %mul_ln91" [likelihood_kernel.cpp:91]   --->   Operation 592 'sitodp' 'conv25_i' <Predicate = (!icmp_ln70)> <Delay = 2.21> <CoreInst = "Int2Double">   --->   Core 66 'Int2Double' <Latency = 4> <II = 1> <Delay = 2.21> <FuncUnit> <Opcode : 'sitodp' 'uitodp'> <InPorts = 1> <OutPorts = 1>
ST_73 : Operation 593 [4/5] (2.21ns)   --->   "%conv27_i = sitodp i32 %mul_ln91_1" [likelihood_kernel.cpp:91]   --->   Operation 593 'sitodp' 'conv27_i' <Predicate = (!icmp_ln70)> <Delay = 2.21> <CoreInst = "Int2Double">   --->   Core 66 'Int2Double' <Latency = 4> <II = 1> <Delay = 2.21> <FuncUnit> <Opcode : 'sitodp' 'uitodp'> <InPorts = 1> <OutPorts = 1>

State 74 <SV = 69> <Delay = 2.21>
ST_74 : Operation 594 [3/5] (2.21ns)   --->   "%conv25_i = sitodp i32 %mul_ln91" [likelihood_kernel.cpp:91]   --->   Operation 594 'sitodp' 'conv25_i' <Predicate = (!icmp_ln70)> <Delay = 2.21> <CoreInst = "Int2Double">   --->   Core 66 'Int2Double' <Latency = 4> <II = 1> <Delay = 2.21> <FuncUnit> <Opcode : 'sitodp' 'uitodp'> <InPorts = 1> <OutPorts = 1>
ST_74 : Operation 595 [3/5] (2.21ns)   --->   "%conv27_i = sitodp i32 %mul_ln91_1" [likelihood_kernel.cpp:91]   --->   Operation 595 'sitodp' 'conv27_i' <Predicate = (!icmp_ln70)> <Delay = 2.21> <CoreInst = "Int2Double">   --->   Core 66 'Int2Double' <Latency = 4> <II = 1> <Delay = 2.21> <FuncUnit> <Opcode : 'sitodp' 'uitodp'> <InPorts = 1> <OutPorts = 1>

State 75 <SV = 70> <Delay = 2.21>
ST_75 : Operation 596 [2/5] (2.21ns)   --->   "%conv25_i = sitodp i32 %mul_ln91" [likelihood_kernel.cpp:91]   --->   Operation 596 'sitodp' 'conv25_i' <Predicate = (!icmp_ln70)> <Delay = 2.21> <CoreInst = "Int2Double">   --->   Core 66 'Int2Double' <Latency = 4> <II = 1> <Delay = 2.21> <FuncUnit> <Opcode : 'sitodp' 'uitodp'> <InPorts = 1> <OutPorts = 1>
ST_75 : Operation 597 [2/5] (2.21ns)   --->   "%conv27_i = sitodp i32 %mul_ln91_1" [likelihood_kernel.cpp:91]   --->   Operation 597 'sitodp' 'conv27_i' <Predicate = (!icmp_ln70)> <Delay = 2.21> <CoreInst = "Int2Double">   --->   Core 66 'Int2Double' <Latency = 4> <II = 1> <Delay = 2.21> <FuncUnit> <Opcode : 'sitodp' 'uitodp'> <InPorts = 1> <OutPorts = 1>

State 76 <SV = 71> <Delay = 2.21>
ST_76 : Operation 598 [1/5] (2.21ns)   --->   "%conv25_i = sitodp i32 %mul_ln91" [likelihood_kernel.cpp:91]   --->   Operation 598 'sitodp' 'conv25_i' <Predicate = (!icmp_ln70)> <Delay = 2.21> <CoreInst = "Int2Double">   --->   Core 66 'Int2Double' <Latency = 4> <II = 1> <Delay = 2.21> <FuncUnit> <Opcode : 'sitodp' 'uitodp'> <InPorts = 1> <OutPorts = 1>
ST_76 : Operation 599 [1/5] (2.21ns)   --->   "%conv27_i = sitodp i32 %mul_ln91_1" [likelihood_kernel.cpp:91]   --->   Operation 599 'sitodp' 'conv27_i' <Predicate = (!icmp_ln70)> <Delay = 2.21> <CoreInst = "Int2Double">   --->   Core 66 'Int2Double' <Latency = 4> <II = 1> <Delay = 2.21> <FuncUnit> <Opcode : 'sitodp' 'uitodp'> <InPorts = 1> <OutPorts = 1>

State 77 <SV = 72> <Delay = 1.90>
ST_77 : Operation 600 [8/8] (1.90ns)   --->   "%sub28_i = dsub i64 %conv25_i, i64 %conv27_i" [likelihood_kernel.cpp:91]   --->   Operation 600 'dsub' 'sub28_i' <Predicate = (!icmp_ln70)> <Delay = 1.90> <CoreInst = "DAddSub_fulldsp">   --->   Core 37 'DAddSub_fulldsp' <Latency = 7> <II = 1> <Delay = 1.90> <FuncUnit> <Opcode : 'dadd' 'dsub'> <InPorts = 2> <OutPorts = 1>

State 78 <SV = 73> <Delay = 1.90>
ST_78 : Operation 601 [7/8] (1.90ns)   --->   "%sub28_i = dsub i64 %conv25_i, i64 %conv27_i" [likelihood_kernel.cpp:91]   --->   Operation 601 'dsub' 'sub28_i' <Predicate = (!icmp_ln70)> <Delay = 1.90> <CoreInst = "DAddSub_fulldsp">   --->   Core 37 'DAddSub_fulldsp' <Latency = 7> <II = 1> <Delay = 1.90> <FuncUnit> <Opcode : 'dadd' 'dsub'> <InPorts = 2> <OutPorts = 1>

State 79 <SV = 74> <Delay = 1.90>
ST_79 : Operation 602 [6/8] (1.90ns)   --->   "%sub28_i = dsub i64 %conv25_i, i64 %conv27_i" [likelihood_kernel.cpp:91]   --->   Operation 602 'dsub' 'sub28_i' <Predicate = (!icmp_ln70)> <Delay = 1.90> <CoreInst = "DAddSub_fulldsp">   --->   Core 37 'DAddSub_fulldsp' <Latency = 7> <II = 1> <Delay = 1.90> <FuncUnit> <Opcode : 'dadd' 'dsub'> <InPorts = 2> <OutPorts = 1>

State 80 <SV = 75> <Delay = 1.90>
ST_80 : Operation 603 [5/8] (1.90ns)   --->   "%sub28_i = dsub i64 %conv25_i, i64 %conv27_i" [likelihood_kernel.cpp:91]   --->   Operation 603 'dsub' 'sub28_i' <Predicate = (!icmp_ln70)> <Delay = 1.90> <CoreInst = "DAddSub_fulldsp">   --->   Core 37 'DAddSub_fulldsp' <Latency = 7> <II = 1> <Delay = 1.90> <FuncUnit> <Opcode : 'dadd' 'dsub'> <InPorts = 2> <OutPorts = 1>

State 81 <SV = 76> <Delay = 1.90>
ST_81 : Operation 604 [4/8] (1.90ns)   --->   "%sub28_i = dsub i64 %conv25_i, i64 %conv27_i" [likelihood_kernel.cpp:91]   --->   Operation 604 'dsub' 'sub28_i' <Predicate = (!icmp_ln70)> <Delay = 1.90> <CoreInst = "DAddSub_fulldsp">   --->   Core 37 'DAddSub_fulldsp' <Latency = 7> <II = 1> <Delay = 1.90> <FuncUnit> <Opcode : 'dadd' 'dsub'> <InPorts = 2> <OutPorts = 1>

State 82 <SV = 77> <Delay = 1.90>
ST_82 : Operation 605 [3/8] (1.90ns)   --->   "%sub28_i = dsub i64 %conv25_i, i64 %conv27_i" [likelihood_kernel.cpp:91]   --->   Operation 605 'dsub' 'sub28_i' <Predicate = (!icmp_ln70)> <Delay = 1.90> <CoreInst = "DAddSub_fulldsp">   --->   Core 37 'DAddSub_fulldsp' <Latency = 7> <II = 1> <Delay = 1.90> <FuncUnit> <Opcode : 'dadd' 'dsub'> <InPorts = 2> <OutPorts = 1>

State 83 <SV = 78> <Delay = 1.90>
ST_83 : Operation 606 [2/8] (1.90ns)   --->   "%sub28_i = dsub i64 %conv25_i, i64 %conv27_i" [likelihood_kernel.cpp:91]   --->   Operation 606 'dsub' 'sub28_i' <Predicate = (!icmp_ln70)> <Delay = 1.90> <CoreInst = "DAddSub_fulldsp">   --->   Core 37 'DAddSub_fulldsp' <Latency = 7> <II = 1> <Delay = 1.90> <FuncUnit> <Opcode : 'dadd' 'dsub'> <InPorts = 2> <OutPorts = 1>

State 84 <SV = 79> <Delay = 1.90>
ST_84 : Operation 607 [1/8] (1.90ns)   --->   "%sub28_i = dsub i64 %conv25_i, i64 %conv27_i" [likelihood_kernel.cpp:91]   --->   Operation 607 'dsub' 'sub28_i' <Predicate = (!icmp_ln70)> <Delay = 1.90> <CoreInst = "DAddSub_fulldsp">   --->   Core 37 'DAddSub_fulldsp' <Latency = 7> <II = 1> <Delay = 1.90> <FuncUnit> <Opcode : 'dadd' 'dsub'> <InPorts = 2> <OutPorts = 1>

State 85 <SV = 80> <Delay = 2.35>
ST_85 : Operation 608 [31/31] (2.35ns)   --->   "%div_i = ddiv i64 %sub28_i, i64 50" [likelihood_kernel.cpp:91]   --->   Operation 608 'ddiv' 'div_i' <Predicate = (!icmp_ln70)> <Delay = 2.35> <CoreInst = "DDiv">   --->   Core 39 'DDiv' <Latency = 30> <II = 1> <Delay = 2.35> <FuncUnit> <Opcode : 'ddiv' 'drem'> <InPorts = 2> <OutPorts = 1>

State 86 <SV = 81> <Delay = 2.35>
ST_86 : Operation 609 [30/31] (2.35ns)   --->   "%div_i = ddiv i64 %sub28_i, i64 50" [likelihood_kernel.cpp:91]   --->   Operation 609 'ddiv' 'div_i' <Predicate = (!icmp_ln70)> <Delay = 2.35> <CoreInst = "DDiv">   --->   Core 39 'DDiv' <Latency = 30> <II = 1> <Delay = 2.35> <FuncUnit> <Opcode : 'ddiv' 'drem'> <InPorts = 2> <OutPorts = 1>

State 87 <SV = 82> <Delay = 2.35>
ST_87 : Operation 610 [29/31] (2.35ns)   --->   "%div_i = ddiv i64 %sub28_i, i64 50" [likelihood_kernel.cpp:91]   --->   Operation 610 'ddiv' 'div_i' <Predicate = (!icmp_ln70)> <Delay = 2.35> <CoreInst = "DDiv">   --->   Core 39 'DDiv' <Latency = 30> <II = 1> <Delay = 2.35> <FuncUnit> <Opcode : 'ddiv' 'drem'> <InPorts = 2> <OutPorts = 1>

State 88 <SV = 83> <Delay = 2.35>
ST_88 : Operation 611 [28/31] (2.35ns)   --->   "%div_i = ddiv i64 %sub28_i, i64 50" [likelihood_kernel.cpp:91]   --->   Operation 611 'ddiv' 'div_i' <Predicate = (!icmp_ln70)> <Delay = 2.35> <CoreInst = "DDiv">   --->   Core 39 'DDiv' <Latency = 30> <II = 1> <Delay = 2.35> <FuncUnit> <Opcode : 'ddiv' 'drem'> <InPorts = 2> <OutPorts = 1>

State 89 <SV = 84> <Delay = 2.35>
ST_89 : Operation 612 [27/31] (2.35ns)   --->   "%div_i = ddiv i64 %sub28_i, i64 50" [likelihood_kernel.cpp:91]   --->   Operation 612 'ddiv' 'div_i' <Predicate = (!icmp_ln70)> <Delay = 2.35> <CoreInst = "DDiv">   --->   Core 39 'DDiv' <Latency = 30> <II = 1> <Delay = 2.35> <FuncUnit> <Opcode : 'ddiv' 'drem'> <InPorts = 2> <OutPorts = 1>

State 90 <SV = 85> <Delay = 2.35>
ST_90 : Operation 613 [26/31] (2.35ns)   --->   "%div_i = ddiv i64 %sub28_i, i64 50" [likelihood_kernel.cpp:91]   --->   Operation 613 'ddiv' 'div_i' <Predicate = (!icmp_ln70)> <Delay = 2.35> <CoreInst = "DDiv">   --->   Core 39 'DDiv' <Latency = 30> <II = 1> <Delay = 2.35> <FuncUnit> <Opcode : 'ddiv' 'drem'> <InPorts = 2> <OutPorts = 1>

State 91 <SV = 86> <Delay = 2.35>
ST_91 : Operation 614 [25/31] (2.35ns)   --->   "%div_i = ddiv i64 %sub28_i, i64 50" [likelihood_kernel.cpp:91]   --->   Operation 614 'ddiv' 'div_i' <Predicate = (!icmp_ln70)> <Delay = 2.35> <CoreInst = "DDiv">   --->   Core 39 'DDiv' <Latency = 30> <II = 1> <Delay = 2.35> <FuncUnit> <Opcode : 'ddiv' 'drem'> <InPorts = 2> <OutPorts = 1>

State 92 <SV = 87> <Delay = 2.35>
ST_92 : Operation 615 [24/31] (2.35ns)   --->   "%div_i = ddiv i64 %sub28_i, i64 50" [likelihood_kernel.cpp:91]   --->   Operation 615 'ddiv' 'div_i' <Predicate = (!icmp_ln70)> <Delay = 2.35> <CoreInst = "DDiv">   --->   Core 39 'DDiv' <Latency = 30> <II = 1> <Delay = 2.35> <FuncUnit> <Opcode : 'ddiv' 'drem'> <InPorts = 2> <OutPorts = 1>

State 93 <SV = 88> <Delay = 2.35>
ST_93 : Operation 616 [23/31] (2.35ns)   --->   "%div_i = ddiv i64 %sub28_i, i64 50" [likelihood_kernel.cpp:91]   --->   Operation 616 'ddiv' 'div_i' <Predicate = (!icmp_ln70)> <Delay = 2.35> <CoreInst = "DDiv">   --->   Core 39 'DDiv' <Latency = 30> <II = 1> <Delay = 2.35> <FuncUnit> <Opcode : 'ddiv' 'drem'> <InPorts = 2> <OutPorts = 1>

State 94 <SV = 89> <Delay = 2.35>
ST_94 : Operation 617 [22/31] (2.35ns)   --->   "%div_i = ddiv i64 %sub28_i, i64 50" [likelihood_kernel.cpp:91]   --->   Operation 617 'ddiv' 'div_i' <Predicate = (!icmp_ln70)> <Delay = 2.35> <CoreInst = "DDiv">   --->   Core 39 'DDiv' <Latency = 30> <II = 1> <Delay = 2.35> <FuncUnit> <Opcode : 'ddiv' 'drem'> <InPorts = 2> <OutPorts = 1>

State 95 <SV = 90> <Delay = 2.35>
ST_95 : Operation 618 [21/31] (2.35ns)   --->   "%div_i = ddiv i64 %sub28_i, i64 50" [likelihood_kernel.cpp:91]   --->   Operation 618 'ddiv' 'div_i' <Predicate = (!icmp_ln70)> <Delay = 2.35> <CoreInst = "DDiv">   --->   Core 39 'DDiv' <Latency = 30> <II = 1> <Delay = 2.35> <FuncUnit> <Opcode : 'ddiv' 'drem'> <InPorts = 2> <OutPorts = 1>

State 96 <SV = 91> <Delay = 2.35>
ST_96 : Operation 619 [20/31] (2.35ns)   --->   "%div_i = ddiv i64 %sub28_i, i64 50" [likelihood_kernel.cpp:91]   --->   Operation 619 'ddiv' 'div_i' <Predicate = (!icmp_ln70)> <Delay = 2.35> <CoreInst = "DDiv">   --->   Core 39 'DDiv' <Latency = 30> <II = 1> <Delay = 2.35> <FuncUnit> <Opcode : 'ddiv' 'drem'> <InPorts = 2> <OutPorts = 1>

State 97 <SV = 92> <Delay = 2.35>
ST_97 : Operation 620 [19/31] (2.35ns)   --->   "%div_i = ddiv i64 %sub28_i, i64 50" [likelihood_kernel.cpp:91]   --->   Operation 620 'ddiv' 'div_i' <Predicate = (!icmp_ln70)> <Delay = 2.35> <CoreInst = "DDiv">   --->   Core 39 'DDiv' <Latency = 30> <II = 1> <Delay = 2.35> <FuncUnit> <Opcode : 'ddiv' 'drem'> <InPorts = 2> <OutPorts = 1>

State 98 <SV = 93> <Delay = 2.35>
ST_98 : Operation 621 [18/31] (2.35ns)   --->   "%div_i = ddiv i64 %sub28_i, i64 50" [likelihood_kernel.cpp:91]   --->   Operation 621 'ddiv' 'div_i' <Predicate = (!icmp_ln70)> <Delay = 2.35> <CoreInst = "DDiv">   --->   Core 39 'DDiv' <Latency = 30> <II = 1> <Delay = 2.35> <FuncUnit> <Opcode : 'ddiv' 'drem'> <InPorts = 2> <OutPorts = 1>

State 99 <SV = 94> <Delay = 2.35>
ST_99 : Operation 622 [17/31] (2.35ns)   --->   "%div_i = ddiv i64 %sub28_i, i64 50" [likelihood_kernel.cpp:91]   --->   Operation 622 'ddiv' 'div_i' <Predicate = (!icmp_ln70)> <Delay = 2.35> <CoreInst = "DDiv">   --->   Core 39 'DDiv' <Latency = 30> <II = 1> <Delay = 2.35> <FuncUnit> <Opcode : 'ddiv' 'drem'> <InPorts = 2> <OutPorts = 1>

State 100 <SV = 95> <Delay = 2.35>
ST_100 : Operation 623 [16/31] (2.35ns)   --->   "%div_i = ddiv i64 %sub28_i, i64 50" [likelihood_kernel.cpp:91]   --->   Operation 623 'ddiv' 'div_i' <Predicate = (!icmp_ln70)> <Delay = 2.35> <CoreInst = "DDiv">   --->   Core 39 'DDiv' <Latency = 30> <II = 1> <Delay = 2.35> <FuncUnit> <Opcode : 'ddiv' 'drem'> <InPorts = 2> <OutPorts = 1>

State 101 <SV = 96> <Delay = 2.35>
ST_101 : Operation 624 [15/31] (2.35ns)   --->   "%div_i = ddiv i64 %sub28_i, i64 50" [likelihood_kernel.cpp:91]   --->   Operation 624 'ddiv' 'div_i' <Predicate = (!icmp_ln70)> <Delay = 2.35> <CoreInst = "DDiv">   --->   Core 39 'DDiv' <Latency = 30> <II = 1> <Delay = 2.35> <FuncUnit> <Opcode : 'ddiv' 'drem'> <InPorts = 2> <OutPorts = 1>

State 102 <SV = 97> <Delay = 2.35>
ST_102 : Operation 625 [14/31] (2.35ns)   --->   "%div_i = ddiv i64 %sub28_i, i64 50" [likelihood_kernel.cpp:91]   --->   Operation 625 'ddiv' 'div_i' <Predicate = (!icmp_ln70)> <Delay = 2.35> <CoreInst = "DDiv">   --->   Core 39 'DDiv' <Latency = 30> <II = 1> <Delay = 2.35> <FuncUnit> <Opcode : 'ddiv' 'drem'> <InPorts = 2> <OutPorts = 1>

State 103 <SV = 98> <Delay = 2.35>
ST_103 : Operation 626 [13/31] (2.35ns)   --->   "%div_i = ddiv i64 %sub28_i, i64 50" [likelihood_kernel.cpp:91]   --->   Operation 626 'ddiv' 'div_i' <Predicate = (!icmp_ln70)> <Delay = 2.35> <CoreInst = "DDiv">   --->   Core 39 'DDiv' <Latency = 30> <II = 1> <Delay = 2.35> <FuncUnit> <Opcode : 'ddiv' 'drem'> <InPorts = 2> <OutPorts = 1>

State 104 <SV = 99> <Delay = 2.35>
ST_104 : Operation 627 [12/31] (2.35ns)   --->   "%div_i = ddiv i64 %sub28_i, i64 50" [likelihood_kernel.cpp:91]   --->   Operation 627 'ddiv' 'div_i' <Predicate = (!icmp_ln70)> <Delay = 2.35> <CoreInst = "DDiv">   --->   Core 39 'DDiv' <Latency = 30> <II = 1> <Delay = 2.35> <FuncUnit> <Opcode : 'ddiv' 'drem'> <InPorts = 2> <OutPorts = 1>

State 105 <SV = 100> <Delay = 2.35>
ST_105 : Operation 628 [11/31] (2.35ns)   --->   "%div_i = ddiv i64 %sub28_i, i64 50" [likelihood_kernel.cpp:91]   --->   Operation 628 'ddiv' 'div_i' <Predicate = (!icmp_ln70)> <Delay = 2.35> <CoreInst = "DDiv">   --->   Core 39 'DDiv' <Latency = 30> <II = 1> <Delay = 2.35> <FuncUnit> <Opcode : 'ddiv' 'drem'> <InPorts = 2> <OutPorts = 1>

State 106 <SV = 101> <Delay = 2.35>
ST_106 : Operation 629 [10/31] (2.35ns)   --->   "%div_i = ddiv i64 %sub28_i, i64 50" [likelihood_kernel.cpp:91]   --->   Operation 629 'ddiv' 'div_i' <Predicate = (!icmp_ln70)> <Delay = 2.35> <CoreInst = "DDiv">   --->   Core 39 'DDiv' <Latency = 30> <II = 1> <Delay = 2.35> <FuncUnit> <Opcode : 'ddiv' 'drem'> <InPorts = 2> <OutPorts = 1>

State 107 <SV = 102> <Delay = 2.35>
ST_107 : Operation 630 [9/31] (2.35ns)   --->   "%div_i = ddiv i64 %sub28_i, i64 50" [likelihood_kernel.cpp:91]   --->   Operation 630 'ddiv' 'div_i' <Predicate = (!icmp_ln70)> <Delay = 2.35> <CoreInst = "DDiv">   --->   Core 39 'DDiv' <Latency = 30> <II = 1> <Delay = 2.35> <FuncUnit> <Opcode : 'ddiv' 'drem'> <InPorts = 2> <OutPorts = 1>

State 108 <SV = 103> <Delay = 2.35>
ST_108 : Operation 631 [8/31] (2.35ns)   --->   "%div_i = ddiv i64 %sub28_i, i64 50" [likelihood_kernel.cpp:91]   --->   Operation 631 'ddiv' 'div_i' <Predicate = (!icmp_ln70)> <Delay = 2.35> <CoreInst = "DDiv">   --->   Core 39 'DDiv' <Latency = 30> <II = 1> <Delay = 2.35> <FuncUnit> <Opcode : 'ddiv' 'drem'> <InPorts = 2> <OutPorts = 1>

State 109 <SV = 104> <Delay = 2.35>
ST_109 : Operation 632 [7/31] (2.35ns)   --->   "%div_i = ddiv i64 %sub28_i, i64 50" [likelihood_kernel.cpp:91]   --->   Operation 632 'ddiv' 'div_i' <Predicate = (!icmp_ln70)> <Delay = 2.35> <CoreInst = "DDiv">   --->   Core 39 'DDiv' <Latency = 30> <II = 1> <Delay = 2.35> <FuncUnit> <Opcode : 'ddiv' 'drem'> <InPorts = 2> <OutPorts = 1>

State 110 <SV = 105> <Delay = 2.35>
ST_110 : Operation 633 [6/31] (2.35ns)   --->   "%div_i = ddiv i64 %sub28_i, i64 50" [likelihood_kernel.cpp:91]   --->   Operation 633 'ddiv' 'div_i' <Predicate = (!icmp_ln70)> <Delay = 2.35> <CoreInst = "DDiv">   --->   Core 39 'DDiv' <Latency = 30> <II = 1> <Delay = 2.35> <FuncUnit> <Opcode : 'ddiv' 'drem'> <InPorts = 2> <OutPorts = 1>

State 111 <SV = 106> <Delay = 2.35>
ST_111 : Operation 634 [5/31] (2.35ns)   --->   "%div_i = ddiv i64 %sub28_i, i64 50" [likelihood_kernel.cpp:91]   --->   Operation 634 'ddiv' 'div_i' <Predicate = (!icmp_ln70)> <Delay = 2.35> <CoreInst = "DDiv">   --->   Core 39 'DDiv' <Latency = 30> <II = 1> <Delay = 2.35> <FuncUnit> <Opcode : 'ddiv' 'drem'> <InPorts = 2> <OutPorts = 1>

State 112 <SV = 107> <Delay = 2.35>
ST_112 : Operation 635 [4/31] (2.35ns)   --->   "%div_i = ddiv i64 %sub28_i, i64 50" [likelihood_kernel.cpp:91]   --->   Operation 635 'ddiv' 'div_i' <Predicate = (!icmp_ln70)> <Delay = 2.35> <CoreInst = "DDiv">   --->   Core 39 'DDiv' <Latency = 30> <II = 1> <Delay = 2.35> <FuncUnit> <Opcode : 'ddiv' 'drem'> <InPorts = 2> <OutPorts = 1>

State 113 <SV = 108> <Delay = 2.35>
ST_113 : Operation 636 [3/31] (2.35ns)   --->   "%div_i = ddiv i64 %sub28_i, i64 50" [likelihood_kernel.cpp:91]   --->   Operation 636 'ddiv' 'div_i' <Predicate = (!icmp_ln70)> <Delay = 2.35> <CoreInst = "DDiv">   --->   Core 39 'DDiv' <Latency = 30> <II = 1> <Delay = 2.35> <FuncUnit> <Opcode : 'ddiv' 'drem'> <InPorts = 2> <OutPorts = 1>

State 114 <SV = 109> <Delay = 2.35>
ST_114 : Operation 637 [2/31] (2.35ns)   --->   "%div_i = ddiv i64 %sub28_i, i64 50" [likelihood_kernel.cpp:91]   --->   Operation 637 'ddiv' 'div_i' <Predicate = (!icmp_ln70)> <Delay = 2.35> <CoreInst = "DDiv">   --->   Core 39 'DDiv' <Latency = 30> <II = 1> <Delay = 2.35> <FuncUnit> <Opcode : 'ddiv' 'drem'> <InPorts = 2> <OutPorts = 1>

State 115 <SV = 110> <Delay = 2.35>
ST_115 : Operation 638 [1/31] (2.35ns)   --->   "%div_i = ddiv i64 %sub28_i, i64 50" [likelihood_kernel.cpp:91]   --->   Operation 638 'ddiv' 'div_i' <Predicate = (!icmp_ln70)> <Delay = 2.35> <CoreInst = "DDiv">   --->   Core 39 'DDiv' <Latency = 30> <II = 1> <Delay = 2.35> <FuncUnit> <Opcode : 'ddiv' 'drem'> <InPorts = 2> <OutPorts = 1>

State 116 <SV = 111> <Delay = 2.37>
ST_116 : Operation 639 [5/5] (2.37ns)   --->   "%sum_1 = dacc i64 @_ssdm_op_DACC, i64 %div_i, i1 %icmp_ln91" [likelihood_kernel.cpp:91]   --->   Operation 639 'dacc' 'sum_1' <Predicate = (!icmp_ln70)> <Delay = 2.37> <CoreInst = "DAcc_nodsp">   --->   Core 14 'DAcc_nodsp' <Latency = 4> <II = 1> <Delay = 2.37> <FuncUnit> <Opcode : 'dacc'> <InPorts = 2> <OutPorts = 1>

State 117 <SV = 112> <Delay = 2.37>
ST_117 : Operation 640 [4/5] (2.37ns)   --->   "%sum_1 = dacc i64 @_ssdm_op_DACC, i64 %div_i, i1 %icmp_ln91" [likelihood_kernel.cpp:91]   --->   Operation 640 'dacc' 'sum_1' <Predicate = (!icmp_ln70)> <Delay = 2.37> <CoreInst = "DAcc_nodsp">   --->   Core 14 'DAcc_nodsp' <Latency = 4> <II = 1> <Delay = 2.37> <FuncUnit> <Opcode : 'dacc'> <InPorts = 2> <OutPorts = 1>

State 118 <SV = 113> <Delay = 2.37>
ST_118 : Operation 641 [3/5] (2.37ns)   --->   "%sum_1 = dacc i64 @_ssdm_op_DACC, i64 %div_i, i1 %icmp_ln91" [likelihood_kernel.cpp:91]   --->   Operation 641 'dacc' 'sum_1' <Predicate = (!icmp_ln70)> <Delay = 2.37> <CoreInst = "DAcc_nodsp">   --->   Core 14 'DAcc_nodsp' <Latency = 4> <II = 1> <Delay = 2.37> <FuncUnit> <Opcode : 'dacc'> <InPorts = 2> <OutPorts = 1>

State 119 <SV = 114> <Delay = 2.37>
ST_119 : Operation 642 [2/5] (2.37ns)   --->   "%sum_1 = dacc i64 @_ssdm_op_DACC, i64 %div_i, i1 %icmp_ln91" [likelihood_kernel.cpp:91]   --->   Operation 642 'dacc' 'sum_1' <Predicate = (!icmp_ln70)> <Delay = 2.37> <CoreInst = "DAcc_nodsp">   --->   Core 14 'DAcc_nodsp' <Latency = 4> <II = 1> <Delay = 2.37> <FuncUnit> <Opcode : 'dacc'> <InPorts = 2> <OutPorts = 1>

State 120 <SV = 115> <Delay = 2.37>
ST_120 : Operation 643 [1/1] (0.00ns)   --->   "%specpipeline_ln67 = specpipeline void @_ssdm_op_SpecPipeline, i32 1, i32 0, i32 0, i32 0, void @empty_18" [likelihood_kernel.cpp:67]   --->   Operation 643 'specpipeline' 'specpipeline_ln67' <Predicate = (!icmp_ln70)> <Delay = 0.00>
ST_120 : Operation 644 [1/1] (0.00ns)   --->   "%speclooptripcount_ln67 = speclooptripcount void @_ssdm_op_SpecLoopTripCount, i64 70, i64 80, i64 75" [likelihood_kernel.cpp:67]   --->   Operation 644 'speclooptripcount' 'speclooptripcount_ln67' <Predicate = (!icmp_ln70)> <Delay = 0.00>
ST_120 : Operation 645 [1/1] (0.00ns)   --->   "%specloopname_ln67 = specloopname void @_ssdm_op_SpecLoopName, void @empty_11" [likelihood_kernel.cpp:67]   --->   Operation 645 'specloopname' 'specloopname_ln67' <Predicate = (!icmp_ln70)> <Delay = 0.00>
ST_120 : Operation 646 [1/5] (2.37ns)   --->   "%sum_1 = dacc i64 @_ssdm_op_DACC, i64 %div_i, i1 %icmp_ln91" [likelihood_kernel.cpp:91]   --->   Operation 646 'dacc' 'sum_1' <Predicate = (!icmp_ln70)> <Delay = 2.37> <CoreInst = "DAcc_nodsp">   --->   Core 14 'DAcc_nodsp' <Latency = 4> <II = 1> <Delay = 2.37> <FuncUnit> <Opcode : 'dacc'> <InPorts = 2> <OutPorts = 1>
ST_120 : Operation 647 [1/1] (0.00ns)   --->   "%br_ln0 = br void"   --->   Operation 647 'br' 'br_ln0' <Predicate = (!icmp_ln70)> <Delay = 0.00>

State 121 <SV = 38> <Delay = 2.35>
ST_121 : Operation 648 [31/31] (2.35ns)   --->   "%div31_i = ddiv i64 %sum, i64 %conv30_i" [likelihood_kernel.cpp:94]   --->   Operation 648 'ddiv' 'div31_i' <Predicate = true> <Delay = 2.35> <CoreInst = "DDiv">   --->   Core 39 'DDiv' <Latency = 30> <II = 1> <Delay = 2.35> <FuncUnit> <Opcode : 'ddiv' 'drem'> <InPorts = 2> <OutPorts = 1>
ST_121 : Operation 649 [1/1] (0.00ns)   --->   "%buffer_likelihood_0_addr = getelementptr i64 %buffer_likelihood_0, i64 0, i64 %zext_ln65_1" [likelihood_kernel.cpp:94]   --->   Operation 649 'getelementptr' 'buffer_likelihood_0_addr' <Predicate = true> <Delay = 0.00>
ST_121 : Operation 650 [1/1] (0.00ns)   --->   "%buffer_likelihood_1_addr = getelementptr i64 %buffer_likelihood_1, i64 0, i64 %zext_ln65_1" [likelihood_kernel.cpp:94]   --->   Operation 650 'getelementptr' 'buffer_likelihood_1_addr' <Predicate = true> <Delay = 0.00>
ST_121 : Operation 651 [1/1] (0.00ns)   --->   "%buffer_likelihood_2_addr = getelementptr i64 %buffer_likelihood_2, i64 0, i64 %zext_ln65_1" [likelihood_kernel.cpp:94]   --->   Operation 651 'getelementptr' 'buffer_likelihood_2_addr' <Predicate = true> <Delay = 0.00>
ST_121 : Operation 652 [1/1] (0.00ns)   --->   "%buffer_likelihood_3_addr = getelementptr i64 %buffer_likelihood_3, i64 0, i64 %zext_ln65_1" [likelihood_kernel.cpp:94]   --->   Operation 652 'getelementptr' 'buffer_likelihood_3_addr' <Predicate = true> <Delay = 0.00>

State 122 <SV = 39> <Delay = 2.35>
ST_122 : Operation 653 [30/31] (2.35ns)   --->   "%div31_i = ddiv i64 %sum, i64 %conv30_i" [likelihood_kernel.cpp:94]   --->   Operation 653 'ddiv' 'div31_i' <Predicate = true> <Delay = 2.35> <CoreInst = "DDiv">   --->   Core 39 'DDiv' <Latency = 30> <II = 1> <Delay = 2.35> <FuncUnit> <Opcode : 'ddiv' 'drem'> <InPorts = 2> <OutPorts = 1>

State 123 <SV = 40> <Delay = 2.35>
ST_123 : Operation 654 [29/31] (2.35ns)   --->   "%div31_i = ddiv i64 %sum, i64 %conv30_i" [likelihood_kernel.cpp:94]   --->   Operation 654 'ddiv' 'div31_i' <Predicate = true> <Delay = 2.35> <CoreInst = "DDiv">   --->   Core 39 'DDiv' <Latency = 30> <II = 1> <Delay = 2.35> <FuncUnit> <Opcode : 'ddiv' 'drem'> <InPorts = 2> <OutPorts = 1>

State 124 <SV = 41> <Delay = 2.35>
ST_124 : Operation 655 [28/31] (2.35ns)   --->   "%div31_i = ddiv i64 %sum, i64 %conv30_i" [likelihood_kernel.cpp:94]   --->   Operation 655 'ddiv' 'div31_i' <Predicate = true> <Delay = 2.35> <CoreInst = "DDiv">   --->   Core 39 'DDiv' <Latency = 30> <II = 1> <Delay = 2.35> <FuncUnit> <Opcode : 'ddiv' 'drem'> <InPorts = 2> <OutPorts = 1>

State 125 <SV = 42> <Delay = 2.35>
ST_125 : Operation 656 [27/31] (2.35ns)   --->   "%div31_i = ddiv i64 %sum, i64 %conv30_i" [likelihood_kernel.cpp:94]   --->   Operation 656 'ddiv' 'div31_i' <Predicate = true> <Delay = 2.35> <CoreInst = "DDiv">   --->   Core 39 'DDiv' <Latency = 30> <II = 1> <Delay = 2.35> <FuncUnit> <Opcode : 'ddiv' 'drem'> <InPorts = 2> <OutPorts = 1>

State 126 <SV = 43> <Delay = 2.35>
ST_126 : Operation 657 [26/31] (2.35ns)   --->   "%div31_i = ddiv i64 %sum, i64 %conv30_i" [likelihood_kernel.cpp:94]   --->   Operation 657 'ddiv' 'div31_i' <Predicate = true> <Delay = 2.35> <CoreInst = "DDiv">   --->   Core 39 'DDiv' <Latency = 30> <II = 1> <Delay = 2.35> <FuncUnit> <Opcode : 'ddiv' 'drem'> <InPorts = 2> <OutPorts = 1>

State 127 <SV = 44> <Delay = 2.35>
ST_127 : Operation 658 [25/31] (2.35ns)   --->   "%div31_i = ddiv i64 %sum, i64 %conv30_i" [likelihood_kernel.cpp:94]   --->   Operation 658 'ddiv' 'div31_i' <Predicate = true> <Delay = 2.35> <CoreInst = "DDiv">   --->   Core 39 'DDiv' <Latency = 30> <II = 1> <Delay = 2.35> <FuncUnit> <Opcode : 'ddiv' 'drem'> <InPorts = 2> <OutPorts = 1>

State 128 <SV = 45> <Delay = 2.35>
ST_128 : Operation 659 [24/31] (2.35ns)   --->   "%div31_i = ddiv i64 %sum, i64 %conv30_i" [likelihood_kernel.cpp:94]   --->   Operation 659 'ddiv' 'div31_i' <Predicate = true> <Delay = 2.35> <CoreInst = "DDiv">   --->   Core 39 'DDiv' <Latency = 30> <II = 1> <Delay = 2.35> <FuncUnit> <Opcode : 'ddiv' 'drem'> <InPorts = 2> <OutPorts = 1>

State 129 <SV = 46> <Delay = 2.35>
ST_129 : Operation 660 [23/31] (2.35ns)   --->   "%div31_i = ddiv i64 %sum, i64 %conv30_i" [likelihood_kernel.cpp:94]   --->   Operation 660 'ddiv' 'div31_i' <Predicate = true> <Delay = 2.35> <CoreInst = "DDiv">   --->   Core 39 'DDiv' <Latency = 30> <II = 1> <Delay = 2.35> <FuncUnit> <Opcode : 'ddiv' 'drem'> <InPorts = 2> <OutPorts = 1>

State 130 <SV = 47> <Delay = 2.35>
ST_130 : Operation 661 [22/31] (2.35ns)   --->   "%div31_i = ddiv i64 %sum, i64 %conv30_i" [likelihood_kernel.cpp:94]   --->   Operation 661 'ddiv' 'div31_i' <Predicate = true> <Delay = 2.35> <CoreInst = "DDiv">   --->   Core 39 'DDiv' <Latency = 30> <II = 1> <Delay = 2.35> <FuncUnit> <Opcode : 'ddiv' 'drem'> <InPorts = 2> <OutPorts = 1>

State 131 <SV = 48> <Delay = 2.35>
ST_131 : Operation 662 [21/31] (2.35ns)   --->   "%div31_i = ddiv i64 %sum, i64 %conv30_i" [likelihood_kernel.cpp:94]   --->   Operation 662 'ddiv' 'div31_i' <Predicate = true> <Delay = 2.35> <CoreInst = "DDiv">   --->   Core 39 'DDiv' <Latency = 30> <II = 1> <Delay = 2.35> <FuncUnit> <Opcode : 'ddiv' 'drem'> <InPorts = 2> <OutPorts = 1>

State 132 <SV = 49> <Delay = 2.35>
ST_132 : Operation 663 [20/31] (2.35ns)   --->   "%div31_i = ddiv i64 %sum, i64 %conv30_i" [likelihood_kernel.cpp:94]   --->   Operation 663 'ddiv' 'div31_i' <Predicate = true> <Delay = 2.35> <CoreInst = "DDiv">   --->   Core 39 'DDiv' <Latency = 30> <II = 1> <Delay = 2.35> <FuncUnit> <Opcode : 'ddiv' 'drem'> <InPorts = 2> <OutPorts = 1>

State 133 <SV = 50> <Delay = 2.35>
ST_133 : Operation 664 [19/31] (2.35ns)   --->   "%div31_i = ddiv i64 %sum, i64 %conv30_i" [likelihood_kernel.cpp:94]   --->   Operation 664 'ddiv' 'div31_i' <Predicate = true> <Delay = 2.35> <CoreInst = "DDiv">   --->   Core 39 'DDiv' <Latency = 30> <II = 1> <Delay = 2.35> <FuncUnit> <Opcode : 'ddiv' 'drem'> <InPorts = 2> <OutPorts = 1>

State 134 <SV = 51> <Delay = 2.35>
ST_134 : Operation 665 [18/31] (2.35ns)   --->   "%div31_i = ddiv i64 %sum, i64 %conv30_i" [likelihood_kernel.cpp:94]   --->   Operation 665 'ddiv' 'div31_i' <Predicate = true> <Delay = 2.35> <CoreInst = "DDiv">   --->   Core 39 'DDiv' <Latency = 30> <II = 1> <Delay = 2.35> <FuncUnit> <Opcode : 'ddiv' 'drem'> <InPorts = 2> <OutPorts = 1>

State 135 <SV = 52> <Delay = 2.35>
ST_135 : Operation 666 [17/31] (2.35ns)   --->   "%div31_i = ddiv i64 %sum, i64 %conv30_i" [likelihood_kernel.cpp:94]   --->   Operation 666 'ddiv' 'div31_i' <Predicate = true> <Delay = 2.35> <CoreInst = "DDiv">   --->   Core 39 'DDiv' <Latency = 30> <II = 1> <Delay = 2.35> <FuncUnit> <Opcode : 'ddiv' 'drem'> <InPorts = 2> <OutPorts = 1>

State 136 <SV = 53> <Delay = 2.35>
ST_136 : Operation 667 [16/31] (2.35ns)   --->   "%div31_i = ddiv i64 %sum, i64 %conv30_i" [likelihood_kernel.cpp:94]   --->   Operation 667 'ddiv' 'div31_i' <Predicate = true> <Delay = 2.35> <CoreInst = "DDiv">   --->   Core 39 'DDiv' <Latency = 30> <II = 1> <Delay = 2.35> <FuncUnit> <Opcode : 'ddiv' 'drem'> <InPorts = 2> <OutPorts = 1>

State 137 <SV = 54> <Delay = 2.35>
ST_137 : Operation 668 [15/31] (2.35ns)   --->   "%div31_i = ddiv i64 %sum, i64 %conv30_i" [likelihood_kernel.cpp:94]   --->   Operation 668 'ddiv' 'div31_i' <Predicate = true> <Delay = 2.35> <CoreInst = "DDiv">   --->   Core 39 'DDiv' <Latency = 30> <II = 1> <Delay = 2.35> <FuncUnit> <Opcode : 'ddiv' 'drem'> <InPorts = 2> <OutPorts = 1>

State 138 <SV = 55> <Delay = 2.35>
ST_138 : Operation 669 [14/31] (2.35ns)   --->   "%div31_i = ddiv i64 %sum, i64 %conv30_i" [likelihood_kernel.cpp:94]   --->   Operation 669 'ddiv' 'div31_i' <Predicate = true> <Delay = 2.35> <CoreInst = "DDiv">   --->   Core 39 'DDiv' <Latency = 30> <II = 1> <Delay = 2.35> <FuncUnit> <Opcode : 'ddiv' 'drem'> <InPorts = 2> <OutPorts = 1>

State 139 <SV = 56> <Delay = 2.35>
ST_139 : Operation 670 [13/31] (2.35ns)   --->   "%div31_i = ddiv i64 %sum, i64 %conv30_i" [likelihood_kernel.cpp:94]   --->   Operation 670 'ddiv' 'div31_i' <Predicate = true> <Delay = 2.35> <CoreInst = "DDiv">   --->   Core 39 'DDiv' <Latency = 30> <II = 1> <Delay = 2.35> <FuncUnit> <Opcode : 'ddiv' 'drem'> <InPorts = 2> <OutPorts = 1>

State 140 <SV = 57> <Delay = 2.35>
ST_140 : Operation 671 [12/31] (2.35ns)   --->   "%div31_i = ddiv i64 %sum, i64 %conv30_i" [likelihood_kernel.cpp:94]   --->   Operation 671 'ddiv' 'div31_i' <Predicate = true> <Delay = 2.35> <CoreInst = "DDiv">   --->   Core 39 'DDiv' <Latency = 30> <II = 1> <Delay = 2.35> <FuncUnit> <Opcode : 'ddiv' 'drem'> <InPorts = 2> <OutPorts = 1>

State 141 <SV = 58> <Delay = 2.35>
ST_141 : Operation 672 [11/31] (2.35ns)   --->   "%div31_i = ddiv i64 %sum, i64 %conv30_i" [likelihood_kernel.cpp:94]   --->   Operation 672 'ddiv' 'div31_i' <Predicate = true> <Delay = 2.35> <CoreInst = "DDiv">   --->   Core 39 'DDiv' <Latency = 30> <II = 1> <Delay = 2.35> <FuncUnit> <Opcode : 'ddiv' 'drem'> <InPorts = 2> <OutPorts = 1>

State 142 <SV = 59> <Delay = 2.35>
ST_142 : Operation 673 [10/31] (2.35ns)   --->   "%div31_i = ddiv i64 %sum, i64 %conv30_i" [likelihood_kernel.cpp:94]   --->   Operation 673 'ddiv' 'div31_i' <Predicate = true> <Delay = 2.35> <CoreInst = "DDiv">   --->   Core 39 'DDiv' <Latency = 30> <II = 1> <Delay = 2.35> <FuncUnit> <Opcode : 'ddiv' 'drem'> <InPorts = 2> <OutPorts = 1>

State 143 <SV = 60> <Delay = 2.35>
ST_143 : Operation 674 [9/31] (2.35ns)   --->   "%div31_i = ddiv i64 %sum, i64 %conv30_i" [likelihood_kernel.cpp:94]   --->   Operation 674 'ddiv' 'div31_i' <Predicate = true> <Delay = 2.35> <CoreInst = "DDiv">   --->   Core 39 'DDiv' <Latency = 30> <II = 1> <Delay = 2.35> <FuncUnit> <Opcode : 'ddiv' 'drem'> <InPorts = 2> <OutPorts = 1>

State 144 <SV = 61> <Delay = 2.35>
ST_144 : Operation 675 [8/31] (2.35ns)   --->   "%div31_i = ddiv i64 %sum, i64 %conv30_i" [likelihood_kernel.cpp:94]   --->   Operation 675 'ddiv' 'div31_i' <Predicate = true> <Delay = 2.35> <CoreInst = "DDiv">   --->   Core 39 'DDiv' <Latency = 30> <II = 1> <Delay = 2.35> <FuncUnit> <Opcode : 'ddiv' 'drem'> <InPorts = 2> <OutPorts = 1>

State 145 <SV = 62> <Delay = 2.35>
ST_145 : Operation 676 [7/31] (2.35ns)   --->   "%div31_i = ddiv i64 %sum, i64 %conv30_i" [likelihood_kernel.cpp:94]   --->   Operation 676 'ddiv' 'div31_i' <Predicate = true> <Delay = 2.35> <CoreInst = "DDiv">   --->   Core 39 'DDiv' <Latency = 30> <II = 1> <Delay = 2.35> <FuncUnit> <Opcode : 'ddiv' 'drem'> <InPorts = 2> <OutPorts = 1>

State 146 <SV = 63> <Delay = 2.35>
ST_146 : Operation 677 [6/31] (2.35ns)   --->   "%div31_i = ddiv i64 %sum, i64 %conv30_i" [likelihood_kernel.cpp:94]   --->   Operation 677 'ddiv' 'div31_i' <Predicate = true> <Delay = 2.35> <CoreInst = "DDiv">   --->   Core 39 'DDiv' <Latency = 30> <II = 1> <Delay = 2.35> <FuncUnit> <Opcode : 'ddiv' 'drem'> <InPorts = 2> <OutPorts = 1>

State 147 <SV = 64> <Delay = 2.35>
ST_147 : Operation 678 [5/31] (2.35ns)   --->   "%div31_i = ddiv i64 %sum, i64 %conv30_i" [likelihood_kernel.cpp:94]   --->   Operation 678 'ddiv' 'div31_i' <Predicate = true> <Delay = 2.35> <CoreInst = "DDiv">   --->   Core 39 'DDiv' <Latency = 30> <II = 1> <Delay = 2.35> <FuncUnit> <Opcode : 'ddiv' 'drem'> <InPorts = 2> <OutPorts = 1>

State 148 <SV = 65> <Delay = 2.35>
ST_148 : Operation 679 [4/31] (2.35ns)   --->   "%div31_i = ddiv i64 %sum, i64 %conv30_i" [likelihood_kernel.cpp:94]   --->   Operation 679 'ddiv' 'div31_i' <Predicate = true> <Delay = 2.35> <CoreInst = "DDiv">   --->   Core 39 'DDiv' <Latency = 30> <II = 1> <Delay = 2.35> <FuncUnit> <Opcode : 'ddiv' 'drem'> <InPorts = 2> <OutPorts = 1>

State 149 <SV = 66> <Delay = 2.35>
ST_149 : Operation 680 [3/31] (2.35ns)   --->   "%div31_i = ddiv i64 %sum, i64 %conv30_i" [likelihood_kernel.cpp:94]   --->   Operation 680 'ddiv' 'div31_i' <Predicate = true> <Delay = 2.35> <CoreInst = "DDiv">   --->   Core 39 'DDiv' <Latency = 30> <II = 1> <Delay = 2.35> <FuncUnit> <Opcode : 'ddiv' 'drem'> <InPorts = 2> <OutPorts = 1>

State 150 <SV = 67> <Delay = 2.35>
ST_150 : Operation 681 [2/31] (2.35ns)   --->   "%div31_i = ddiv i64 %sum, i64 %conv30_i" [likelihood_kernel.cpp:94]   --->   Operation 681 'ddiv' 'div31_i' <Predicate = true> <Delay = 2.35> <CoreInst = "DDiv">   --->   Core 39 'DDiv' <Latency = 30> <II = 1> <Delay = 2.35> <FuncUnit> <Opcode : 'ddiv' 'drem'> <InPorts = 2> <OutPorts = 1>

State 151 <SV = 68> <Delay = 2.35>
ST_151 : Operation 682 [1/31] (2.35ns)   --->   "%div31_i = ddiv i64 %sum, i64 %conv30_i" [likelihood_kernel.cpp:94]   --->   Operation 682 'ddiv' 'div31_i' <Predicate = true> <Delay = 2.35> <CoreInst = "DDiv">   --->   Core 39 'DDiv' <Latency = 30> <II = 1> <Delay = 2.35> <FuncUnit> <Opcode : 'ddiv' 'drem'> <InPorts = 2> <OutPorts = 1>
ST_151 : Operation 683 [1/1] (0.65ns)   --->   "%switch_ln94 = switch i2 %trunc_ln65, void %branch15, i2 0, void %branch12, i2 1, void %branch13, i2 2, void %branch14" [likelihood_kernel.cpp:94]   --->   Operation 683 'switch' 'switch_ln94' <Predicate = true> <Delay = 0.65>

State 152 <SV = 69> <Delay = 1.20>
ST_152 : Operation 684 [1/1] (1.20ns)   --->   "%store_ln94 = store i64 %div31_i, i4 %buffer_likelihood_2_addr" [likelihood_kernel.cpp:94]   --->   Operation 684 'store' 'store_ln94' <Predicate = (trunc_ln65 == 2)> <Delay = 1.20> <CoreInst = "RAM_2P_BRAM">   --->   Core 94 'RAM_2P_BRAM' <Latency = 1> <II = 1> <Delay = 1.20> <Storage> <Opcode : 'load' 'store'> <Ports = 2> <Width = 64> <Depth = 16> <RAM>
ST_152 : Operation 685 [1/1] (0.00ns)   --->   "%br_ln94 = br void %._crit_edge.loopexit63" [likelihood_kernel.cpp:94]   --->   Operation 685 'br' 'br_ln94' <Predicate = (trunc_ln65 == 2)> <Delay = 0.00>
ST_152 : Operation 686 [1/1] (1.20ns)   --->   "%store_ln94 = store i64 %div31_i, i4 %buffer_likelihood_1_addr" [likelihood_kernel.cpp:94]   --->   Operation 686 'store' 'store_ln94' <Predicate = (trunc_ln65 == 1)> <Delay = 1.20> <CoreInst = "RAM_2P_BRAM">   --->   Core 94 'RAM_2P_BRAM' <Latency = 1> <II = 1> <Delay = 1.20> <Storage> <Opcode : 'load' 'store'> <Ports = 2> <Width = 64> <Depth = 16> <RAM>
ST_152 : Operation 687 [1/1] (0.00ns)   --->   "%br_ln94 = br void %._crit_edge.loopexit63" [likelihood_kernel.cpp:94]   --->   Operation 687 'br' 'br_ln94' <Predicate = (trunc_ln65 == 1)> <Delay = 0.00>
ST_152 : Operation 688 [1/1] (1.20ns)   --->   "%store_ln94 = store i64 %div31_i, i4 %buffer_likelihood_0_addr" [likelihood_kernel.cpp:94]   --->   Operation 688 'store' 'store_ln94' <Predicate = (trunc_ln65 == 0)> <Delay = 1.20> <CoreInst = "RAM_2P_BRAM">   --->   Core 94 'RAM_2P_BRAM' <Latency = 1> <II = 1> <Delay = 1.20> <Storage> <Opcode : 'load' 'store'> <Ports = 2> <Width = 64> <Depth = 16> <RAM>
ST_152 : Operation 689 [1/1] (0.00ns)   --->   "%br_ln94 = br void %._crit_edge.loopexit63" [likelihood_kernel.cpp:94]   --->   Operation 689 'br' 'br_ln94' <Predicate = (trunc_ln65 == 0)> <Delay = 0.00>
ST_152 : Operation 690 [1/1] (1.20ns)   --->   "%store_ln94 = store i64 %div31_i, i4 %buffer_likelihood_3_addr" [likelihood_kernel.cpp:94]   --->   Operation 690 'store' 'store_ln94' <Predicate = (trunc_ln65 == 3)> <Delay = 1.20> <CoreInst = "RAM_2P_BRAM">   --->   Core 94 'RAM_2P_BRAM' <Latency = 1> <II = 1> <Delay = 1.20> <Storage> <Opcode : 'load' 'store'> <Ports = 2> <Width = 64> <Depth = 16> <RAM>
ST_152 : Operation 691 [1/1] (0.00ns)   --->   "%br_ln94 = br void %._crit_edge.loopexit63" [likelihood_kernel.cpp:94]   --->   Operation 691 'br' 'br_ln94' <Predicate = (trunc_ln65 == 3)> <Delay = 0.00>
ST_152 : Operation 692 [1/1] (0.00ns)   --->   "%br_ln0 = br void %.lr.ph41"   --->   Operation 692 'br' 'br_ln0' <Predicate = true> <Delay = 0.00>

State 153 <SV = 26> <Delay = 2.43>
ST_153 : Operation 693 [1/1] (0.00ns)   --->   "%sext_ln104 = sext i61 %trunc_ln6" [likelihood_kernel.cpp:104]   --->   Operation 693 'sext' 'sext_ln104' <Predicate = true> <Delay = 0.00>
ST_153 : Operation 694 [1/1] (0.00ns)   --->   "%gmem4_addr = getelementptr i64 %gmem4, i64 %sext_ln104" [likelihood_kernel.cpp:104]   --->   Operation 694 'getelementptr' 'gmem4_addr' <Predicate = true> <Delay = 0.00>
ST_153 : Operation 695 [1/1] (2.43ns)   --->   "%empty_44 = writereq i1 @_ssdm_op_WriteReq.m_axi.p1i64, i64 %gmem4_addr, i32 %tileSize" [likelihood_kernel.cpp:104]   --->   Operation 695 'writereq' 'empty_44' <Predicate = true> <Delay = 2.43> <CoreInst = "m_axi">   --->   Core 121 'm_axi' <Latency = 6> <II = 1> <Delay = 1.00> <Adapter> <Opcode : 'read' 'write' 'readreq' 'writereq' 'writeresp'>
ST_153 : Operation 696 [1/1] (0.38ns)   --->   "%br_ln104 = br void" [likelihood_kernel.cpp:104]   --->   Operation 696 'br' 'br_ln104' <Predicate = true> <Delay = 0.38>

State 154 <SV = 27> <Delay = 1.20>
ST_154 : Operation 697 [1/1] (0.00ns)   --->   "%x_2 = phi i31 0, void %.lr.ph44, i31 %add_ln104, void %.split9" [likelihood_kernel.cpp:104]   --->   Operation 697 'phi' 'x_2' <Predicate = true> <Delay = 0.00>
ST_154 : Operation 698 [1/1] (0.87ns)   --->   "%add_ln104 = add i31 %x_2, i31 1" [likelihood_kernel.cpp:104]   --->   Operation 698 'add' 'add_ln104' <Predicate = true> <Delay = 0.87> <CoreInst = "Adder">   --->   Core 1 'Adder' <Latency = 0> <II = 1> <Delay = 0.88> <FuncUnit> <Opcode : 'add' 'sub'> <InPorts = 2> <OutPorts = 1>
ST_154 : Operation 699 [1/1] (0.84ns)   --->   "%icmp_ln104 = icmp_eq  i31 %x_2, i31 %trunc_ln37" [likelihood_kernel.cpp:104]   --->   Operation 699 'icmp' 'icmp_ln104' <Predicate = true> <Delay = 0.84> <CoreInst = "Cmp">   --->   Core 9 'Cmp' <Latency = 0> <II = 1> <Delay = 0.84> <FuncUnit> <Opcode : 'icmp'> <InPorts = 2> <OutPorts = 1>
ST_154 : Operation 700 [1/1] (0.00ns)   --->   "%br_ln104 = br i1 %icmp_ln104, void %.split9, void %._Z16store_likelihoodPdPKdii.exit_crit_edge.loopexit" [likelihood_kernel.cpp:104]   --->   Operation 700 'br' 'br_ln104' <Predicate = true> <Delay = 0.00>
ST_154 : Operation 701 [1/1] (0.00ns)   --->   "%trunc_ln107 = trunc i31 %x_2" [likelihood_kernel.cpp:107]   --->   Operation 701 'trunc' 'trunc_ln107' <Predicate = (!icmp_ln104)> <Delay = 0.00>
ST_154 : Operation 702 [1/1] (0.00ns)   --->   "%lshr_ln3 = partselect i4 @_ssdm_op_PartSelect.i4.i31.i32.i32, i31 %x_2, i32 2, i32 5" [likelihood_kernel.cpp:107]   --->   Operation 702 'partselect' 'lshr_ln3' <Predicate = (!icmp_ln104)> <Delay = 0.00>
ST_154 : Operation 703 [1/1] (0.00ns)   --->   "%zext_ln107_1 = zext i4 %lshr_ln3" [likelihood_kernel.cpp:107]   --->   Operation 703 'zext' 'zext_ln107_1' <Predicate = (!icmp_ln104)> <Delay = 0.00>
ST_154 : Operation 704 [1/1] (0.00ns)   --->   "%buffer_likelihood_0_addr_1 = getelementptr i64 %buffer_likelihood_0, i64 0, i64 %zext_ln107_1" [likelihood_kernel.cpp:107]   --->   Operation 704 'getelementptr' 'buffer_likelihood_0_addr_1' <Predicate = (!icmp_ln104)> <Delay = 0.00>
ST_154 : Operation 705 [2/2] (1.20ns)   --->   "%buffer_likelihood_0_load = load i4 %buffer_likelihood_0_addr_1" [likelihood_kernel.cpp:107]   --->   Operation 705 'load' 'buffer_likelihood_0_load' <Predicate = (!icmp_ln104)> <Delay = 1.20> <CoreInst = "RAM_2P_BRAM">   --->   Core 94 'RAM_2P_BRAM' <Latency = 1> <II = 1> <Delay = 1.20> <Storage> <Opcode : 'load' 'store'> <Ports = 2> <Width = 64> <Depth = 16> <RAM>
ST_154 : Operation 706 [1/1] (0.00ns)   --->   "%buffer_likelihood_1_addr_1 = getelementptr i64 %buffer_likelihood_1, i64 0, i64 %zext_ln107_1" [likelihood_kernel.cpp:107]   --->   Operation 706 'getelementptr' 'buffer_likelihood_1_addr_1' <Predicate = (!icmp_ln104)> <Delay = 0.00>
ST_154 : Operation 707 [2/2] (1.20ns)   --->   "%buffer_likelihood_1_load = load i4 %buffer_likelihood_1_addr_1" [likelihood_kernel.cpp:107]   --->   Operation 707 'load' 'buffer_likelihood_1_load' <Predicate = (!icmp_ln104)> <Delay = 1.20> <CoreInst = "RAM_2P_BRAM">   --->   Core 94 'RAM_2P_BRAM' <Latency = 1> <II = 1> <Delay = 1.20> <Storage> <Opcode : 'load' 'store'> <Ports = 2> <Width = 64> <Depth = 16> <RAM>
ST_154 : Operation 708 [1/1] (0.00ns)   --->   "%buffer_likelihood_2_addr_1 = getelementptr i64 %buffer_likelihood_2, i64 0, i64 %zext_ln107_1" [likelihood_kernel.cpp:107]   --->   Operation 708 'getelementptr' 'buffer_likelihood_2_addr_1' <Predicate = (!icmp_ln104)> <Delay = 0.00>
ST_154 : Operation 709 [2/2] (1.20ns)   --->   "%buffer_likelihood_2_load = load i4 %buffer_likelihood_2_addr_1" [likelihood_kernel.cpp:107]   --->   Operation 709 'load' 'buffer_likelihood_2_load' <Predicate = (!icmp_ln104)> <Delay = 1.20> <CoreInst = "RAM_2P_BRAM">   --->   Core 94 'RAM_2P_BRAM' <Latency = 1> <II = 1> <Delay = 1.20> <Storage> <Opcode : 'load' 'store'> <Ports = 2> <Width = 64> <Depth = 16> <RAM>
ST_154 : Operation 710 [1/1] (0.00ns)   --->   "%buffer_likelihood_3_addr_1 = getelementptr i64 %buffer_likelihood_3, i64 0, i64 %zext_ln107_1" [likelihood_kernel.cpp:107]   --->   Operation 710 'getelementptr' 'buffer_likelihood_3_addr_1' <Predicate = (!icmp_ln104)> <Delay = 0.00>
ST_154 : Operation 711 [2/2] (1.20ns)   --->   "%buffer_likelihood_3_load = load i4 %buffer_likelihood_3_addr_1" [likelihood_kernel.cpp:107]   --->   Operation 711 'load' 'buffer_likelihood_3_load' <Predicate = (!icmp_ln104)> <Delay = 1.20> <CoreInst = "RAM_2P_BRAM">   --->   Core 94 'RAM_2P_BRAM' <Latency = 1> <II = 1> <Delay = 1.20> <Storage> <Opcode : 'load' 'store'> <Ports = 2> <Width = 64> <Depth = 16> <RAM>

State 155 <SV = 28> <Delay = 1.65>
ST_155 : Operation 712 [1/1] (0.00ns)   --->   "%zext_ln107 = zext i2 %trunc_ln107" [likelihood_kernel.cpp:107]   --->   Operation 712 'zext' 'zext_ln107' <Predicate = (!icmp_ln104)> <Delay = 0.00>
ST_155 : Operation 713 [1/2] (1.20ns)   --->   "%buffer_likelihood_0_load = load i4 %buffer_likelihood_0_addr_1" [likelihood_kernel.cpp:107]   --->   Operation 713 'load' 'buffer_likelihood_0_load' <Predicate = (!icmp_ln104)> <Delay = 1.20> <CoreInst = "RAM_2P_BRAM">   --->   Core 94 'RAM_2P_BRAM' <Latency = 1> <II = 1> <Delay = 1.20> <Storage> <Opcode : 'load' 'store'> <Ports = 2> <Width = 64> <Depth = 16> <RAM>
ST_155 : Operation 714 [1/2] (1.20ns)   --->   "%buffer_likelihood_1_load = load i4 %buffer_likelihood_1_addr_1" [likelihood_kernel.cpp:107]   --->   Operation 714 'load' 'buffer_likelihood_1_load' <Predicate = (!icmp_ln104)> <Delay = 1.20> <CoreInst = "RAM_2P_BRAM">   --->   Core 94 'RAM_2P_BRAM' <Latency = 1> <II = 1> <Delay = 1.20> <Storage> <Opcode : 'load' 'store'> <Ports = 2> <Width = 64> <Depth = 16> <RAM>
ST_155 : Operation 715 [1/2] (1.20ns)   --->   "%buffer_likelihood_2_load = load i4 %buffer_likelihood_2_addr_1" [likelihood_kernel.cpp:107]   --->   Operation 715 'load' 'buffer_likelihood_2_load' <Predicate = (!icmp_ln104)> <Delay = 1.20> <CoreInst = "RAM_2P_BRAM">   --->   Core 94 'RAM_2P_BRAM' <Latency = 1> <II = 1> <Delay = 1.20> <Storage> <Opcode : 'load' 'store'> <Ports = 2> <Width = 64> <Depth = 16> <RAM>
ST_155 : Operation 716 [1/2] (1.20ns)   --->   "%buffer_likelihood_3_load = load i4 %buffer_likelihood_3_addr_1" [likelihood_kernel.cpp:107]   --->   Operation 716 'load' 'buffer_likelihood_3_load' <Predicate = (!icmp_ln104)> <Delay = 1.20> <CoreInst = "RAM_2P_BRAM">   --->   Core 94 'RAM_2P_BRAM' <Latency = 1> <II = 1> <Delay = 1.20> <Storage> <Opcode : 'load' 'store'> <Ports = 2> <Width = 64> <Depth = 16> <RAM>
ST_155 : Operation 717 [1/1] (0.45ns)   --->   "%tmp = mux i64 @_ssdm_op_Mux.ap_auto.4double.i64, i64 %buffer_likelihood_0_load, i64 %buffer_likelihood_1_load, i64 %buffer_likelihood_2_load, i64 %buffer_likelihood_3_load, i64 %zext_ln107" [likelihood_kernel.cpp:107]   --->   Operation 717 'mux' 'tmp' <Predicate = (!icmp_ln104)> <Delay = 0.45> <CoreInst = "Multiplexer">   --->   Core 76 'Multiplexer' <Latency = 0> <II = 1> <Delay = 0.45> <FuncUnit> <Opcode : 'mux'> <InPorts = 2> <OutPorts = 1>

State 156 <SV = 29> <Delay = 2.43>
ST_156 : Operation 718 [1/1] (0.00ns)   --->   "%specpipeline_ln104 = specpipeline void @_ssdm_op_SpecPipeline, i32 1, i32 0, i32 0, i32 0, void @empty_18" [likelihood_kernel.cpp:104]   --->   Operation 718 'specpipeline' 'specpipeline_ln104' <Predicate = (!icmp_ln104)> <Delay = 0.00>
ST_156 : Operation 719 [1/1] (0.00ns)   --->   "%speclooptripcount_ln104 = speclooptripcount void @_ssdm_op_SpecLoopTripCount, i64 64, i64 64, i64 64" [likelihood_kernel.cpp:104]   --->   Operation 719 'speclooptripcount' 'speclooptripcount_ln104' <Predicate = (!icmp_ln104)> <Delay = 0.00>
ST_156 : Operation 720 [1/1] (0.00ns)   --->   "%specloopname_ln104 = specloopname void @_ssdm_op_SpecLoopName, void @empty_6" [likelihood_kernel.cpp:104]   --->   Operation 720 'specloopname' 'specloopname_ln104' <Predicate = (!icmp_ln104)> <Delay = 0.00>
ST_156 : Operation 721 [1/1] (0.00ns)   --->   "%bitcast_ln107 = bitcast i64 %tmp" [likelihood_kernel.cpp:107]   --->   Operation 721 'bitcast' 'bitcast_ln107' <Predicate = (!icmp_ln104)> <Delay = 0.00>
ST_156 : Operation 722 [1/1] (2.43ns)   --->   "%write_ln107 = write void @_ssdm_op_Write.m_axi.p1i64, i64 %gmem4_addr, i64 %bitcast_ln107, i8 255" [likelihood_kernel.cpp:107]   --->   Operation 722 'write' 'write_ln107' <Predicate = (!icmp_ln104)> <Delay = 2.43> <CoreInst = "m_axi">   --->   Core 121 'm_axi' <Latency = 6> <II = 1> <Delay = 1.00> <Adapter> <Opcode : 'read' 'write' 'readreq' 'writereq' 'writeresp'>
ST_156 : Operation 723 [1/1] (0.00ns)   --->   "%br_ln0 = br void"   --->   Operation 723 'br' 'br_ln0' <Predicate = (!icmp_ln104)> <Delay = 0.00>

State 157 <SV = 28> <Delay = 2.43>
ST_157 : Operation 724 [5/5] (2.43ns)   --->   "%empty_45 = writeresp i1 @_ssdm_op_WriteResp.m_axi.p1i64, i64 %gmem4_addr" [likelihood_kernel.cpp:162]   --->   Operation 724 'writeresp' 'empty_45' <Predicate = true> <Delay = 2.43> <CoreInst = "m_axi">   --->   Core 121 'm_axi' <Latency = 6> <II = 1> <Delay = 1.00> <Adapter> <Opcode : 'read' 'write' 'readreq' 'writereq' 'writeresp'>

State 158 <SV = 29> <Delay = 2.43>
ST_158 : Operation 725 [4/5] (2.43ns)   --->   "%empty_45 = writeresp i1 @_ssdm_op_WriteResp.m_axi.p1i64, i64 %gmem4_addr" [likelihood_kernel.cpp:162]   --->   Operation 725 'writeresp' 'empty_45' <Predicate = true> <Delay = 2.43> <CoreInst = "m_axi">   --->   Core 121 'm_axi' <Latency = 6> <II = 1> <Delay = 1.00> <Adapter> <Opcode : 'read' 'write' 'readreq' 'writereq' 'writeresp'>

State 159 <SV = 30> <Delay = 2.43>
ST_159 : Operation 726 [3/5] (2.43ns)   --->   "%empty_45 = writeresp i1 @_ssdm_op_WriteResp.m_axi.p1i64, i64 %gmem4_addr" [likelihood_kernel.cpp:162]   --->   Operation 726 'writeresp' 'empty_45' <Predicate = true> <Delay = 2.43> <CoreInst = "m_axi">   --->   Core 121 'm_axi' <Latency = 6> <II = 1> <Delay = 1.00> <Adapter> <Opcode : 'read' 'write' 'readreq' 'writereq' 'writeresp'>

State 160 <SV = 31> <Delay = 2.43>
ST_160 : Operation 727 [2/5] (2.43ns)   --->   "%empty_45 = writeresp i1 @_ssdm_op_WriteResp.m_axi.p1i64, i64 %gmem4_addr" [likelihood_kernel.cpp:162]   --->   Operation 727 'writeresp' 'empty_45' <Predicate = true> <Delay = 2.43> <CoreInst = "m_axi">   --->   Core 121 'm_axi' <Latency = 6> <II = 1> <Delay = 1.00> <Adapter> <Opcode : 'read' 'write' 'readreq' 'writereq' 'writeresp'>

State 161 <SV = 32> <Delay = 2.43>
ST_161 : Operation 728 [1/5] (2.43ns)   --->   "%empty_45 = writeresp i1 @_ssdm_op_WriteResp.m_axi.p1i64, i64 %gmem4_addr" [likelihood_kernel.cpp:162]   --->   Operation 728 'writeresp' 'empty_45' <Predicate = (icmp_ln37)> <Delay = 2.43> <CoreInst = "m_axi">   --->   Core 121 'm_axi' <Latency = 6> <II = 1> <Delay = 1.00> <Adapter> <Opcode : 'read' 'write' 'readreq' 'writereq' 'writeresp'>
ST_161 : Operation 729 [1/1] (0.00ns)   --->   "%br_ln162 = br void %._Z16store_likelihoodPdPKdii.exit_crit_edge" [likelihood_kernel.cpp:162]   --->   Operation 729 'br' 'br_ln162' <Predicate = (icmp_ln37)> <Delay = 0.00>
ST_161 : Operation 730 [1/1] (0.00ns)   --->   "%br_ln0 = br void"   --->   Operation 730 'br' 'br_ln0' <Predicate = true> <Delay = 0.00>


============================================================
+ Verbose Summary: Timing violations
============================================================
Target clock period: 3.33ns, clock uncertainty: 0.899ns.

 <State 1>: 1.86ns
The critical path consists of the following:
	s_axi read on port 'countOnes' [66]  (1 ns)
	'shl' operation ('empty_40') [89]  (0 ns)
	'icmp' operation ('icmp_ln20', likelihood_kernel.cpp:20) [90]  (0.859 ns)

 <State 2>: 2.43ns
The critical path consists of the following:
	'getelementptr' operation ('gmem2_addr', likelihood_kernel.cpp:20) [96]  (0 ns)
	bus request on port 'gmem2' (likelihood_kernel.cpp:20) [97]  (2.43 ns)

 <State 3>: 2.43ns
The critical path consists of the following:
	bus request on port 'gmem2' (likelihood_kernel.cpp:20) [97]  (2.43 ns)

 <State 4>: 2.43ns
The critical path consists of the following:
	bus request on port 'gmem2' (likelihood_kernel.cpp:20) [97]  (2.43 ns)

 <State 5>: 2.43ns
The critical path consists of the following:
	bus request on port 'gmem2' (likelihood_kernel.cpp:20) [97]  (2.43 ns)

 <State 6>: 2.43ns
The critical path consists of the following:
	bus request on port 'gmem2' (likelihood_kernel.cpp:20) [97]  (2.43 ns)

 <State 7>: 2.43ns
The critical path consists of the following:
	bus request on port 'gmem2' (likelihood_kernel.cpp:20) [97]  (2.43 ns)

 <State 8>: 2.43ns
The critical path consists of the following:
	bus request on port 'gmem2' (likelihood_kernel.cpp:20) [97]  (2.43 ns)

 <State 9>: 0.874ns
The critical path consists of the following:
	'phi' operation ('i', likelihood_kernel.cpp:20) with incoming values : ('add_ln20', likelihood_kernel.cpp:20) [100]  (0 ns)
	'add' operation ('add_ln20', likelihood_kernel.cpp:20) [101]  (0.874 ns)

 <State 10>: 2.43ns
The critical path consists of the following:
	bus read on port 'gmem2' (likelihood_kernel.cpp:23) [108]  (2.43 ns)

 <State 11>: 1.2ns
The critical path consists of the following:
	'store' operation ('store_ln23', likelihood_kernel.cpp:23) of variable 'bitcast_ln23', likelihood_kernel.cpp:23 on array 'buffer_objxy[2]', likelihood_kernel.cpp:143 [119]  (1.2 ns)

 <State 12>: 2.22ns
The critical path consists of the following:
	'sitodp' operation ('conv30_i') [135]  (2.22 ns)

 <State 13>: 2.22ns
The critical path consists of the following:
	'sitodp' operation ('conv30_i') [135]  (2.22 ns)

 <State 14>: 2.22ns
The critical path consists of the following:
	'sitodp' operation ('conv30_i') [135]  (2.22 ns)

 <State 15>: 2.22ns
The critical path consists of the following:
	'sitodp' operation ('conv30_i') [135]  (2.22 ns)

 <State 16>: 2.22ns
The critical path consists of the following:
	'sitodp' operation ('conv30_i') [135]  (2.22 ns)

 <State 17>: 1.97ns
The critical path consists of the following:
	'phi' operation ('base', likelihood_kernel.cpp:167) with incoming values : ('add_ln167_3', likelihood_kernel.cpp:167) [147]  (0 ns)
	'add' operation ('add_ln167_3', likelihood_kernel.cpp:167) [161]  (0.88 ns)
	'icmp' operation ('icmp_ln167', likelihood_kernel.cpp:167) [162]  (0.859 ns)
	'select' operation ('tileSize', likelihood_kernel.cpp:167) [166]  (0.227 ns)

 <State 18>: 0.859ns
The critical path consists of the following:
	'icmp' operation ('icmp_ln37', likelihood_kernel.cpp:37) [167]  (0.859 ns)

 <State 19>: 2.43ns
The critical path consists of the following:
	'getelementptr' operation ('gmem0_addr', likelihood_kernel.cpp:37) [173]  (0 ns)
	bus request on port 'gmem0' (likelihood_kernel.cpp:37) [174]  (2.43 ns)

 <State 20>: 2.43ns
The critical path consists of the following:
	bus request on port 'gmem0' (likelihood_kernel.cpp:37) [174]  (2.43 ns)

 <State 21>: 2.43ns
The critical path consists of the following:
	bus request on port 'gmem0' (likelihood_kernel.cpp:37) [174]  (2.43 ns)

 <State 22>: 2.43ns
The critical path consists of the following:
	bus request on port 'gmem0' (likelihood_kernel.cpp:37) [174]  (2.43 ns)

 <State 23>: 2.43ns
The critical path consists of the following:
	bus request on port 'gmem0' (likelihood_kernel.cpp:37) [174]  (2.43 ns)

 <State 24>: 2.43ns
The critical path consists of the following:
	bus request on port 'gmem0' (likelihood_kernel.cpp:37) [174]  (2.43 ns)

 <State 25>: 2.43ns
The critical path consists of the following:
	bus request on port 'gmem0' (likelihood_kernel.cpp:37) [174]  (2.43 ns)

 <State 26>: 0.874ns
The critical path consists of the following:
	'phi' operation ('x', likelihood_kernel.cpp:37) with incoming values : ('add_ln37', likelihood_kernel.cpp:37) [181]  (0 ns)
	'add' operation ('add_ln37', likelihood_kernel.cpp:37) [182]  (0.874 ns)

 <State 27>: 2.43ns
The critical path consists of the following:
	bus read on port 'gmem0' (likelihood_kernel.cpp:40) [189]  (2.43 ns)

 <State 28>: 1.2ns
The critical path consists of the following:
	'getelementptr' operation ('buffer_X_2_addr', likelihood_kernel.cpp:40) [196]  (0 ns)
	'store' operation ('store_ln40', likelihood_kernel.cpp:40) of variable 'bitcast_ln40', likelihood_kernel.cpp:40 on array 'buffer_X[2]', likelihood_kernel.cpp:144 [206]  (1.2 ns)

 <State 29>: 0.387ns
The critical path consists of the following:
	multiplexor before 'phi' operation ('x', likelihood_kernel.cpp:62) with incoming values : ('add_ln62', likelihood_kernel.cpp:62) [226]  (0.387 ns)

 <State 30>: 1.2ns
The critical path consists of the following:
	'phi' operation ('x', likelihood_kernel.cpp:62) with incoming values : ('add_ln62', likelihood_kernel.cpp:62) [226]  (0 ns)
	'getelementptr' operation ('buffer_X_0_addr_1', likelihood_kernel.cpp:65) [237]  (0 ns)
	'load' operation ('buffer_X_0_load', likelihood_kernel.cpp:65) on array 'buffer_X[0]', likelihood_kernel.cpp:144 [238]  (1.2 ns)

 <State 31>: 1.65ns
The critical path consists of the following:
	'load' operation ('buffer_X_0_load', likelihood_kernel.cpp:65) on array 'buffer_X[0]', likelihood_kernel.cpp:144 [238]  (1.2 ns)
	'mux' operation ('value', likelihood_kernel.cpp:65) [245]  (0.453 ns)

 <State 32>: 1.91ns
The critical path consists of the following:
	'dadd' operation ('x', likelihood_kernel.cpp:11->likelihood_kernel.cpp:65) [246]  (1.91 ns)

 <State 33>: 1.91ns
The critical path consists of the following:
	'dadd' operation ('x', likelihood_kernel.cpp:11->likelihood_kernel.cpp:65) [246]  (1.91 ns)

 <State 34>: 1.91ns
The critical path consists of the following:
	'dadd' operation ('x', likelihood_kernel.cpp:11->likelihood_kernel.cpp:65) [246]  (1.91 ns)

 <State 35>: 1.91ns
The critical path consists of the following:
	'dadd' operation ('x', likelihood_kernel.cpp:11->likelihood_kernel.cpp:65) [246]  (1.91 ns)

 <State 36>: 1.91ns
The critical path consists of the following:
	'dadd' operation ('x', likelihood_kernel.cpp:11->likelihood_kernel.cpp:65) [246]  (1.91 ns)

 <State 37>: 1.91ns
The critical path consists of the following:
	'dadd' operation ('x', likelihood_kernel.cpp:11->likelihood_kernel.cpp:65) [246]  (1.91 ns)

 <State 38>: 1.91ns
The critical path consists of the following:
	'dadd' operation ('x', likelihood_kernel.cpp:11->likelihood_kernel.cpp:65) [246]  (1.91 ns)

 <State 39>: 1.91ns
The critical path consists of the following:
	'dadd' operation ('x', likelihood_kernel.cpp:11->likelihood_kernel.cpp:65) [246]  (1.91 ns)

 <State 40>: 2.16ns
The critical path consists of the following:
	'add' operation ('sh', /wrk/ci/prod/2020.2/rdi_builds/continuous/2020_11_18_3064766/src/shared/hls/clib/src/hls/utils/x_hls_utils.h:510) [254]  (0.735 ns)
	'select' operation ('ush') [258]  (0.299 ns)
	'lshr' operation ('r.V') [261]  (0 ns)
	'select' operation ('val') [266]  (1.13 ns)

 <State 41>: 1.11ns
The critical path consists of the following:
	'sub' operation ('result.V') [267]  (0.88 ns)
	'select' operation ('result.V', /wrk/ci/prod/2020.2/rdi_builds/continuous/2020_11_18_3064766/src/shared/hls/clib/hlsmath/include/FloatingPoint/hls_case_IEEE754.h:59) [268]  (0.227 ns)

 <State 42>: 1.2ns
The critical path consists of the following:
	'phi' operation ('y', likelihood_kernel.cpp:70) with incoming values : ('add_ln70', likelihood_kernel.cpp:70) [303]  (0 ns)
	'getelementptr' operation ('buffer_objxy_0_addr_1', likelihood_kernel.cpp:75) [317]  (0 ns)
	'load' operation ('buffer_objxy_0_load', likelihood_kernel.cpp:75) on array 'buffer_objxy[0]', likelihood_kernel.cpp:143 [318]  (1.2 ns)

 <State 43>: 1.65ns
The critical path consists of the following:
	'load' operation ('buffer_objxy_0_load', likelihood_kernel.cpp:75) on array 'buffer_objxy[0]', likelihood_kernel.cpp:143 [318]  (1.2 ns)
	'mux' operation ('value', likelihood_kernel.cpp:75) [325]  (0.453 ns)

 <State 44>: 1.91ns
The critical path consists of the following:
	'dadd' operation ('x', likelihood_kernel.cpp:11->likelihood_kernel.cpp:75) [326]  (1.91 ns)

 <State 45>: 1.91ns
The critical path consists of the following:
	'dadd' operation ('x', likelihood_kernel.cpp:11->likelihood_kernel.cpp:75) [326]  (1.91 ns)

 <State 46>: 1.91ns
The critical path consists of the following:
	'dadd' operation ('x', likelihood_kernel.cpp:11->likelihood_kernel.cpp:75) [326]  (1.91 ns)

 <State 47>: 1.91ns
The critical path consists of the following:
	'dadd' operation ('x', likelihood_kernel.cpp:11->likelihood_kernel.cpp:75) [326]  (1.91 ns)

 <State 48>: 1.91ns
The critical path consists of the following:
	'dadd' operation ('x', likelihood_kernel.cpp:11->likelihood_kernel.cpp:75) [326]  (1.91 ns)

 <State 49>: 1.91ns
The critical path consists of the following:
	'dadd' operation ('x', likelihood_kernel.cpp:11->likelihood_kernel.cpp:75) [326]  (1.91 ns)

 <State 50>: 1.91ns
The critical path consists of the following:
	'dadd' operation ('x', likelihood_kernel.cpp:11->likelihood_kernel.cpp:75) [326]  (1.91 ns)

 <State 51>: 1.91ns
The critical path consists of the following:
	'dadd' operation ('x', likelihood_kernel.cpp:11->likelihood_kernel.cpp:75) [326]  (1.91 ns)

 <State 52>: 2.16ns
The critical path consists of the following:
	'add' operation ('sh', /wrk/ci/prod/2020.2/rdi_builds/continuous/2020_11_18_3064766/src/shared/hls/clib/src/hls/utils/x_hls_utils.h:510) [334]  (0.735 ns)
	'select' operation ('ush') [338]  (0.299 ns)
	'lshr' operation ('r.V') [341]  (0 ns)
	'select' operation ('val') [346]  (1.13 ns)

 <State 53>: 1.76ns
The critical path consists of the following:
	'sub' operation ('result.V') [371]  (0.88 ns)
	'select' operation ('result.V', /wrk/ci/prod/2020.2/rdi_builds/continuous/2020_11_18_3064766/src/shared/hls/clib/hlsmath/include/FloatingPoint/hls_case_IEEE754.h:59) [372]  (0 ns)
	'add' operation ('indX', likelihood_kernel.cpp:78) [373]  (0.88 ns)

 <State 54>: 2.29ns
The critical path consists of the following:
	'mul' operation ('mul_ln81', likelihood_kernel.cpp:81) [374]  (2.29 ns)

 <State 55>: 2.29ns
The critical path consists of the following:
	'mul' operation ('mul_ln81', likelihood_kernel.cpp:81) [374]  (2.29 ns)

 <State 56>: 0.731ns
The critical path consists of the following:
	'add' operation ('add_ln81_2', likelihood_kernel.cpp:81) [375]  (0 ns)
	'add' operation ('add_ln81', likelihood_kernel.cpp:81) [376]  (0.731 ns)

 <State 57>: 2.29ns
The critical path consists of the following:
	'mul' operation ('mul_ln81_1', likelihood_kernel.cpp:81) [377]  (2.29 ns)

 <State 58>: 2.29ns
The critical path consists of the following:
	'mul' operation ('mul_ln81_1', likelihood_kernel.cpp:81) [377]  (2.29 ns)

 <State 59>: 1.99ns
The critical path consists of the following:
	'add' operation ('add_ln81_1', likelihood_kernel.cpp:81) [378]  (0.88 ns)
	'sub' operation ('neg', likelihood_kernel.cpp:81) [379]  (0.88 ns)
	'select' operation ('idx', likelihood_kernel.cpp:81) [381]  (0.227 ns)

 <State 60>: 2.21ns
The critical path consists of the following:
	'icmp' operation ('icmp_ln83', likelihood_kernel.cpp:83) [383]  (1.06 ns)
	'xor' operation ('xor_ln83', likelihood_kernel.cpp:83) [384]  (0 ns)
	'select' operation ('select_ln83', likelihood_kernel.cpp:83) [385]  (0 ns)
	'add' operation ('add_ln87', likelihood_kernel.cpp:87) [388]  (1.15 ns)

 <State 61>: 2.43ns
The critical path consists of the following:
	bus request on port 'gmem3' (likelihood_kernel.cpp:87) [392]  (2.43 ns)

 <State 62>: 2.43ns
The critical path consists of the following:
	bus request on port 'gmem3' (likelihood_kernel.cpp:87) [392]  (2.43 ns)

 <State 63>: 2.43ns
The critical path consists of the following:
	bus request on port 'gmem3' (likelihood_kernel.cpp:87) [392]  (2.43 ns)

 <State 64>: 2.43ns
The critical path consists of the following:
	bus request on port 'gmem3' (likelihood_kernel.cpp:87) [392]  (2.43 ns)

 <State 65>: 2.43ns
The critical path consists of the following:
	bus request on port 'gmem3' (likelihood_kernel.cpp:87) [392]  (2.43 ns)

 <State 66>: 2.43ns
The critical path consists of the following:
	bus request on port 'gmem3' (likelihood_kernel.cpp:87) [392]  (2.43 ns)

 <State 67>: 2.43ns
The critical path consists of the following:
	bus request on port 'gmem3' (likelihood_kernel.cpp:87) [392]  (2.43 ns)

 <State 68>: 2.43ns
The critical path consists of the following:
	bus read on port 'gmem3' (likelihood_kernel.cpp:87) [393]  (2.43 ns)

 <State 69>: 0.88ns
The critical path consists of the following:
	'add' operation ('a', likelihood_kernel.cpp:88) [394]  (0.88 ns)

 <State 70>: 2.29ns
The critical path consists of the following:
	'mul' operation ('mul_ln91', likelihood_kernel.cpp:91) [396]  (2.29 ns)

 <State 71>: 2.29ns
The critical path consists of the following:
	'mul' operation ('mul_ln91', likelihood_kernel.cpp:91) [396]  (2.29 ns)

 <State 72>: 2.22ns
The critical path consists of the following:
	'sitodp' operation ('conv25_i', likelihood_kernel.cpp:91) [397]  (2.22 ns)

 <State 73>: 2.22ns
The critical path consists of the following:
	'sitodp' operation ('conv25_i', likelihood_kernel.cpp:91) [397]  (2.22 ns)

 <State 74>: 2.22ns
The critical path consists of the following:
	'sitodp' operation ('conv25_i', likelihood_kernel.cpp:91) [397]  (2.22 ns)

 <State 75>: 2.22ns
The critical path consists of the following:
	'sitodp' operation ('conv25_i', likelihood_kernel.cpp:91) [397]  (2.22 ns)

 <State 76>: 2.22ns
The critical path consists of the following:
	'sitodp' operation ('conv25_i', likelihood_kernel.cpp:91) [397]  (2.22 ns)

 <State 77>: 1.91ns
The critical path consists of the following:
	'dsub' operation ('sub28_i', likelihood_kernel.cpp:91) [400]  (1.91 ns)

 <State 78>: 1.91ns
The critical path consists of the following:
	'dsub' operation ('sub28_i', likelihood_kernel.cpp:91) [400]  (1.91 ns)

 <State 79>: 1.91ns
The critical path consists of the following:
	'dsub' operation ('sub28_i', likelihood_kernel.cpp:91) [400]  (1.91 ns)

 <State 80>: 1.91ns
The critical path consists of the following:
	'dsub' operation ('sub28_i', likelihood_kernel.cpp:91) [400]  (1.91 ns)

 <State 81>: 1.91ns
The critical path consists of the following:
	'dsub' operation ('sub28_i', likelihood_kernel.cpp:91) [400]  (1.91 ns)

 <State 82>: 1.91ns
The critical path consists of the following:
	'dsub' operation ('sub28_i', likelihood_kernel.cpp:91) [400]  (1.91 ns)

 <State 83>: 1.91ns
The critical path consists of the following:
	'dsub' operation ('sub28_i', likelihood_kernel.cpp:91) [400]  (1.91 ns)

 <State 84>: 1.91ns
The critical path consists of the following:
	'dsub' operation ('sub28_i', likelihood_kernel.cpp:91) [400]  (1.91 ns)

 <State 85>: 2.35ns
The critical path consists of the following:
	'ddiv' operation ('div_i', likelihood_kernel.cpp:91) [401]  (2.35 ns)

 <State 86>: 2.35ns
The critical path consists of the following:
	'ddiv' operation ('div_i', likelihood_kernel.cpp:91) [401]  (2.35 ns)

 <State 87>: 2.35ns
The critical path consists of the following:
	'ddiv' operation ('div_i', likelihood_kernel.cpp:91) [401]  (2.35 ns)

 <State 88>: 2.35ns
The critical path consists of the following:
	'ddiv' operation ('div_i', likelihood_kernel.cpp:91) [401]  (2.35 ns)

 <State 89>: 2.35ns
The critical path consists of the following:
	'ddiv' operation ('div_i', likelihood_kernel.cpp:91) [401]  (2.35 ns)

 <State 90>: 2.35ns
The critical path consists of the following:
	'ddiv' operation ('div_i', likelihood_kernel.cpp:91) [401]  (2.35 ns)

 <State 91>: 2.35ns
The critical path consists of the following:
	'ddiv' operation ('div_i', likelihood_kernel.cpp:91) [401]  (2.35 ns)

 <State 92>: 2.35ns
The critical path consists of the following:
	'ddiv' operation ('div_i', likelihood_kernel.cpp:91) [401]  (2.35 ns)

 <State 93>: 2.35ns
The critical path consists of the following:
	'ddiv' operation ('div_i', likelihood_kernel.cpp:91) [401]  (2.35 ns)

 <State 94>: 2.35ns
The critical path consists of the following:
	'ddiv' operation ('div_i', likelihood_kernel.cpp:91) [401]  (2.35 ns)

 <State 95>: 2.35ns
The critical path consists of the following:
	'ddiv' operation ('div_i', likelihood_kernel.cpp:91) [401]  (2.35 ns)

 <State 96>: 2.35ns
The critical path consists of the following:
	'ddiv' operation ('div_i', likelihood_kernel.cpp:91) [401]  (2.35 ns)

 <State 97>: 2.35ns
The critical path consists of the following:
	'ddiv' operation ('div_i', likelihood_kernel.cpp:91) [401]  (2.35 ns)

 <State 98>: 2.35ns
The critical path consists of the following:
	'ddiv' operation ('div_i', likelihood_kernel.cpp:91) [401]  (2.35 ns)

 <State 99>: 2.35ns
The critical path consists of the following:
	'ddiv' operation ('div_i', likelihood_kernel.cpp:91) [401]  (2.35 ns)

 <State 100>: 2.35ns
The critical path consists of the following:
	'ddiv' operation ('div_i', likelihood_kernel.cpp:91) [401]  (2.35 ns)

 <State 101>: 2.35ns
The critical path consists of the following:
	'ddiv' operation ('div_i', likelihood_kernel.cpp:91) [401]  (2.35 ns)

 <State 102>: 2.35ns
The critical path consists of the following:
	'ddiv' operation ('div_i', likelihood_kernel.cpp:91) [401]  (2.35 ns)

 <State 103>: 2.35ns
The critical path consists of the following:
	'ddiv' operation ('div_i', likelihood_kernel.cpp:91) [401]  (2.35 ns)

 <State 104>: 2.35ns
The critical path consists of the following:
	'ddiv' operation ('div_i', likelihood_kernel.cpp:91) [401]  (2.35 ns)

 <State 105>: 2.35ns
The critical path consists of the following:
	'ddiv' operation ('div_i', likelihood_kernel.cpp:91) [401]  (2.35 ns)

 <State 106>: 2.35ns
The critical path consists of the following:
	'ddiv' operation ('div_i', likelihood_kernel.cpp:91) [401]  (2.35 ns)

 <State 107>: 2.35ns
The critical path consists of the following:
	'ddiv' operation ('div_i', likelihood_kernel.cpp:91) [401]  (2.35 ns)

 <State 108>: 2.35ns
The critical path consists of the following:
	'ddiv' operation ('div_i', likelihood_kernel.cpp:91) [401]  (2.35 ns)

 <State 109>: 2.35ns
The critical path consists of the following:
	'ddiv' operation ('div_i', likelihood_kernel.cpp:91) [401]  (2.35 ns)

 <State 110>: 2.35ns
The critical path consists of the following:
	'ddiv' operation ('div_i', likelihood_kernel.cpp:91) [401]  (2.35 ns)

 <State 111>: 2.35ns
The critical path consists of the following:
	'ddiv' operation ('div_i', likelihood_kernel.cpp:91) [401]  (2.35 ns)

 <State 112>: 2.35ns
The critical path consists of the following:
	'ddiv' operation ('div_i', likelihood_kernel.cpp:91) [401]  (2.35 ns)

 <State 113>: 2.35ns
The critical path consists of the following:
	'ddiv' operation ('div_i', likelihood_kernel.cpp:91) [401]  (2.35 ns)

 <State 114>: 2.35ns
The critical path consists of the following:
	'ddiv' operation ('div_i', likelihood_kernel.cpp:91) [401]  (2.35 ns)

 <State 115>: 2.35ns
The critical path consists of the following:
	'ddiv' operation ('div_i', likelihood_kernel.cpp:91) [401]  (2.35 ns)

 <State 116>: 2.37ns
The critical path consists of the following:
	'dacc' operation ('sum', likelihood_kernel.cpp:91) [403]  (2.37 ns)

 <State 117>: 2.37ns
The critical path consists of the following:
	'dacc' operation ('sum', likelihood_kernel.cpp:91) [403]  (2.37 ns)

 <State 118>: 2.37ns
The critical path consists of the following:
	'dacc' operation ('sum', likelihood_kernel.cpp:91) [403]  (2.37 ns)

 <State 119>: 2.37ns
The critical path consists of the following:
	'dacc' operation ('sum', likelihood_kernel.cpp:91) [403]  (2.37 ns)

 <State 120>: 2.37ns
The critical path consists of the following:
	'dacc' operation ('sum', likelihood_kernel.cpp:91) [403]  (2.37 ns)

 <State 121>: 2.35ns
The critical path consists of the following:
	'ddiv' operation ('div31_i', likelihood_kernel.cpp:94) [406]  (2.35 ns)

 <State 122>: 2.35ns
The critical path consists of the following:
	'ddiv' operation ('div31_i', likelihood_kernel.cpp:94) [406]  (2.35 ns)

 <State 123>: 2.35ns
The critical path consists of the following:
	'ddiv' operation ('div31_i', likelihood_kernel.cpp:94) [406]  (2.35 ns)

 <State 124>: 2.35ns
The critical path consists of the following:
	'ddiv' operation ('div31_i', likelihood_kernel.cpp:94) [406]  (2.35 ns)

 <State 125>: 2.35ns
The critical path consists of the following:
	'ddiv' operation ('div31_i', likelihood_kernel.cpp:94) [406]  (2.35 ns)

 <State 126>: 2.35ns
The critical path consists of the following:
	'ddiv' operation ('div31_i', likelihood_kernel.cpp:94) [406]  (2.35 ns)

 <State 127>: 2.35ns
The critical path consists of the following:
	'ddiv' operation ('div31_i', likelihood_kernel.cpp:94) [406]  (2.35 ns)

 <State 128>: 2.35ns
The critical path consists of the following:
	'ddiv' operation ('div31_i', likelihood_kernel.cpp:94) [406]  (2.35 ns)

 <State 129>: 2.35ns
The critical path consists of the following:
	'ddiv' operation ('div31_i', likelihood_kernel.cpp:94) [406]  (2.35 ns)

 <State 130>: 2.35ns
The critical path consists of the following:
	'ddiv' operation ('div31_i', likelihood_kernel.cpp:94) [406]  (2.35 ns)

 <State 131>: 2.35ns
The critical path consists of the following:
	'ddiv' operation ('div31_i', likelihood_kernel.cpp:94) [406]  (2.35 ns)

 <State 132>: 2.35ns
The critical path consists of the following:
	'ddiv' operation ('div31_i', likelihood_kernel.cpp:94) [406]  (2.35 ns)

 <State 133>: 2.35ns
The critical path consists of the following:
	'ddiv' operation ('div31_i', likelihood_kernel.cpp:94) [406]  (2.35 ns)

 <State 134>: 2.35ns
The critical path consists of the following:
	'ddiv' operation ('div31_i', likelihood_kernel.cpp:94) [406]  (2.35 ns)

 <State 135>: 2.35ns
The critical path consists of the following:
	'ddiv' operation ('div31_i', likelihood_kernel.cpp:94) [406]  (2.35 ns)

 <State 136>: 2.35ns
The critical path consists of the following:
	'ddiv' operation ('div31_i', likelihood_kernel.cpp:94) [406]  (2.35 ns)

 <State 137>: 2.35ns
The critical path consists of the following:
	'ddiv' operation ('div31_i', likelihood_kernel.cpp:94) [406]  (2.35 ns)

 <State 138>: 2.35ns
The critical path consists of the following:
	'ddiv' operation ('div31_i', likelihood_kernel.cpp:94) [406]  (2.35 ns)

 <State 139>: 2.35ns
The critical path consists of the following:
	'ddiv' operation ('div31_i', likelihood_kernel.cpp:94) [406]  (2.35 ns)

 <State 140>: 2.35ns
The critical path consists of the following:
	'ddiv' operation ('div31_i', likelihood_kernel.cpp:94) [406]  (2.35 ns)

 <State 141>: 2.35ns
The critical path consists of the following:
	'ddiv' operation ('div31_i', likelihood_kernel.cpp:94) [406]  (2.35 ns)

 <State 142>: 2.35ns
The critical path consists of the following:
	'ddiv' operation ('div31_i', likelihood_kernel.cpp:94) [406]  (2.35 ns)

 <State 143>: 2.35ns
The critical path consists of the following:
	'ddiv' operation ('div31_i', likelihood_kernel.cpp:94) [406]  (2.35 ns)

 <State 144>: 2.35ns
The critical path consists of the following:
	'ddiv' operation ('div31_i', likelihood_kernel.cpp:94) [406]  (2.35 ns)

 <State 145>: 2.35ns
The critical path consists of the following:
	'ddiv' operation ('div31_i', likelihood_kernel.cpp:94) [406]  (2.35 ns)

 <State 146>: 2.35ns
The critical path consists of the following:
	'ddiv' operation ('div31_i', likelihood_kernel.cpp:94) [406]  (2.35 ns)

 <State 147>: 2.35ns
The critical path consists of the following:
	'ddiv' operation ('div31_i', likelihood_kernel.cpp:94) [406]  (2.35 ns)

 <State 148>: 2.35ns
The critical path consists of the following:
	'ddiv' operation ('div31_i', likelihood_kernel.cpp:94) [406]  (2.35 ns)

 <State 149>: 2.35ns
The critical path consists of the following:
	'ddiv' operation ('div31_i', likelihood_kernel.cpp:94) [406]  (2.35 ns)

 <State 150>: 2.35ns
The critical path consists of the following:
	'ddiv' operation ('div31_i', likelihood_kernel.cpp:94) [406]  (2.35 ns)

 <State 151>: 2.35ns
The critical path consists of the following:
	'ddiv' operation ('div31_i', likelihood_kernel.cpp:94) [406]  (2.35 ns)

 <State 152>: 1.2ns
The critical path consists of the following:
	'store' operation ('store_ln94', likelihood_kernel.cpp:94) of variable 'div31_i', likelihood_kernel.cpp:94 on array 'buffer_likelihood[2]', likelihood_kernel.cpp:146 [413]  (1.2 ns)

 <State 153>: 2.43ns
The critical path consists of the following:
	'getelementptr' operation ('gmem4_addr', likelihood_kernel.cpp:104) [429]  (0 ns)
	bus request on port 'gmem4' (likelihood_kernel.cpp:104) [430]  (2.43 ns)

 <State 154>: 1.2ns
The critical path consists of the following:
	'phi' operation ('x', likelihood_kernel.cpp:104) with incoming values : ('add_ln104', likelihood_kernel.cpp:104) [433]  (0 ns)
	'getelementptr' operation ('buffer_likelihood_0_addr_1', likelihood_kernel.cpp:107) [445]  (0 ns)
	'load' operation ('buffer_likelihood_0_load', likelihood_kernel.cpp:107) on array 'buffer_likelihood[0]', likelihood_kernel.cpp:146 [446]  (1.2 ns)

 <State 155>: 1.65ns
The critical path consists of the following:
	'load' operation ('buffer_likelihood_0_load', likelihood_kernel.cpp:107) on array 'buffer_likelihood[0]', likelihood_kernel.cpp:146 [446]  (1.2 ns)
	'mux' operation ('tmp', likelihood_kernel.cpp:107) [453]  (0.453 ns)

 <State 156>: 2.43ns
The critical path consists of the following:
	bus write on port 'gmem4' (likelihood_kernel.cpp:107) [455]  (2.43 ns)

 <State 157>: 2.43ns
The critical path consists of the following:
	bus response on port 'gmem4' (likelihood_kernel.cpp:162) [458]  (2.43 ns)

 <State 158>: 2.43ns
The critical path consists of the following:
	bus response on port 'gmem4' (likelihood_kernel.cpp:162) [458]  (2.43 ns)

 <State 159>: 2.43ns
The critical path consists of the following:
	bus response on port 'gmem4' (likelihood_kernel.cpp:162) [458]  (2.43 ns)

 <State 160>: 2.43ns
The critical path consists of the following:
	bus response on port 'gmem4' (likelihood_kernel.cpp:162) [458]  (2.43 ns)

 <State 161>: 2.43ns
The critical path consists of the following:
	bus response on port 'gmem4' (likelihood_kernel.cpp:162) [458]  (2.43 ns)


============================================================
+ Verbose Summary: Binding
============================================================
N/A
* FSMD analyzer results:
  - Output states:
 - Input state : 
  - Chain level:
	State 1
	State 2
	State 3
	State 4
	State 5
	State 6
	State 7
	State 8
	State 9
	State 10
	State 11
	State 12
	State 13
	State 14
	State 15
	State 16
	State 17
	State 18
	State 19
	State 20
	State 21
	State 22
	State 23
	State 24
	State 25
	State 26
	State 27
	State 28
	State 29
	State 30
	State 31
	State 32
	State 33
	State 34
	State 35
	State 36
	State 37
	State 38
	State 39
	State 40
	State 41
	State 42
	State 43
	State 44
	State 45
	State 46
	State 47
	State 48
	State 49
	State 50
	State 51
	State 52
	State 53
	State 54
	State 55
	State 56
	State 57
	State 58
	State 59
	State 60
	State 61
	State 62
	State 63
	State 64
	State 65
	State 66
	State 67
	State 68
	State 69
	State 70
	State 71
	State 72
	State 73
	State 74
	State 75
	State 76
	State 77
	State 78
	State 79
	State 80
	State 81
	State 82
	State 83
	State 84
	State 85
	State 86
	State 87
	State 88
	State 89
	State 90
	State 91
	State 92
	State 93
	State 94
	State 95
	State 96
	State 97
	State 98
	State 99
	State 100
	State 101
	State 102
	State 103
	State 104
	State 105
	State 106
	State 107
	State 108
	State 109
	State 110
	State 111
	State 112
	State 113
	State 114
	State 115
	State 116
	State 117
	State 118
	State 119
	State 120
	State 121
	State 122
	State 123
	State 124
	State 125
	State 126
	State 127
	State 128
	State 129
	State 130
	State 131
	State 132
	State 133
	State 134
	State 135
	State 136
	State 137
	State 138
	State 139
	State 140
	State 141
	State 142
	State 143
	State 144
	State 145
	State 146
	State 147
	State 148
	State 149
	State 150
	State 151
	State 152
	State 153
	State 154
	State 155
	State 156
	State 157
	State 158
	State 159
	State 160
	State 161


============================================================
+ Verbose Summary: Datapath Resource usage 
============================================================
N/A
